#format: frame checksums
#version: 2
#hash: SHA256
#software: Lavf63.1.101
#tb 0: 1/30
#media_type 0: video
#codec_id 0: rawvideo
#dimensions 0: 1440x900
#sar 0: 1/1
#stream#, dts,        pts, duration,     size, hash
0,          0,          0,        1,  1944000, 1b28615c68a9e0b58f961d52c972839561f1c8319c4962f56954250112e8488b
0,          1,          1,        1,  1944000, 6038d71dc5f65479b62e1edf87a6199953c4bf89188c5b84a28993be0bdc0811
0,          2,          2,        1,  1944000, deeeef0bc530652ddfdfdba7e419170f1c38bbcd17ddaada001934e1cce15ac2
0,          3,          3,        1,  1944000, b152a9b9c211efe94f18527eb7e1ddad3d8e06aa411db4e0ec05a73d33b8e644
0,          4,          4,        1,  1944000, d03f927b0ca3dc26850e60ddef3adf9e4faa48605a3218ca64eb2ee69b77429d
0,          5,          5,        1,  1944000, 4cb16e2a62ce100d36ea43a85b6218f7bc09cc20d4661ed58c17a00031f7bcd3
0,          6,          6,        1,  1944000, 67909f7d34cd350b57e6c83b854453a4d0c8dcfa3fea6e2e7437c67fa60c4e25
0,          7,          7,        1,  1944000, 3a31ea0778d740a3e3b0be93409e987fa04990ea0e817807c879693a974dad27
0,          8,          8,        1,  1944000, f4441be61ef0c197b40785c01ca380c42cd7e8bc77cb34e6d8f69568132d56c2
0,          9,          9,        1,  1944000, 1975d7f8d69d6062cf32f85b85181532ac9e40386a0215daebb05e370d21fb3b
0,         10,         10,        1,  1944000, 2148248f94a2b0d6eff618dd0e5491bd5a14b550f16f23e0c3a003bd38720184
0,         11,         11,        1,  1944000, 9240061e4a7f0032a2ae75a8f301328e301d92ed5a17db3205cf0dd6881a4f5e
0,         12,         12,        1,  1944000, ffe619ee90a15efb1ec945f3748af48b3c6d7253c5d3b780bb44125b21040455
0,         13,         13,        1,  1944000, 3c46cb67a8e16de2f4fb3a4bde11dbf91e9e487e0430172bf69e57048178314a
0,         14,         14,        1,  1944000, 6088dd754003ad7e34fc5c86cd5fc477f3ccfaeca4a221eac220140c16e0c783
0,         15,         15,        1,  1944000, 4e14bc23401682625b77c01d271ae06706e92e3f7abd791426481264fc26531b
0,         16,         16,        1,  1944000, fb9b5fc3d2db1e0089ae635651ebcf0b6171856a051c8b755d238dedb1efe26f
0,         17,         17,        1,  1944000, 57679800d3088e5848ad25f0e2661a9cd4b17d6e94766cfa5ccf587b2a2f889c
0,         18,         18,        1,  1944000, eed1e1a397f079aae86ff738022c1dadd1d3c7753cc5602a636cd04a454fd8e6
0,         19,         19,        1,  1944000, 7eb34941cbe066ece2efd75f3b0d2d49a3085783250235602d03b78eea65da33
0,         20,         20,        1,  1944000, 5f3b6a4dac63405f2bf328bc2ef4985724e7ec69c5bb14d6ec898ec701d83141
0,         21,         21,        1,  1944000, faaa14d5d7119ee5d67c207253e89769f863506e97697aed763696c61ced324f
0,         22,         22,        1,  1944000, 45b79398deba59a08c1e82f14828f6111eae543e6bb18bc7b5c0366ca76a6a9f
0,         23,         23,        1,  1944000, a35a24e533395cefbeb3ff0c4da8e3e0ef4305217668c738769301607cbe385a
0,         24,         24,        1,  1944000, 7afb3981ee630a5cdad04091aebd6027409887398e8babb21a3776f67c032047
0,         25,         25,        1,  1944000, 26d32d283a2b2f453844a83bc86b0da7fc227f46ab707a3e42909383802f0aed
0,         26,         26,        1,  1944000, e832b662393de8aa562d021ac8a9902b1094a9caca296b8bcfeb4a993e031eb2
0,         27,         27,        1,  1944000, ab316a198f7517f1c1a0044088b8d62e9735bf4d7493fc87aa72b3c1e5b06ce5
0,         28,         28,        1,  1944000, aa9aa47f76c33d126a5908ac0c0f9b7b670bfa06c86c86ca9c5a9f384492b6fb
0,         29,         29,        1,  1944000, a4c14082850fab32ef00d73676f7ea6bc59ade374ca0b08fc7c1c4a2ee5e4874
0,         30,         30,        1,  1944000, 78c15dd5e35c8928ab1b20e8ffa3a14676b4902a4247936b926f2978852a2f32
0,         31,         31,        1,  1944000, 32cdb1af2d802b3c7965c1f18ef9e41b8c10f157041465adbd219611ca071b48
0,         32,         32,        1,  1944000, ecdc5280f1c6fdebfa20a3f4ef23f2dc97841d92375ff2f033d56e1570d77e19
0,         33,         33,        1,  1944000, 97de57349a55f8b43e76858d3555d92ba7483182b55297cf8c416d8234f1be77
0,         34,         34,        1,  1944000, 7dbdd9811e315fa2c03b0c27850c4cab5daf54fdbc3d7cfd1a6596b8267b65fd
0,         35,         35,        1,  1944000, 6f4427df512ffbbe31dd8b55cccc421750b24339b5a3dbdd8de21f7f329ef780
0,         36,         36,        1,  1944000, 7bee899c55df7e4719e7415cb6c4d5aa0d2f826ce4b5c017573da433a00e3700
0,         37,         37,        1,  1944000, 5c1a6292743aff110cbde1b2dbb566a0569f2e12122487ebd9da1db4de9f5d11
0,         38,         38,        1,  1944000, ac82d53e86dd9c8e4a2b5a331b26e698a6adb3c112fe7cb4bc2f56d6046e12a9
0,         39,         39,        1,  1944000, 3b7279cf98650b5a42baba02add188d451d228efa7eb6304e036572571fda478
0,         40,         40,        1,  1944000, a077196e3934af261a185c68cf12df985ef77259b009d29b93703782e8692518
0,         41,         41,        1,  1944000, d6704fafe2d0befc98ff234295b8fcde7df3c5eb640add4c058363df45a14c0d
0,         42,         42,        1,  1944000, e4f2b02f30b3dcd274f65957d10c219f16712a14200fca9654436288767aef37
0,         43,         43,        1,  1944000, 7a1257c5173a2bdc4a9cfc6c917f722f1e87e20afd26943e2705646f7ee89f4b
0,         44,         44,        1,  1944000, 28d28068cccfa5c0daec70ab068c1ffb6b1a8fc339dc8e26d57422a43af7d9d8
0,         45,         45,        1,  1944000, f5371f42a90dbfbea5e21c4824ec307d1a66dbbfbc8cc7c6de4a4f273e15cabc
0,         46,         46,        1,  1944000, f70122ecd9746bb81d4c59cc79b6d256b9b0f266b9578b6e6e8a3ab269b105a8
0,         47,         47,        1,  1944000, bcaa4b129e4d9224031789c8d2061389821df82a2834923bae0d430091232b54
0,         48,         48,        1,  1944000, e65c10f1c7b318dd6db4861dafe841c698852af0179c869414799557452bc5e7
0,         49,         49,        1,  1944000, 055d36cbd6979969d3c8ee725a18d6f1b3e0ecb1b63977ff12317e22224bb8d4
0,         50,         50,        1,  1944000, 7c5597043281250277c72641a78e88743f9f160a875bc43766f1944b80ac857c
0,         51,         51,        1,  1944000, 036bd35942f9ce80c54eacf2b67600a8b5bb228d35c4ba2a2907a053b1a31f1c
0,         52,         52,        1,  1944000, 005fa62882264ba1ab14fe424dbd9d11f4a3c356058c0e682c9f354c88c262bf
0,         53,         53,        1,  1944000, f4c998af6d8810192f117476c052ddd442af284fa72bd488dd615136650f4f7c
0,         54,         54,        1,  1944000, 33230d85fa62ffba3a2ee8e3942ec6994b99937af004c29b7ceac4d96e48a8e6
0,         55,         55,        1,  1944000, 333db4e56c037d552217b485da572648d8f52d00b15dba570d162d40cc2d131e
0,         56,         56,        1,  1944000, ebe70942492de6731e9f3bc4db93f32a20c2cc737e945d800e98dfc402177c98
0,         57,         57,        1,  1944000, bdcc5af59f0a93fca8a9a8957160a5b175152663cf777bd9cc996d9177afef6e
0,         58,         58,        1,  1944000, d4eda34c41604b9616f571d9814a7fac9ca72bb7ad257e61108be65439bb59b6
0,         59,         59,        1,  1944000, 53e28ebf929f1c41eddb6c822a1fda65b49559133da313c30f7bd9fd4935c56f
0,         60,         60,        1,  1944000, 552ace4fc2d0b7150f3003421392451241708260cc706e964f9c3d5bb6a926da
0,         61,         61,        1,  1944000, 493740b4183f9629a983f7b79693195199a121922f97e533e95f66375c6494d0
0,         62,         62,        1,  1944000, 5991604b4fe2dd89227508b5469200a0e77b623a07900764615fc6394d171c36
0,         63,         63,        1,  1944000, 8dec2fbad89b84f0eeeb718e52c9dc642a26908e7189bac09bc020e9a88bc01f
0,         64,         64,        1,  1944000, a28a50dffef728b9903292a35e28fa1b1fae81775d884617eb2d88c3dcb276fb
0,         65,         65,        1,  1944000, 9aa2f2941407472d842f1b4719d6f26257a2847db430b664d21ae3006e36f42c
0,         66,         66,        1,  1944000, ed95303930cd455e263eb2b9c7d9d9cd130b53251ef95fc7e6a4f0e930788270
0,         67,         67,        1,  1944000, 017927b4b35165788dcdb9274381e08eedc334e67920374a0e3fef4a7ba835e9
0,         68,         68,        1,  1944000, 93179ccec403dd56b535d2357beceedbf1a3edcdaaa102e6ce5fe7df07a4e343
0,         69,         69,        1,  1944000, 0d5c60645739404300d77c7273a18365615c32a44d5d88ce2b8437678cd7b68d
0,         70,         70,        1,  1944000, acfc973b73db76ff92001f89aa4be415f699f324b113a647bc5576faadef23ab
0,         71,         71,        1,  1944000, 74d4bbe45e6b58ca20c15d28c85de274ddf6c7268b492107309025a36132cfb8
0,         72,         72,        1,  1944000, 6a39edc9cc6552ec104db6c3c1ddbc06d91ae45acc738e9555c614ac1f5d78ad
0,         73,         73,        1,  1944000, 4e7b5dcf9cdcac0625d74a1d0673f798eb46701c73ddcc6684f441a44aa8ed94
0,         74,         74,        1,  1944000, 10756adb76f1eebd9599aa896de8995fef86da54581bdbdb865b4bc1e7ea3343
0,         75,         75,        1,  1944000, c259e9a447a4354e56ed4f2913a0c3ceccfd776cf2cdb680d178208a489f417a
0,         76,         76,        1,  1944000, a56acdf4dc6130851a6aa15f65c7b05bd5dfe1de07ee7125bebfe7d64c8e27b7
0,         77,         77,        1,  1944000, 8f6a803b3a5758bc7695fb385d070657ab5b0f9fc1b259d5b49e6683dcc249b9
0,         78,         78,        1,  1944000, 1a43b31669246e2201840fe1f0dbb6129fca9d36d0424eb504772eaa7531a793
0,         79,         79,        1,  1944000, 4311d258b3dd8d67b909693ad6a9abe09cb2ea74cbabba5a2725422ce7d9b09f
0,         80,         80,        1,  1944000, 0b17522e4cc2d3edfa6f79cf72c5ecb1b9758b8622aca77a3404bfc8b6507346
0,         81,         81,        1,  1944000, a2c96117dd99b4085532d9d52367ae1644c797b0407d7f1788df4084b89f7cb3
0,         82,         82,        1,  1944000, 4e9380336ddff2cdfc361b7e731529fc7749340a87509877da19250633fd2d03
0,         83,         83,        1,  1944000, 994ca16ce42af44b8628d1dfdd5776da21ead7ac2326a2c529159a54f0bb1e0b
0,         84,         84,        1,  1944000, f3886406cb63a04793fcc2a8be1288aebcc48d80015fd0d07567c8ff24f44c96
0,         85,         85,        1,  1944000, 965233ad9028d104402ad892af37cac3d4748a5056d29ebd5d7dea193142a8d0
0,         86,         86,        1,  1944000, 48b68ba5301d5166b6c23f9c8f4cb4f9a7252a99f5a5ba932525914a76c3205e
0,         87,         87,        1,  1944000, d94d818a28d30e975f7c942852140b66a2d966204289a7060702e0540161c588
0,         88,         88,        1,  1944000, ee8a2ac6bcd3e317582f66498e15b5ff75cf76d80186d15802135c65202c18ad
0,         89,         89,        1,  1944000, abfaa415c48ae3aba76388e3fbb5ee8ee9b4db93154e5ca228b5d41c04fe777c
0,         90,         90,        1,  1944000, 5f903507673ea7b3aab975e3eaa90ec411199557c5f86ba45fe73f278330e70e
0,         91,         91,        1,  1944000, 9f36408226c9fadee661f2e4a4b5310918e92a0907763de7afd04c7b6ae0fb2c
0,         92,         92,        1,  1944000, 8bdf4ae41166862e11343917703804266ab28f30e9a2f541ec84e6b16c425359
0,         93,         93,        1,  1944000, c0e9da478cb4078ca7894e8c5a1411d13592f53a78f938afd86e221aa0333c19
0,         94,         94,        1,  1944000, 16c9dfcab7f494b706122c0c5194203a6174bddeb4e9c8c4428a43581addd0f6
0,         95,         95,        1,  1944000, d0a9fe7e20f940d7f3f76cec6668bd1b7634e60e506890c4ef98fb00e957f5dd
0,         96,         96,        1,  1944000, 3cddc1c49a4c7a462befeca04fd9cb826c7349e414948afff80874298e9381d7
0,         97,         97,        1,  1944000, 654b4a5d2e1a5391b09c316d331a9d7c33986c63af4d1664051dc024a0ad9afb
0,         98,         98,        1,  1944000, cd56040f5cb3fb58f9a8f9ee04df824f663cfac7bd52af08c182e261dba49f6c
0,         99,         99,        1,  1944000, 9b89235241ebf4d8ccd59cee38464960f6ad9b46734faef4bae60b4f4c66ccbe
0,        100,        100,        1,  1944000, 1db0c982691a8f1d68fd125ba77372992e83d43ae09087135d8bcdfabc4ee4f1
0,        101,        101,        1,  1944000, d10cf389b90c4c682a0073c88a72591229eb8a57d484d6baa1fdf61f0acbe75d
0,        102,        102,        1,  1944000, dbd3f6b9e01493756bd80d658cd9199306a62d5555c14dee2869910f8ff053e4
0,        103,        103,        1,  1944000, 6a62a628d656c58b2bc8eeb346b371fd82fe85e0a42bc1332645b9b59ab8df8d
0,        104,        104,        1,  1944000, 89a96cc96260c10f9f9a090faf7a131550e4399ddb882804838d1db25d816531
0,        105,        105,        1,  1944000, b036029efdbb70ddfa7db2fad7fdab0b17576aec9f89f39bba5e1bf61b0522f4
0,        106,        106,        1,  1944000, 8649a655cf2af82a8fe73d901590722cd9a46e15a9e78f4eee8f05a7ed3c1825
0,        107,        107,        1,  1944000, ce6d030e7bf751d9a8329c91f514a6f1d2ec414c311d6dbdce4e8141cfcdbd0a
0,        108,        108,        1,  1944000, da8e25eba95b656a1603c74051c1208695a219287c5b54cd66edc3b30562fbf9
0,        109,        109,        1,  1944000, d92a300a1534d34607c7057729d9be84d860fd2e3fccc64eeeb1be4d8ec8f69b
0,        110,        110,        1,  1944000, b159c738efe989bf7bd37025ee3af4393e81b7fc9991dbd32a8a4d5bf73b5be6
0,        111,        111,        1,  1944000, c314827bf379c30526d3b7a63edee0155a3c1e4a05cf2c3caec72395f929afc4
0,        112,        112,        1,  1944000, 68d5cb5f7c3701693db1a8ab06fefd1cb8ab99486f6f6d313954dcf362353239
0,        113,        113,        1,  1944000, b8a29c83af15c5b921f8a95850339af093447cb6c32f22a42063d6e73e395396
0,        114,        114,        1,  1944000, 8658752b924760bb337a011b8b624657f3cc2e2c52512ecc2a776d61bf595667
0,        115,        115,        1,  1944000, d3defc39d0fd27e845f75dc26164d68dbac14bb8065e964f1f6be96915245d31
0,        116,        116,        1,  1944000, 4abdb4691d1c78d1b5c039e75e5f45607f5dd13dbc76a8b56acd7d2af43a4460
0,        117,        117,        1,  1944000, 1012631cb4aeb56df0327fa4279238732b379c71fc93b991e3f7a905f02c36db
0,        118,        118,        1,  1944000, 9aa8bcf32a575203052b9fc159512aaf3d9175ceb9f957aff1bc7e6d53969361
0,        119,        119,        1,  1944000, 754e7dbe412b56d90d0261222247e13f31e78e7e591f71b20b612ece4214957d
0,        120,        120,        1,  1944000, 49370f31677d37430cb03de97fc4ab6766ffc98915058a7820867d8d0f031cdf
0,        121,        121,        1,  1944000, 97bce6a7218f71e741e54cee0694d0af87129f14db44e085600a47d9a00c6a12
0,        122,        122,        1,  1944000, 13b41ed28b393c6c6cb6ab00f38f9418e2e9b21a55b89f9c92cd389db798a6a2
0,        123,        123,        1,  1944000, ab582b609a6e59d8302a66fdb224b3c5019989fec918d4f31fb65393b8c910e2
0,        124,        124,        1,  1944000, e95dd13afde268f25809cdc2582dea1b8fad573fb2f683fb628288f3f8ecb45a
0,        125,        125,        1,  1944000, 847a207107aec3d3bde951ab1a11a82bf4b247546df79c6b8171737e35a76a7c
0,        126,        126,        1,  1944000, 78512a0138400079cd6a2e1df751b586f43f3950be2f7decc69ba9079f404d95
0,        127,        127,        1,  1944000, 98c271e7f0de06f4d81037874cc6b416fdf920803b76c67ccf7233e784ae8744
0,        128,        128,        1,  1944000, 40a5b2efed48c5d22a5ba077cac1738e6ba414b9eecbef47dd06a60a4b9397f7
0,        129,        129,        1,  1944000, 319386714f90291aab87a71cb06e8a77b92e80537c7f155032b8a72697b8cec0
0,        130,        130,        1,  1944000, ecb0373cc5dcc16c5ee88f5b12559729260e054929bf7f034453e868760e0dff
0,        131,        131,        1,  1944000, 89bc344e76e6f2eb1799e0be82378033049a88d01246ece740c4ee36b3361ce7
0,        132,        132,        1,  1944000, 68a178fb59e682bfefdc01566b42309be178e09fd34c227a03e8d14c2b5a04c1
0,        133,        133,        1,  1944000, f2e83133a5bea5d0e5d2662703475156febdf4c023a7a6d2ea7201a92ae3b43e
0,        134,        134,        1,  1944000, 9a9c774ffb06224f21b7fae51ebc3f9c5e44018070df1798994b37761cef95c3
0,        135,        135,        1,  1944000, 5cf72f55d214f9c0b537d84e8d11be4628015b986c680d6608625bb214102507
0,        136,        136,        1,  1944000, abd3038f48ba4cdef439b5d676aa5f4ab2ed96a9174dc69e9982f0cf0f098cb5
0,        137,        137,        1,  1944000, 7aa3e83a0e96acca339e0b8746aeb80c4fd9a80a8669e1f3e27dbbb1d65983f7
0,        138,        138,        1,  1944000, e6003e5f2ab252c1e2d3496b014aec61f466a2397af563391fd4321af499fe7a
0,        139,        139,        1,  1944000, 72445ecdbf3c7644be7131b69e40d09e84aa0a9c6835b7b5564b9a7dac6e9e15
0,        140,        140,        1,  1944000, 04bc402963e85a65b74b917814f8f8e3484b1744bfe304c0f122965747288761
0,        141,        141,        1,  1944000, fe00bcda2da7a735018ae663aa253138f1cb479553c163d5776cc51c364038a3
0,        142,        142,        1,  1944000, 1f1228057738ce10bcc663364780d899368f02953a7df8ef8f55bdf38da3f9cd
0,        143,        143,        1,  1944000, 4a070c4df1d4bbe86c4b3e04191d4d25c3820fee691fe2b7c50f31a3f04d170b
0,        144,        144,        1,  1944000, a42e19ccf2bc1aea66c9b83a3d427ca1218276447f1f5bca024abc685522c5d0
0,        145,        145,        1,  1944000, fbc7e2d41c403dcdf801de0007e30d3f70c65f0947220542c5669acb5cb7f717
0,        146,        146,        1,  1944000, 59cb7f01bd6337f747481c8d8b6708f769540bc12470cfb9499bce4f8eee4f26
0,        147,        147,        1,  1944000, ab91d7a120775d7cecb2d317a6b2c06493df12dfc3375f7b52fe937844712256
0,        148,        148,        1,  1944000, 084461aa2194bc7a1e9d01949842b356ae3f155057141ba9bbe5a6193f386c1b
0,        149,        149,        1,  1944000, 3345e3a071534e3d222e2e4111d99cdc8de9efa507ca2cef89242daf494ca832
0,        150,        150,        1,  1944000, 306a8b0dd3a61ca03e94391f4e76663853ce419dd3bda07d995298d7c39ecc9f
0,        151,        151,        1,  1944000, 6c9297eec0d479b92d7f88da9d28cca95a72c921d740a71a01e4db449cd26f50
0,        152,        152,        1,  1944000, 1ad372981862acedd757ef99507f9581185fd11cabc0bafdf615b88d3b6c14b7
0,        153,        153,        1,  1944000, 593d04842ec2499f8507dfbc025551b6198b6a2ee2e34910b3e2b269299b9e2e
0,        154,        154,        1,  1944000, 48e11a1022ed8abb6fcb15fb9cd595f12bc08db8b598d5133324ae905224b59f
0,        155,        155,        1,  1944000, d510d0c452868da52bd558d9a4d9f4585b5f6c52a355c6cb4f366ce6de281cbf
0,        156,        156,        1,  1944000, 03cdbfbfd2000d22bdda749c38a7631d5e33d10c0f3099763bb064beabad4b5a
0,        157,        157,        1,  1944000, eea9af9a3bb21248a5fd5b2aa3c1fd0dc5cf7da73eb4c4b769128b77bde0deb0
0,        158,        158,        1,  1944000, df193859c1f8d8195cd6475c6b05adcccadb28f4458584f869ed7bec34ffa38d
0,        159,        159,        1,  1944000, 7df03a6a30c951b565ad6770ab56b0dc40d748adb1b631bfc3ad00a09a8e54e8
0,        160,        160,        1,  1944000, 1ab7cc8e45db59493524d1cf4641c26d9f7e25e6aef606a10b2ae8994b0c8214
0,        161,        161,        1,  1944000, 6b9f3fd2e3cc527f72927787f7cbe00b74c302f1772677b4c2f53f65ccfad513
0,        162,        162,        1,  1944000, eb593a029d4399b2d2dc201d3d1a71d05d3690e5183217f9ff12f8ae424379a7
0,        163,        163,        1,  1944000, 645c002cc9f3e1b73af9da351d1d512b1a6323e1db1321238e1aa8c9497bb0fb
0,        164,        164,        1,  1944000, 8b553d9d942116ed9be798f849e5b5543b209cb580017fc69f911aa3e52d36ea
0,        165,        165,        1,  1944000, 69966258d9dd8f7478e20ab1d81264feed4cfaf6131f6167fb1deba4b4be48b5
0,        166,        166,        1,  1944000, 85c23b9c1a88ba6508014a62af3e1827ed206cae83593782dd0b1fd3f9bfb845
0,        167,        167,        1,  1944000, d1fd0a0365ce903cebf92ad677d3d63b81e2b27b43be12efe3318992db61c100
0,        168,        168,        1,  1944000, 68d6a9537a382559549a8bc56476742fcbb7e839ea2ad50538c189f9ba6d9e8d
0,        169,        169,        1,  1944000, 5343ad4fb24ad5558124e348f47198d7606685fb015cf6f1f7d215ffa916e575
0,        170,        170,        1,  1944000, 8625812e20c9a2d08226c52c57820682d5707d7712975669a257a375395085b6
0,        171,        171,        1,  1944000, 7ad5208deff267b6543285418384b9aa436ba668f868140e8e8331f05a1dead8
0,        172,        172,        1,  1944000, 06dfb18418f9f4771f31c4dbbe08f38527e258fa15127d61cd8242a05f45b806
0,        173,        173,        1,  1944000, 29684d55a2454cdc0ac630a26210f3d3ea4bde97dbc109c3e5383bf2c4864b8a
0,        174,        174,        1,  1944000, f5b06860b2a297afa093583beb250bf90f188b42bc2cb2cf8a87d60209e43d9b
0,        175,        175,        1,  1944000, c3be34f2f53cb8b477555795ba358c61e18eb13122c84e65b6cd6b10590de7cf
0,        176,        176,        1,  1944000, ac1240f3560f2a78fa341aa7a68c7158c14b602acf7cdee358d3c3880a6474c1
0,        177,        177,        1,  1944000, 598095a0f4bcc552144cc3b7a0bcba76693c60a4985c89271b433e3ce31342f0
0,        178,        178,        1,  1944000, 557064b7c19fad58664ba0a4672bee396afbd7b51977b1d64ac3c9e02d556089
0,        179,        179,        1,  1944000, 31ad1459e5d37c7f52c7e9a5ae886615626cfbb27188dc60884da54f71dbd7e0
0,        180,        180,        1,  1944000, 26edd934fb23b32589e250ac4a841aeb14e9b059bb1db92617e2c361de98a84e
0,        181,        181,        1,  1944000, 309855a3d4006a1eef7d41709a329aecc3586f30f070565819010d232dbaa27c
0,        182,        182,        1,  1944000, 230dfd0aa99869ac1892b043533c656f81b7ce5561c2ba593e16b1b50edf74ca
0,        183,        183,        1,  1944000, 0d71c29513fa6d2a2686388d28495301a9471eeaac0194d076e14eb1892c724f
0,        184,        184,        1,  1944000, 7ebb7feb261669a6d16b80d7705900756ca8105b1cef970fbd5b5f3efb112300
0,        185,        185,        1,  1944000, ada27ef670feaee3e6c1764a3a4984cd47b4efb744a0abd0a9979e6414c15814
0,        186,        186,        1,  1944000, c5a86ac43e6cfc55867937f37eef07d0c8cda331ab13bc91a4225fd94730cc3d
0,        187,        187,        1,  1944000, 18d31bceb6dbefbcf7d7f24ca673418a4d5c2de941ad15dddba6509f8f264e38
0,        188,        188,        1,  1944000, 57794f3088f79bb1cbe3e76f8b02b4cd0c92b74187f0dac40c077ae41babfb03
0,        189,        189,        1,  1944000, c7ad772a68ae00c59b1814c409184f9de009cbc819b85b5eabd80f2390f6c729
0,        190,        190,        1,  1944000, e928ee454e3a01385b186ae98612d687de11b116ec65fe79b94d9fbc356fe74d
0,        191,        191,        1,  1944000, 577173749ded9b65ca665c76a2184a2a2b3f7ff6d970be15554ef8ad39442d48
0,        192,        192,        1,  1944000, 746ee81800d4e6498a6aabf3e30507d6d7878a43ebd53e7ecf730f07618f30af
0,        193,        193,        1,  1944000, fcd80a81a7ab3c033bda090d47791c66f49e4170f4c7693629d631974ad078b4
0,        194,        194,        1,  1944000, 854415a14d2c95318329d36de8f1817ac0d8cec66a52ad372c61db6fb332ce5e
0,        195,        195,        1,  1944000, 3603529d0fc9ec9d92c557c4a5df5b8110b8b901c65766ddd639d1f254358861
0,        196,        196,        1,  1944000, aec9d4899214ef3c0840ab37a9bcd94fed84f829138ea51fd8426d59d534aa95
0,        197,        197,        1,  1944000, ebe43b11219bedcbc1208b699f2971fe766209d91365c82e7c8449cfac7b38ec
0,        198,        198,        1,  1944000, 5f4a3fbd8e4d2e2a487b21369c7d322d940899eb56973df769702d08ef1742f4
0,        199,        199,        1,  1944000, f40bb81870a6f8f2cdeef5510771b67b77b0f9221acc008c213c3a7211a9c62e
0,        200,        200,        1,  1944000, 21bf5f43a57e4f05126b40dc38199999fb5c46de8b9e55ddf941b32ac04a9987
0,        201,        201,        1,  1944000, ea989189b2ad58c5d371163148ba49ee085a3820ffee98fc31714d042bfa51ea
0,        202,        202,        1,  1944000, 22351337b652c66b901a80a10c8e79f82a6c24c2eb4d9f75aca0fe6aa8bd0da4
0,        203,        203,        1,  1944000, 6147a0fef4b658c8131b517e06ae0edb34734bfd018c75cc6168d59611bb3839
0,        204,        204,        1,  1944000, 9c02807db7ec87b416c1434a718ad57ca45de0ee909aebbac105b0598eb7ce0d
0,        205,        205,        1,  1944000, be23873ecb27816017092372b68206e72dd97e52d8f4700759fd957253cd990e
0,        206,        206,        1,  1944000, 9c20576755ae2993af1b730c042a1c20fabf9623d301ef8690ec62c80d080e7b
0,        207,        207,        1,  1944000, 90d428702200abf9d2cf62185e9b7d15e768c51e9b0f52927f438a68abcc96ef
0,        208,        208,        1,  1944000, e48a1f0ecf39c56ac3be1f780a5604e44af53931112590f4a5887b80867391cd
0,        209,        209,        1,  1944000, e92e71d17fccc2a735df680d08ccb5e31474bb63204c0cb7d30a201eaa6b8f8e
0,        210,        210,        1,  1944000, ad5d8de4fbe65c826f6c3e212e66e5054f2a8747837e962f32f601e3e73c5c41
0,        211,        211,        1,  1944000, 0ff615d3b5fa4f9d97825bf288bfe5defab719229ee9751f6425bc56fe22d787
0,        212,        212,        1,  1944000, 8464320bad6dbd36ebd676ff5be196b959672c28b5eb7382ac6320e272c66d1f
0,        213,        213,        1,  1944000, 07c422c37a0c194f2380492f56dfc778e6622ead65f27716d09f3544b5851a8d
0,        214,        214,        1,  1944000, fd3cce5ee2a7bd411335e6747bca1e22454d299675fb7be55c45279a1777f53c
0,        215,        215,        1,  1944000, 985bcc1c48798c32dc69f09d971b568f86658b951896615d01e98657226ed151
0,        216,        216,        1,  1944000, 60bbe9d942619af941fb0a32f0cd0f9e41f29a1549d7d62b337fb91981ebb6d7
0,        217,        217,        1,  1944000, 829d6f178e511c6d5f4b3d8bbd21b757d32f0be9706434693bb67401794fd935
0,        218,        218,        1,  1944000, 34ae0af7d0a82179aee1ef967762aff35d7ed5bdd354fd14014912162afcad1f
0,        219,        219,        1,  1944000, e15f0b4f7cc3aa901a97b70c7a26560f7026d20920045ab0e29b9621a5b6fecb
0,        220,        220,        1,  1944000, d6829c4f75b08016fd247416cccfcea550d454dfdc947992b2e61617f79f5245
0,        221,        221,        1,  1944000, 602c1dbfb4e8c5053285412d47cdd6848785613342a53f956b055eabb0b0e957
0,        222,        222,        1,  1944000, 65cd1200a426c27ae6f96cf63778b606bfd4010ec41431d8607492be13b601c3
0,        223,        223,        1,  1944000, dc4b8f404223f5f92d7013d7496399570fa0527c0931102cf35dde6fd1d8c94c
0,        224,        224,        1,  1944000, f0a7457a2e7e62a579d331a8387e0a13e787560beb043d334f5e7f8394d4b06b
0,        225,        225,        1,  1944000, f813faaa39df7a63f4af261db96bfff6fe2502e6e88f421f0172668cec5e0b89
0,        226,        226,        1,  1944000, e90ecba46ce3de2b8338d1d8892fd8a2c6cd4eae529b86d7e87fc176cd716a72
0,        227,        227,        1,  1944000, 0c6962542d14a4af388fe67061a520f43203278ba5cdefcb97c0bb36b99cab49
0,        228,        228,        1,  1944000, f394a2cc794e95ef13dbb9124965dd8f2e60fcd8c066bdc53a56ab4c8b6105ec
0,        229,        229,        1,  1944000, 72e75d4ab37cb622c46ddd381c65956e45abd3ba7c657d01c7786f96e20cf4d7
0,        230,        230,        1,  1944000, 7114fe8be457929d5fb403464a7cd544cfda228b84c285afba2ebac4d87c9aef
0,        231,        231,        1,  1944000, 3dfcfb5844192bf6c38213e173d264c9cbc859ed045375e84064c8fb71c54597
0,        232,        232,        1,  1944000, 225153a7d9c8722a1469c0d21f28423235775e354637aae1fc08cad925bf05b4
0,        233,        233,        1,  1944000, 0f5841da402e7d96a0b11dd74880af59f82c569d8584316ec59c8eb6cf0ce2be
0,        234,        234,        1,  1944000, 060c5c61e84fd467657832fd3a8453179d2575f1e023ff96129c18baaf7e8049
0,        235,        235,        1,  1944000, b0b46b09b8d9b0c0c0d32d4f4a09efea57783712df043a6de239ac225eaab79f
0,        236,        236,        1,  1944000, 47e6ff5cc3c630379b2bf1784d2b9e2f7398bf0ca094755fd18b7854fbf8db43
0,        237,        237,        1,  1944000, fa4c0d9b1d23a3bc802b807557772b35759d2da8295bb633de1fcdd612600512
0,        238,        238,        1,  1944000, 6a28494dcfb3e3b15eb5d39d064dcfd27d7f67adf50051c56a6c6690e84a9323
0,        239,        239,        1,  1944000, 9ab2bfe3e2058bed197f8c0d167f6d59a88e4dbed3e605911072917cd2f63a1b
0,        240,        240,        1,  1944000, ce63798c3df131ce504a6c818e3be0e80ab6fdc5696f96ec1cc4bfc2239a31d2
0,        241,        241,        1,  1944000, d664f65a51e3ee7b5b7e9379917868e5f98048db1d67b9ac748c938c311f4d18
0,        242,        242,        1,  1944000, 0ad324d4e4f54921685fb9f24af6f322a8579e7f1e292dbfa5f83f5c51e55efa
0,        243,        243,        1,  1944000, 17a7efb7a456739b0d14a54313f99cbd3d3a3ba84960ba538c30dda52a961108
0,        244,        244,        1,  1944000, eb5d21e0fa99bd33d4f80e7c78b5fe54ba562f23373e2df91a13e84a27a2fc32
0,        245,        245,        1,  1944000, 2cd2ef9ab7ec6dc5dffef2c747f67a858eb7fa8353fc24f1951b058813f90cc1
0,        246,        246,        1,  1944000, d5d3a074544829cc8852890dbba9c1f7d67c638705fdda319da412464adabc95
0,        247,        247,        1,  1944000, eb821338ae85fb490b1c1d99587d2da4ed9098e6adc7ae80027b0d953f9eb069
0,        248,        248,        1,  1944000, 003f13b6c19f653334a76b78bbded11887734731acf2ac4c95d205a10022c303
0,        249,        249,        1,  1944000, faa9d04bea7d30cfd9c16e394dafa8043145203928be51a81d9e0a8d6f2f2f09
0,        250,        250,        1,  1944000, cade579e20ec5468e078237594bf2cd61bd263719199fc711a61c681de956b82
0,        251,        251,        1,  1944000, f31bb345ea8c3d7d5a68f7ed11193b91bb12c2050f23c21fb9de7777c7fe2915
0,        252,        252,        1,  1944000, 3b2a40ee18138991d67ab3f2a9b1209936f2a95ed878789b47404a6f14a3f7d8
0,        253,        253,        1,  1944000, 771d1eb9fc88387dc3c0b183a7acd4ead5d1b49e896651255fe92c7f9a3d1f76
0,        254,        254,        1,  1944000, c89ed6c43816fa45f81f0892b54af36609aaef46d42c574776f7b891a3013cf7
0,        255,        255,        1,  1944000, 4e90d9664985885b256f18d80c17e095af0ab830d25bb91844445b498176a4db
0,        256,        256,        1,  1944000, 4e90d9664985885b256f18d80c17e095af0ab830d25bb91844445b498176a4db
0,        257,        257,        1,  1944000, 6706c3866c7ec31fc0f77583f5a4b148f813a5f25579d146e7c9ae13ddcd4c11
0,        258,        258,        1,  1944000, 6706c3866c7ec31fc0f77583f5a4b148f813a5f25579d146e7c9ae13ddcd4c11
0,        259,        259,        1,  1944000, 6706c3866c7ec31fc0f77583f5a4b148f813a5f25579d146e7c9ae13ddcd4c11
0,        260,        260,        1,  1944000, 6706c3866c7ec31fc0f77583f5a4b148f813a5f25579d146e7c9ae13ddcd4c11
0,        261,        261,        1,  1944000, 96125ab69e154e9383666161e54b7d5b6c399bc892ed28eff355f1ced6dfaaaa
0,        262,        262,        1,  1944000, 96125ab69e154e9383666161e54b7d5b6c399bc892ed28eff355f1ced6dfaaaa
0,        263,        263,        1,  1944000, 06055d7473da24b7cf6e2f33315cb02c217c80253685c29016f91a07ae64a175
0,        264,        264,        1,  1944000, 7d9930c93c5b04a9acfadb43d65f76daa3af8b4d0b9f00a1c3d521c846ae16a2
0,        265,        265,        1,  1944000, 1e341970149bcaf10c667d5029e52eecd286bd86d5d627cf8022f6887541fce9
0,        266,        266,        1,  1944000, 1e341970149bcaf10c667d5029e52eecd286bd86d5d627cf8022f6887541fce9
0,        267,        267,        1,  1944000, 6a56893dd87022b652a9ee0bd6ecd71b87c0c93bc695c0aa4997f5eaf37d4e33
0,        268,        268,        1,  1944000, 6a56893dd87022b652a9ee0bd6ecd71b87c0c93bc695c0aa4997f5eaf37d4e33
0,        269,        269,        1,  1944000, 6a56893dd87022b652a9ee0bd6ecd71b87c0c93bc695c0aa4997f5eaf37d4e33
0,        270,        270,        1,  1944000, f035fff82c8073c19a7d7c2c421253c366a9456dbc6d9a00fc96e7adbb93ca84
0,        271,        271,        1,  1944000, 3a9c264a28ad458251f49b91b721caef47c9c7a1cac4520d808b8fceeffa13de
0,        272,        272,        1,  1944000, 0ff2e9f540e2cd67a4aef73b57d8f100738aa3eceb0719d767c3eebb8e50899f
0,        273,        273,        1,  1944000, 0ff2e9f540e2cd67a4aef73b57d8f100738aa3eceb0719d767c3eebb8e50899f
0,        274,        274,        1,  1944000, ff9e6dd2d5b72260f111cd7712e46da7422e2c3e04c02630ded856e75c8d9874
0,        275,        275,        1,  1944000, ad5bea5070571065144f218777751cc8e3780a1a2fa6528e46088382153faa0f
0,        276,        276,        1,  1944000, ad5bea5070571065144f218777751cc8e3780a1a2fa6528e46088382153faa0f
0,        277,        277,        1,  1944000, ad5bea5070571065144f218777751cc8e3780a1a2fa6528e46088382153faa0f
0,        278,        278,        1,  1944000, 2f7010baeab6366ee63643ed1e6dd321918bd656029b520605e12b707ccfc198
0,        279,        279,        1,  1944000, 299ecf0015b7f105b144c4afb4c13e0fcaf8486b1a0a75c52aba05cd9aad0e39
0,        280,        280,        1,  1944000, 299ecf0015b7f105b144c4afb4c13e0fcaf8486b1a0a75c52aba05cd9aad0e39
0,        281,        281,        1,  1944000, 299ecf0015b7f105b144c4afb4c13e0fcaf8486b1a0a75c52aba05cd9aad0e39
0,        282,        282,        1,  1944000, 87ba74ec5a6b9408e08d045cf2f3abef8489ad9af6068f15be366b065c1def26
0,        283,        283,        1,  1944000, 1cbd4c1ffc05e773350e140f5e561131e679bb082598cc023a9dbf0b08c46572
0,        284,        284,        1,  1944000, b78dbdf339ac8fc3088986d84cc0816106661fb7bd42d4f956b989d27890e87c
0,        285,        285,        1,  1944000, 6d3da71f934fa5209904f2efad799caca92814557438453e351295884aabbeac
0,        286,        286,        1,  1944000, 202b2a2ab5c45153e631bfc33bb8a56b1a919dd06c589c5ef329aa73e1d5e204
0,        287,        287,        1,  1944000, 91676a4ba54b815625043592b1da613985ad4a39d48800b8a5d146722f6af8cf
0,        288,        288,        1,  1944000, 85fe3c71ec914e5cca999fd2d263cde00fb1c1369257f0dccdecbd51f1eb28ae
0,        289,        289,        1,  1944000, f731575e7a16199494a0322c4007a0acd3b5ecc58e7e07dd27726202446c2331
0,        290,        290,        1,  1944000, 25fc35d43dc3db10d6382c452111aea05704794a294077774ca11ef6e937055d
0,        291,        291,        1,  1944000, b626443c608abade2f2f542bc580069c97b427fb5c94f2499c7ae65983b90239
0,        292,        292,        1,  1944000, bc1f58755ee3882d793946ae7730bb10a4602fa3f7a5cdb203b1f16da90b3c8c
0,        293,        293,        1,  1944000, b3da98fe542b651a997b7fd161978ccbd040fbd055478ae1f11adf068e4f761e
0,        294,        294,        1,  1944000, b5f66994d5483a84e771c0ff80e2f5d4ec208dc6aac808aa1964655b99eacbd3
0,        295,        295,        1,  1944000, a980e977b9c431158eb7de48f9475cfb0d0f787a4f3d424009168a3b4668bc98
0,        296,        296,        1,  1944000, 9ecc939fad2dcf3cb910ee33a17e34d4daaff3fea27ac68306dc31f18f325126
0,        297,        297,        1,  1944000, 86253cf20e63889c09cdb8d1f96dd63958d5493513a86e96dbe2e8df38acd89e
0,        298,        298,        1,  1944000, 7eae95b975a340dd0183721522e47fb07258a86aa9b0b2fcc8f44eccadab7fe0
0,        299,        299,        1,  1944000, ac1fa4cf1dabe955abea9d91d00437bfc3f8a1531b24debe495606ac418530f0
0,        300,        300,        1,  1944000, 017e409f2c8ff4ac35a28e19692af64cca643da00e585c29ce07c4fea53295c7
0,        301,        301,        1,  1944000, 36d57523217f745f048d682a481477315a76d8e2dd1d222df044f47efa04bebf
0,        302,        302,        1,  1944000, 1d62fac5f0f6bcc2d347822ab79113e6f922013abcf459767cf1b7f231adfb36
0,        303,        303,        1,  1944000, 65eb0d6cbfe8275767e15fb1ac146d2ecc100e6155fc66692212537d791b2f68
0,        304,        304,        1,  1944000, 4d470f3ee21baefa8acf49a048b566de2cff775558b2600ea3223d11fae94e01
0,        305,        305,        1,  1944000, 20f80150dfe44fd10d762e34745419f279cbe4f40fb195f747729c28357fc0c6
0,        306,        306,        1,  1944000, fe08bdb319fa49af0f995828083e95f5f5b65b03beaa882851c0c7f68ce4b93a
0,        307,        307,        1,  1944000, 0085a4b654734821e99a8259980fb3b64273ce39d5a7b85ec9c365c7a1448bbd
0,        308,        308,        1,  1944000, a692571e09704b3ff20225392333429f7b7694fe30f5a0021fefc237246c670a
0,        309,        309,        1,  1944000, 4293e87d33a685a7e251067b1f521ad3d56cd70266bfb61bf2dc028220684292
0,        310,        310,        1,  1944000, dc500059692ef2d2bfb11484d1515c8acd400bcef66a593fc13a82e73621e222
0,        311,        311,        1,  1944000, 1db62c5a473cbb98c1c5bec22e399b7429a77c1a61c3ae6edc6485c5036c5f3b
0,        312,        312,        1,  1944000, 972156e984fdf78766f67420f02617fd5813a1ce61250b2a66a400ed57777a7e
0,        313,        313,        1,  1944000, 5ceb001df6168dac43735b8d4b89af09cedddba43e270e9cb113f9b42c1bf379
0,        314,        314,        1,  1944000, f17bd585a219507d0732f7bb6a3d81ca725c054e9dc4d350be84534b9351f55e
0,        315,        315,        1,  1944000, 2bc7aafb82133d9926fc2484d604f8a27639890afda112f8adf20da4f4dc3be1
0,        316,        316,        1,  1944000, 7cb4936c9d5905ab500cb7ebe4975059247711e5f6d297325e9f1a9fd1fcbaa5
0,        317,        317,        1,  1944000, 5338574a893c4248455e70d07c9beb6f3b542518376c44a3ceb4c8160a87976a
0,        318,        318,        1,  1944000, 3e02f1e7b2557d5be5852a4ae045060ce8fd1b31618e8df4df49f8dd836a0d83
0,        319,        319,        1,  1944000, 9b941736b4e67cc8ef77d4806785a701ae59e53cef4fcd0183dfc29cbe95599a
0,        320,        320,        1,  1944000, 9b82c659a32343d322068bcee46ef345fccf714504a8abc5d84b92404e6f18e9
0,        321,        321,        1,  1944000, e62d0ca25004c2c520cbded7f2664fd9035c8605dc5c6df3389aa9fbe5465f6d
0,        322,        322,        1,  1944000, d12e9f8fad518ec73bf1a34c5bfc74e86ad7f2c8e1bfd554d183d3f67b410d5a
0,        323,        323,        1,  1944000, 8cc9c7319000e036a85052fb7cb4c631043facdd1a7dcca59ab9271dd9b8bda5
0,        324,        324,        1,  1944000, 42f8830f8b1ec0da7daa0c362462f0b758b2de38a1f49309130f0fb711db7775
0,        325,        325,        1,  1944000, f84d270b6932a511ad0257fe44c82e0dd2e00be4a68252dc2cc15592f153cd9b
0,        326,        326,        1,  1944000, d2f82a54383d102afdb62eba2b00345f0e7f95a52887d011c672c81f35f505f4
0,        327,        327,        1,  1944000, 7c6df41c3201c5410114706315a9472f2eb9b8500663cc9e33ff3dfe8ffc336d
0,        328,        328,        1,  1944000, f45daafd392ce89988b972ffd3c1dae42968b5307cd5ba8f8c6b6fa58a9c630c
0,        329,        329,        1,  1944000, c14c4f4e87af4b426a7420082ea5c9ae38b338493674c141c078e981fedf345f
0,        330,        330,        1,  1944000, bdd5c6a10900de0510b30cf48d3393e89f2c8f2a247ca53802b40c6205389d2b
0,        331,        331,        1,  1944000, 09def2acf0791fc5a1cc097501c5b15852ab86b3209c3510b230541ff1433151
0,        332,        332,        1,  1944000, 8f26f0314ac21538b0c30c3aee7b8f12477329b1bb4da4f16fe3cff7e1601482
0,        333,        333,        1,  1944000, 21d6300bf12f020dfa31a9bc13c09657c16b6dde4fac13a89e808dafa544284e
0,        334,        334,        1,  1944000, 828b2590f67ad9ecf1310d69cf941a842d4d0735196154b9a5066c030e8a02aa
0,        335,        335,        1,  1944000, 56ca4b30b31aaf0b892242c0db384b6f71604298939aea5049a77cbaa95a523a
0,        336,        336,        1,  1944000, e025962c49bf2d9a3f6098bfdbc6472f164e1ff5123ca62731609f150e8dfd0b
0,        337,        337,        1,  1944000, ae913fadeb2b67128100012e4a19ab04cf98f41b4f4919497012a85d3602c5e8
0,        338,        338,        1,  1944000, fd078ec8c31d51a64fcda9dcc9682d2dacb35bed7bcd6d2b842ed0ebacd46927
0,        339,        339,        1,  1944000, f24d55251d0235919e2ce7bdeed660c558fba37c69045d5b5396cd804dd8cc94
0,        340,        340,        1,  1944000, 5e4ae67dc8c052897eb8aa72f98e88057328a702f49903c00b90ddc7da18cdac
0,        341,        341,        1,  1944000, 0244f52ac1b26e13d98c00b52b45db43072a084dfc60ddf9771148a8c75309ed
0,        342,        342,        1,  1944000, 80780b552f441118571c97554490db163a60c292028f8636c2fd370f84ed674c
0,        343,        343,        1,  1944000, 78c06d7724fd591b276fbe938653aa08f0fe7f096505cf021b019134c56e736a
0,        344,        344,        1,  1944000, 2863904290cc02a5f443fc1070d1135e78f108b9ae677f0cbc3a185c0d59bd60
0,        345,        345,        1,  1944000, d669cf9512f2c5a9180d9f2612af888edf225e7707415fe9f2c8ef79aff26d96
0,        346,        346,        1,  1944000, a5ee260d0bc73f76b0919e9762c91cbd39e2ea0f6fb06ef5e08351f69588748b
0,        347,        347,        1,  1944000, 6cd5314ed17de08b409480b66f4c3420e372fb33b2cd7f70a94b983b6846f2f1
0,        348,        348,        1,  1944000, f48ed090c8ea17011710f49063ce927cd3dfa4653ead9de2b22610c2a3847cc2
0,        349,        349,        1,  1944000, ac24555fed4ab8b68bc4a010166a45c7f6fce00eb75eca829c24e12c6d73bd31
0,        350,        350,        1,  1944000, f3da6d82d369992850e23833a3025729327adca821e727facae81a55a6d742af
0,        351,        351,        1,  1944000, ea2357e67919f1de7058848b598b992d31b4294fb9a5f59e59684872cca05a8c
0,        352,        352,        1,  1944000, 80501f179169d982897fa6bbbc6c49fb356c563244bc292354a9cb120a484372
0,        353,        353,        1,  1944000, 04e53e148bb21e5f59879bc2750a2a124d8e3b6322a63517d0cb86845e3050f1
0,        354,        354,        1,  1944000, 36412d33cca0288cd8be77c8732e5d1424c4fa3ed5c14090d07c15c084e0fcbf
0,        355,        355,        1,  1944000, c666b2c3aa9b73b413d02fa96f1129ac50ff4c704a8a8d66eeae470eb78e0401
0,        356,        356,        1,  1944000, 48b173618a4ba1d2316bd7fff4380fcdab1ec8e868b38bde383db162b3207633
0,        357,        357,        1,  1944000, a543cd1b64ec708d5ccebd7aeead19b502d54cd1b1c9fd0cf8662268cb46c4f4
0,        358,        358,        1,  1944000, f0a45a90501e120ac86a3c6f28472680489405742d9c7ce65e10b67d92f760bb
0,        359,        359,        1,  1944000, a11c9ee6ee9fe789dc2ef6aebcf97e4a6bb540002fdd27b8032eada9ce14403c
0,        360,        360,        1,  1944000, d32b81e6a227700d333e55bd99c45e4e12bfbd4c83876042cc8ef212b9262520
0,        361,        361,        1,  1944000, d75e9af0eb74bf1862248a90fd218a0fc790a1d74762d94d24f9c5fe1abef2da
0,        362,        362,        1,  1944000, e299bb1bfcde5d675d9200754488ffc4296f95bf4cf2fd5d6a66dc2d9f8eeb56
0,        363,        363,        1,  1944000, f74e562798ee1fbc6a8d8c85f5ff4378e2249f4f1c115b415f5a5254f5ea986d
0,        364,        364,        1,  1944000, 07d431824bef2fba224246aa43d0c36e5aabdcb5ba069d8cf0f8faab310ed35a
0,        365,        365,        1,  1944000, 3825c0dcd02f7c9eabd9ade246fcd475ac5c1b5aba6c78896da162416db00601
0,        366,        366,        1,  1944000, c6c8af30deb1857cd477f7a4a0fba09a51fa2a8f87a0b35b0d8c7a70e2765fe1
0,        367,        367,        1,  1944000, 9d35fba579e9b30bdfb7ca0305cbdffa7553eb3a4d2c83488278a2f1b9c2a3f8
0,        368,        368,        1,  1944000, 1c29aad2a843bdae8a0c72c0e28b167d87e1a84b065a498ce331c1ffe2d4bc6f
0,        369,        369,        1,  1944000, 2a616b16c24e9f5c0d895dee226fefa2b95ff4ee7bac0ae37011b5b7366eb2e8
0,        370,        370,        1,  1944000, 6913ce42aee4c99e26b808a28affe0f5272899983fdd25fb3e60044b801d9c92
0,        371,        371,        1,  1944000, 63b720421d07142028ee98858221ae0fd73d41c2fa8ce162e8963f3bef028adf
0,        372,        372,        1,  1944000, 105ccdd4de301103ac64a7cce3c4241222db4a2e00f202bcf6420fc6ce2dd8dd
0,        373,        373,        1,  1944000, 71ce418f8b8554ff78e22482ec867dc6e8f7a861e03b895ddb2051c277af7167
0,        374,        374,        1,  1944000, 2cbd0a154eb9920e0e88dd6bba4f806f0a8af238adc6b0908f5f8356cf1547cc
0,        375,        375,        1,  1944000, 197ee69124acd4fd556175d3789654879e1e50b09af9e285672f77d52520b813
0,        376,        376,        1,  1944000, be844d18b78f228b8832c5f289b453ceb3bf1538a2ffdf565fa1bb50353bfb46
0,        377,        377,        1,  1944000, 3c15785f89f778021420d97ea23bacb75cb1deeb8dc4f882572d3de07223ab12
0,        378,        378,        1,  1944000, 3356935b507e2014650ca16eaa56842f4968bb0e4e389380a980d6aea8aeb839
0,        379,        379,        1,  1944000, e88f25ba7de4c54e828d57217992d15e2f60b5425c3f8b44a95e7fcca143aa00
0,        380,        380,        1,  1944000, fefb76cca08f5d192a16114d45580b61c00a8ff7eac0726b2aad8a4db2e547b2
0,        381,        381,        1,  1944000, 38e651e9bd4dd4f70de6ccaf7acd7554ae4550e947aa64e2ddf6b9972e263b07
0,        382,        382,        1,  1944000, a56a1f52f529c759a8d95dfd66414ae8590c13c9aa7f681839cb2938dd5d0200
0,        383,        383,        1,  1944000, 8ba709e113ac7872aa5dfb204362da7e7cc12ae5236c4b4da8963dc865eb4191
0,        384,        384,        1,  1944000, 02789e89b97c07ccd526b1110947dd83490abd354c750188acb080cd9f38130a
0,        385,        385,        1,  1944000, cc58492042df4d444a2adbecb57fc891fc09c360d6821128862f4635b3081db3
0,        386,        386,        1,  1944000, 8cd8de9262ce7fc6a1219200e632d7528cd3c7dffd9ed67c9b4b037eacad44b9
0,        387,        387,        1,  1944000, 52021d6f19332a55c64de023fd9cbdba0ba3c8807b27b3fffc71ef3a75d89bca
0,        388,        388,        1,  1944000, bf5ffaed5e83b6d5de778fac440ba53a0ffa11866aefa3443cf71a60a53efbe7
0,        389,        389,        1,  1944000, c1846b5c19608400eea01928db67f7135de1f918e85dda114897543cc23a952d
0,        390,        390,        1,  1944000, 326ecb4f81a85dc6434c5f1e949bf323a2956e816ee350e1ec738f4d7abd46d0
0,        391,        391,        1,  1944000, 2d26bf8de7d673e5d0e36dab2e0646178410c43a6c31673d531731c86eea4595
0,        392,        392,        1,  1944000, b7dc283021056e684abe71e7ee543006841f24801bbf187ce745795da89193b0
0,        393,        393,        1,  1944000, d018da0ad945a9d75715da57fb5647d42dc4096eabb76cae563a556ece85c576
0,        394,        394,        1,  1944000, 857ed9b090500f14b6bfa75b60daa988eda5750311284c4cc18f4003124378f7
0,        395,        395,        1,  1944000, 095c59909a78d526d556274c51558578a8a468839360469a1df5d614048f1a7b
0,        396,        396,        1,  1944000, 959550cf7108755ccc7b4787ca1aca7f5718c6f40e25b14d9a47788b89fcc569
0,        397,        397,        1,  1944000, c03d5f2d5cd7cae48de4093efc152e949f6150b852faa8bff70ce567e4152d45
0,        398,        398,        1,  1944000, aacdf8237698e772c85f946314c054c27a8eccaac89045a25fb2518cbe7facf7
0,        399,        399,        1,  1944000, 730c83cc301e461d30da1f630b25f81b781a3e4173741a06ba7aed4cf0d2ec7f
0,        400,        400,        1,  1944000, 7bb3dd8d2f4020177a251937fd9360e965db561ad140bfaf363aeee355d7605b
0,        401,        401,        1,  1944000, 528e204bab2f2c580299cdb777eb3107cf1a80a54e27eea148d2142e5c4b6378
0,        402,        402,        1,  1944000, 64145add06ff173b4fc62552720e71d89d7dd88e324b0c5a0f72346fdef6d3dd
0,        403,        403,        1,  1944000, 75ced3b4b67e1cb742f522eedd057244e4b4d1a6417ed28227704a7a427799cf
0,        404,        404,        1,  1944000, 150af569f2169351f071c7acde3b97fb66cc03684d2ebe90665ee2a4834300eb
0,        405,        405,        1,  1944000, 19057997970d15e58ac059d5c26497d54b1f7d8efe59c9efc95a9be4d00a0cef
0,        406,        406,        1,  1944000, 96c84d2c6e27106bc32c21e14a85a6d0cda0f162c7aa3f1bb01d5036a3480494
0,        407,        407,        1,  1944000, fd0061d85e670630b473cbdee033ac4268201f3a4e999ff3073aec0ad9ea75ea
0,        408,        408,        1,  1944000, 80cbf20152003e7c0358192faf650110a765b743cf8a01921628a3132ac917fc
0,        409,        409,        1,  1944000, 8ab859edd927fdc400067008b954ba98e84c51b3e971bb8c1e07570f75414be0
0,        410,        410,        1,  1944000, ad4d87ee91e2ddd718333aa1351ec72d6144596b6e960bd06a144d7061ad5cc6
0,        411,        411,        1,  1944000, 290e43836c2a71566ea4788b2212df5f615b1afe686df9a846e322c22b031dbf
0,        412,        412,        1,  1944000, dc91f7b980c48a2981116897f05998e4200978426dfc0965fde0fe220baadf20
0,        413,        413,        1,  1944000, c65ca2a0a9cb76f89378ec568526b691750819131fc1293310831db430820cf5
0,        414,        414,        1,  1944000, 4737c641cfd807baa34a1c45858af51be39e81f3a156709a8f01a45cc87ae4cb
0,        415,        415,        1,  1944000, ee3bb1e4d68ae9ef55a30c78bfdd4aef4cef57a76f997d2a9d7a2c8d5404442c
0,        416,        416,        1,  1944000, 6f0de0e377c544da710e4a53a2d42c44f923f2385dc2ea3c2dcfd4da734d8885
0,        417,        417,        1,  1944000, 2274afb59be76a3e05e1057a8e341440a2098ce05f5ca440f291f40206c9bdfe
0,        418,        418,        1,  1944000, 272f1401580c09cde6821a9d0b0edbf32e28bcdb54b3831f5ee7edcc8d2a3f64
0,        419,        419,        1,  1944000, 4b83d1bfc0c0e4f1973e0f845f8df773b482e9e303c908976dca2553b1a19e2f
0,        420,        420,        1,  1944000, fd209162565a57e073f7cd8f454f24778d5f5d0a9bb59508efe5f20010f939af
0,        421,        421,        1,  1944000, 72c3285e479d14d54b821da67e99880c77dd73f06e003c9ee6ed157b29b66dc5
0,        422,        422,        1,  1944000, 06fea01949262ffc6e193eb8ed6eedefdbbb7f59b88437b36fc89142a1ba23b2
0,        423,        423,        1,  1944000, 7beda99e0adf0433305df22b3af4b8c636436160ea66d9d78ae56a1838c80213
0,        424,        424,        1,  1944000, a2a7dab38f2493a8ed6d1cdbb7db3048dd959014507dca862344edeb21a0b611
0,        425,        425,        1,  1944000, cb98efb903a6fc25dd70f587465af4c97b092ccad2109b16894a5ab7dbcd9fb7
0,        426,        426,        1,  1944000, 896bdb68fbede3868342211ea23211721ae8534b22c0d28c12e9bc586c458878
0,        427,        427,        1,  1944000, 69107971d45c4b4809746f4d9042ed878f1a7a737984f3d346db7bead24b8286
0,        428,        428,        1,  1944000, f7d26671dcdd970241c5bcb9a87209f0e67942e530dc9745c7f1b059c2b41ff7
0,        429,        429,        1,  1944000, e493f7924acbda6170044debd0b9d7d713253efceceb2f5ecfd24fdd5b4f1c6a
0,        430,        430,        1,  1944000, 15b6f98fe916022bfe456093d4eca1d8ed2b028b52cde4bf810edfdbd374ad74
0,        431,        431,        1,  1944000, df6b5bb5b203a9c81981f7db041ff177c03fc9c13b3a4f579470b9327990c184
0,        432,        432,        1,  1944000, a19563dc1d21095358505c75cdc187abaafc0bbc1920ddde87eed7f5765c883c
0,        433,        433,        1,  1944000, ee10c7fb0a735cc1499262aab65683dc54bd6828e98f03260b52207718614858
0,        434,        434,        1,  1944000, 9b25a34dd6b98fd10217758b941f7eaae7fe7b77aabe3299a822559115e64d73
0,        435,        435,        1,  1944000, e41a7cfec97267c40e762cfb975a125e89b1c4a8f888cdaba74ca3ef34c16764
0,        436,        436,        1,  1944000, cdf66a843ca831355d9328cf9856adda3b1aa211af50b52406a4f047ad081eee
0,        437,        437,        1,  1944000, f5959ecb71b7b1d949d6c00cdeb8ead7fed84809de3ecdd1cbba7cba18550bc0
0,        438,        438,        1,  1944000, 69194178bc28a2cb850d0eec7073bbc366e4f40ea45430fd7ee64de1689f03c6
0,        439,        439,        1,  1944000, b5b8e9610bd6ad626f81677ec8152bd350f4b0c1a2ab00347319ff9fff277d2d
0,        440,        440,        1,  1944000, 256695ac934875af13a2f11ec9f8be6d1d9b83fac048e3df17b4e61c9e0c74da
0,        441,        441,        1,  1944000, cf613603a31dcb7351f62b6b360a44847599f12126eb6dc735bf18f6e02acebb
0,        442,        442,        1,  1944000, 293af3f7c36d15f6a1f466bb682bd6cf83002817a252916c49252dbc89a7a95d
0,        443,        443,        1,  1944000, 1b9c399f2258d6fe8dcba621c3f7b40d8dd80e05e7e6beefeb56542cebabf3e4
0,        444,        444,        1,  1944000, 5bda51f381e07fb229e4b7128879678c6db6ed5bb68b52d3544d2d369eb298bb
0,        445,        445,        1,  1944000, 0d92f376cccf707822a400a0f9d7590b1d64588798573a0d73a6d5e96ea4c5fc
0,        446,        446,        1,  1944000, 7f2fc475ca4aaffd6767c24afceddc6537b10be79c715e70363068a9eb54c37e
0,        447,        447,        1,  1944000, a835adbe7456f73d5b62f3624e79edbde95449ca5d8e9d9829eca468e7913177
0,        448,        448,        1,  1944000, 340738021c82b1142a2235018663480bc3307ebece01f9e0d8fe12a97543a671
0,        449,        449,        1,  1944000, c895bb0b0ee7bbf7863a175ed8633d052158bc60f77557a5f0b7bb58e2a4010d
0,        450,        450,        1,  1944000, 4f2cd9b2bd3d80a3485878fef4d9cbf165fdea0c08b640025d6785d50cbddc27
0,        451,        451,        1,  1944000, 8b060cf4d9af1d6c064ae0377a533be12f7af6ae63beaf645528c9c655eb093f
0,        452,        452,        1,  1944000, f6b01d8e72fcdeca1fad0603f16fb804380da89a1828bf064215ffba78d58c95
0,        453,        453,        1,  1944000, 1954d210cfd35d6501fd73e30f35c01e2fdeaba274c7d51562652a82a98043e4
0,        454,        454,        1,  1944000, b5dbaf806e33a6aa5297bbb1c5350ac044b62942589c9deccb06ef0662adafdb
0,        455,        455,        1,  1944000, 707e8836b9aa694bb67323e413b7db81f9993c2de66678923da7883b1ac003c9
0,        456,        456,        1,  1944000, 76e2d5646af6082aaace0c915058cbbff85dac95dc320701b16a0abc5d455bba
0,        457,        457,        1,  1944000, a9fb1eb439ad0099a073679d33ae350d95c399712e992036a8da090e9e0f97bf
0,        458,        458,        1,  1944000, e6836b2d130a6be181b964d0e3775fb7538c3c09e92098c46892b541aa808f68
0,        459,        459,        1,  1944000, f3459f039158bdc7f4073a588b08f517bd3442cbe775637f6ad4813fe4cf2779
0,        460,        460,        1,  1944000, 402f82e037351fb7317a9bc74c90b01d703f58f09405ec67f43a7c2a04b550cf
0,        461,        461,        1,  1944000, 09cd0261a4a27b4a6964afbe5c7565118ffef2fa15f1fd17aeab885f44710fbd
0,        462,        462,        1,  1944000, cc202dfe6447bf8d473d52b0aa248b9e797d1c878db3718c2267ea9469b38185
0,        463,        463,        1,  1944000, 640f00e03ec3056dcbdd583767309a2eb25a755958e0fa2bd7358f298887b5fb
0,        464,        464,        1,  1944000, f7374e41582729590a0e21bd2e1e2714d6f1c1cf254c08bde3e1ce789d7cf5c8
0,        465,        465,        1,  1944000, bf9228bdb60c5c9e9d0a1f03d85a28b1e687af1fd96479038d89b9a3491c53f2
0,        466,        466,        1,  1944000, d600af757ec3d89a59997b9f43351a78b15b62caa3c1330d57c5b5c0182567bc
0,        467,        467,        1,  1944000, 6d631b84644d072036718b7f3ebea2449989bb2051f5adc5e62c2ccdbeeefd5f
0,        468,        468,        1,  1944000, b9406b101aa786935644a98a76897b030c5c66e019aa4fe9756b44d31093d619
0,        469,        469,        1,  1944000, 9b55d3ce47f4aeccb87d0018d702145dc8147e535794555d5b5adaaa63b6be84
0,        470,        470,        1,  1944000, 8f007136f197991fe09af8862827313e4b0fc6772f23ca72783827766082c61d
0,        471,        471,        1,  1944000, f629a6644fd1d50789282b76aaee8101297ac90905ac7f58b0ba16b7df8d12d0
0,        472,        472,        1,  1944000, 9cb0d72e86df2d869f177b56ad9b7d0d25326ad5fcf4412b0f65d37795ad7ffb
0,        473,        473,        1,  1944000, 4949e418d0e86b0ff3ca34608fa587cb6431e0115eba8394a8f792f5bd46b4ea
0,        474,        474,        1,  1944000, 723a648c6b04cc71fdfb300b81164b8773bcf33a9f133ba3a3463594f15ce39d
0,        475,        475,        1,  1944000, abfa9bcd772d123078e857e5446e2da040d636f4776558b483caa3f3d5aab6a3
0,        476,        476,        1,  1944000, 32fa011ad43d9ebad60f0fc9f6801ba08211499aff2d22f91692d6276068642f
0,        477,        477,        1,  1944000, b25bc14eb8d48d2b95c967b91d7e7690f3c86dd20417e2531be1cd9dfa753dbd
0,        478,        478,        1,  1944000, 9fff6bccf7e7c06d4e4697c3f4fd443322a72167dbe9479e3e0829b426887ab3
0,        479,        479,        1,  1944000, 73ce552a88a5fec63c34fdf43543ef4c0cb2fc9541407fa0ffbc86f2f94013be
0,        480,        480,        1,  1944000, 6fcf44074f690c5c969ce20f82b87e9c63d7cac5759de892e659a88591e3020d
0,        481,        481,        1,  1944000, 50bd8ef1242fda89d339be5fb90a266031e5c2c53fb9960a8c1fa2726836772e
0,        482,        482,        1,  1944000, 620a178100d0d80e7e99a83462ee7d8a367d63d25e8366bab08d60c55a2ac577
0,        483,        483,        1,  1944000, 194fb3a6d46cbbb49732d589445cfafcdbfdfb97fb1e4c9bc0622f7f42cf775f
0,        484,        484,        1,  1944000, 6c0b5c041cd9ab6b2d45978db4d85212ba8d510098ecd5d90c50f5679a80fe5f
0,        485,        485,        1,  1944000, b6a59115c6be89ae7f66c2d146ca9eae728054653dbefddfbb05e0960fee6020
0,        486,        486,        1,  1944000, 2ead2ec5f1d069df33c3adb0c6fe388c32787412f801ee7c5a4dfb6e522111db
0,        487,        487,        1,  1944000, 3aee72de97fdb2c06b7620afb6c7754454018481d12fbb3a87b40962cc7db3f4
0,        488,        488,        1,  1944000, 0cd9bcd97f2ea3f7464a9049e1258bf7a7dd8988cc6d25293a4107636fafa270
0,        489,        489,        1,  1944000, 37a99d408a90e48363b8d028f6e637451a7c741a08c72e8b255cd0b962e0f02f
0,        490,        490,        1,  1944000, 44f565fb96cbe45d3bfe90b6ff63aa2853593999d5115a20faf140359652064c
0,        491,        491,        1,  1944000, 67410dfb076f77ca316ea0b8d240315abd7ad91395291d165f6457f480cfe5d6
0,        492,        492,        1,  1944000, 265e00a682ef6405ab935f1480d139f683f1eed99b373877df4add42249cb76c
0,        493,        493,        1,  1944000, cc5244d1ba6d123b55758c56f84222197dea6e6dced6c61254abfce925487edb
0,        494,        494,        1,  1944000, 409b63b30479f212dea40fc6e3cc6e2139e9e4c526e2e2e7d60107479e0b5f29
0,        495,        495,        1,  1944000, bee83230474cacf3571e9b27091516d78513f1757375111204b1f87875043ff1
0,        496,        496,        1,  1944000, 10c9736c4910ed98741518f6755b60af40b0584f3f03a5891dd0ee71f20a78c0
0,        497,        497,        1,  1944000, a33cd135507f8adeb53ddd56f5d6719b13fbf4d18f3e217a9a8766d794eb8e86
0,        498,        498,        1,  1944000, 28a3234fca2bdb803066cb293bf6d14b95df1916ec9f9fdd6c139378d796705b
0,        499,        499,        1,  1944000, 25afad819805e1782c4c3c807f05d8c47eb03d2cfb5391a6194c831768cd9aea
0,        500,        500,        1,  1944000, 89f60f0c68b49dd299ad332b4b0c22db22a8fb87fb76ffd6334f01756b07481e
0,        501,        501,        1,  1944000, 64bc2466a2e267d13e152493a4a49ca8c625463e37701e73d1cff5b878fff635
0,        502,        502,        1,  1944000, 2551ba2fbf9e908d80cc64583bb8e2f63bd4424a62216036e1e7bb64d7c1bb84
0,        503,        503,        1,  1944000, 2711eb6e27022c5ed99a433df14cf59758ca23fc252073ee575dedc9458dfcaf
0,        504,        504,        1,  1944000, 0b974baecd5da069b2db7e33f26c3b19e01475f2a207a2840c18457b44b717c2
0,        505,        505,        1,  1944000, 85e00974aa51f3c7d3edab79131588f7d228d93948f75be70cbaca6c4a31dd3f
0,        506,        506,        1,  1944000, 278aba5e448d080eab06cdaae6c63afa6aca799a82a9672251c236f2e65a8d71
0,        507,        507,        1,  1944000, db23f3480ad720971bc4b24a3394b7c37e1743936452acbacf684315c1b889e4
0,        508,        508,        1,  1944000, 47d3e623def62139a9404135bbfb2e9ab67a29b124ab94374ca6ca0e68fca4dc
0,        509,        509,        1,  1944000, 21c45a19e63938b546f67c5abad98f88216b992e0e36472fab9dfff11bcba842
0,        510,        510,        1,  1944000, 920bed066c2030e9529fd89e49083be1642eca641a1806e4c977afdec21d6e35
0,        511,        511,        1,  1944000, 0614d0d1de2c4451d0160251ab200893f5ca5851abeffc29fd3cc800275e7145
0,        512,        512,        1,  1944000, 0c35782c0ce90b2d44e070267731ec1887b7770e5dd05a8e8d4362bfbb56917e
0,        513,        513,        1,  1944000, c3ba66c4930e3d1c87ce2f60f395ecd3817e81abdaee293653cbdc0265514dd5
0,        514,        514,        1,  1944000, cd687520bd52c159962431754a3957667b384b66e8be37bd491df5d346017ac4
0,        515,        515,        1,  1944000, cd687520bd52c159962431754a3957667b384b66e8be37bd491df5d346017ac4
0,        516,        516,        1,  1944000, 0e61004db19033be9e9a7c5537d59ae7d1034f4e727026ee09373f4e98fca9a6
0,        517,        517,        1,  1944000, 36ae19e45cebfd63a834fb788d798ad56ace5772185bb634777517b2639d6852
0,        518,        518,        1,  1944000, 36ae19e45cebfd63a834fb788d798ad56ace5772185bb634777517b2639d6852
0,        519,        519,        1,  1944000, f39f3db95dcf1cf765bcdc775af2e0e193c53ffc588b2aabc3b93592b5620ba1
0,        520,        520,        1,  1944000, c156edd3579f380d60c882158c3b977690521d28e3c74b8f4e324c9d76562911
0,        521,        521,        1,  1944000, ef60ae2b3a66dd8f243cebc5e59899a89475f264e67ebeb20374d17c31fb7317
0,        522,        522,        1,  1944000, 228f2986bd593d25c33ee3cf981f434ab6d875d6251ddf3bcdf2f7f08e30b274
0,        523,        523,        1,  1944000, 228f2986bd593d25c33ee3cf981f434ab6d875d6251ddf3bcdf2f7f08e30b274
0,        524,        524,        1,  1944000, eae2ffb244fc46c52dd6b6e33e06c715faa0b250b35879b992241452e192c5bd
0,        525,        525,        1,  1944000, 57d8f38259da209750fadb88eb7be73b366810b9c09f8d2f830e83bb3f106f1d
0,        526,        526,        1,  1944000, 4706b1e2b9b48dd54b635c5f02396a2cc5781bf16c10ea3df8bec5bdc5dc7f17
0,        527,        527,        1,  1944000, 5abf3246e09c742c673d6e5386ebd09da88ef4f8326a5ecd16a27223f067d79d
0,        528,        528,        1,  1944000, f250b390618c1158ea238e4320017cd78ac5763ede442def0453e2e724ab7f3d
0,        529,        529,        1,  1944000, 26be3a33b01dac0fd232bd81ccc136044bb821b4737c84b27d76b1137df17069
0,        530,        530,        1,  1944000, 062279a7c44d1e54dfe664f9246a395390daa8cbb1389061414aae7752958690
0,        531,        531,        1,  1944000, 062279a7c44d1e54dfe664f9246a395390daa8cbb1389061414aae7752958690
0,        532,        532,        1,  1944000, 02dd0f48a78f7e0c24abd20be69bf8d6085475604e17573b5de1f43eba287a04
0,        533,        533,        1,  1944000, e3c80ef53df938aa1e5920c94616df0c2831dfbb5303138b5b86f8629542b1cd
0,        534,        534,        1,  1944000, e3c80ef53df938aa1e5920c94616df0c2831dfbb5303138b5b86f8629542b1cd
0,        535,        535,        1,  1944000, e3c80ef53df938aa1e5920c94616df0c2831dfbb5303138b5b86f8629542b1cd
0,        536,        536,        1,  1944000, 8e74ee2e153557c8f3f8b81a250a72db563885738eae2bdd15e41802cfbd68c3
0,        537,        537,        1,  1944000, ee205f7f0d47e066035a2c1b7a35cbd7f631b0c96c081dd5bbb28a92c90ffca1
0,        538,        538,        1,  1944000, df6f3b85502921040cbea2ff64fed6105667b6e8cc40e311924c44940ccb5b39
0,        539,        539,        1,  1944000, df6f3b85502921040cbea2ff64fed6105667b6e8cc40e311924c44940ccb5b39
0,        540,        540,        1,  1944000, 46507c3b1762e80c5cadec9f26f2a89a14ef7a5d66c47b19e77a00f8d9243a77
0,        541,        541,        1,  1944000, 048b1a7885ed9c6d9edb3e15debbc25a2e13999e1fabe417601275091c6f1de0
0,        542,        542,        1,  1944000, 048b1a7885ed9c6d9edb3e15debbc25a2e13999e1fabe417601275091c6f1de0
0,        543,        543,        1,  1944000, 048b1a7885ed9c6d9edb3e15debbc25a2e13999e1fabe417601275091c6f1de0
0,        544,        544,        1,  1944000, 2379c8b2f16f746cd1fb0bde0102e2407d23c0fdddff98915f64b4a71e16980d
0,        545,        545,        1,  1944000, 5ade468cd36cf7688991a5501ff3f155aba89e7b2e44f57c8c5decac4ec9ca0c
0,        546,        546,        1,  1944000, 5ade468cd36cf7688991a5501ff3f155aba89e7b2e44f57c8c5decac4ec9ca0c
0,        547,        547,        1,  1944000, 5ade468cd36cf7688991a5501ff3f155aba89e7b2e44f57c8c5decac4ec9ca0c
0,        548,        548,        1,  1944000, d40942a0ee2f0e5c69299e7d76e9ae61c13f3f4a2ced0f2b452a3cf9dd12a861
0,        549,        549,        1,  1944000, 666437c3c638a56f008418b145a92cd0c6397d39c0348d9e2f1f98b7a04bf432
0,        550,        550,        1,  1944000, 8242b72e4ee1f20cb2a695162114a842eeb078236f003278e0815b993e666b50
0,        551,        551,        1,  1944000, 8242b72e4ee1f20cb2a695162114a842eeb078236f003278e0815b993e666b50
0,        552,        552,        1,  1944000, e3bd1f1ad70d5ab027d133824222397c38db916ed226d7e4cf94513b90e3a2cf
0,        553,        553,        1,  1944000, 50505c59659735b952da07631d791fcd780e1125f26db3d1e1b22f082a85f420
0,        554,        554,        1,  1944000, 766409dfe8003ce3d3e2b9e6025ace0bd0ec233f8d73854ba9b59874ac33238a
0,        555,        555,        1,  1944000, 766409dfe8003ce3d3e2b9e6025ace0bd0ec233f8d73854ba9b59874ac33238a
0,        556,        556,        1,  1944000, 9e29847a439ea984278675121170c0cac87223ab9d16f4ec23d0aef200a682f1
0,        557,        557,        1,  1944000, edcd2da60e0db11caf930f3c711326fa9f9142391d8c71e3dca20601de16b78a
0,        558,        558,        1,  1944000, edcd2da60e0db11caf930f3c711326fa9f9142391d8c71e3dca20601de16b78a
0,        559,        559,        1,  1944000, edcd2da60e0db11caf930f3c711326fa9f9142391d8c71e3dca20601de16b78a
0,        560,        560,        1,  1944000, 9f7cf5b8fca8d6bffe31b1af5c563ed94d3bb82d36416cb9b85bf15ef7bf19fa
0,        561,        561,        1,  1944000, b5494c89799107f0e8cb433ac533f88be41dadb06c6cac9dbfcc45f1b3febd13
0,        562,        562,        1,  1944000, d2c73ec0aafdb5c9f3f3e84daa87943429591747ac075751b816a0b6f8664028
0,        563,        563,        1,  1944000, d2c73ec0aafdb5c9f3f3e84daa87943429591747ac075751b816a0b6f8664028
0,        564,        564,        1,  1944000, b367f75cdb13b1f5105fb5aff3a50b9797f95332f6a16fe05dfe6934bf226f70
0,        565,        565,        1,  1944000, d2c73ec0aafdb5c9f3f3e84daa87943429591747ac075751b816a0b6f8664028
0,        566,        566,        1,  1944000, ef8db184b8f7d6ad8fc3ca4a5d61f568a123cc4fb9fc39ff2b5ca9757c3a8444
0,        567,        567,        1,  1944000, ef8db184b8f7d6ad8fc3ca4a5d61f568a123cc4fb9fc39ff2b5ca9757c3a8444
0,        568,        568,        1,  1944000, 2f97cfe08d546ff92ae9b856309189c05042bc6c578d1826eb6f8449298d1e50
0,        569,        569,        1,  1944000, ef94de8380d42b73e583979bbbfc1124691b04c45ef33c16ec1997b4147e9acd
0,        570,        570,        1,  1944000, ef94de8380d42b73e583979bbbfc1124691b04c45ef33c16ec1997b4147e9acd
0,        571,        571,        1,  1944000, ef94de8380d42b73e583979bbbfc1124691b04c45ef33c16ec1997b4147e9acd
0,        572,        572,        1,  1944000, a562dd50f808ffa065e73a3c400cd935e58e3422ef2d30d2eeb7eb01916014cc
0,        573,        573,        1,  1944000, 416a804aae79828dc9cf5d6ee35dd8208fc01c7b1e5222be8ddeaaf7ba0aefd8
0,        574,        574,        1,  1944000, 416a804aae79828dc9cf5d6ee35dd8208fc01c7b1e5222be8ddeaaf7ba0aefd8
0,        575,        575,        1,  1944000, a30a9b22bcc4c28adb81ffea77799cbf3060bbfee9309278df71fc765e8bcb19
0,        576,        576,        1,  1944000, 9e981a0ffad2f28225f50afe300a3163ef69c4a15419c3c17eaaf4e3fd097149
0,        577,        577,        1,  1944000, e9b223b1d38c889d362501881d7c53b5895a7dc0685bb06ee440c485539aa7a6
0,        578,        578,        1,  1944000, 73d9f25f1c0c0b6657a781e14f92f634a92c1c14d10ca337a6d8e7f25c6a078a
0,        579,        579,        1,  1944000, 73d9f25f1c0c0b6657a781e14f92f634a92c1c14d10ca337a6d8e7f25c6a078a
0,        580,        580,        1,  1944000, 9262a05f91312324b023d4d6452adcf5975d9c5895d345fc68dc233c0f6e756b
0,        581,        581,        1,  1944000, 0a05c3526f61bf9d2567eacb4e8a784d1dc5a9288ba58970c13854cdf1009d1f
0,        582,        582,        1,  1944000, 7029fcc184c550025d51bb04b434664e6278ddf6d319ae1863b8aa6ecd1fc95d
0,        583,        583,        1,  1944000, 7029fcc184c550025d51bb04b434664e6278ddf6d319ae1863b8aa6ecd1fc95d
0,        584,        584,        1,  1944000, e2014c5e7675e90aeb6900bd96b095db30de23563f213db3db02a6912f966fb1
0,        585,        585,        1,  1944000, 622d7beb1d9a652fedb5d5a07d2f4adfa4bf0a5e7bc4ca85f36a11167fcbd1e4
0,        586,        586,        1,  1944000, 622d7beb1d9a652fedb5d5a07d2f4adfa4bf0a5e7bc4ca85f36a11167fcbd1e4
0,        587,        587,        1,  1944000, 2438e72b8884530785f4ad2388164482079cab47b6a65d757e5eb130580ab696
0,        588,        588,        1,  1944000, 2438e72b8884530785f4ad2388164482079cab47b6a65d757e5eb130580ab696
0,        589,        589,        1,  1944000, 350aebcd0720232fd0eb8593d4bfc00d428c6a5b595d77207d4bf77caf374e49
0,        590,        590,        1,  1944000, 0bce643a71efd3acfb9bd28e034d224bb13a102e49c2814b29b7ca3893130d86
0,        591,        591,        1,  1944000, 4636422f751c845400638b3d824626c7e311e5e7f5c74fbe79eaac8523c4d3bf
0,        592,        592,        1,  1944000, a6c0f8fdfb5adf67e09efe919980965ca9b118bcb205ae5b38c205ef28a55e64
0,        593,        593,        1,  1944000, 32c4caa08b705184be442abf7ba021b2a458781352f5c44a98122e9cb3ea7943
0,        594,        594,        1,  1944000, 35e543f20eb3f170e58b7257976ea0296eee86da666c22a5736ac5969181524a
0,        595,        595,        1,  1944000, 856c703c0f523d1bb829f9e08762795f86bb39e3d1002b5be87ac95083378daa
0,        596,        596,        1,  1944000, bcfa59da1feb67fa3348d5f4b06dc83f9209814e2823c587f350ce29740480d9
0,        597,        597,        1,  1944000, 907ccf80bfeb92b1eea17b2453433e7a8d10e9bf66d71622c677be6a25a5f520
0,        598,        598,        1,  1944000, 845b9163bf5f0513091e4d44f058d561aff29e39938450018d6ebd0a8442403e
0,        599,        599,        1,  1944000, 639a3e8a2c0eb288835c85a2e189ddbb61f9bf29b55f6f59fa33a58efa78eac4
0,        600,        600,        1,  1944000, e7ab0387e21b28e155191f34802184501ad0f550fc26168759ff9ceb9c477508
0,        601,        601,        1,  1944000, ee886011dbf66dda9348b1923a92de30649ec1ebc20e070d300ea16768c9265e
0,        602,        602,        1,  1944000, 2f7326be0d7c9e6212e3a2a06079a0345c2003c8cc235275b1a2ff17445284e1
0,        603,        603,        1,  1944000, c33fdf257d6c1944a345bdd86b8e3c0ef73fb8b78d56b20d1993c421d78a0808
0,        604,        604,        1,  1944000, a2853af8a1fad678703ac08e0675dcc3a1b3d5a8ab07cd33c136a59c39fa030e
0,        605,        605,        1,  1944000, dad0f80c2ae051c5f437ef599a90bcd63e0639390bf0ffdc3ca4c6b4b959da99
0,        606,        606,        1,  1944000, b642e68a231c1f897bc818aa0c2ba9192f33bcd2b3af2d8c979c01ff28a3ace4
0,        607,        607,        1,  1944000, dad0f80c2ae051c5f437ef599a90bcd63e0639390bf0ffdc3ca4c6b4b959da99
0,        608,        608,        1,  1944000, 267704a0793d8bcb15fb9995495ef8a02b62e0fc09a4b60bd7f69be53632c842
0,        609,        609,        1,  1944000, 2528e4a0441d76eb395a8da413a337b84b6b3237a5c9c88966c07503e7f29189
0,        610,        610,        1,  1944000, 3a988ab791c6b5a5954b79fd6511e897bdc26c3b00124fc9ca490dd6ad43e2de
0,        611,        611,        1,  1944000, c1343e49f0a984ad61ae8209c096b6a8c2438ea2902f3dc1cd8d9a2ab41206aa
0,        612,        612,        1,  1944000, da288764c78d9fc5bc95e1074cf55f8e9c052d7487edc407edd660e805dc7552
0,        613,        613,        1,  1944000, d403187d0210beacc556d33f1511beb6e87407432e13fdcfc01b4d89e9bdad06
0,        614,        614,        1,  1944000, a10bdefb935b521f76dd123b09a55433ed4ab9e1b8f6ea32975d330c6c2bf76f
0,        615,        615,        1,  1944000, 9a614266763a89a1456dd5de45d1a280860d9059871ac7d7c2d4b7fb70cf21d1
0,        616,        616,        1,  1944000, efea0246690ecf2da3bdf16af746d73fd3979e770cd00e602152769474326bff
0,        617,        617,        1,  1944000, 9a614266763a89a1456dd5de45d1a280860d9059871ac7d7c2d4b7fb70cf21d1
0,        618,        618,        1,  1944000, 335628fd95d2bd8ebfd77d23b919f18cf7a0cf59e284fdc7c2e93d40038e72f8
0,        619,        619,        1,  1944000, 4808dc317307e977b8934842c074082f2f0c0f64641688e514afe5bb6d7ce35e
0,        620,        620,        1,  1944000, acc159ae2205f693ae1fdbc0cccd7f3b3501641f972ee87c678a797a63393f37
0,        621,        621,        1,  1944000, 5d8f9dc23c1f8f5edfc8c0a0cecd9b9be15cc7fca1cdf8efccbd98c512e622f3
0,        622,        622,        1,  1944000, 018b1fb014d7159f0cb215d98e995cdc264e37b3265f5d9bbe67f03efb8e3513
0,        623,        623,        1,  1944000, 18775068d555b025a87ccca2882da9200c0ba3845e53a15194a8634f15d114b5
0,        624,        624,        1,  1944000, 45edf67c888a9806f5718b2f1fd618c4c8321438b9f8ee85bd707cea20d6b326
0,        625,        625,        1,  1944000, 440739dc9e2745e29272c38bd06c4b9c35cfbf4204c440d5aac41cd3a046f6f6
0,        626,        626,        1,  1944000, 4623a967dc6fccf8aeaa9a60029331ceb127e3661f118f2d38ecd4306f6ffedc
0,        627,        627,        1,  1944000, 85bd4f4403016da36f3ffcd476c231d310d4415364827ddaaab98f510e21621d
0,        628,        628,        1,  1944000, 56e6283b5b0fefb171b5e089258adfa7f033b981127188ecb8cf5e78724c4ba1
0,        629,        629,        1,  1944000, b35aa8ac05f432bc9a732c6319198c2be03a7e53317a7ca2e5484bd431142de5
0,        630,        630,        1,  1944000, 0d0a0a93c53a20f32e37114af7c8f59ee9dc71be491579d262c2f3e6a54ed87f
0,        631,        631,        1,  1944000, 9d4baefd60de9d8fe595c0c9e34c2317a0410f5cfb670996f017aef7e3e51645
0,        632,        632,        1,  1944000, fc6840770e429e0166378f91a4357b327dc62955bd69168a9fa014b23acce19f
0,        633,        633,        1,  1944000, ac3d8fc527f43b6e8e378af0c59c466c4c107dca9c41320a05b771e8397351b3
0,        634,        634,        1,  1944000, 0f7e2c39d7377b5b64cc205e46e8e4712ee96aa23005892720d72bd6d56a2e09
0,        635,        635,        1,  1944000, 978650002b4cdc5c5ba40640b37e94932c0c5e1310a226d0c37332913c23cb8c
0,        636,        636,        1,  1944000, 1b71deb429b39bbb4c2ca459d874a79b3a9873b3d8fa52000733fed6cd960913
0,        637,        637,        1,  1944000, 8a9f86f3eaa48d7f8f33ea7bf448bdebe231ca0bf2d1d44e622ce792471c41f5
0,        638,        638,        1,  1944000, b4b1537b4eeb1137162f6759f33752c3f8f090fecf619fc52e28c152e0d2babb
0,        639,        639,        1,  1944000, eceadd48be85e10d2054891efdadc067fb5bb438b85111dead53ac7f299ddbff
0,        640,        640,        1,  1944000, 4b43ffce79812ae3ec82dd23358d6fc65a768040b9712e8210874368c821b95a
0,        641,        641,        1,  1944000, cfd74c124ea6503b56a76c57385f8c28afbc763bc2e7b96b12548bb93a2f6fb4
0,        642,        642,        1,  1944000, c5f4f833f09442a4aa4f3fc3f1ae0dda47524117d95b16034d2511f1c3713322
0,        643,        643,        1,  1944000, 529be4d4d76efa4733c754b1d4b41e6fcce9bb851d7fc21ecbecc979acb2c32b
0,        644,        644,        1,  1944000, 40e882c88315a24b83d21a637a6be9d95246ecb6b9b36c28689903326b1cc08c
0,        645,        645,        1,  1944000, 3c4a6add69b66348bad2f5ab6a1c6b6ef968f089b37d695cd580c08f47155c61
0,        646,        646,        1,  1944000, 91b9b22c8ea7c763a3c9f9e0d4fac1148b6d6852b1c264f3ab15473b8c6544a3
0,        647,        647,        1,  1944000, 3c4a6add69b66348bad2f5ab6a1c6b6ef968f089b37d695cd580c08f47155c61
0,        648,        648,        1,  1944000, 65b6407c33ca572450351f49eea3c6071e3cbb9f4da06a9831b4d3554878bf22
0,        649,        649,        1,  1944000, f404f3d6f5149c42342fea1627e48a7cb739a67c81ff0eaf0670895013f71439
0,        650,        650,        1,  1944000, ae0129160c99cc4ebc4a6ed0e447864802bc72f68497b08111dd5c7514404fc6
0,        651,        651,        1,  1944000, a73d5f034aec25f16b71a30e31aa945d4bc3171ca7beb122458dea0f344114de
0,        652,        652,        1,  1944000, 29792ab0457401625ad19010da3c2ded5d70f71f2a6926aad7bec3aa03c0b1f5
0,        653,        653,        1,  1944000, c12074176fde79a1e0afbe0d091a6b9f067cfc959f4ace2252f1388631ed610e
0,        654,        654,        1,  1944000, aa5ca5e05f9f4e4f10d6489dc6f62ac3b8a3dd1bb5357518ce3a18fa983820af
0,        655,        655,        1,  1944000, c12074176fde79a1e0afbe0d091a6b9f067cfc959f4ace2252f1388631ed610e
0,        656,        656,        1,  1944000, 7fbfcaed5b11e93710eae349daefd7f29d8f0c9223471939c3bde29a84eb4e25
0,        657,        657,        1,  1944000, a9f4653a3849e9b9878946e676bd361ddd7e4daca1cae119884b365fc0237684
0,        658,        658,        1,  1944000, c17cf4c80113c72d982b994fa937a459461dd1fc485c1c733cf83cf188492cf4
0,        659,        659,        1,  1944000, 6fee615a3bf10b54c3a9bcc7705882e60abdf725542ed01b7e60e608d159e3ee
0,        660,        660,        1,  1944000, 58cdd984eceea74bfbd18245e03243ff896bfb72624c8e95e20f5073f83bc0ba
0,        661,        661,        1,  1944000, 8d7096a680b977a17f177aa667828171e5ff8f8c37cba48c7d76411ab02ee54e
0,        662,        662,        1,  1944000, feb568ff7b498b04183155e0a7e9ad6472a9ffaeab56b07c4b3faf9fbd09749c
0,        663,        663,        1,  1944000, 26ebf8aa0c208f63ec1fb536156aaebe17f892cbc7cb50bb43c4e22fe5440e5b
0,        664,        664,        1,  1944000, 4e060c9768588df30d916c6cbb712e39d57d277facfd00c0c741619aedaa5dc1
0,        665,        665,        1,  1944000, 395e52102f0f2340af177103cfb30667a7829bd93dc62cd59ac9edb89a7d56c5
0,        666,        666,        1,  1944000, df59ace51c6801b48ddb553df60202e2ab3ffd060be91b87ad334607a1d66799
0,        667,        667,        1,  1944000, ed2501c1cfa761205f2b6a3bcb9bb4e20618dddaff20dbd049f196b57d1ace2e
0,        668,        668,        1,  1944000, eb6f54348e50ab3308dfc8568b2ee40100758324c6c02fea88234095063c46a3
0,        669,        669,        1,  1944000, ced5aac832f813c38b70ab12a8ab2d13c568fb015a66bbf3e95932431f94ad9a
0,        670,        670,        1,  1944000, 12394ce99d252d736671d8f9ebccedf108bb4617a3555f4832b66ecfbeaf6ffd
0,        671,        671,        1,  1944000, 887297aab750d84bca0348eb1d956acaca43cfefe9f27ebf98027b3ddc6c819a
0,        672,        672,        1,  1944000, 87c1287e3c20badb44382925e6b3adb73c8be7f4c8fe51d0feec0ccbaa962d8e
0,        673,        673,        1,  1944000, 8b19f447cd11ace9c79057eaf10003731c39a0c1a5d8ac466fae4ad49de9a088
0,        674,        674,        1,  1944000, a2d086af6ddef504307aa9d7ce11ed2fc90df956b3e51a63311198e77a8844d7
0,        675,        675,        1,  1944000, 8c3be8e277fb9be09c7117db11e01611700c9e33daf356eaa7eb4f6690684c00
0,        676,        676,        1,  1944000, 343a29fcb98c202fd1b8cca6758e6151f19941905b6a215956772505f17cd58d
0,        677,        677,        1,  1944000, 7e0934ecf2cc7cd278f7a6c8c85a46bb6c184e617eeec7107e4b90661bb5fee6
0,        678,        678,        1,  1944000, cb2ab2370f17412d30799773e74f743af2876e7c863a2fd6d2a9cf4393a2866d
0,        679,        679,        1,  1944000, a05f28cabaeb91dccc92a06cf69846943e22db0234a0ea97e5d0789da5e93951
0,        680,        680,        1,  1944000, 9d4e8dd62aa9c06625e3296236d87dc55044e9c8b0690be845d829167d759140
0,        681,        681,        1,  1944000, d840a7450d70de146832b8db09c92d51119c707a4e11dc9d2ca1c5906e157ce7
0,        682,        682,        1,  1944000, 4b5ff89289c5cc6a91ca8f5462d32e7addabc560d52aceaf7df94365bca4fa6a
0,        683,        683,        1,  1944000, 895e10b09521446909f993abfdde24587060ec3029a8e2b51e2562cdc733cef9
0,        684,        684,        1,  1944000, 91f8312ced3bf3ae00fdd199faa829145347b8272e47ec495e133afe2a6756d1
0,        685,        685,        1,  1944000, c404ea206460e0bf25059c0a4a2d875a114cc2a17c74c132eeab1f767f342065
0,        686,        686,        1,  1944000, c2857e113dee8e563f8574ab9db805098b6ab32b2c1477274ae7ccd06cbcba87
0,        687,        687,        1,  1944000, f7b60425c020fe7f6345bdd6b0fe7b8906cf8fe4f59f0e68fe24effce3288876
0,        688,        688,        1,  1944000, 116774c1f1a0c751bead998a468cefd135b86506e708032e68658c96e7dc0642
0,        689,        689,        1,  1944000, c1413ad42078a642433fa1e2d11d6f55f8ef22d14b66e6f9d7803ac31c560c8b
0,        690,        690,        1,  1944000, 8d6f9c6c6cc7198d8b9bc3365e65ec3f12ae148440a421493badc7ca0573665c
0,        691,        691,        1,  1944000, 79f1384d933e2939abb8df48c3ce2913dac78328e28d1117f1f1031dae18c034
0,        692,        692,        1,  1944000, ad3e634ac9317c5cc05f972eb15bb69c0078cca59e242889ae5c023c730a64d9
0,        693,        693,        1,  1944000, 735004e73fe816cb085766dd78e684faacd93dd57046bbd288d60bb89b442c8d
0,        694,        694,        1,  1944000, 827cd2d39a691b6b4b0dbb7c764cdac2102686f9bb2ed2cfd294dcb1437584a2
0,        695,        695,        1,  1944000, 4f0751238eee9bd672c7fea26135d02bf8632caa94d3fd6883f3dc448d00a756
0,        696,        696,        1,  1944000, 5952936f520018b5a37efc1d4012c4c4ae788df583f4550d9fdcfb40457518e5
0,        697,        697,        1,  1944000, 490b9ffb9aa3eddc5198914b7da5850233acfb6311d1802f71105de8c3dff956
0,        698,        698,        1,  1944000, 8b8a44b77737b4c94eaf5bfb916e86c3adf7229dcf735446e6fbfb1465f5388f
0,        699,        699,        1,  1944000, 15f49c6e6cf585bea32dc62ac4a30cbdc9c1fae5ff0b749c84bcf8ee4a850ec3
0,        700,        700,        1,  1944000, eab6dedfe0baac945ef672bac451091c61be85d2deee50226a554f0ebf4ad067
0,        701,        701,        1,  1944000, 1c26ee0ae27ac1c5199d19fb7d24b31680d64a6b1d2eca332d6b2e255aa42400
0,        702,        702,        1,  1944000, ce3ff96f18d4f257fae97bf9964e4938972bed9cd8403d6cf23be2b480c5a087
0,        703,        703,        1,  1944000, a823f766967933908223a50402731afdc4169a67de06655290ca272624f866d6
0,        704,        704,        1,  1944000, 5aa9fc87d72fe5fcb2c83c07297266edb3bd77ec1d00ef10cf19d8dd993cf221
0,        705,        705,        1,  1944000, 12051d43308c31b2a70568c9da4aa86626b8d13844ee2d97f3cf1b0d3b4959a9
0,        706,        706,        1,  1944000, fa89fb288b298a24c2c152dfcceee039d7b9ec4cfc1ad6e640a6161e23d28ef4
0,        707,        707,        1,  1944000, 62656a2e3f03f4bad813a37c67d0ea0582919267fe0ac2a5d1d13df4ab421512
0,        708,        708,        1,  1944000, 5f4beaabadc9c116fd991c775e89bd3664603a669493b7ca859bed4de490434d
0,        709,        709,        1,  1944000, 2782e8e021141f997e595e10ef932b56ad27dd8e1345778b4687ab2bea6dc44b
0,        710,        710,        1,  1944000, ac3859a3f21a7adf576f38bba9994d34669527f432014c82da3bbac24247390f
0,        711,        711,        1,  1944000, f44792088d4cbcdda2d3b7fadd8cc3d21cf376be23838cc074e89dadc2e9938c
0,        712,        712,        1,  1944000, fbc04aee6da47556d9dcb251f1f13409a740c1be714fa03a71ec413662447bd5
0,        713,        713,        1,  1944000, cef8fb3af7e88f39636e1e2f1da08e13903533b2e66f0ae4a68d4d73244bc62e
0,        714,        714,        1,  1944000, 05f3dad57ae6409bf74e51a2563e0b793e9ed92d2ac3e1a79e292fad4f3b8b5a
0,        715,        715,        1,  1944000, d0958b971b7b645d4abee74d11ef0d5ef9c4614a4a60cc3cb4374b47ce5bc6f7
0,        716,        716,        1,  1944000, 9f5aa5900cd4a99f3a80eb884d630b6971311d877f5e2502e931661fe75674d8
0,        717,        717,        1,  1944000, 96dff7880e7042860a5db95c72af20fc47f9decf636ba887147ec9ea0b307703
0,        718,        718,        1,  1944000, aa230b5ae655e1b17d0901498c5bc22091a341a87fc8024d725cd7d08aeb3164
0,        719,        719,        1,  1944000, bb133de02fd1e9746ea0d1f37209fea02824cbc6af54158ed36717a466bca3d8
0,        720,        720,        1,  1944000, 280e0783b2d416182df8101476f5dc889487bb8ba45267d2ddebe47d6750f480
0,        721,        721,        1,  1944000, a56d1351371250c203f8a5577636315be39e547b7eda33d70c1db356aeeeadbd
0,        722,        722,        1,  1944000, 383c542673f4fa41eab4ca72ed4a9abc681ad11977e315182cbe5208d954aa9c
0,        723,        723,        1,  1944000, 86fe1234ee18018c752826a6ee022c89b3f95b2af4465d842ad333bca84d15b0
0,        724,        724,        1,  1944000, f4418d260c9d1cfb80b3c04282e8d7beb8265dd250355234b2f969b5210bc2a9
0,        725,        725,        1,  1944000, 0d832110c932926e3c85747f060c6beeecf1799d492eab37d2457935b3d52677
0,        726,        726,        1,  1944000, 3abc27d2a3bc30128a03b15878b07f5866329536baafd8e726aef3cd6ebc8064
0,        727,        727,        1,  1944000, 85f2bb2e6238f7f85e20494c28d9720ecb823526cc118ade945ad1ff95a71274
0,        728,        728,        1,  1944000, 34a442e67370c3913ba77cc4b04502e9b49b9488beac73026cee4411626cfe93
0,        729,        729,        1,  1944000, c74918e02399be56f1b0c765a30c65358e56d5157940b7fa3e0f9a0f0911a893
0,        730,        730,        1,  1944000, 91b4e0ea932aafe0cc49eafc7e7e62ddb75e58c451df174bd9fb8433e1683a12
0,        731,        731,        1,  1944000, cb2cf909f86201634cb6d52486c9573d1ace5dcab8571211798ae62a3d6bdb4e
0,        732,        732,        1,  1944000, 5d4d16f4f8e683710220f82ff57c69613f8ea3ea27007a92089ebfd43acd1253
0,        733,        733,        1,  1944000, 11c0beb3519bac36576fff3ca172689818d15d92bd68e2ce2bdca14132f9b37c
0,        734,        734,        1,  1944000, 6e721db9a2e5c23f55e7dbdd75f7d75edaf36f24763dba83e31603ab95dadaf1
0,        735,        735,        1,  1944000, 0506c558960bf209340ecb6930d164e2d6cdbb5398ac656e90ff3f06173df1dd
0,        736,        736,        1,  1944000, 7af5679de2eb43bd121527083b9328aec6f909e85c190de1c78b88442e625162
0,        737,        737,        1,  1944000, 627dada42ba58efb2027757c6dffe51186de8ba08a04767e1d7a41efd036ea62
0,        738,        738,        1,  1944000, e77fba25d6586f949cafef415d5b372e2073dc3db146ed37ba7b982aa6232db3
0,        739,        739,        1,  1944000, 48c353672dabfdfff1ffabc3c1dda781b95d75dac1dd44e1924d803f3ae11761
0,        740,        740,        1,  1944000, e83d775c68184aeb6bddaff50b594232eb9cbd02cf8c31ad9f54711a4cae90b9
0,        741,        741,        1,  1944000, 5fe69aa3896c4f2afdfbdc013db49d33e2d1a1b61a2ebb297699a1216af1622b
0,        742,        742,        1,  1944000, b1f47864079560683920e2761ee1d3644f48df0618841048abbf05de7f5f4bcc
0,        743,        743,        1,  1944000, 5c1a19c0c8386a80f2001296252177cf44a73f45d4f758fd6ad80a23a702dfab
0,        744,        744,        1,  1944000, 2ebcf35a72dab3200951d0fc6d51e77cdd61513542519bf894022b66f7beebd8
0,        745,        745,        1,  1944000, c6f01e462988b1eef621baeba6073c212442103c19e595285c91ddb01d5449c2
0,        746,        746,        1,  1944000, c1a5ad9c3f250569d6a1a8bb28a9efc90e7584cde86cbab4a627161990995d3e
0,        747,        747,        1,  1944000, 2b2091e0c32c311e7e745177bf6b2356640226a63ea070e77b69d4e1d2323079
0,        748,        748,        1,  1944000, a13cdfa89e56207c5171a561a20c61b0298532a3d0f9826ec1eeb62118b65067
0,        749,        749,        1,  1944000, b2295df4cc00d0f9321640f7a163155b208e9a823f944a256396047d908f402a
0,        750,        750,        1,  1944000, 1b52aa35d17741065039f942cfe1221fc8fe192e6f4b68dad223434eb5178e68
0,        751,        751,        1,  1944000, ca0f635a0ee864689c0fc0302b5085eed8a6a53ee09e12535e5f95eaa42ea999
0,        752,        752,        1,  1944000, b37d7ea2da947771ed9e55a61240b27e45027ba6f345bb19bb81a282113babbb
0,        753,        753,        1,  1944000, 1330e63697929755ca2f98f5914ffa7722be23fd36203957d08b0487ae52fdcb
0,        754,        754,        1,  1944000, b5b18c6e6cd50b90caf4fb1c2eeeb42d14ef8ed404d29588a46b699242b0c393
0,        755,        755,        1,  1944000, 045b5f424408726a1956445c7d021ba6cc371c53db9bb802d25bf542f61b93cc
0,        756,        756,        1,  1944000, 0e4a18c0b7b0b5026639dff84393f90b75923eebc84c7e2152545bcc7b950b8b
0,        757,        757,        1,  1944000, 7eb5e358f98f13081689be1ea94f4323b792584b61bae316f3eb199958ee8b81
0,        758,        758,        1,  1944000, 4159f316c4273b3ae10b5d6b3d1c85ef7c156adf104f7de810d454abd48fbb8d
0,        759,        759,        1,  1944000, 3b2bd786ee2520885ff8141a2097442754ebba7281dee8c29c55b06134ae5698
0,        760,        760,        1,  1944000, 6137b324b496dad4d52b36ff70fa7e4ba42cec5defba5d5e8b6ef218833fc655
0,        761,        761,        1,  1944000, e041f45339c792e7cab85c7eb5ade3209191885ae6d8c6816ae51b0291a13543
0,        762,        762,        1,  1944000, 03178fde4469f7fe9cffb86063457cdd8ad695e3fd4fc33e5ce2d1326864c461
0,        763,        763,        1,  1944000, 2c7a1ec8a02232027b09f688141755f4f271018ba44b072377807b01baf81ac9
0,        764,        764,        1,  1944000, 67779cfe603541b0a6563af3505b090c1e466c719dde09b9895f971714bdbb72
0,        765,        765,        1,  1944000, e91227b23973f62eb38090e3a017b3a3354776f7552e069aed100e6c02f48def
0,        766,        766,        1,  1944000, 817aeae69c15d89cc0eec7a608408b312fef85e4656ced2c7c2103a16dedb6b9
0,        767,        767,        1,  1944000, 418e93a69790420f11cfd597e773355cf5131b5ce0fd3a8589788343473213a2
0,        768,        768,        1,  1944000, fc27b3a42365d38f9127fddc2c2d57c882272a66e5ec4b25632397cbcfddf0af
0,        769,        769,        1,  1944000, fc27b3a42365d38f9127fddc2c2d57c882272a66e5ec4b25632397cbcfddf0af
0,        770,        770,        1,  1944000, 416bb853a031409604e1a276ce6d52974df19e98c0342c7407c4bf68229df7b5
0,        771,        771,        1,  1944000, a1360f166d2b62e19a4b969c5701621482a0a4cb41c98d3d2de494fc8230134b
0,        772,        772,        1,  1944000, 1790bca181a256a9d1a7b0e52f1a95825e3dd7166b45b568bb2fb60832348886
0,        773,        773,        1,  1944000, 1790bca181a256a9d1a7b0e52f1a95825e3dd7166b45b568bb2fb60832348886
0,        774,        774,        1,  1944000, cc92c5477c84a5d9f52aeee3d4c00f5dc271a644df634ada623382a98c5c056a
0,        775,        775,        1,  1944000, d7dd14e8f75d02784bfdb39cfdb143aeb28e8efaaa765233c4b244f777f6ccff
0,        776,        776,        1,  1944000, 08482050c036b62e5e53cc005873bb30bb3b4edf00ee6ed76ab7617d4b48a8da
0,        777,        777,        1,  1944000, 08482050c036b62e5e53cc005873bb30bb3b4edf00ee6ed76ab7617d4b48a8da
0,        778,        778,        1,  1944000, f22e1912fdf9c463caeb7ad20f2357a2d0971fa8a1a223201b86b389eb3280df
0,        779,        779,        1,  1944000, 93df79373fca077844c12491ad18c94c48cf06afb1a1d2ac42106147e9e98f5b
0,        780,        780,        1,  1944000, 93df79373fca077844c12491ad18c94c48cf06afb1a1d2ac42106147e9e98f5b
0,        781,        781,        1,  1944000, 93df79373fca077844c12491ad18c94c48cf06afb1a1d2ac42106147e9e98f5b
0,        782,        782,        1,  1944000, 84ba099c985ad027bb76ec02cb19b405fce051639f3c7e146a49f3d2da6ae02a
0,        783,        783,        1,  1944000, 58947344993acbdd965caff83c78f2b8331ff0983196d29c6db02e3ba2865040
0,        784,        784,        1,  1944000, 58947344993acbdd965caff83c78f2b8331ff0983196d29c6db02e3ba2865040
0,        785,        785,        1,  1944000, 06d7362774b6d9fdb35b0f255918bde0cd8618bf274a01237b36b9ff5e511123
0,        786,        786,        1,  1944000, faaff0715a045e0424784676fb6014f079e33358488c6801888fbe472cf232b4
0,        787,        787,        1,  1944000, 4c250b459088d092564a555624a97ed0aca9976ff63478b82fab8b9e6778653e
0,        788,        788,        1,  1944000, 8ecde89e870e47b9b27ef2200d6fd72015cda2252bafd76268a83186cbecb20e
0,        789,        789,        1,  1944000, 636a85ea8749b76304fad80a1fa554aa527f54fa79a9cd050a0b7ed745fc2971
0,        790,        790,        1,  1944000, 367af4811d004369021f58b8ccdf610d51c4958e574f4030c04a7c1c3723dc38
0,        791,        791,        1,  1944000, a3afffdd6ae7707657e5702090b32aa8a2ddc127ff098c37aa72a83da3bdc08a
0,        792,        792,        1,  1944000, d63e4fbbb06ad55a66379fbdb16321a2c3b49464b7a058e59f733032a7af2e77
0,        793,        793,        1,  1944000, 34009ccc4a5e958b94ca69521a51db01c8ad085de5ed14302e1395d62e02f53d
0,        794,        794,        1,  1944000, 9fd2df5bb2b40924998161a4327c1afefa399e735bc743d6b6448f42e96a321f
0,        795,        795,        1,  1944000, 6e7c8445ccc9473493808a6d98e91caaa0f9d36d54129ed0b298d961052c2a31
0,        796,        796,        1,  1944000, 6e7c8445ccc9473493808a6d98e91caaa0f9d36d54129ed0b298d961052c2a31
0,        797,        797,        1,  1944000, 271c90e3614a7f640c553d729a786a5bd7f1bc9b3fa1ed05b1b85265ae43702e
0,        798,        798,        1,  1944000, 80138493fa2ff53c7396f79a6ce83dafca4a85d0f083574ce4ebb1c2d53bd20e
0,        799,        799,        1,  1944000, cd4099f4f0bba098b389707983469dac62fbd76dd1d771de49687bd7a807aa1a
0,        800,        800,        1,  1944000, 922dce50cf931aa80a837dc15fcba29b50d422e6fdeaccf9697eccf54844d964
0,        801,        801,        1,  1944000, 922dce50cf931aa80a837dc15fcba29b50d422e6fdeaccf9697eccf54844d964
0,        802,        802,        1,  1944000, ed71f1e2b34349f02b18724cdbb0403528762979303a76ce2650fb7de78ce780
0,        803,        803,        1,  1944000, 75be21669ff980731ee1370d56acd2d6388f6ddbde34d7074e7a46ceb2084fff
0,        804,        804,        1,  1944000, 568ea8e3100f18a856685e18158b0ede8726b0d3fd3620749d74e3a656b52132
0,        805,        805,        1,  1944000, 3032b013ee19debfa4768809fe788b974d51d6c6c3291d03be3314753a3f0102
0,        806,        806,        1,  1944000, fc1e9fc7b048fdbf4e32b925373692af0a6906af2351113af6d093aa832c19c9
0,        807,        807,        1,  1944000, ae19a1ba3078b741dcdc2e4f4edcc47962e3906c6752351aca5957388e2836c9
0,        808,        808,        1,  1944000, af0e861d295de66f428597d67ac922c261a11f2fc8f836eb7610b18087d3fd8e
0,        809,        809,        1,  1944000, 066684db60241265b2b09c14ad3b61d99e219b27d15ac3d180e55de13c5f9a4c
0,        810,        810,        1,  1944000, 6e49241edec900ab8f6a1765c6a44449a5f87a15f78d42f0598b53992b7fc668
0,        811,        811,        1,  1944000, c54231eef991848e75f5f3428527165aca105bccb9b8783b66f6a63d8f0a5236
0,        812,        812,        1,  1944000, e59e302594026f443bf25e2ffac2a0337af0f03fbe9c9f3aeb464d5ac0b432b7
0,        813,        813,        1,  1944000, 4c88ab92d3e99bfc057a907a411081e46d2b62b6de8b41b13291f0303678d32e
0,        814,        814,        1,  1944000, 1014b893ea2b1fefa1cfcda65bcaada3c429251590912fc011c7468377476034
0,        815,        815,        1,  1944000, abc1280ae956623a60c157c4ca2af504977e1218b22e2fe4faa39fd62100bb5c
0,        816,        816,        1,  1944000, a6a1e6c294eb180045b0bcdb15e9f641916161f621a46640e3d86b7451fb6054
0,        817,        817,        1,  1944000, 7b8edf5ea6d4432b6b5154632dd373c813a1622f6131070d7c962cd20b6dcc2e
0,        818,        818,        1,  1944000, a7cd98c14603474d92f9ceb38837adc6f4a1d2bf6b02eaff2e77e46e7b75941f
0,        819,        819,        1,  1944000, a24f36cb640e24ef9dcc69bf9452834f6df9e9479bb090c1ed8b408f1bedafd3
0,        820,        820,        1,  1944000, 99cca547fba6c6c7564aca84ceb0c41565eff737d059a61e43bd00c9eec269fb
0,        821,        821,        1,  1944000, 16746a568fe3b703070feacae3a0dd0e804d01f7716dc590da610f4dadd26c4c
0,        822,        822,        1,  1944000, 4a470374755f3ba83ef0e976bbaf700f933717e1193fe0b4b2b71fe7df4d49d7
0,        823,        823,        1,  1944000, df77f319c6acdec99d4b7447e54825a08bb8cda4044af4b04b773faf3dac6739
0,        824,        824,        1,  1944000, ddbb37a6b5b3fc51d6ffad1e3a8b8601013587a6701635d9552a9d3bb157cf35
0,        825,        825,        1,  1944000, cc37fc4eb17bca6256461c1002a33783ec3028b42f9587eeb21a25eaecee7f2a
0,        826,        826,        1,  1944000, 8c6c474f8133ced834efd18a4681469fa7111cc66c180b6489e87748692e39d1
0,        827,        827,        1,  1944000, b00cf85fdc2b08c64e530cace1bef80cb87a89cba67a0855d472b53017a2e8c0
0,        828,        828,        1,  1944000, 659ace2cf7b16b28dad4f30af95c3da07b14b17edb5ce25935c88cfdf1f4e397
0,        829,        829,        1,  1944000, bca084773e6b2949d86d311687e81471aaa4ef01a365b6d1f115d20865bfcb51
0,        830,        830,        1,  1944000, da12386bc78170fe11120fe34a9cd75a4b7f95db35f5bc01e20c1ed4b9006e25
0,        831,        831,        1,  1944000, 7d2bd98630dd70a0b04e193de048af4904a45aa1120297b2ee0dbc8fe6d3e991
0,        832,        832,        1,  1944000, 78992547e66fbe9e68b0049c0df067821c02092ae0b43bafacd809f5e3e062e8
0,        833,        833,        1,  1944000, f38fb08a48f390c9a27bf7ee96f6dfbfae6aba894dd3641717fec046fc9b7f7f
0,        834,        834,        1,  1944000, 729e912290ee4e2758874805d6bcea4f5d25d39f3b697f16b88f5c4001947d83
0,        835,        835,        1,  1944000, 52e94138f0661435b5682682500628ec20a9c20a06d6030f1774a480783bf83a
0,        836,        836,        1,  1944000, 207eb8a9769c0a37cf959b0c1c8b82ed0c2cfa35cd12d475465a2469a09ee779
0,        837,        837,        1,  1944000, 35a367c2211da03ca1dc9decab3740c233072e6199a43f5eb2dc02bc366088d5
0,        838,        838,        1,  1944000, 604b6aeaed9d549217466c4afff672c3b25c2b83a5874abafb0dded860543fb0
0,        839,        839,        1,  1944000, d940248680282002bc89c52ccad9544865e2d2e2de5e4b2146fb492795bd5411
0,        840,        840,        1,  1944000, f5e1252f1a8b3296ee41ee8eedbdedc31ff057da9a1c683493e37299d1c385f6
0,        841,        841,        1,  1944000, a87d72d2c9e1351388364a2b02f2f2a49aec6927f56069c72da57f53a64119f9
0,        842,        842,        1,  1944000, 9cc7794cba91aab7641b69b72f0c23e22ceee517b2c18cfad81efd6e456def6f
0,        843,        843,        1,  1944000, 2b4a72157e653b3f97b72eabe76bed520e01e44043f496531d179d02e1c72a4b
0,        844,        844,        1,  1944000, eb972ad4501c3187dad5e8d3a4367964e3dc5b3f77f7ac6e26918b8661d94518
0,        845,        845,        1,  1944000, 2e66ed0947550ac011a7b25b167b34d60a3edd655f485873c142e459fd6128c6
0,        846,        846,        1,  1944000, 089f2ede72cd8e7374999aed7d94d66620e6e10e2b91a4b6aa40870a3551ae91
0,        847,        847,        1,  1944000, 6b3447aceff34b884b0a8db8a5e6fe74e76a08ea9143b0bda5d2b6da236a0e6d
0,        848,        848,        1,  1944000, 2bea338f0e15d04a45844192ee3c9a3acf7ef03b20b6ee533469f25b931bab5f
0,        849,        849,        1,  1944000, 8b13353de5d0a8be51f07cd15544bab3749a82d3f485cc455effac45c8f3405f
0,        850,        850,        1,  1944000, 56385a138bead5f3990e71648d55e3657b04ee67a61403f0e507ea4c3e6acb79
0,        851,        851,        1,  1944000, 2220e5683f744aa9f50ca837e3b37229e9e4ce1be47079c4d1752d25b57dc3a4
0,        852,        852,        1,  1944000, 2220e5683f744aa9f50ca837e3b37229e9e4ce1be47079c4d1752d25b57dc3a4
0,        853,        853,        1,  1944000, 41aa10a042640336d1dc698ebfb992598e77e0687b67928f27b85144d30fe293
0,        854,        854,        1,  1944000, aa29d8bc0937613aff757ea87a4971c5767ad186283930fe94379e989de97a94
0,        855,        855,        1,  1944000, 4dc7b7b641d6238c4472d7284eaecbea603da084df520b9b9a4e1fbf488cac66
0,        856,        856,        1,  1944000, 4dc7b7b641d6238c4472d7284eaecbea603da084df520b9b9a4e1fbf488cac66
0,        857,        857,        1,  1944000, 4dc7b7b641d6238c4472d7284eaecbea603da084df520b9b9a4e1fbf488cac66
0,        858,        858,        1,  1944000, 8b481de9affcccf167b2ca054ee9cc9ac08274787654dbf71a6df5c70e61b7a9
0,        859,        859,        1,  1944000, 5245eb53066e8cdfd9376d159d3d0c63d2bcfe7183515eb1b40c5b60c2642b06
0,        860,        860,        1,  1944000, b4ca95c16ce97dcdd502343e052a7f997988e0432819700360546efb93c9d849
0,        861,        861,        1,  1944000, b4ca95c16ce97dcdd502343e052a7f997988e0432819700360546efb93c9d849
0,        862,        862,        1,  1944000, 3fb441cd18ab4095c0fabea4beb642d69717dddeaf17fd8752d3d475d7d5f57e
0,        863,        863,        1,  1944000, 13b19b28f9b52293156d01c11b0d59cacb1804cd7bb8e52d070571753091ee8c
0,        864,        864,        1,  1944000, 6bdea6835fa782d015579921f9fedba04708f8b8fec891526cc9c41c25c0bc60
0,        865,        865,        1,  1944000, 0372b7f090fb21d3303ed62ba313e5222205e69aaeafa27d723b8398601bae98
0,        866,        866,        1,  1944000, 5a8cf2986de1c896b003da77dcd32a9157e302549e0081e563c664de75d7cff4
0,        867,        867,        1,  1944000, c20218ad26145302c6daf2d7dc221edffd0a37847cace1d15f6eb7bae308d39a
0,        868,        868,        1,  1944000, ce75a18eacc45526d8296dfe5853fe8e75529cdaf5653ebc97cb7bf5787b7573
0,        869,        869,        1,  1944000, c81a0021dfd22879455f0ee5dd13bf5b7ecdd89cd79fb27f87046ef52e9674ab
0,        870,        870,        1,  1944000, 8445040165952b4489d3314ac8ab1512c98a84967d11e86404ec2485dc3adc32
0,        871,        871,        1,  1944000, 5f473cc286a51495c96d760bf986b0779aa6a65353db7e611094f48ccf1800c0
0,        872,        872,        1,  1944000, dfb6afd48a74b577569614d04e2283fb59f4fe8245756ea167ba37ff2d3c092d
0,        873,        873,        1,  1944000, 35f03962aedb6a88cde73a06a75aeafe5dd4d4c44ab32356ed9d00013172a4a6
0,        874,        874,        1,  1944000, 6dc1f69d1008d921d31976ec9ad3b6ffe87e37cae0263c0302687010203ad5d3
0,        875,        875,        1,  1944000, bbe63c2e3acaa93d93756ff4be1531c3e2898bf54f9092057302a0ce321e35ed
0,        876,        876,        1,  1944000, 31acdbf14441401f22bf16b8a0e9d327863766a0d9e424fc6ca97e56f9f999a0
0,        877,        877,        1,  1944000, 0a1fc189582d9be278c8641d816f848831271366c0348c1d1d4c0c6f0d2b09a9
0,        878,        878,        1,  1944000, a5a46a7f2d3eb2eec21eabbbcf753e22e95f1e83684ca98cb4ee1dce92402359
0,        879,        879,        1,  1944000, e788ae4c7dea285a7dc835d0062fd1f1e1276884354541ab1eb0a965ee737f97
0,        880,        880,        1,  1944000, 511cf4b03a3fab35502c74902f27fc9777cea4cc082e0b44f5911d09a44630d3
0,        881,        881,        1,  1944000, 9bf001a1fc5157d606728f02f4183a211666dbe5863e41b4fdddb66910a10437
0,        882,        882,        1,  1944000, 3d0bfbd1b632d8b721342be05d85398ee1ac80f3f4a205778b17970fc0fd31d9
0,        883,        883,        1,  1944000, 688cdbebcf0e2e358efa872938346e3266cc2d649eceb14eab2fff402c3fd3eb
0,        884,        884,        1,  1944000, 2b7f35e99ae64fa27fd90be79cdcaa480f95d966620b6c35378c5bdc51dc9b43
0,        885,        885,        1,  1944000, 86eeeb3827f541de8a0714004da2051cd7a35f2c46c298f2ce3b23aa1056bdc3
0,        886,        886,        1,  1944000, 757696e9b5cf910861156466b0ba3bd95b0509c118e98427f1deec6ef94411a3
0,        887,        887,        1,  1944000, 019a3ec7ed1efdd23e9454a62b48a2b401adeac11028a0c252650ee0e495e4d1
0,        888,        888,        1,  1944000, 89f12e9d2426429f228fe3b9b331f3fd2d5aa59191dcc477a5fcbaff9a4d5c90
0,        889,        889,        1,  1944000, 89f12e9d2426429f228fe3b9b331f3fd2d5aa59191dcc477a5fcbaff9a4d5c90
0,        890,        890,        1,  1944000, 44fa4ff7e3da5d603786e748c5154c018b26bff29d4b712f61159d29207b1a90
0,        891,        891,        1,  1944000, 55d2cb14b13ee5881fc2816b31be8f533d4769c57f8542e4e654cca798343db7
0,        892,        892,        1,  1944000, c1c20c031d67c2ffa7e6e741690969e5e544f387ec05287305184001fb930085
0,        893,        893,        1,  1944000, f3b342e889245c8b0860d7ab40f8dc83d6d14716c231e30c72902c08e56c7dec
0,        894,        894,        1,  1944000, 09feee9c48fda66df31a4efdf8e07014fd408a6c287de04d7fd4aae126320279
0,        895,        895,        1,  1944000, d4bdaa6d6bbb643338694957b21f1c5fbc1da9716d048bc19123b0e89401724a
0,        896,        896,        1,  1944000, 0927bf605c06a15491b4254350c2056c3d244c8c9affdddaf4678c9fd3c9d2ff
0,        897,        897,        1,  1944000, 0927bf605c06a15491b4254350c2056c3d244c8c9affdddaf4678c9fd3c9d2ff
0,        898,        898,        1,  1944000, 96891ab0c2f919e36eb5b32a34441f769f0f2c06343a342ed6bedb625b6119a0
0,        899,        899,        1,  1944000, 070cf5769166df2bf98bec50c729037c51569bade2fc2b43342f32fa35eaf98d
0,        900,        900,        1,  1944000, ce00012310a7bd9631ee6d1b7a248872cbd57c2dce772635167908d5654c35c1
0,        901,        901,        1,  1944000, 2a6861ab9ac6e060f43484de7310f30d04aa9160aeae190d4816999cd93f9130
0,        902,        902,        1,  1944000, 33d27a4733aa6516d636034226937c4a21f65b30254323faae596764dbaa085e
0,        903,        903,        1,  1944000, e84b3c24b7e7506871975de8aebbab1d90e465b2ea2fbd28aeaa5bf16352eebf
0,        904,        904,        1,  1944000, 96428effa4f7db9a9f829b9cd53353bac007dee96782d5165395396ebbcfc259
0,        905,        905,        1,  1944000, a60110e4767f03a28196a0a9c65466c7504eb0ba0b9b5d25a07c01f306841294
0,        906,        906,        1,  1944000, 88916791783ae9dfbe613fd04a394a57dbc269eda132eae7c889bb05fafb10e5
0,        907,        907,        1,  1944000, b74a9d20d37c57b773638dca9a9029d1d9ae07a8a09782d65b39dfa82976a652
0,        908,        908,        1,  1944000, b2e0adb86930b62a6ff686affc977bef71fd08998c315ea7303dff06e14e59cb
0,        909,        909,        1,  1944000, ca9d667e01feeff3ece791eab7a186638413b2189fdf70f4f750f76c22d86acf
0,        910,        910,        1,  1944000, a6687eb824ee8f6a2f3e0f43f68cd594bfd4b615694fa617ce163eb7dfac186d
0,        911,        911,        1,  1944000, 1b4067d89c6016394445f605f48eb5909ebfe2fe19ad0a12d8c424b466ebbc05
0,        912,        912,        1,  1944000, 8faf6090f187c6cddedfbeee0e569ce5c7d0b137706e016f3bc8c6c25ab3cf0c
0,        913,        913,        1,  1944000, cb4da64acc98a61b9c8dea4b48cfe2e3be6d72945f155103d2742589de2895f5
0,        914,        914,        1,  1944000, 36b9479c15a7a6c59a30b9a9c27e8b7a4c4cd0a4a167a09c9ce3324602b52177
0,        915,        915,        1,  1944000, 8a0cc48b4950fcc7c1eab9ce4c3804b2de648ab2d713a85220d68d4b0859706e
0,        916,        916,        1,  1944000, cffa0f353eb1aa5a0cafd390af967e623ef6de8a6a08572f1f08a08230b42a0d
0,        917,        917,        1,  1944000, f0192140adbae37a60df7ffbea02ecf46dacea4bc54d08a73e38092f94610023
0,        918,        918,        1,  1944000, a4ccc2a5474a5109a4e32e9a13aa47b568f730a2674783ee057a8de3ad77c876
0,        919,        919,        1,  1944000, f291dc0e2fd45153e5578e8fe5a4eb253d4aa455a0b3c8cc597cbc419174b421
0,        920,        920,        1,  1944000, 72d8b46a3c5d3eaaae0e12b98b07eee0f79209d289621db52dd3b20a30f502da
0,        921,        921,        1,  1944000, 4e7117eb4f22e35b5eb57affebb90944e4623a452b532aa2bf802d198bd3d9d3
0,        922,        922,        1,  1944000, a8451cd75514da8a9fceb5dfdee8acda4443fc21297555690a78cd2df0b09bd5
0,        923,        923,        1,  1944000, 8af7a64d11a1df3b9f0735bdc9ee865350fc7bc5a24fa831abb26bd4d6942678
0,        924,        924,        1,  1944000, 3a349cf44b7063059e0e318c55e18f85ae819952d7e31f74de6bbb05e2ed5ba1
0,        925,        925,        1,  1944000, 5f1e6cba84b38821468f35bbdae18f5dfe7eb4cbe9cf882be49d5da8798c257b
0,        926,        926,        1,  1944000, 352f4c6afb0d102169898dd079eafc0d718375f9b35746b7b794ccb51c2618e9
0,        927,        927,        1,  1944000, 8c5dc9c90789b59c8654d4b46fbd938d297d90e72454d363fcf959b5e83092bb
0,        928,        928,        1,  1944000, f65e88354bfe34f66868d7242bd3c2056b37e5287674f9e31d8874cb96963924
0,        929,        929,        1,  1944000, 7dd3130cad40fef214d23c3c001067b1f28bf15a38400e19b5e9862c4c1dce94
0,        930,        930,        1,  1944000, b1c9febba2a2375e9578ff1b30f23b47fc410702a9b222142e8f5dd65863d141
0,        931,        931,        1,  1944000, d0f0be73de387d72677352a22b0392624fdd980480941d06ba528751d5677d1d
0,        932,        932,        1,  1944000, 4908aef5e0cf0c49b7e4e1e94d8c96e9bc0019ef750be8d85fb997312c229f97
0,        933,        933,        1,  1944000, af81893472a6843ee2f3f67d5af71655b1c78b9c2241009fddac7589ee553fea
0,        934,        934,        1,  1944000, d6c5e1d2b9812f3d00418c0136d222a7c65c9326493ef70f45527231484358a4
0,        935,        935,        1,  1944000, f0c4135e96c4a0a87764f9d9587065d7adeee567e496cd3d8190e7629e381350
0,        936,        936,        1,  1944000, ac3c6856d029f124dbf67429d4e04de105374b765b4c02c41d4e9ff91cd6b1b6
0,        937,        937,        1,  1944000, 262d38372315ffdbabe381a4d9cfdd961e0a1ee760354e524233d54dae544989
0,        938,        938,        1,  1944000, 4dddff63e2f4ad4ad080808e4a2dab645182ddff37a917e7d8b32fc3d1d2c3fb
0,        939,        939,        1,  1944000, 4350e4011beac35ebb4ec5e53da68c227bc1a408e02e7b00a77bfd9f4be274d1
0,        940,        940,        1,  1944000, f2f0c72bd7064fb25292736dbce0d271b7bac70e2d91caad34bdd35dc2c43303
0,        941,        941,        1,  1944000, c1a4bdbc5ebb70f3bb1215403ede72b3d7596a8359edf27d1b9b6e8e3294d400
0,        942,        942,        1,  1944000, d1936a8b0225dea47a8d6718a623f89b79fb7e811432d4a9738c4696ee59c36e
0,        943,        943,        1,  1944000, 6d90c1bc28f1235129c9a205f76365c8dd3b04c2fbde230cd2e38881e06033ec
0,        944,        944,        1,  1944000, b557e62e4b70b1a8562c469d6991e69b25750a103d20dd5efa0da6b57534c420
0,        945,        945,        1,  1944000, 161d387caee4a757beec2c513ebb02d82328a31c83b69ded0d122cdf4fc8f3bb
0,        946,        946,        1,  1944000, 146b9a6f14463ff2126d1dc65a4f7d608f41451bc8e9debb68b763dee07850d6
0,        947,        947,        1,  1944000, 0e028b675da38affbe1e09ace0c3040c41499bf69f9bfb086a6011a382bb0855
0,        948,        948,        1,  1944000, ed6f7a8985f3f7ca66b9c0e88364c3da58b899a4c97d7c819662100fdfcaaf76
0,        949,        949,        1,  1944000, 1b516e1637348ae17b638bf59b3d7355ab6b561608164d1db5680e0816196e43
0,        950,        950,        1,  1944000, 84966d4a7aaf66dc933aa32076904bd63aec3964cb070376308f6c443058a73d
0,        951,        951,        1,  1944000, 329762e5716f525ccd62ab138b1f1a1fe0c3d6a51df313f0a4c92860a61e2cb9
0,        952,        952,        1,  1944000, 376f2a0da2ea963f8c483078b1e4707522439f27cbf4426537067eb00252378b
0,        953,        953,        1,  1944000, f5004267bcf48504798661f60f6a8a921df32020d4dc9b5300f2ebf6d44ee7cf
0,        954,        954,        1,  1944000, a2f975f177b18eef64c1b4fa151b4906b76025798221c64da2a218651646b6ad
0,        955,        955,        1,  1944000, e55d7186b1dad37de7c37fce6aa3b6edb0da4ea6e83a35910dbcfd6fe55525b9
0,        956,        956,        1,  1944000, 9e0fed8a63e091b90cd74c466850a531e606c7119fd906af7152cd43e09bf589
0,        957,        957,        1,  1944000, 5666457167d4008953cf3d7b68db561855800fd311bc53a071783cb23ac2c3ce
0,        958,        958,        1,  1944000, 7f3f2f1c99de45dcb8c9bdef38eb44da28139f3f42e2807390ba7d5a5d002865
0,        959,        959,        1,  1944000, 23ba167d96a0a04afe8380ab1b7911a7595e9de1000a3876a9a33e8ed7c30762
0,        960,        960,        1,  1944000, d4001e70ea43510c703d1394c8624d80e598b1ae86df5754a9db499d194c706d
0,        961,        961,        1,  1944000, 2225c3cbdfe44301d9da62a55a2e633c88ce155e8a681e9168f5cc27a708fc76
0,        962,        962,        1,  1944000, 23ebd8862f2f775303192b611ce1edc1961ad8cc2243047a06fb4d166ac56cf0
0,        963,        963,        1,  1944000, 19cd6d76f8d747291e25ca8b2dddabde2ee7d91d13e5f4dd06831dd59ca5030e
0,        964,        964,        1,  1944000, 9a798e42f8fa691deb55debae6df63980751824c5366d2a91cba58025d7cd00f
0,        965,        965,        1,  1944000, 32740c7bd29a1c70adb8606573a620e71b79643cc6f8ae64f121f6d1867909a4
0,        966,        966,        1,  1944000, 505d87017393fea764df342d60b8d0e8406a80f6fec3fae1071680844e607ec5
0,        967,        967,        1,  1944000, 0c94693e27fbbd15de6e6510c4a4801971dda597eaa721ec0c395cceaaeeb808
0,        968,        968,        1,  1944000, 92b2cd82f5f04c141350cdda4c2ef0cb3d15fb6d8dd0eedb177821e066196ab2
0,        969,        969,        1,  1944000, 978f04a7e1c54a49b3c1168144c45d422ac22630f5cb5810476303bd9a12b2a9
0,        970,        970,        1,  1944000, 60ece099fb1f2ec2febaa7590584d3f9ad3c69a2c0f7076446c5d97792b6d5e7
0,        971,        971,        1,  1944000, 5939bac0d224b45da524b07c9fd3cb83c02363d5c06a9a49b872163b3e1fd83c
0,        972,        972,        1,  1944000, 24b96fe4b56e8f454df732f8dd4360e7b13f0f80ecc5df31f181a8c801c79096
0,        973,        973,        1,  1944000, 54a1df4f35fe2f701a210a422b2eae282d05ff7480685ada43218a9d2735712f
0,        974,        974,        1,  1944000, 17b3f5a8fa18fd85891c10891f179f90302860615c88fb8d78324f0e6dfa0076
0,        975,        975,        1,  1944000, ca03e78135831573a45aba1c1b1a5220315fbf20dec0c4b14f2e7e3ff755b7fe
0,        976,        976,        1,  1944000, e1eccb3fe7e9022e74c09c503ecca03e071cae61f4eea0c717e52af94680d126
0,        977,        977,        1,  1944000, 6774a02662a20a55dddc4492447f4d17cd2eafb2d76ff3cc6ddba0067ea55d1b
0,        978,        978,        1,  1944000, 1916d1a09aa1aa0d5c26e88793c6d5c69d16ca96b97825e46cfb1b0dcaff10f0
0,        979,        979,        1,  1944000, a20d442342ced49b067cfe372fdb90df2ad59286b45aeeef0016da24b8196be6
0,        980,        980,        1,  1944000, 68cda365096acbc6424014d91c634ad05fd9846b9aeba5b50e10cf020cb08cc9
0,        981,        981,        1,  1944000, 82bb64ec2a3351785c98a5f16f1eb4f7aca313ac27f0b59be898325050f5111b
0,        982,        982,        1,  1944000, be605dd38ac9ef500aa638c98b8eb8faf28d72b3704f6e24e9f34e84b867b756
0,        983,        983,        1,  1944000, bed379c575c5f4075105e9631d234914208278823a350f08125fc80c714531b2
0,        984,        984,        1,  1944000, 73492621255d67cb533f1023617e7fb7ec02e234d712298048af884d97da8459
0,        985,        985,        1,  1944000, 08baf10aaa515d6128b04b5cfb79cbe9c3bc798cdf89f7e071083d9a550596df
0,        986,        986,        1,  1944000, 3f124a3e535f9218b8625eb2b5805c6c8f91260576fb884656489214d535b5fa
0,        987,        987,        1,  1944000, 23d584ea5836af2e623a86f629fdce56ce55c5c71405252c30de8a29f78ca866
0,        988,        988,        1,  1944000, bd7d3039d23fe83d8b5eae4d3d472ac3ac0c534e95d1d72441b1eae31e7b324c
0,        989,        989,        1,  1944000, 75ca2528deb2367ae5b3568c69a4cb00de99967aeb52807d784ebbcd0482ec01
0,        990,        990,        1,  1944000, e1694cb567987dad511e729a4c9f0863b8bdd731ad486940540673547fe4acf3
0,        991,        991,        1,  1944000, 358d344155ae7ae43b8ace331a21c4fd22539e77d07ab1a2d15c5470213740f6
0,        992,        992,        1,  1944000, 0c9e66eaf9a50158e273a7e199001f06b4dec6410b25788d9df0557ab7abcd60
0,        993,        993,        1,  1944000, a71f9eeab78e2ec93cba7df2246bcbc96fd11d886c5715b6b012a1375f01a61e
0,        994,        994,        1,  1944000, c04477b1257862e920369252f45ab1f656929ec8628ccb63dca8c05b4cc5abd1
0,        995,        995,        1,  1944000, 8552baaa5dfbbbd6a9a2a64f6eecb4b1c2478f265e626a5537b50dcacc797b30
0,        996,        996,        1,  1944000, 184f996d02368756ac560ef54e94745a92aa5af69df74d183a75426a3417f11d
0,        997,        997,        1,  1944000, 971443a1d30ba79dfe9004cf73be8abe30bdb02624657dc819c90f764571c70f
0,        998,        998,        1,  1944000, ceeda65f0479690da35a9efcaa11e6ba8325513a06cea4df757fba2ce89da2e1
0,        999,        999,        1,  1944000, b4495c150b6e49cfc7e6b3ffd5085000eeefc031f19f785ec5436aba56efd283
0,       1000,       1000,        1,  1944000, a5c42c81b358bdaa17e707c38e1ceab8ce5e9a05296a499f02c2b29f0d8a2883
0,       1001,       1001,        1,  1944000, 6094670125c73730015be45905a53435948d57583b4eb0e88c8af2dc98f6fe2d
0,       1002,       1002,        1,  1944000, 9d59b9f7d2f72bddc16f1953453b433275a81f4d5e01ae62c86f28dce9809af9
0,       1003,       1003,        1,  1944000, 690fa67df7229038fdf1b78bd053993af68627031e267f4c4ce211e8c051a318
0,       1004,       1004,        1,  1944000, 2e65c03ec7c21d71bddf2d1079ec2d06f37758c28b0b0401e7d932bbd434abd0
0,       1005,       1005,        1,  1944000, 2e215c02c1fbf5ff4060eddd61a9cd2af1691b993b570e25b23fa5f66ea55f71
0,       1006,       1006,        1,  1944000, 2e215c02c1fbf5ff4060eddd61a9cd2af1691b993b570e25b23fa5f66ea55f71
0,       1007,       1007,        1,  1944000, 2e215c02c1fbf5ff4060eddd61a9cd2af1691b993b570e25b23fa5f66ea55f71
0,       1008,       1008,        1,  1944000, f9d53a1883e06a1cbc99914d45f923dd4d2390d0f26769b7f45b1e46ada21fcf
0,       1009,       1009,        1,  1944000, b56a37eeea74738c7e747489269120f72935bc4e5a391251a2e28061db6986cf
0,       1010,       1010,        1,  1944000, 2e283290e2f042b1be74b43075eeffcdbb9433ef4b0acb4f208661ec33239e15
0,       1011,       1011,        1,  1944000, 0fddfd1a3cbe244d707e5cb1283c1b949c789637a5aad806674b5845610d6678
0,       1012,       1012,        1,  1944000, f964e2dab88d0b61014ed7e56dd143ea7a37a1a398f64a41957f019a311d5e89
0,       1013,       1013,        1,  1944000, 13296c4408b9555d7318a77d55e4440a96e4538b08efc9dd861e67739f8533e0
0,       1014,       1014,        1,  1944000, 13296c4408b9555d7318a77d55e4440a96e4538b08efc9dd861e67739f8533e0
0,       1015,       1015,        1,  1944000, 13296c4408b9555d7318a77d55e4440a96e4538b08efc9dd861e67739f8533e0
0,       1016,       1016,        1,  1944000, 85cb36940764d7b98c05d6c949a4ac9ee4e7c25682142869691220169c5b275d
0,       1017,       1017,        1,  1944000, 64e7f978a8f62f2f6e3ac9f824420cb565d607571a6d44d48fc7282129613405
0,       1018,       1018,        1,  1944000, e778af53c1891a5507b6449aedca04089253539e214abf110792b06c91f08388
0,       1019,       1019,        1,  1944000, 08a880ed6544c10f1913dc1e9d0a685e0b1f078e80e665e946486b84f3c0af6d
0,       1020,       1020,        1,  1944000, 0aceabd83c4f10a6a464e32055c80123756334ce94825cb6a223bd2c398eb4b5
0,       1021,       1021,        1,  1944000, 1e0ec829142227957d96f0478840967ad92e61b60746a94da96173ed006150a7
0,       1022,       1022,        1,  1944000, 1e0ec829142227957d96f0478840967ad92e61b60746a94da96173ed006150a7
0,       1023,       1023,        1,  1944000, 8e13c51732629bbc867f65a11b3031a355275f4909c63722f67eb2f35b8b0134
0,       1024,       1024,        1,  1944000, 9705165f0fbb0ee3dbb340651503e704d783d87975ab88d3b1537f7a4e454b96
0,       1025,       1025,        1,  1944000, 8ae30d747c74584f6329c36cd267cb494e8ee97d7848d2adf85a8792be356d0f
0,       1026,       1026,        1,  1944000, f2328ba8fb5617728d270d368addca7e28c6b339b235e924d925d194a5bb6771
0,       1027,       1027,        1,  1944000, f2328ba8fb5617728d270d368addca7e28c6b339b235e924d925d194a5bb6771
0,       1028,       1028,        1,  1944000, 39e3ea2f24ce55f9805d5a9a078031fa911dfff1fac0924026fbdbc1d8f71dad
0,       1029,       1029,        1,  1944000, 97f31b36c4190f312193d492b25c21a9df57d257544a573b8cc0582733d1b99f
0,       1030,       1030,        1,  1944000, 089d7b33cbf07d36b598c148aef7ee88c234d41672f4ff0ba289032b1321c54a
0,       1031,       1031,        1,  1944000, ebb99ce0b3fb63e15b5c1dfed769ea359176f5539158c943a42322fa66d614a5
0,       1032,       1032,        1,  1944000, bca231b0c1ad9c6ec1bcaf388334b60e6abaf9a6d1b644aa4203001464fe7b2e
0,       1033,       1033,        1,  1944000, 3d79e76e21df3b493c6c75eb730f1ea8f6b0628e2cc524c821e32b39939e20bf
0,       1034,       1034,        1,  1944000, dda3c57a7094130b128d3e8b9356da6145b26bd7c2f522098de05b3b9deef1db
0,       1035,       1035,        1,  1944000, 3d79e76e21df3b493c6c75eb730f1ea8f6b0628e2cc524c821e32b39939e20bf
0,       1036,       1036,        1,  1944000, e40c6a83b59c1e166339aae5a4d123bec48660f85dd6362a1f0785d3bc0b4ba9
0,       1037,       1037,        1,  1944000, 427211fd972e6c52a1879bd8b4b510c3add1f2b033177926d7b91adf00012385
0,       1038,       1038,        1,  1944000, 427211fd972e6c52a1879bd8b4b510c3add1f2b033177926d7b91adf00012385
0,       1039,       1039,        1,  1944000, 427211fd972e6c52a1879bd8b4b510c3add1f2b033177926d7b91adf00012385
0,       1040,       1040,        1,  1944000, e5317ae4cbf11351039e523265cd9e06474b4678acdf21215a4da897fd922a1a
0,       1041,       1041,        1,  1944000, c7a7373f6c8a0e6f7738d73904becf29f46df16c092e30685625a2336618095f
0,       1042,       1042,        1,  1944000, 1fc78c6208eeb0e4f14b442941f16752e8663ee80bfbf5f40b1bb2db233c1022
0,       1043,       1043,        1,  1944000, 8dde177b5525042ed64f76ebc112ce9480d3a19647b93236ac7c1e725935e8f1
0,       1044,       1044,        1,  1944000, 8e098dfadd14eb09523dd2a262c719becc764629282a34398f3861c96cd9ad30
0,       1045,       1045,        1,  1944000, df274ede3b781738b2ff7a446bce6cf6afdf1e5103909ef43bf86810d60f4cd5
0,       1046,       1046,        1,  1944000, df274ede3b781738b2ff7a446bce6cf6afdf1e5103909ef43bf86810d60f4cd5
0,       1047,       1047,        1,  1944000, df274ede3b781738b2ff7a446bce6cf6afdf1e5103909ef43bf86810d60f4cd5
0,       1048,       1048,        1,  1944000, 7394a4b08b875dfb92bd315b0760ed67f71465c7957a093d3478d48921b3cefc
0,       1049,       1049,        1,  1944000, 669e3fbe0dc9eff0955a94cf69c4f4e858ccf75d5653a89fa49bc2626ff52fcc
0,       1050,       1050,        1,  1944000, 8ecbe51e4648f514657313de784fd9333c8088a644f308af8a1f53e27b9d0ca9
0,       1051,       1051,        1,  1944000, d7731140befcf9cd907fca8d3e0b1c268522200ba0e5f70ad871add7837d9bc1
0,       1052,       1052,        1,  1944000, 555757abe7216bf1db5ca196628f47bcdd37c5e827711c3b7e4d6a959bd1087f
0,       1053,       1053,        1,  1944000, fe7f026b4ab50837d5912f1bc9fa9681dbf582634c63c37cc3fe5742894b2972
0,       1054,       1054,        1,  1944000, 46b1e414062dab73bbfd6195d8eab7b336ae934cf49d642b3d8d54eed70808ec
0,       1055,       1055,        1,  1944000, b64725eb0272270a2e1ede274399163042d08f1e3601f170fe117a632cf4f8b1
0,       1056,       1056,        1,  1944000, 411105ca15095483186a985712554ac33372318d9bda6834cb63c0fe7dbd9e68
0,       1057,       1057,        1,  1944000, 5320d9ac774084f997c80ce079d25dd63a071cfe973940da916d0b28e8bec392
0,       1058,       1058,        1,  1944000, b7630518c90df35f1ff070a36eed56ff02f208d99f94333e44a3b5c85b41f8ef
0,       1059,       1059,        1,  1944000, f4271f7bf898eb542706d5fea5b2b514dd345909b0ff22d840992d924568f755
0,       1060,       1060,        1,  1944000, e59532b3ed2c5bc37e9cc378b06072449c00f4309f388a8d745e98db13ecb852
0,       1061,       1061,        1,  1944000, 8730753a5fbaf7cdacb1a8e5b5c86f5565ac6907b7fdc252c5640e0d40170d39
0,       1062,       1062,        1,  1944000, 6b356ada9b3e881e5809e66da0cb79bbeace1e027ab382a6aded800fb1132c85
0,       1063,       1063,        1,  1944000, c3f3fa407bd1c6f0aaff470e78005973be3626f2c03cfb55f0f0c955c3bd8375
0,       1064,       1064,        1,  1944000, 8a1544a2eb815a7202ec5f15fd680fb6ef2ffa0b1241926c404e943784c4bda4
0,       1065,       1065,        1,  1944000, e7c0f4930f066e936bd5f62c7fd404186d96e9168109c24975dc3d8f3cc8826e
0,       1066,       1066,        1,  1944000, 0444b025f8ba46976682e226b8e66c2cc2059089a2579082a63f6d45b7ac62ee
0,       1067,       1067,        1,  1944000, 6f6c562f553596939fcda63ab834248f3f0f681dbcc1b542e52e94c737afc5c5
0,       1068,       1068,        1,  1944000, fc400d106c750d63ffc5611a0b4385c05c82b0def28e6986b8e745db00445c6c
0,       1069,       1069,        1,  1944000, d8d73a85b5c0b94ba1222d674651f545c000d8ccd368be115ca6a48b1e1a3ab8
0,       1070,       1070,        1,  1944000, 1c63dd2e3a7766a350c8db92b2c49be397b9137c703216e8befec1a0accc0a48
0,       1071,       1071,        1,  1944000, 807b565e0ce38a95c1ed7ee21449f799825b14246161a955cf529def79d04f99
0,       1072,       1072,        1,  1944000, 84042894f7677cefd8fc8fa278018edc5e1bee80ff50a3fe0731f17462249373
0,       1073,       1073,        1,  1944000, a966a6a2e1fe301f3135e1ffdd9256c41690e4fbf87bbfaaea85f99ce34ab492
0,       1074,       1074,        1,  1944000, f797fa5dc5e3d0c1e1af3d42ac62f242da155ca00b66da87067326515138b0d6
0,       1075,       1075,        1,  1944000, a966a6a2e1fe301f3135e1ffdd9256c41690e4fbf87bbfaaea85f99ce34ab492
0,       1076,       1076,        1,  1944000, f8ffa54a1e22b029b3ef12306bb3a57af644cad0aa6cd37d44fb52547ac964b9
0,       1077,       1077,        1,  1944000, d0fe14ef237cfffb29aea66f05d8572492cecdf5c1fb2d0395cedf848e7212ce
0,       1078,       1078,        1,  1944000, 5145596fae04e27b92b6226acb66f3d4e1af034355d97b74304ec00845255e0f
0,       1079,       1079,        1,  1944000, 1954113c3395a104913c2a1b2232fa731f6b4d36f59e5155c2685ee7959a30c8
0,       1080,       1080,        1,  1944000, 86a24af588993b80517bf8085f311964bce0e2b3173076cf205d0e9d384a27a3
0,       1081,       1081,        1,  1944000, 53274a4cc3b99b9bfd6ecc15c2df50ec9d991208a84670b7be9f78eed8e99995
0,       1082,       1082,        1,  1944000, 83f049004b191490a5db5f01e61b26307ad9f4a5361d07080c51b129993ca277
0,       1083,       1083,        1,  1944000, 105083af9a6d730fde51c134bfd20cf9ce2b352d2349ae2fe65bbaa44d660d85
0,       1084,       1084,        1,  1944000, 8f55a2cfc6bee43f832544fb2720c1431a90a20cd778c249d59b33d33b9267d8
0,       1085,       1085,        1,  1944000, 87cc0baf70cf6c280459e6855c2191381993cf9e1f6851164ba19757ae6875d5
0,       1086,       1086,        1,  1944000, 0ffccb1b4dcd4a1daa6554f3c290c48db8ac8154f3ceae8d507ea8f42f87b03c
0,       1087,       1087,        1,  1944000, eb4067f7fe5d9e0d46d00ff3c5fcedb5c542f5cbb77eae12618d8646267ca27b
0,       1088,       1088,        1,  1944000, 4fb95c9a791a776a424758b2f1a2d9c2eacd54b56dac85bc9aad10c875160f1f
0,       1089,       1089,        1,  1944000, 94b9dfb91bc8063940b968b3e18578a7a0a77e88315569bf83cf735c5d936b71
0,       1090,       1090,        1,  1944000, df93897075ef31871a2eba9a7527319b575a4334193b945306e446026402b731
0,       1091,       1091,        1,  1944000, 9d9ca5c8c6b88b0e0928225c3ac59f119256ed6c13516ecbf35bae1a3a01ddee
0,       1092,       1092,        1,  1944000, ec705853d10c590c3360e7da418f25cf8109f588807f5baca4f80ca682c370d8
0,       1093,       1093,        1,  1944000, a18b450d324f846c2ff5ce0a27a2cb784e6b1970f73736caded08d5880a0c218
0,       1094,       1094,        1,  1944000, 29ff43309b3028d7dc52d0ee969575efa3ee07d2ac412904467d4d08679cb6f3
0,       1095,       1095,        1,  1944000, dff9d74592ceb11a2f55279392a901d260e8c69e16684914805e62d119713a9e
0,       1096,       1096,        1,  1944000, 99d66eb522af1eb142caa7233f811add0e79357e9151a1c71d985f388784e8ba
0,       1097,       1097,        1,  1944000, 1e3bff76f3bc3ffc6d4bd5626edcb10449a7185e889cfadfa090c432374835ba
0,       1098,       1098,        1,  1944000, 6068682a5df732340e67ab3ab228165737c741126c3d8c9c57c849fe243c2c56
0,       1099,       1099,        1,  1944000, 24b4a3aea8f57e6b4b9e3d6b652b91f43358be99b0fad8ddac0f1079b525f321
0,       1100,       1100,        1,  1944000, 13c842bf9cd282d0121cfb95ac060c64155e0f7fccac92b7307bd512fe381dd0
0,       1101,       1101,        1,  1944000, 1c9eab7a59bbc27e4959a99f7ce6f2a15d6876f4834c4b6b27b69a4ed854152c
0,       1102,       1102,        1,  1944000, 4b8448ae3556c5e8635a754330c5499b6538bd04692791262cc334bb5947ed8e
0,       1103,       1103,        1,  1944000, 6b0211ff63a7a912f9afff02bf15dcd7b5224e2c4a22da94337959b8e9b23711
0,       1104,       1104,        1,  1944000, 1c0b6947d79738a09e401a21a9628029d3ee183075c6c272ac19589018851f43
0,       1105,       1105,        1,  1944000, 765b452d12c60e93c7ec3ed4820c661ee86fddfc898a311e244a2829c7a8c9d6
0,       1106,       1106,        1,  1944000, 1b70ca36491ffae2eae7025c62863960fa92174eb054593bd153e1f3985d079c
0,       1107,       1107,        1,  1944000, 703a8e8d8a126d65cf304109fbd49442fa6ec619923c943335d70df2c2d2f046
0,       1108,       1108,        1,  1944000, 55eda1d6441893fd8a41a8da0f88494bd5508f7dbc93560758dbef7a3903219d
0,       1109,       1109,        1,  1944000, 18b92792dc322080dac116a90a49efe7c26bb6bded7b9b2c30b08c04ba12325d
0,       1110,       1110,        1,  1944000, 6b63444307f2958472ee0532300a303d0b62eb61a667aff09f5bebf7acfd6c11
0,       1111,       1111,        1,  1944000, 12e32b6e9c71368bd5fab0c211b20ffb676546035bf67c29885182015b54df65
0,       1112,       1112,        1,  1944000, 88d33eb51c6a50f64d1063aef08b35dc8d3f210eccea3494c4557e542663b21c
0,       1113,       1113,        1,  1944000, 82a51c863afdd028b9f0aa8b900d5f5a92ae1b4b2e00ba31807b10874014f97e
0,       1114,       1114,        1,  1944000, e37657fdc248f0b25034d5fb6de78575f029952d1d7526bc5fc7121ba364c0c9
0,       1115,       1115,        1,  1944000, 2d3ff3d79da4ce12feb3b4f87fa79695f2d210b22b16181e1406655e195946cf
0,       1116,       1116,        1,  1944000, cb0e9db65a3b9b4f2225157faaec06f41822870ecdca2189fe5cc6f89de53edc
0,       1117,       1117,        1,  1944000, 752f230dfe71297cec635c23584415771e484810819b229dcd89c34914c04e7b
0,       1118,       1118,        1,  1944000, 845353f758bded2cbf1825bcab957fefc5b7a61e8070c12a6fe1853e74c68766
0,       1119,       1119,        1,  1944000, dee8a2262ff2d98d7b12d6a4b5bba8f19ff9bc5a1a1dc523b54dc8173613beeb
0,       1120,       1120,        1,  1944000, aeb0c81b110b4055ebc243eb1cdd30f273b94953fe51cb86b60d56b54418ec42
0,       1121,       1121,        1,  1944000, efd97d90101d2fc20fde3d20a6f4d959e2a729cf737798d0d83cfa26e38a06db
0,       1122,       1122,        1,  1944000, 9619e107bcff86125f38e5af9c27eec2842236d21313410ee83a3e74ec799711
0,       1123,       1123,        1,  1944000, 10de31f78fd8d0535647dc7e266874d251b071bc6239882a398e82beb9448157
0,       1124,       1124,        1,  1944000, 5979d8ca55d010e03b0cb83fb609e61ecf5d08ff0915d9316de555c6cb45ea34
0,       1125,       1125,        1,  1944000, bfcd01418f0b6e0803895dda5914d353cc9e96e7007adceb39364f9408aa5fb3
0,       1126,       1126,        1,  1944000, 7a38ecab832ef6173b2b1257b9f54b8a46375be05b62ff03a1047d7b66b8de41
0,       1127,       1127,        1,  1944000, 78996abb8d6c9378d087deba88506df2840f11ea29e2b471bc93ea2b3159ea17
0,       1128,       1128,        1,  1944000, 6037062ef502c019522e61a5d619cc5d41f80f995cd3dd2090d93f71acd65669
0,       1129,       1129,        1,  1944000, a7271e2e127b303f95671639f70d8f1795e1d57ad5b9cf0762682b1e044cbc85
0,       1130,       1130,        1,  1944000, 739debd823b188e4a9eeef5ce0499352b11f6612fe9fe56a2088683800e3418f
0,       1131,       1131,        1,  1944000, 4198bc66e95a84dec045e3ff9adc44f0d45c819c2aa91df73dcd7b7cc0545d95
0,       1132,       1132,        1,  1944000, 66db17f20bf815ad6671c58938c121c23ffe53da05c37c163c67c36796d1bf15
0,       1133,       1133,        1,  1944000, 8ca7b1377aa75e1bbe498d1d0f095a6655dcaa478d2e3fc26f8fe6e20645140c
0,       1134,       1134,        1,  1944000, 8ca226f1a82ea239e3be48f0264e121ea070411057e5972ac8990ee7821dc6dc
0,       1135,       1135,        1,  1944000, aa98aece52a8ddd7b8dd9a47a43ce8f5e71a8d285c89626751400560cbb1de11
0,       1136,       1136,        1,  1944000, a93089038a57cb3c085415d291cc4eb243f442456d7337b0de9f2dfbf957819c
0,       1137,       1137,        1,  1944000, 4ed6bbff159fedbe77846703f6ab4ad0c58f7c7ea71a86e6f3eb6fdc5d772c10
0,       1138,       1138,        1,  1944000, 66050127214028237810045223b152c2b0b7d97c92281a5707c486607014cdd3
0,       1139,       1139,        1,  1944000, 1ef571cdf16d7df6715c4f3761530e746fec5fc8e904cb93619f284c4e11fd1e
0,       1140,       1140,        1,  1944000, 2a1a20581b7c8bbb34cbbc8934daf8ee474b61155ba41e47b3af2f0d8b4ba82c
0,       1141,       1141,        1,  1944000, f33d5d9b71bbce0fa1da5a55219f4ffb90abdd7a10b3db5367904e888fa7908d
0,       1142,       1142,        1,  1944000, fd3d6c232d2bce24bae9f681c14ab26919e9db240d1d530f43e790e819526954
0,       1143,       1143,        1,  1944000, 9a095df92d09966d52f469995574394b18d30207cd071e9f69b88ad363f3565e
0,       1144,       1144,        1,  1944000, 631c5d7a8acc709d6e5adba46b05ca323efe625b85a959c4cd0fd84b285934ab
0,       1145,       1145,        1,  1944000, 757f337883200dcc38daf3b0679c350c92b6abb9587ccf2c63bad8d98dda4bac
0,       1146,       1146,        1,  1944000, 3c8b5b7162bd47c93fed62835f54bf313b4859bcb8c194c8a089ae669b8846e4
0,       1147,       1147,        1,  1944000, 45a596de9f8bf9dd21df98e912b6487229765d25db9431b0ba2724795d2bf687
0,       1148,       1148,        1,  1944000, fbe736e7d570312d1ebd0664fad45bfd40cf60d7373c39613bb9e2684fd1b5d0
0,       1149,       1149,        1,  1944000, c87309497581a91e0bb7c48629951aeb019dd352c483d501f06a4df89d8becfd
0,       1150,       1150,        1,  1944000, 1044a082ad4b06cf9bdd5c07c883734f660585c88735c915341bd04c7623f8bd
0,       1151,       1151,        1,  1944000, ae375712cffe650011a83e4d94dcc923d45d06d4ba4725c11b32a80f5a329a34
0,       1152,       1152,        1,  1944000, d4ffd075d1ce95bb6c61b4f986a23bbf7cb92bf3c22527dca87d642694c52bef
0,       1153,       1153,        1,  1944000, c7102850841b85e638a84837e6abe8068366af8cc4f4da51f7e9d784d7f6e2e1
0,       1154,       1154,        1,  1944000, 19d77355e811ac23e0369e18c2b3a1a12203d29bf79fb0bd77e27f6d635e52d9
0,       1155,       1155,        1,  1944000, dbbde481cef6109153d61770c65b19a0e370acdb9e4c6e46d93b87c9624f1e93
0,       1156,       1156,        1,  1944000, 25a7a9a6e287f392e5d2947846dbddad27c6dd7a0371dfd0282a54a876487f60
0,       1157,       1157,        1,  1944000, ee90f7c3fcf9d720500d4d1c4c300ce2eb417b827dcb68aa4102fb0456423387
0,       1158,       1158,        1,  1944000, a20464c21e3c3515f25cfdeacc2378a5a39d371bd19b5b063ca79ba2ff0ac2d0
0,       1159,       1159,        1,  1944000, 82ee8ebd1f323ea94f246ae7a929a86e73c15d3dfbb8ab80f28c2b2ef6590ac0
0,       1160,       1160,        1,  1944000, ff581b514a8c91515a3aea7c85b103b24a160d15f06c486f95aa987ec3d7690a
0,       1161,       1161,        1,  1944000, e6e2bc96375299200f41bf9cdd0d560d3ae986887d32a835e17faf97c7b01a28
0,       1162,       1162,        1,  1944000, 33d706867ad745978a51106166def17f4536f4dd3df7e947ec9eca177aad1675
0,       1163,       1163,        1,  1944000, 575407b3c1fc5e2e806e59eeda81707773b5d863ee22e3cf77643273b349270c
0,       1164,       1164,        1,  1944000, 144964f8f957ed7862a47f43da5fa620ecf7c4a218a7ec8d47b5256bc6afce7b
0,       1165,       1165,        1,  1944000, 976203bd2e6b06300cff1a89394a261bbfa429455930274a97f294e6ffe6e517
0,       1166,       1166,        1,  1944000, a993d8abe3126a443a2c03ed69cb9c7a415a2754e5c8d036b6d6657218f0e256
0,       1167,       1167,        1,  1944000, d21219bc6e8014ae533cf1ea6cc81505de385b437dc6b25fd703713a1ef86453
0,       1168,       1168,        1,  1944000, 8e321d278ee788bbf2813177df582b388c46c202bcb4a1a511dd416efc2072ab
0,       1169,       1169,        1,  1944000, 60c1dc85163ca9dac80d74ded397bb57d46e34ede60695fd3de848940525e80a
0,       1170,       1170,        1,  1944000, 9328b8b2d5616d213011737f325b1bef89cc2ab6ee2b11a9dd57067289e33206
0,       1171,       1171,        1,  1944000, 1b4113aa73fa6d172ff668becfb2ebdf2ea116034c4c32df6f02500d00ed66a2
0,       1172,       1172,        1,  1944000, c5dd203df10cf2d98fe6672ff92e276e202b3bf2afe96f07639d749a886f81b9
0,       1173,       1173,        1,  1944000, c0024b21598ad09f55757856a9ca1cdd4ffa208f4873fedc4f7f2cbad188a685
0,       1174,       1174,        1,  1944000, 64a38101871dd61e44feddf0ded2be078927e256259b50137cc66ff7191526aa
0,       1175,       1175,        1,  1944000, bcbaead4c3d56909f3010028ed6c82bc0b962b1cf84b7d49b7e296630a39d6bc
0,       1176,       1176,        1,  1944000, f4931fd95caed0793c4d226ed225a0745907bc468c9ef6826876aaed13bd5ebe
0,       1177,       1177,        1,  1944000, 9718b1a5c49ff09270e35177e42a2a90e60c8d5dadce7ecdb792057016c792ee
0,       1178,       1178,        1,  1944000, f4931fd95caed0793c4d226ed225a0745907bc468c9ef6826876aaed13bd5ebe
0,       1179,       1179,        1,  1944000, a86ce08fdaadde8b6222a785c7a8f1f75a14c35c600bdc3ecd289e41a44cd161
0,       1180,       1180,        1,  1944000, 663a002d4ed364cd493bf2018db8e7c7839caf8c88cb1266334a958ca760667a
0,       1181,       1181,        1,  1944000, c0258d5c996ec65a3901a729516541e09b941d2a5c8144cda86b7298543c0a18
0,       1182,       1182,        1,  1944000, c7465513cd768e04549142853325430920b1842bea6bb2e6a6953c97e0d9eee6
0,       1183,       1183,        1,  1944000, 6c534261c37b0efac3699424ef36d56cd2908479b29dc2d6063eb272058f3c25
0,       1184,       1184,        1,  1944000, 4bd207573d2f4712abb5ec6c42fd604169841ae24d351ef277c0f71a5961bc8c
0,       1185,       1185,        1,  1944000, b37acd31d2b81bfaafca72116f4ca8d0bc0355836685df45bcf34e53ff742ca9
0,       1186,       1186,        1,  1944000, efb66476c112509a5057cd971074ad37032342b90f9f301c93007d4bb927bdfa
0,       1187,       1187,        1,  1944000, d70d33607916c456ef80e8b57092957d1133ec4fbc67bdedfc8bd7e9a2a55c39
0,       1188,       1188,        1,  1944000, c1a6400704ada4192e31b6b07f25f218acc3357a486e719bb34e610a5eeb822d
0,       1189,       1189,        1,  1944000, 503d0abea0db194481e4261f3139e361dfbe5e152a581b61d189eaf2da028286
0,       1190,       1190,        1,  1944000, 7d32c03797b3f98c2036302e923288189d0b11a37d02fed1c44d736ccad37c1f
0,       1191,       1191,        1,  1944000, e3c9992ccdb765c23c0d6ca0c8b8047f799538cfd370c6b958c1d414d0436e6f
0,       1192,       1192,        1,  1944000, 7d996028a73c1caf71fadf8295a0a7ccb789e289649555cde583555aedb39b30
0,       1193,       1193,        1,  1944000, bbc76212fce98dd301755434c075eb0bd6b0c42ff24f06dc0a5bdd1ad6abfc46
0,       1194,       1194,        1,  1944000, fac048026be4bd20b622e4d712e9bf64fdacd848bc8fdea3e65a13dc7a116e95
0,       1195,       1195,        1,  1944000, f48cdf41ce827dabdfad0593d98a82fefacfa8991278a6e680b4afab78acade4
0,       1196,       1196,        1,  1944000, 3ba40e7fa9d7d99b82f3bc941983aa9b27ef1a385ed53ef5ad251f0ce0bafd92
0,       1197,       1197,        1,  1944000, 2973a567da05931e861e1a02c11af34705cb20e827d9e3f4caef439192fed27a
0,       1198,       1198,        1,  1944000, 8257e4495d19f08c156e277b13cf659fb76340a32187cceea93157c8dd2ba160
0,       1199,       1199,        1,  1944000, 944b3851fdc9f25a96c2680974863f2285f89c6f33c3a76042e2a414d26a2f87
0,       1200,       1200,        1,  1944000, dcbfb40a893b6127d6e434a553c16898af51bb87f6693fa9e4972e2ba7c3fe64
0,       1201,       1201,        1,  1944000, 5c02dee139a038d0217e4b67a9c2fbaca7bf02fa64062b05c451b1e394bc78e8
0,       1202,       1202,        1,  1944000, ee618a844f4254ed77e6069adb4bfb63ef07a2bf9b566858e2038087a23eb6a5
0,       1203,       1203,        1,  1944000, 42bcd3a893b1b38bc4e1300e0372ac15bf15f8e64aa836ed4486904c9e058454
0,       1204,       1204,        1,  1944000, be63e1565ffd593419c581a8a4bc862509e40319440945ff58cff0a6d7c99eb8
0,       1205,       1205,        1,  1944000, a53a50ba8f2814c64b9c6fe0f7c4f3b6bd6001856ce26124ef339df23838dcbd
0,       1206,       1206,        1,  1944000, b37cb82e877e6db12e7be0d2316f5fe1b28e624b9fa94b254bb014719b1f45d6
0,       1207,       1207,        1,  1944000, 8f09a1d5920b058e39a7a44a9db07e625b9e080f9a1a1a0b38259b01a5918b34
0,       1208,       1208,        1,  1944000, 06aa7e37b655c1245b88b393dfbb6a34ad7f5a33d4ac404c66ff25c441b37bd7
0,       1209,       1209,        1,  1944000, bc306606d303f7da119c28c21764636e12f29285b4a67975298662fb652b5d95
0,       1210,       1210,        1,  1944000, 21205a67efc6729d871364f16025dea44b4750d3438a1115b19d779ec2f8e878
0,       1211,       1211,        1,  1944000, fd0ebf1d99d4ad34bebfe384b60697af9a3ef94e80149906081d55329544c983
0,       1212,       1212,        1,  1944000, ef7cb33083ba94b131cd967f69f597c3ea2360189de318a82617efa1445e945d
0,       1213,       1213,        1,  1944000, a17bc8f1f0266b9c41c16263c4388dc32fe82e6a9e95ec278cb77c408110d2fc
0,       1214,       1214,        1,  1944000, 2cedbb0d98972ff290a028df325a9e8eae21dadbcb914d5464f767eeba80b07f
0,       1215,       1215,        1,  1944000, f4813b05e09297d7dcd33bb4f0adbc2f6b04c54df3d2fb887dee290918893539
0,       1216,       1216,        1,  1944000, 2c94569df3d3cf44d0c06904d6c6e24aea3da5399de4c123c26c24ff74233125
0,       1217,       1217,        1,  1944000, 8c673a2116314e06020f4051ee5c3c5f7a7808ccca5a8687696c5232a5dbe069
0,       1218,       1218,        1,  1944000, 83711770e7842c384144993917f8ff6b89866acd089c6badc550d96e797dcb13
0,       1219,       1219,        1,  1944000, 53c778cbb26154472882a960a926b0cdaf53c101bd084225363c05dcef9bf4e6
0,       1220,       1220,        1,  1944000, 8d1e86ee55350aad0228ca08c179d01eee33ada4ad8cbe90d5d10d587dd2b22b
0,       1221,       1221,        1,  1944000, 8da798a2c78f1781d9d5aeb08bc3eda7f2f7e7eadeeea9e27c071e9324584292
0,       1222,       1222,        1,  1944000, f994352177ab44962623f7d928ba4975e02312aa4f1c68049ed8ae09a2139115
0,       1223,       1223,        1,  1944000, 4465752452d972c91617f0b400827316002b78fd67d5052a37ea25aafcab30a4
0,       1224,       1224,        1,  1944000, 3581654591cddd485e8d94beb8a8f7389080341064303826a60082e02520a30e
0,       1225,       1225,        1,  1944000, 452315355f93b0bb31c0d662e4ab91a3a51b26c1e2712be6969a92cd78fb5058
0,       1226,       1226,        1,  1944000, 3581654591cddd485e8d94beb8a8f7389080341064303826a60082e02520a30e
0,       1227,       1227,        1,  1944000, d7189f35beae73c0607168a7280a94af17bb9e6e4473752a435813693ec76608
0,       1228,       1228,        1,  1944000, 539a5741c967d79e2b0367616ee8c32b9f90aa267bcfad5b34e408349af37778
0,       1229,       1229,        1,  1944000, 384803a1380602c239350a47653b6b63e2f6f6cde24517f0340ca71134ab2036
0,       1230,       1230,        1,  1944000, 11fafb3b32026ab0a3c3fe26a7c85566665aced0b5c80a55090821e3f4c97775
0,       1231,       1231,        1,  1944000, 666bd1d7daa1e214ab45c141a5c76c94adb6377f268ccb0d0b8819894972f398
0,       1232,       1232,        1,  1944000, 910f9495f7516127e150cb1134598f46842d9d2a42f1a2e48f58b9b7b599b6ab
0,       1233,       1233,        1,  1944000, b17ee5ec5c93f81cd50e8049d333d46a49b65df9d60377379828225e950648f0
0,       1234,       1234,        1,  1944000, 01ee9f9c84021501b37a18ca21b375ce2833be45b66737dac8b809956a22baa8
0,       1235,       1235,        1,  1944000, 8975ec005bc2ea7d8785b931917695d028524638525a1e2348e4dde1c1ddc38c
0,       1236,       1236,        1,  1944000, 5ebcc9b5aea42bd22e29290487754f036d1afcddfffcf5b92fea928edfb36484
0,       1237,       1237,        1,  1944000, 9f7e1ccaeb338cb9232b398bd863641efb8084fa1c0014d4e82b85c3767750ca
0,       1238,       1238,        1,  1944000, cd437ea5ed465a4dd503172c6443ae762d68579c83a57329bf6efde8d4c65f75
0,       1239,       1239,        1,  1944000, a283e0f2fffa4a6dcb494dc98f4c2fdcf19609f65986459694a7d2a06bd1e544
0,       1240,       1240,        1,  1944000, 0d26889846249e126832ec718e114637abace080426bace8d9b05ff44523d66a
0,       1241,       1241,        1,  1944000, e9626ae6a80149edd484ec761489e92861930b04a6066c660057684078247a46
0,       1242,       1242,        1,  1944000, c36041c18bb3e0ee4129db13acd6753d6e483373f4f2ba5c5d9dd6dfd44e5e2e
0,       1243,       1243,        1,  1944000, b446a3781c9cbc7be9d04e6b9487dbc7cf7b2159b90e327369c054d9b3ec4559
0,       1244,       1244,        1,  1944000, 622bf441572e003bc1c5c02529aca4a0b3ec3f9aee84a60e6570bcb189c02477
0,       1245,       1245,        1,  1944000, 6a268e977db58f8280d653ec8d07e5876600e503b00c3d7f235b8b40a6032e31
0,       1246,       1246,        1,  1944000, 1dd6a4f729d79218a8da3f4525e82fd771022ad8b1adf311a495111af4e5948c
0,       1247,       1247,        1,  1944000, 055ec1f2da07b70af0e51732db9260d70847c913becb72865051e4697ca89755
0,       1248,       1248,        1,  1944000, b9d4477ba21b91fc9b36057088dcd01e5be43b5abbe04af1ba8033ecf21ae548
0,       1249,       1249,        1,  1944000, 7a4a883801947f1d59be0b3a5dceb43ad0cc89a09f68b19e66403fef0a2ffb7f
0,       1250,       1250,        1,  1944000, e91740b150c62f2d5ac78e64d8f66217b893e9775c7db0c0dde595f0e77b5419
0,       1251,       1251,        1,  1944000, 0f2ba0ef135b639a17f3892dba1a54d9fb505b7b6291ba0c969480a60769d38a
0,       1252,       1252,        1,  1944000, 6f9579b9d46e2c239dfff4dc8bae5edf49b19931fa6df94ce0157cb6e7c60f55
0,       1253,       1253,        1,  1944000, 94c93cfefb378789dd24ab1eecc126b332820c45968a622d8a5d478f0bef2b95
0,       1254,       1254,        1,  1944000, 2b93faa1f082b1470580415e25a87ab38a3c502ee05e43303c0fd7f4c34b5377
0,       1255,       1255,        1,  1944000, b46d42858c2db0ab49f626938a864e156107316149c7f0733ed9704d8555ba0f
0,       1256,       1256,        1,  1944000, befeff7fbba9633b10368837fb6f57c4f6e660d35a90b75be6cba46276ff6309
0,       1257,       1257,        1,  1944000, 97bc689b113652dc88c425f1cd9b738910ebd45069ee71608bcd63abee33777c
0,       1258,       1258,        1,  1944000, 409a0a61e08a766bbb61e34acee5c5f61e795b0881d18cc5b4f954dcccb8efe3
0,       1259,       1259,        1,  1944000, 3a8fbe6d211a0ed811b1877e2e6791224a06f6da1941cb18dd1a5389936bd1ea
0,       1260,       1260,        1,  1944000, a670615a3b907d6985da22e6ddcb1be21be3fa33a7ef6c29b811c53fc3b99740
0,       1261,       1261,        1,  1944000, a670615a3b907d6985da22e6ddcb1be21be3fa33a7ef6c29b811c53fc3b99740
0,       1262,       1262,        1,  1944000, 4792f1de44ccc1688f53ae28e30aaabe3e019b7fdf734123fefa0077617ed7ef
0,       1263,       1263,        1,  1944000, b9a37e8c40bd9576f2cd90f6b3947054b5ffe562e7f3aa60a3127608ec0df576
0,       1264,       1264,        1,  1944000, d840adc1cb433d3b7c6b1962f814e19cfd896aafdf2070f3abb98d712ab5b51e
0,       1265,       1265,        1,  1944000, d840adc1cb433d3b7c6b1962f814e19cfd896aafdf2070f3abb98d712ab5b51e
0,       1266,       1266,        1,  1944000, 7ecaa1246f807558acbc968ae7cb435096eb798719af1f4b880c3f22bce63603
0,       1267,       1267,        1,  1944000, 6411c402917d8f8be83fa7f51d1726902cf0e0151e6f48aed50569cc53008e1a
0,       1268,       1268,        1,  1944000, 75a7b4ac6cc68fe1c5d5f66d1e72ef18e69471b5d04fb3d6a459a34e2313aaec
0,       1269,       1269,        1,  1944000, 216596c5135a795b21b91bd4abed04a10bb370e722145c6ccbbde50bad67cb43
0,       1270,       1270,        1,  1944000, 052da9d5f252b151706cdac15df424d74c3ef1466633096f40232ea00a6a4888
0,       1271,       1271,        1,  1944000, 92d2571139fb2fc74cc23f542b9dc41b8db1c4f234829d052420b1ddb23f1215
0,       1272,       1272,        1,  1944000, a8b63e17561bec6fe34ad1e66e1885bbf75ee273aa122a15f3410d9d60f2da1d
0,       1273,       1273,        1,  1944000, a8b63e17561bec6fe34ad1e66e1885bbf75ee273aa122a15f3410d9d60f2da1d
0,       1274,       1274,        1,  1944000, 1a85f4963c3a0a6135f8be27ced74a850108b97d05e0685c7611a480cb1f9e59
0,       1275,       1275,        1,  1944000, 814907eb2449b5caac35473e186e86b4a48db497810540061caec9e92781f75b
0,       1276,       1276,        1,  1944000, 814907eb2449b5caac35473e186e86b4a48db497810540061caec9e92781f75b
0,       1277,       1277,        1,  1944000, 814907eb2449b5caac35473e186e86b4a48db497810540061caec9e92781f75b
0,       1278,       1278,        1,  1944000, dbddfe8b545fb8c10d0a9d8b4c04aa451f2f2ee3fcf7e99d54e0e6ec4ec47052
0,       1279,       1279,        1,  1944000, 814907eb2449b5caac35473e186e86b4a48db497810540061caec9e92781f75b
0,       1280,       1280,        1,  1944000, 814907eb2449b5caac35473e186e86b4a48db497810540061caec9e92781f75b
0,       1281,       1281,        1,  1944000, 648934e099c2bd6b5ada6af2b04a807c82f4ba245c9c97c08a202070a08c7781
0,       1282,       1282,        1,  1944000, a1d0667e0f2d8a3d26fd172a9f119b9f9fad7cbf03bcefdd463162f883773280
0,       1283,       1283,        1,  1944000, 12986228b59e9e6c0ef14ac6e91f3f83f03e8cafdb7a65c830fa9dc3bb6c0465
0,       1284,       1284,        1,  1944000, 1ad347e9beda1a3c1ab6bb95e4683d3b7af9e5002f59180f291615632398636d
0,       1285,       1285,        1,  1944000, 1ad347e9beda1a3c1ab6bb95e4683d3b7af9e5002f59180f291615632398636d
0,       1286,       1286,        1,  1944000, e1c88e9f5fe1bb780c7b78e693fe4cc7cc760c8e5e4b6cf8d3c02478a73841a1
0,       1287,       1287,        1,  1944000, 2906117c94de0c6b0cc2973d854395b7f48796d3d6412e9da7e8ecd4740faa1c
0,       1288,       1288,        1,  1944000, d762104d2287b31976a7236335800b71da721c48c554948a8f2c539fb2748cc1
0,       1289,       1289,        1,  1944000, d762104d2287b31976a7236335800b71da721c48c554948a8f2c539fb2748cc1
0,       1290,       1290,        1,  1944000, 4f623fefef87a45036a8f6da4cf40e6dec1b77f276e012eaee5433d95a9003b7
0,       1291,       1291,        1,  1944000, d762104d2287b31976a7236335800b71da721c48c554948a8f2c539fb2748cc1
0,       1292,       1292,        1,  1944000, 1c585a6d79c4bbe591861c0706d9d38103205bbb0db665111fc417b45d03c83c
0,       1293,       1293,        1,  1944000, 1c585a6d79c4bbe591861c0706d9d38103205bbb0db665111fc417b45d03c83c
0,       1294,       1294,        1,  1944000, adaca98b9852c0dfe6f7c4d8159855db11b5892aa93d7cb12f390bda08497634
0,       1295,       1295,        1,  1944000, e2412328a37a4da723f778870a354c162ea3f8b08437895073f7603a7ab76c2c
0,       1296,       1296,        1,  1944000, 6bbda339aaaa72460a3c75679cbea15ffadd261a3d2e751dd47853852a6ff166
0,       1297,       1297,        1,  1944000, 6bbda339aaaa72460a3c75679cbea15ffadd261a3d2e751dd47853852a6ff166
0,       1298,       1298,        1,  1944000, 1b688c859c6adc6196c9d4da05c35628336114f59ffa5eca62da9ef78468b316
0,       1299,       1299,        1,  1944000, 0c0007330994cb5a1839b6c14351731fdc56fc295a3564a0c14a63f37ebc5170
0,       1300,       1300,        1,  1944000, 956be53c7b73a8f4f76d1eac866c978c08b4d3a73f175cb468a9bb70ff5fe676
0,       1301,       1301,        1,  1944000, 956be53c7b73a8f4f76d1eac866c978c08b4d3a73f175cb468a9bb70ff5fe676
0,       1302,       1302,        1,  1944000, fca0a8c243b745faaab010df07c5215a269aa6a7a45bf7ac48b3b18813f3b89a
0,       1303,       1303,        1,  1944000, 3f78c27310b697d63e2acda4d3928c11db1262d2e607f5db97cfe1ac9d290db2
0,       1304,       1304,        1,  1944000, 898dcdef420eb593bc2a15fff8190f62dcdad351c4286ae20e072f56cfcd991d
0,       1305,       1305,        1,  1944000, 6d18b34b9f94bce416ad204cdc042cf89b48e0dbb97225f2657e11be1ad12e2b
0,       1306,       1306,        1,  1944000, ee553f37c577a6371ba3350dcec360ae897ea3c74c2359adea83fae911c2c4bc
0,       1307,       1307,        1,  1944000, 9ce3bfbe0e7a36b90f6089e92737b42ed7511949265eb6a68852cd4dec91701c
0,       1308,       1308,        1,  1944000, 594f3ea635d9a1e46b01f3181bcfcba46f7742d9d6874befb835ce1f1b8cbefd
0,       1309,       1309,        1,  1944000, 9ce3bfbe0e7a36b90f6089e92737b42ed7511949265eb6a68852cd4dec91701c
0,       1310,       1310,        1,  1944000, a471b59d43a639fb8442f02e79b3b5a01eb067ff67387e91a868f2751e5d6455
0,       1311,       1311,        1,  1944000, 57323244f35a17deab492a42bedb60bd59fcb94c762f5699abc94db91d6511ce
0,       1312,       1312,        1,  1944000, 97e161695beea788e3e29c5108aec2a4308ec86e1d4352f4238822585f44936e
0,       1313,       1313,        1,  1944000, 23d30d09695f89ba68195b40d57a68214695f22f9dc1b93c276655d100f1fc6b
0,       1314,       1314,        1,  1944000, f755f69e130db2778129f7a48ff1569af6f4491f0b6412280cb66af5fab087b3
0,       1315,       1315,        1,  1944000, e553a7b473a9b63d3966dec18df5cfb617d6231f15a06460e36c73e7c81ce749
0,       1316,       1316,        1,  1944000, 1e3981ad877ef90859ee41ebd9890ba408e734bf6f2c5b088a63fcbd067f2f91
0,       1317,       1317,        1,  1944000, c035747095e0d472c84828881f7f8967428177a9f91c6f10a94dd203b2aa8145
0,       1318,       1318,        1,  1944000, bdb7735b296d2b5f6bfcf16313bce8742c7074e3d52c8628e19794e260ad6cb1
0,       1319,       1319,        1,  1944000, 87f8787ba964aa3fdfd73f56946a0a3d3991edd5fff4dd499af9ca03a5e45092
0,       1320,       1320,        1,  1944000, dc7ec10d6925f036b391d53f0ff70339b5f53c52e3ae004f14d54422edff9c2a
0,       1321,       1321,        1,  1944000, 87f8787ba964aa3fdfd73f56946a0a3d3991edd5fff4dd499af9ca03a5e45092
0,       1322,       1322,        1,  1944000, 1ad66f6831671a6b691c8b8a21e56954b147d58c86e12ec8e7dd5b8ac982edb6
0,       1323,       1323,        1,  1944000, fb0113cd88f5817d43bb9667b8e5eec3c1c5f4472269cf398ac26bee19ba7832
0,       1324,       1324,        1,  1944000, cf607694a559babde6912a3603a384ebb53a8b1d3b35f117d523d57e07a12aa5
0,       1325,       1325,        1,  1944000, a4f417406d48c54b8107325460d77b264c67a56e7c17624e6c80999a0b606f90
0,       1326,       1326,        1,  1944000, 17b86d7fe48a61e92e3ed97b33fa386b0f8f752cc59ebcb2e113b0563fa44981
0,       1327,       1327,        1,  1944000, cfc2952f35981ee1e92467b3f617b510ca09274687fea239441a11a077c69189
0,       1328,       1328,        1,  1944000, 38b1260bc7e3d16186ee804643b6ef0dee30375a04e8e2d6403d66e2da98cd21
0,       1329,       1329,        1,  1944000, 38b1260bc7e3d16186ee804643b6ef0dee30375a04e8e2d6403d66e2da98cd21
0,       1330,       1330,        1,  1944000, 109b6cd8ff3b6e714334fe4e5287e678155646d95baea63a7fe9845cb0d39a02
0,       1331,       1331,        1,  1944000, 9606b623e6340b4f3f9240b98b1494548e27592cbd199b70181e6e40935fa2b7
0,       1332,       1332,        1,  1944000, 60e88067770a5728d85bf2ab1a6f37eb3e1338d4f9f7e10c126b57d00bd5f8a5
0,       1333,       1333,        1,  1944000, ee6f943b65497c7ac5de2d6601e5c10807af2d0ffa54fc990c28e8e8fb5e4db9
0,       1334,       1334,        1,  1944000, 83db843c813aa954d8562e59cd06ab13c36d9fb7655003aea4417fd9f852e26f
0,       1335,       1335,        1,  1944000, db02a2bd1b7fc4450083e91a825f11efa556ea234d852be9cca9a6a73af8209d
0,       1336,       1336,        1,  1944000, 7f48f12827e2ef6b66841d656c8a836d8a7db06f9338fd2b7903a1ffd871765a
0,       1337,       1337,        1,  1944000, 7f48f12827e2ef6b66841d656c8a836d8a7db06f9338fd2b7903a1ffd871765a
0,       1338,       1338,        1,  1944000, 86fb34180c8cd5e50a4969429f910e0c1906a3058516964691b9acc8ace38774
0,       1339,       1339,        1,  1944000, 7f48f12827e2ef6b66841d656c8a836d8a7db06f9338fd2b7903a1ffd871765a
0,       1340,       1340,        1,  1944000, 7443047c0fe29c86ab9f36f09bae2a39c717bbfd1cbbf1fe32ce1dad0c7b2372
0,       1341,       1341,        1,  1944000, 7443047c0fe29c86ab9f36f09bae2a39c717bbfd1cbbf1fe32ce1dad0c7b2372
0,       1342,       1342,        1,  1944000, acf25f0838b4d135e2f4b629a911bf910e226dfbfcc362436b272ac60b3f2658
0,       1343,       1343,        1,  1944000, 87219b9ff1140061e8cc1461bcfabfda8426a80b620231bfa1a2d4be79446c38
0,       1344,       1344,        1,  1944000, 581164ca8bba05507d1a2c43e0f1affbfd91d25a3db43d4a31cbd61ed660d9fc
0,       1345,       1345,        1,  1944000, 87219b9ff1140061e8cc1461bcfabfda8426a80b620231bfa1a2d4be79446c38
0,       1346,       1346,        1,  1944000, 9a481cfbc48f0ee40b5dab283448c707e5b0b5d23c8dad832ce0e71ebf334990
0,       1347,       1347,        1,  1944000, f8ef9bfd3e22ace6d6fa34306cff2ded0ebdc1bd7d73f68ce13fdd1e79893dbe
0,       1348,       1348,        1,  1944000, 684a12075d48e837a9804acef5a7fd4d27cf4bdb88e2e77968e1c8a1141b360a
0,       1349,       1349,        1,  1944000, f0f16469e401e27a2b05da6957b1c09ab7ea2ea345c6817c6573d4caae58b802
0,       1350,       1350,        1,  1944000, da92a220dd0e2a07c74bba01b886fbfc4c6e5bfb3fc7aeb7aa512a0c71752573
0,       1351,       1351,        1,  1944000, dec43376de3089c8a68c3a939d992b9ed1d05d67be363ab5cc6e9bc5b689b2a1
0,       1352,       1352,        1,  1944000, cb8eaf130622eb68c9d7161a44c3ce7e4a53fc443f82bc14542aaafa9bf3965f
0,       1353,       1353,        1,  1944000, 70bde8d3757cf417a6e7c45b178080282bbea6dfde4fc1391c4ca03f968c0c7f
0,       1354,       1354,        1,  1944000, 61d36dacf1857f7f0923a064133c6ee125a389767d268d04d4eda885083b86db
0,       1355,       1355,        1,  1944000, b8fe9b44df0897a9f41534116143e2dd86a8f53951cc530c7f2a9eccb6c536d9
0,       1356,       1356,        1,  1944000, 9329bd2a0c4e9ffb00f37d1b13592e345eb12bbcf7b608202733ea5b5621ece5
0,       1357,       1357,        1,  1944000, b8fe9b44df0897a9f41534116143e2dd86a8f53951cc530c7f2a9eccb6c536d9
0,       1358,       1358,        1,  1944000, 80340d52ad23f18b4fa79aa210f661113bf88dc3e32600aa7e21d2e534e083e1
0,       1359,       1359,        1,  1944000, 76505c0a84cfddd72300eace7c54f7f0febd11bce29b012cb4ea68372da76f4d
0,       1360,       1360,        1,  1944000, 42cd681fd42f65205107537d59f8684de51cb2496c86d1ac4fed4b4a29802359
0,       1361,       1361,        1,  1944000, 7202708347e7310004f4e8d74793e213da28eae7d77ac3babd57f2cd0771c0e0
0,       1362,       1362,        1,  1944000, 8cd4a7496680b34559e95dd3e2ce93d466e0142bf73b50eab1f4cec676a03173
0,       1363,       1363,        1,  1944000, cf30505c6171447bda0d2e6a976c476883a9ec8cf5d57684f889e0546fdb6304
0,       1364,       1364,        1,  1944000, c17f7662d0094b983868eaf8e35488105243881acddedf5e46e4699c5ce619cd
0,       1365,       1365,        1,  1944000, 0158e200780a3d1a15ef5ca1819c1102a2c58c05fc22c647a9585896bc6889b8
0,       1366,       1366,        1,  1944000, f7fc194b453cfd6850d122b78ab8719ad31dea9619c543e160cc188da79ff54c
0,       1367,       1367,        1,  1944000, 87641ad6066e3912bd441c6a788c3e0515ef3d3ee51d9a69c9bfaef079ae1fd4
0,       1368,       1368,        1,  1944000, e12f8887a4a094d35da3616afb49c2d3ea3360e37ecae9979878d2bc5c649d8a
0,       1369,       1369,        1,  1944000, 4314b32e2723e21d170da9f700b93d0d06692054f14b5c170e0824c6f9870f05
0,       1370,       1370,        1,  1944000, b698f8766dee4adf77782bd7db1019fd33750d8a3f1b9db00618afe2cf434121
0,       1371,       1371,        1,  1944000, dc1f29470205af20cee03e4b702a0aa8c88d5261a8be1300f4506c6501499a91
0,       1372,       1372,        1,  1944000, 6d686c4f6114b1eb23208eaf48fe3d9784ec3552001932efd7840f69201ab14f
0,       1373,       1373,        1,  1944000, e0646502da67b56760368e20a10ed763d2b1fd83055686326e7426887cc124f4
0,       1374,       1374,        1,  1944000, e5bf84ba725156d1f5f49b7fa36ab36646f89b495004686ba40372eb0d8c1c0c
0,       1375,       1375,        1,  1944000, 5966443c377b01e7d9e14d445dfadedc402951a956bd5c4251f6efdd0873abe0
0,       1376,       1376,        1,  1944000, 5966443c377b01e7d9e14d445dfadedc402951a956bd5c4251f6efdd0873abe0
0,       1377,       1377,        1,  1944000, 5966443c377b01e7d9e14d445dfadedc402951a956bd5c4251f6efdd0873abe0
0,       1378,       1378,        1,  1944000, d7cf796d141102e4b36500516cd9a9191df2ef7911412af4702f75011a928913
0,       1379,       1379,        1,  1944000, 232f714737ac936583000b844362328453cc817f3a6e0f0cc07b9518df66cbb2
0,       1380,       1380,        1,  1944000, 91c50e5e8c5341bf4cd9e762e6d241a1655f730bc56f45da738db03f3e0d8e07
0,       1381,       1381,        1,  1944000, b789dcb908def925a4a187c9ad57902ae9f0132cb0eb33eb0880c1939bdb718e
0,       1382,       1382,        1,  1944000, dd9810015ef5f97f90ac39a3e6c79ba6add669d3245ca38f47961395861dab14
0,       1383,       1383,        1,  1944000, e59dab21d5bd4d3daf0d59f963e01ac1ac88eb669939a4acb7f427ae2bdc0133
0,       1384,       1384,        1,  1944000, 4535d1f2e027d2470b080d8613a1309ddc9f64753daf2bab7bd0ccf496620c9c
0,       1385,       1385,        1,  1944000, e59dab21d5bd4d3daf0d59f963e01ac1ac88eb669939a4acb7f427ae2bdc0133
0,       1386,       1386,        1,  1944000, 025738170212e1d8fec74eb5abe188983e5ccd58130e2e14fd726e4253e0b9d5
0,       1387,       1387,        1,  1944000, 5cd6d1e2403fa849969c6c8e08045eb5e521b049835a86425716887d339b0722
0,       1388,       1388,        1,  1944000, 776cd5ac71f013b5e315089bc2d3902eea0f88587e993064acf76f8da0cb346d
0,       1389,       1389,        1,  1944000, 5cd6d1e2403fa849969c6c8e08045eb5e521b049835a86425716887d339b0722
0,       1390,       1390,        1,  1944000, 79f63f589d51593264e46eca7a13e61f49b1f9d40d1adb4cff19a18680f0adcc
0,       1391,       1391,        1,  1944000, dad5905244451a3e3891acf00239392605728aa71ab5595f0355d44bcd84d05a
0,       1392,       1392,        1,  1944000, 71d9cd1ae19202c1ce327eea09ff66f546f66c79d650b40a088b30373640f01a
0,       1393,       1393,        1,  1944000, 7dc7de1831945e459d46d3689e4811432f0559aeb07e93e51249d5f8c327bcf8
0,       1394,       1394,        1,  1944000, 0645971a416d0b82a978c238d25bab5a00caa86ba73d9e313b07127f5b58a70f
0,       1395,       1395,        1,  1944000, 181ed882e5037f5d29b2b1f740a0274f08e250743fdaeafefe264244cd4d6a4e
0,       1396,       1396,        1,  1944000, 77290c1687943abf579c955c5a1083ba482738627075536a11c0bd8e96ed5c7c
0,       1397,       1397,        1,  1944000, 181ed882e5037f5d29b2b1f740a0274f08e250743fdaeafefe264244cd4d6a4e
0,       1398,       1398,        1,  1944000, bade3035f04ae3f8016c89d08fb8ebd2ce261d9f0c10de6c9141e34ebbd50c4e
0,       1399,       1399,        1,  1944000, 19a8cfe39c5c129168b1117a7ba95f8403d87dc88fc0a1b1e4504acb4d7ffa87
0,       1400,       1400,        1,  1944000, bf87e86160a48942f6eaa493f8d344228a1bb5d8cdded98192cb54159a6cd61e
0,       1401,       1401,        1,  1944000, 7a415fbbf6dd5a15386c9791d1a9a6ab545eab564905f0184f7d55ab3a019c85
0,       1402,       1402,        1,  1944000, adb7900e07a34bc8a353d06aad71ab6db5b4392afd87c60c566e8f9677c2b09c
0,       1403,       1403,        1,  1944000, 17f2a23be492772971612a5dc05a97813723b6aaaf38ce2e01ec2ef08f2ebd1d
0,       1404,       1404,        1,  1944000, 04bde3edd63b07a0e73414e8743d7b7209a4d25e3d270c0b4c2eb71a2b98c8c6
0,       1405,       1405,        1,  1944000, 3e3b06733e356bceb0b16da6871bfe21df71689c74292e65699539420d123e6c
0,       1406,       1406,        1,  1944000, 18981104ec7982f14bc261aa4f0296f82baa7a8e3476be733fc5a4b7c481cbcf
0,       1407,       1407,        1,  1944000, 7b8f140ca45e938bafb68e32d5033feabc55249fdb6f0df945e35ff8dd338492
0,       1408,       1408,        1,  1944000, bc8884d927a044b6e8d26291300f36f2b992a71c983d1ffe0b5a30ad2d327a83
0,       1409,       1409,        1,  1944000, 888bc3526ce1dce382d081969b7c8e061a5a75d6ded28aa30ffa90b815353230
0,       1410,       1410,        1,  1944000, 0a25b178e60a2e42426ed5f832235cf46f81034e5fcddde0c7eac4e8c80c365f
0,       1411,       1411,        1,  1944000, 888bc3526ce1dce382d081969b7c8e061a5a75d6ded28aa30ffa90b815353230
0,       1412,       1412,        1,  1944000, 904ed571d1182ff8b05a6890a58f2c69f355046ea0374f14593bd05cebddfdbf
0,       1413,       1413,        1,  1944000, ceeccd6e6464fd117fcc5a6edcf72ce455c0f7239c4470ac30b830069eab7772
0,       1414,       1414,        1,  1944000, 0618a12e8e384cb533ae60d64fdacc0ac03979ce157ca7da9f19c0e5743b284d
0,       1415,       1415,        1,  1944000, 6f4f46bf256f82d9d33852f2ed93f56cec5078ca237fa53d0b4eed7fa6326185
0,       1416,       1416,        1,  1944000, c6b3091484ee266a087ca803880ec7a61389e4cf0384c477a94ef4e53e9d0ba4
0,       1417,       1417,        1,  1944000, 337abe0b403e77c0d6f92550ae86affd1d48de0c5388bd2b5474f384297586ec
0,       1418,       1418,        1,  1944000, 7b5f27758c8ddf8a92f23326adf28193a2a8e006095f6e299d28a4490eff1924
0,       1419,       1419,        1,  1944000, 657eb2c4de170feb09d3ae7353e2acf1c321786f8a62736442475b1d4685a2f5
0,       1420,       1420,        1,  1944000, 4a6eaf1796a290b9beceea58aee18917af374d26558a67f3be624bf22fac3c82
0,       1421,       1421,        1,  1944000, 3ee940cdbd52f59fd8f772d851b7a48b024746757cc23328ff55581ce27ea0d9
0,       1422,       1422,        1,  1944000, c899da1278aab7eadbd3aedb721321164ae0cb9e91f4c1dac1bf6962836b0226
0,       1423,       1423,        1,  1944000, 5ac455a6c574e15d8e310e35e6437f9d440018c4eb4fcf7b344d420a99a3da68
0,       1424,       1424,        1,  1944000, 2a703e8498b563ace766341aeb373d5bc60d4b8cb7b631884c644b76fb7a9023
0,       1425,       1425,        1,  1944000, fb8bed24fa4b74d21a177f1ca3ceba231436b7400db94ab0b5c7f803bed25f8d
0,       1426,       1426,        1,  1944000, 780be7938bd006c4de4cecd3f718bd5b0fc8a1de33f63600b7c7ac4a871f9bf7
0,       1427,       1427,        1,  1944000, 459fef1f0a09eddd625246d68e19a2bf1e228b8febfee01ddec33c7b5bbf0ce8
0,       1428,       1428,        1,  1944000, d37a26afd671ba1fbc9f4939b2b0d2fafe2cfa583ea162803bfbdba3a83b1615
0,       1429,       1429,        1,  1944000, c94ef3316f07233e70c95017df22a91f8ead1ad356510f0f155a4faf06b9d02b
0,       1430,       1430,        1,  1944000, 754e7670781bfc3ef3fcf19dcdb5bc5f78d246cf936bb1ba32fd4f12815e99c1
0,       1431,       1431,        1,  1944000, 7af10a76fc8df5f58f4cb2b536e99ed52c56db6db062d6e691ad6c82986eee3e
0,       1432,       1432,        1,  1944000, 648ad11cf0237963f213b913a8bbef8358d3fb450924d0f51a3f8cf649db1523
0,       1433,       1433,        1,  1944000, a6ca7a14579e19165bfbe523b62a22caf487dd385ddea8dff3d4aebe503beeee
0,       1434,       1434,        1,  1944000, 5d367f5e2724a10bea41b8bb9023242e3b1272ab47b402b2d1d8d1304f56766c
0,       1435,       1435,        1,  1944000, 7044bb144e9bc1fd6e13882e0ef719aa8f14707e00a3182026ea928cb64055e8
0,       1436,       1436,        1,  1944000, a1ee82d24cdaa2cf2a87b878fbe3a211c7885ab8fe59b37d31cdd1f3ec99f5d8
0,       1437,       1437,        1,  1944000, 644631b37aecd9b9f3f4d97aed9909a14ba7317c9f6aa1c9677f179e26db0e99
0,       1438,       1438,        1,  1944000, 757af1a11b63e98826a6dad49c70a97652fb0b529f4e065ac5769390ec933979
0,       1439,       1439,        1,  1944000, 20d85f37db8eb578317c112634a86d7932c71da8af71dca1df7642ac24f78abb
0,       1440,       1440,        1,  1944000, 34ccceb03453e51e95e629103afe3d959a7411e700d4c2ce30f1e1d2afdc0964
0,       1441,       1441,        1,  1944000, 946954e901f93a671800870e499d1797cd8ddf5f95b041f5bf5d3f6d344d11af
0,       1442,       1442,        1,  1944000, fb350c4edd167bb3349450fd865fb8206c7f027d56f8e7e2c3d95feea564b0ca
0,       1443,       1443,        1,  1944000, 5ebc67786d1b336b5c4376525116a59c8bdedfbcbd263386e661b0303a9e40e0
0,       1444,       1444,        1,  1944000, d2dd1071a5eeb9e3196a5e1a84826e3ccb9931a2af82d0a9f2de5de1cb14c7cd
0,       1445,       1445,        1,  1944000, e25fe04b32ae4f31bae1d7d86685f799e992cf52f2da76b2994acf20e061f990
0,       1446,       1446,        1,  1944000, 6f5281318fb439138b93bf125eee23aa3886d94505a867d43ddd61e87bcbd194
0,       1447,       1447,        1,  1944000, 995621ac8c8c98f448304927d222a08f499b8ee069bd39a7dde70616a8f93666
0,       1448,       1448,        1,  1944000, 22397a9799b0dbf1c5dc7a8db460b8718e0d179e60969d51be69e6ad86de7599
0,       1449,       1449,        1,  1944000, a3c27c6c955fce0e8b495526be5642474610be5d0c54399e6dbd40b6cd1161b9
0,       1450,       1450,        1,  1944000, bcd6514e8aa0584c063920d5bc1792848e5f7f859794aa041b94ca3292877497
0,       1451,       1451,        1,  1944000, 50fbecd6599d35f0be7b7e39789ff5073d5645043ae2e31b18b114a0b7978066
0,       1452,       1452,        1,  1944000, 45c8eccbc6a2dcd9923b4104131cea718d4e9ad7263f61830437eb6d13294d4b
0,       1453,       1453,        1,  1944000, cd7749e2e410ef21d68daedfbc075c9857a70fb87b4694feca5ed03b43a910f0
0,       1454,       1454,        1,  1944000, 11c8d55eb3a72a8c727f4a93354c2e42c337ccd76b2751de19114299f6a587e7
0,       1455,       1455,        1,  1944000, c735ab73aa533b82953243434280c749e1c85153b44180397d7f4f207d7a046f
0,       1456,       1456,        1,  1944000, a79f4bbbc682fdcbdbcfa80aed09462543d5306b43b301ec6a1962e8a6b1a8bd
0,       1457,       1457,        1,  1944000, a37001b4b0181f3872e0ca08606347a10c9b31fefe4c1aeeab9c6f65f64d5a2c
0,       1458,       1458,        1,  1944000, 99d8907fed066719810400429964ee0007a492549d787487b79e57e187f5763d
0,       1459,       1459,        1,  1944000, 222beb219ed4925b67ff4ccea5700bab38c4c256694137653f73eb9959deb601
0,       1460,       1460,        1,  1944000, 91fc49b25acade7355b42ee37f68be0f0b87d4fcce3e8de21f535a793cf0fcba
0,       1461,       1461,        1,  1944000, ea56cf9152a9b70c378580e06be98f28e73dc32a0f66d07801dc68063f93562a
0,       1462,       1462,        1,  1944000, 31c8cd2b5a14ca05ce5a6f0d6c3aa7758fde5c3d8aed17b490fa30a1a5e87213
0,       1463,       1463,        1,  1944000, f7fe472bca4686714970598247c1120bc48d6d6fffa49bc9c736b119a0af4c79
0,       1464,       1464,        1,  1944000, c9f6fb522182cbf28dfd58d32469bd4d6fd47ba22d4fa3de69e77927cc5c8edc
0,       1465,       1465,        1,  1944000, 08a3de3ed0bd9ee38904ff7ecdde1a246100f15dcd00ea6e9815d396f674c026
0,       1466,       1466,        1,  1944000, b89e1b4fe6c51251f18b056faeaa4a1fe79a43e30f75aac57de48963e0411220
0,       1467,       1467,        1,  1944000, 4d76d34b020d9917f7e57cb7681c113cffce4619b9ab628ffb238ab89fa310b3
0,       1468,       1468,        1,  1944000, dda2e10bd4151c02a6cb05bcd8c17b53110ead3ac37a478dba09f395a8485b18
0,       1469,       1469,        1,  1944000, cabd55efc1b568f5fc1b86a51c6a0609556a12b57a77a49aea928c67ead3d951
0,       1470,       1470,        1,  1944000, 60a28dee0bdd7281c2bfe689b9a957cd02fb250a127cc21985b55b21f9f90bbb
0,       1471,       1471,        1,  1944000, 984b08571863b9641da72f3bd8ea5d257d27b51117b7ff14d42ef37b93d0b319
0,       1472,       1472,        1,  1944000, e279ef6a6add130aba2f3862b0d0205bd297c2148003be34ece1e1c9df468cb5
0,       1473,       1473,        1,  1944000, 2c829e030471aebf8a9c3e3579173820ad5009b8e8818244da70f964b82bdadf
0,       1474,       1474,        1,  1944000, fe2a5b34a6ae3114aaf3064c1e2adb2791d4afc24be416cbde86001666df8c3c
0,       1475,       1475,        1,  1944000, 718085c5b4478490b4f090cffeade6c4795e601a25145e2003da62f652573d33
0,       1476,       1476,        1,  1944000, 15e3d98a22e6a7373b353c8c2170ef2500e4bee7edfce8d8e0d6b2318cd20771
0,       1477,       1477,        1,  1944000, 02ec3ba2253651b1bd7ee5125fcb48599a2bb55cda275d1784c74868be179531
0,       1478,       1478,        1,  1944000, 7b9cbc81e52cc8cbd05f47c316fc6ede2fd7d0337a79f541ad4ea2978a2a844e
0,       1479,       1479,        1,  1944000, dbfbad81aa40e8d7b06f4eb938f345f3ffa1cbd792b9a079181137120cdd6b0a
0,       1480,       1480,        1,  1944000, 000bd8c9da98a1c7696b2ddf4b2dc29e689559e20bf3603a34c13378f6f40e55
0,       1481,       1481,        1,  1944000, 5013c2f64131f75d9ccb8f51cded23c76026bd9b6c7b4c4ec746a1fddf78602f
0,       1482,       1482,        1,  1944000, e6c666c0624d4e18e08526bf5ec86d0fb855c9ab06c26794b702fccb5e6f760f
0,       1483,       1483,        1,  1944000, c04a0e3c640c6d8adf1ac4a6304a863f923a8d01e091b9b6b52bf70bd43fe46b
0,       1484,       1484,        1,  1944000, b95dc06069646a82114db388b4b3474470af41457022a914fd1891302eba6066
0,       1485,       1485,        1,  1944000, b0278f0d4ce4d64018cf5347d9b4c63f22ab93cee5e6bfb845575c1eb3488078
0,       1486,       1486,        1,  1944000, 3b7514e36c25bf0203753b68779503189dffc863a87eb1e49fa7b0077995a9b2
0,       1487,       1487,        1,  1944000, 70ac7dcd3184b4dfb4f7c61f4ab3cef6098405cf21aecf78c7ed578977539d96
0,       1488,       1488,        1,  1944000, b8cab0bfdf25f103c0d13287a15f9ed37310e453b97df30d9d72fe19c271e54b
0,       1489,       1489,        1,  1944000, 299a26a5b147b6a61f90d88f0590dfafb91b161898b4081107bf6a17c4736bdf
0,       1490,       1490,        1,  1944000, 2f0830476377d59eba893cb6dd2efe28070c74c670a8ce7093fecbc134d5dcb7
0,       1491,       1491,        1,  1944000, d46bdeb84db5cbf884288168734da01c2e4b903284b8d4fed91c2f5e1af4f1b2
0,       1492,       1492,        1,  1944000, b991eeea77328accc7b5bba4fc688472ef79f535e4f48fc38c8b066696a44584
0,       1493,       1493,        1,  1944000, c449c6f0238d711997e3997c0871492d21c0b8352f8e058d9419c9e9e21489c6
0,       1494,       1494,        1,  1944000, d3f1f2b8dba08e50551af7096a914245786d5ead25adc118e1aaead9fc172805
0,       1495,       1495,        1,  1944000, 15daefef0d0b8bdc1e1c4882f6b2f60c0193273461676ca5acd48d6416ff55cf
0,       1496,       1496,        1,  1944000, 7533c54dc7c20647be6c8291e7b9f200fc5e89bef3fa28306fac94ea6610ec84
0,       1497,       1497,        1,  1944000, 78b70d17dd111fdd8275444799ac69a0a084b26332458eab5ea5829b9a194dea
0,       1498,       1498,        1,  1944000, 84f3f911cb32f695406c3728c5250d13794ff36e39c519c949fce8d3cc9b5e03
0,       1499,       1499,        1,  1944000, 55d1b7dae3620354587f8e3da227766b50aa41ce02c119eb51879bbf3c6fae9c
0,       1500,       1500,        1,  1944000, d71ed50fd59da63feb97e97ba7b6e53227992f980a0cf3387b69384c08d730e4
0,       1501,       1501,        1,  1944000, 30b9e4ad947b0e5cff2885a5fd2d737cace3f5b67542fb87c555907d607b011e
0,       1502,       1502,        1,  1944000, 69bf33f35267f3068e7b09242a8cc50ba56d2b22369bc8907a559c871439e7d2
0,       1503,       1503,        1,  1944000, 6f2b598220e8d87725595485e40a0fc17dbfc03a1db6e7f19ab955ea4cbf41ca
0,       1504,       1504,        1,  1944000, 7a9755cebf451bb72f6f81beafb2b6c4ab3e65932b2d8d4190e193653757ff5d
0,       1505,       1505,        1,  1944000, b76bcdf02108bc3463a9c1ae1b883bc5d8056ba7cc34894cb287a8a4838b13f3
0,       1506,       1506,        1,  1944000, de196aead2fb391d8c92f843174d41bbc3c60a2793bab41717039c3d69945434
0,       1507,       1507,        1,  1944000, ce16a7c1188d34809e926df02070692a86be46a5a3af572043a4c5df4e722c40
0,       1508,       1508,        1,  1944000, 368b0dadee21f04ec5e3d936b497f294e078d08715fc3850daddf388b844e7ac
0,       1509,       1509,        1,  1944000, 05df95ffa112956d3798aa78791753b0cffb3ab4ccae23db050e39d91f4b94df
0,       1510,       1510,        1,  1944000, 35b5933fe6b7f29d8ad5f43a3c84e124ad61cc5d4f564b99b36f453bfb658b2d
0,       1511,       1511,        1,  1944000, af561071db4b185a5697e76a56937fc28115cdb261a705f53f4e4e8adbb09f27
0,       1512,       1512,        1,  1944000, 4044a9d7413b0476ceba614260643bb440f3b097f972ce1cccbf2f4f3b5c4414
0,       1513,       1513,        1,  1944000, 3d33b2ca477458fd1a7fbd7c2ca0ecc6def59cf942c420d311bff305ef0a8d3a
0,       1514,       1514,        1,  1944000, 4a803da93e7616033f41978233ca034b0713cd8656bfa403271652aff0692276
0,       1515,       1515,        1,  1944000, c34b8265e32ec42053cedc7d1d80112ee675737a7db14c6a96d2de8cf474faef
0,       1516,       1516,        1,  1944000, 64976248b4c113e297e73947d7973dbdc890d8d19503a25178fc5e349dad1006
0,       1517,       1517,        1,  1944000, fb81e5e410b74b7ca3298c5ea0e7707d88832eb07fbd2be815764d709a4547a4
0,       1518,       1518,        1,  1944000, c3b125aae330abc5e0e5502ac9d165c001c47c890736e990be5aabc7a21eeb4a
0,       1519,       1519,        1,  1944000, d6ef0122982b16a319e6c66e803b73cea07ebec03cc62661fe16a2c10de9e415
0,       1520,       1520,        1,  1944000, 583281a6c22de907ceabd30c07089a90d8f8425f692f803300e74231d18193d9
0,       1521,       1521,        1,  1944000, 48b20b6301141094ee5f0a5e83153a41c36122e06a7e867cc5117deff24ca913
0,       1522,       1522,        1,  1944000, c75164946900dc0e053b091c7b546c7b7186dffcf0acac92a7599fd864cbc4b6
0,       1523,       1523,        1,  1944000, 38f8cea4163cad7c27802029d9d260aab329746832744a1b2e7b3433d38fe187
0,       1524,       1524,        1,  1944000, 6e4ea9302b806592fbd1171e95b6f286e9c9d22b26609e2d729f63a9f1b635dd
0,       1525,       1525,        1,  1944000, 215ef1d1d16daf1bbbf222d466496df65dc5684f3c282de1b96f6acecbbc595f
0,       1526,       1526,        1,  1944000, 0f2c27d91061ef8fbd3f47feeafa5587d8bf10e741d737ac0c5d4144aea874b9
0,       1527,       1527,        1,  1944000, 588e414242c49c646198c090b6e13dfca712f03534e3b003764b9deb4d3293bc
0,       1528,       1528,        1,  1944000, 152b2edf3871c45334c2421adb9887052bb71e3f256abd74e35b27aa884f3f69
0,       1529,       1529,        1,  1944000, 6d25841f884a3f2ada38d2fcc4b6d35a62c7abc17c76191ca8106375aaa9d983
0,       1530,       1530,        1,  1944000, 87f819fa77cb7fccc43129d662c31cb4bdac27b5dabb322edd98b63c5052b5a5
0,       1531,       1531,        1,  1944000, 94775cbc2b7398d928e43d2666557bdbaf97ce6d5643adfe1b3f5545b8e0cac5
0,       1532,       1532,        1,  1944000, ddf15ac79827f1ffbcc25b56452c87458c6ead48222a13b7b0e766be9f7ba5a6
0,       1533,       1533,        1,  1944000, f1c6bc47da4ae90e070aee2cee73c1a638fdc6e36f517c5dbc1d355b22cbfe21
0,       1534,       1534,        1,  1944000, d9eb0a9a5fd1d3cf12803f812605927751a36370b2ccf3382642766d1f4cdb28
0,       1535,       1535,        1,  1944000, 41b6f1d28a3ce2769ab1a04e5eaae453f6bf9ee00d550887804c83447f182469
0,       1536,       1536,        1,  1944000, 07418fe1eb10e6c05cb49f9e5161536f304ba29138cd86a21b07568bb3bd0737
0,       1537,       1537,        1,  1944000, 4226af3f8e63ccd1e9048ab1d8621d5162787b270d5b635419ae1c7dc8a86f91
0,       1538,       1538,        1,  1944000, 66a88f902a46bc0eb4253f87120e61e05260b995bd22911b5f1c122bbf65ab3e
0,       1539,       1539,        1,  1944000, 17c68febe69e45d29a02ef80f825215768f7d88e67dfd5092354bb16a4cd131c
0,       1540,       1540,        1,  1944000, 6eb4e7c4123cda94fd4ed49b42cc6847fc1a18df81be34f603e9da2a882f6f1b
0,       1541,       1541,        1,  1944000, ed487d4a466b29cf907932d789978e8ddb7fed61683dbbe68ecfcf9f377eda98
0,       1542,       1542,        1,  1944000, 15cff1cbfeea6b70cdd01f905a67ad86c840c58840b605b36d5d8308630c5b2f
0,       1543,       1543,        1,  1944000, 8712236553643ef02fb2aba996d3b7e42ff999b510ea3b190c852a8d39386748
0,       1544,       1544,        1,  1944000, 87ce54d2edd889cbf5188cf5df6649aea454fb8ca735ae271a891dc4efa67791
0,       1545,       1545,        1,  1944000, e3d2fbfb5ede59c3d6d90df3438751e07c66b4126d841b2d6883f80f6f80ee38
0,       1546,       1546,        1,  1944000, 6e88ceb9696ba2dc12220a23cb393c70465d20e8fb150eb9699fe007ae11e016
0,       1547,       1547,        1,  1944000, 4df1d427642585124f9da23a962677a3dab91bab55c409de08b132c61bf787eb
0,       1548,       1548,        1,  1944000, 057fbdf03ed984d74ba6be65236dd52f937d38f4386ccdda0ebe66ed12987dce
0,       1549,       1549,        1,  1944000, 6618b78c2dba2b00c28e33e52674dbd5441c945638e8a29588068b91bc660dba
0,       1550,       1550,        1,  1944000, 9fbd93c8d941ed5b018d7db4dee0911163aaf5aef09472f905f08288fb07419b
0,       1551,       1551,        1,  1944000, 532c6bacc9cb1038373509579ad08c6d3fd67fdc55def18a6af2354a0e3fa69e
0,       1552,       1552,        1,  1944000, 414f931c656e6650638513d43e925b6884b646b3223d74576674dd0a523ecd83
0,       1553,       1553,        1,  1944000, 0974d8612e3c82ca1e47af6ed8b819b57e4d116cf292af596a456aba71b8d1a0
0,       1554,       1554,        1,  1944000, 305948877d073943024d3c5be5e1974930d17e04cc349911b7739238ed7ea386
0,       1555,       1555,        1,  1944000, fa91ee5fa9b360afe900191164cc45f838ca0c4167e8c3f38045dfa322c45c0f
0,       1556,       1556,        1,  1944000, 4d646fea14fcc2dd7a355188f67bb9b1fab36fa7e05bb60704c69a171614318c
0,       1557,       1557,        1,  1944000, 63757b5ab9e6fb4162966a1c1ffab53006f1dff4b2d4e050470451bba9a93f72
0,       1558,       1558,        1,  1944000, dd4724f946eaed89ad635e66e3ac70c5e01103498b62abcf455b3b4e7706f205
0,       1559,       1559,        1,  1944000, dd4724f946eaed89ad635e66e3ac70c5e01103498b62abcf455b3b4e7706f205
0,       1560,       1560,        1,  1944000, b9b6462014b09ee89c317bdce79e9d0a5367028045eaf6365a9688a78c9ec5e0
0,       1561,       1561,        1,  1944000, ac3ec59b5bcb415d392ce61ef15d6f0cc3cf9a26b138a7e080e09d03f57d73c4
0,       1562,       1562,        1,  1944000, deb136eed93d1f206d0cb0d025a257a82c6192f196331bf8e1dee6f9825acb57
0,       1563,       1563,        1,  1944000, 7ae6c862a08ee243b823e4e93989879f4b32edda70664ae07bd9d19a98e9b107
0,       1564,       1564,        1,  1944000, eda87c7c375222619620a657090f28012288797751e4c751c025b03ba286ec5a
0,       1565,       1565,        1,  1944000, 24bad4b303667de10cdf95ade55bde4563e0ace54e77fc8b10ea8208d12951c8
0,       1566,       1566,        1,  1944000, 36a7f4816d81b07099ac30128a71891d2420080174609783dc03b1c39b816518
0,       1567,       1567,        1,  1944000, 35f00589178357cbeb40eaa08515a520a271fe59a65c9a48b7c42ab254a6f383
0,       1568,       1568,        1,  1944000, 1509089de7af02e7c23ef472332a9234cb8b37fd1d31978f5cdb6ba22f742a3f
0,       1569,       1569,        1,  1944000, b15be702143bc305dd5e47c9be9bae7a53a655a97477972af968c26abd4df335
0,       1570,       1570,        1,  1944000, dc65972a7d4a518c28e5e852d0c0d09ed0a708a6febf2223b6c4d25622c6c4b8
0,       1571,       1571,        1,  1944000, 2046c964d43bad3a35e78116c0ffc97c5a90753d786666c0392138b6de98416c
0,       1572,       1572,        1,  1944000, 81f0478a78d939dcfcdc01490d06bd9eb3f235a49ac50546addf0e565aac10bd
0,       1573,       1573,        1,  1944000, 51923413fb6ded3c6d49e5b3ee4f219764201fb120033cdf34e93530a530fe9b
0,       1574,       1574,        1,  1944000, a44ee75585b4cecf8e533090aa57bb36e0543b5311301e32daccd8696d298067
0,       1575,       1575,        1,  1944000, 6bc0df62a397f3848be3835ab3f635f6338d04328bfe677bec9b955e22f059ee
0,       1576,       1576,        1,  1944000, f9b4ab241ac43259dfd9c61196530c12990916286f9dc48deb199353ae9c8fb4
0,       1577,       1577,        1,  1944000, 50ac9722059a5788d3d49230f7af60f6c9dd8e21a67996eb29552e18f26efaff
0,       1578,       1578,        1,  1944000, 512d7ffc1bc07f6ee833cac8eb54bdfe0656a5e05b0fabbc44f430489f62493c
0,       1579,       1579,        1,  1944000, 7539c00092a71df5ce5dc461077e1a8c745dc0452a3a7f6856351c2b60912751
0,       1580,       1580,        1,  1944000, 2d3bbf69a243691a6a3c1584dfaedcb6a855fc6b84fffd6caf27ba62a6ea776e
0,       1581,       1581,        1,  1944000, 8cb8cbcc91ce9d2a174ef27e18d06e04b5f7e9b3f9cea27c064e4a73d8bb8f19
0,       1582,       1582,        1,  1944000, 38fe9a403495b894a235f067777a183a5078328231c30b0ebb34e02c41b9cba0
0,       1583,       1583,        1,  1944000, 9e9f4b00c096d04ff8d6a5612fb166cad0dd1473149480ce6920a523744006a6
0,       1584,       1584,        1,  1944000, e12cff67c3b8719e236770d7b33fbac6329aa243078a23fc08233bdd58aa2108
0,       1585,       1585,        1,  1944000, d9aabb7fea8f4ade280f25abced56c691a86ed7f09f7eec104780a232b3ac8be
0,       1586,       1586,        1,  1944000, 7072cf769690574daf720530ae08068dc9f75579082cd0cb659329e4176fcaf9
0,       1587,       1587,        1,  1944000, 9706628110fb2b2d0c983099f122d239be97918ea8865fc56687eb4f42a65ac8
0,       1588,       1588,        1,  1944000, 84d83c35113b7f5b04e97af15f781e35b9e91662221ff4b560a841b40f6544fd
0,       1589,       1589,        1,  1944000, ce51296a310e28de89b6e79187a1b52145e062bbf2a259bf45ee4445afbf4731
0,       1590,       1590,        1,  1944000, d61e93d4bab43f4e9b1e0bbe6a1abae3201d5125d99a1bf518b8c684af014cfa
0,       1591,       1591,        1,  1944000, 7cd1d1852874dfd30c331eccffd8aee517549a9575c710b2eca5ea471f2926b9
0,       1592,       1592,        1,  1944000, f4c2dbd474b1c2528470f86203b26c483ec18a03fb4516d31a683495a1569f57
0,       1593,       1593,        1,  1944000, 2934e74d5c7f0ef9b7c9b4e25596bc698dcf4bb6c3e6b8dfea0f27c806484096
0,       1594,       1594,        1,  1944000, 70b788050aced510c7a332198230e5a53711baac97bb6aeebea27788d468adf4
0,       1595,       1595,        1,  1944000, 58680baa88ffa9800207873b890a57b57fc10006e4e1a2be5807aa1c29f62d55
0,       1596,       1596,        1,  1944000, 7e28f4e6f6b113ae0b475d0fb3923d7f13bc142df66d54975d7fd67beed84194
0,       1597,       1597,        1,  1944000, 3043809fe69a3eb2fc8d06a2b1723b0077c03864578dece65e0194e26d9debf7
0,       1598,       1598,        1,  1944000, 54969f3e90b72ee1993a9e7b678d122664907ef3f87bee27f4d0a274bcdb95fa
0,       1599,       1599,        1,  1944000, ab71b5348ef07e02d12f4914fa03154012874cb2597c3708905d6732faa133d2
0,       1600,       1600,        1,  1944000, a48e0b01c4b599037cfe4df1e84b1a403bdf6b9b119d90745a3efcd7b2c96e7d
0,       1601,       1601,        1,  1944000, 5e1d90f9ed375fb5bbe634611829c1d51441f25a76f34ab74d641e5debc2fbf4
0,       1602,       1602,        1,  1944000, e45711bae1b96f9a8b0f852d0104fd39e2575b0851cb7dd1e380c6b4bad79631
0,       1603,       1603,        1,  1944000, da34414a8d06222ac89e6e79196fb08ae9c1b560cf27807c7ee1ab96db460e96
0,       1604,       1604,        1,  1944000, 9cb7dd5d022bfbebe2135fc28785e0bbba9c6e31ddc2a3e5abf187744e1452e0
0,       1605,       1605,        1,  1944000, 53a64614e8f2b9052c1984429bee1798c95e71b76f31e7ec0a9519ecf1a1f9c6
0,       1606,       1606,        1,  1944000, 27e5e84224a5e5e4085d1ae58c7f910b434d7a35063322e6b1a8fbfd43f1dc1c
0,       1607,       1607,        1,  1944000, 4e6ea067cabdd8681c5c6d733877eb15dcd26afce90996178156203628830c83
0,       1608,       1608,        1,  1944000, 99278eb89280828ddc5c8ab9f94d2fa4806d39f40b2630191657985c48229c39
0,       1609,       1609,        1,  1944000, ef0f9a6e7206dff490290387cd958b869efd6c02bb0ae7af054c9082edc03d11
0,       1610,       1610,        1,  1944000, 499087eeb2b2cf62065a14ee21e9b02df9185c8a08bfd0b84b4c615561b5c08e
0,       1611,       1611,        1,  1944000, 499087eeb2b2cf62065a14ee21e9b02df9185c8a08bfd0b84b4c615561b5c08e
0,       1612,       1612,        1,  1944000, 06f2886833ed0efff164d2f8f5767be0d93507f4e4f69e4f95d49c76cfda0da4
0,       1613,       1613,        1,  1944000, e301ba2febb641648650d4995f88b2d10aa2860ea4a34de2f4bffa489bf52d44
0,       1614,       1614,        1,  1944000, ec4df0ce5652382e1ea136ef8b14c7f16d11c41ee1a5ce5922b8960ab70761fa
0,       1615,       1615,        1,  1944000, 16629c429c0fedd00cc04c1195a7e274b2e7cfcd3b0f2adb35dde5578c4f002c
0,       1616,       1616,        1,  1944000, 2017717ffed42c49a6bd093a7ff979ea96075f70a094186df537ed17bbaef46e
0,       1617,       1617,        1,  1944000, b9cca950c311040d91629c40bbc21cd4b3bf7a118f36ce63a8c5cab94ba70b3d
0,       1618,       1618,        1,  1944000, 942ac071fa6737f2e1ac3edff0876ab4fb1db5682f46141c7d513aca869b4b3f
0,       1619,       1619,        1,  1944000, eec07eb05492168e728a23fff62ed6981e145bd8e7e5fa9d92b8c0ad24c3631b
0,       1620,       1620,        1,  1944000, a05c23fd0ee52b40ca75592ac2516807fb1ddd69efbe5727344ea1fe44a55c0c
0,       1621,       1621,        1,  1944000, 003896e2715dc8ab6c683090fa99f03710788d50c74ac14b8b76c5bcbf6d1b1c
0,       1622,       1622,        1,  1944000, aa92e8cd3133cc37938e1f62d74838ec4a91a4e1c736bb5ff0503b3c36d91516
0,       1623,       1623,        1,  1944000, 973d71cb8d8677653c174ecaad401a711b95d4a81479300cd50093b2c598f093
0,       1624,       1624,        1,  1944000, a39ff2eaf2725822c142f59d5eb45451f4a4e8b9a99cb19bf76960e68c39dfa9
0,       1625,       1625,        1,  1944000, 84b0975c5dfc1b89f8b96e8b15ed6bfc7c44d49830a79891c596d5ea2d19cdf1
0,       1626,       1626,        1,  1944000, a16a074b8250d6694f962bab94864aea76f411f059820ee66698f8b1cf08dca5
0,       1627,       1627,        1,  1944000, ff7f2358676cf7e4f4a2e2da97531aa70f1aa0a8642081a1e283c9e18959d969
0,       1628,       1628,        1,  1944000, b832d8b2b40bd64caeede7f4ef33c563bb0e3b4e5a63531fcf77c58a228487ac
0,       1629,       1629,        1,  1944000, a29de6164222b25284768ca1f7aabab5e4ad8195126e67a21f4729adfc35a24c
0,       1630,       1630,        1,  1944000, 33c681cb973891ef631cd1e5a27ddbbaee89ece954b6d6d83e5286b9dabda1f3
0,       1631,       1631,        1,  1944000, e51686250c8f4f7d67bbbe82f38ee0817f0385314b5a43203e5c082beeec360a
0,       1632,       1632,        1,  1944000, c76dc3222238ad535bb4970cde1aef29ca297456df67511e820e0ebe269099ce
0,       1633,       1633,        1,  1944000, 8e11ca59e5e16f72755ca90d29c294d0ffcc32cd9bf7c892df5c459beeeb9f42
0,       1634,       1634,        1,  1944000, c309e7ef0c33cd2b8f79cb6ea550c944e533a2fe159808ada66c9361c881fd62
0,       1635,       1635,        1,  1944000, eb85bec03b95b8e5efe704016380e1170be5025048ab99d66553df5dba1716e7
0,       1636,       1636,        1,  1944000, a5022413a37e978ffa42f9751c1b25545dc37b23e5e883598ab52718182cbf3e
0,       1637,       1637,        1,  1944000, 4fb56c7b0d1695e1ea956afcb169d6b77cc8a85158701cf66202694ecf3ea4d0
0,       1638,       1638,        1,  1944000, 032f532ca86c0569e649a1b71274b5d61360af9d816068d437d188068cb20d7e
0,       1639,       1639,        1,  1944000, 1f80c76594fffc9ae5c8fc8ec44ebc535718600bc69c799485541f289e798f43
0,       1640,       1640,        1,  1944000, 00121dfdaf86a124e69d1d1613e911ebe4e98d8fa5c3f2da4bf87cc0237e3f15
0,       1641,       1641,        1,  1944000, 6a317dda4af3701647f2178c3b520d292e5e20ba6147f6594d707548f23b9992
0,       1642,       1642,        1,  1944000, 8f7fb95d4d891d03fd08d3f2213486bc4185bdac3eeb64b8875e4091e8351235
0,       1643,       1643,        1,  1944000, e434a51ab6e61192d59d7b93b714a56f42dc315184ce771429e49fa4644d8d49
0,       1644,       1644,        1,  1944000, 75813c79f5dd3d1e4ca6d73161c5d807048027839c950b98a083be434a650021
0,       1645,       1645,        1,  1944000, b8f7b2924831cfca57c13932880ec13dec91e1a5d4688de5d97c0117f8f87007
0,       1646,       1646,        1,  1944000, 644eb770fc0e76385eaa5f6fa9e900b1a1f9b462dbb341517a62792406511bf9
0,       1647,       1647,        1,  1944000, 44223bc7a6ce49d897d91875318510c76cf29992eda0a34d90d426b16a4c4998
0,       1648,       1648,        1,  1944000, 7755d59b1354ae2fb0c5bb5da946c66cb17c0b9a64b42f1519abf488fc510208
0,       1649,       1649,        1,  1944000, ced86134b4583f89bc9e853b08f851ae74044ffa809a5ac0dadbea537c9e891a
0,       1650,       1650,        1,  1944000, 0310cdad57e53f1e0aae183e5f548ae8b2991f507e17e5b6ff9796a216b0b54a
0,       1651,       1651,        1,  1944000, 81e1fd8473b3cb7662224bb4081bdc6f1c99123522264c7663727ce05210cd70
0,       1652,       1652,        1,  1944000, d4bb7fffbab42214723f3c9cca704e0d2b12363288d1a5274559d4d836514791
0,       1653,       1653,        1,  1944000, cc4b0604b662c8d11391ff6b697fec0e9dfa338be4aaf3fbe93ce0b1f7e7ccd9
0,       1654,       1654,        1,  1944000, 1760ecb740fd23a2c989385de6129f9c152c0f13fb656799e0f05848ddcea845
0,       1655,       1655,        1,  1944000, a5bc5921e6c0f922ac5b0e540cedffba8fc7767786f9f0b8c4f793f4a9b3d453
0,       1656,       1656,        1,  1944000, 1da036cac76db42fe09226a6c83d9802cf58798ef2cbc65a6ac3cfef3bb43336
0,       1657,       1657,        1,  1944000, 0d6a8d513eb2d2a03c62a33e7284d953b0d61129cae74412df81498f0c09cc6c
0,       1658,       1658,        1,  1944000, 7e89c2d161b3d7b4445cba2044ad9dbf10350b0b2e1639b8619f4f629833c2e3
0,       1659,       1659,        1,  1944000, 0e6126dce304a5da8add405c65d99ed563066dc826cc6ce8a7752866e4f280dc
0,       1660,       1660,        1,  1944000, 7b2a0272caf7846af93babc7b58b91e9b43a8ffab3410568eab9163dc7812587
0,       1661,       1661,        1,  1944000, f9787e0e84e455b90bfc74fcc0ca898d1ae2d7fe684500f5478d92bdb3c713b3
0,       1662,       1662,        1,  1944000, b84ee28a619049e2b9e3392a5bb5f4bc8f37ddb7bccb3d123c34a7c2c1788110
0,       1663,       1663,        1,  1944000, d9b5b07fce0be7f539c4e4da67d52ab72a0d87be280c4d77a4d8c48829dc67ef
0,       1664,       1664,        1,  1944000, 2dfd9cae24c21ab1cf67f6d5e2401e15c14fe3d684b03c3f415e0a5bb3a44f30
0,       1665,       1665,        1,  1944000, ad2bf81faddce9f9b8add18e7daca16a287f54bf25faaeeb28f7ce8241be1272
0,       1666,       1666,        1,  1944000, 7013c6aaffc5f5847afe4f54fead047f6e1ce7250807987ca76b516aae4659aa
0,       1667,       1667,        1,  1944000, 08c2d54a5dbe0256f00cd4650ea9051cb503343f3191f4c8cd98ff847d984b8a
0,       1668,       1668,        1,  1944000, ac0c568e096577a5dac70281ffc76bf98a0351dcd5de66601c0c69f837f64a16
0,       1669,       1669,        1,  1944000, 700d26ccaaf357daeb34c53f0bcbbbee1d330e80e265c08c3a6b3f5fb4bc5081
0,       1670,       1670,        1,  1944000, 8c450dc2f7db0cd807f7d13ce411f64ec913f1e9af51cfd87c48aacd97ef7031
0,       1671,       1671,        1,  1944000, d9c3cd3c00462ce8a74cc4a90b9d6d95325ebeb3dffdb942b40af34c1993510e
0,       1672,       1672,        1,  1944000, aaf7a2032c41cf410f968381a08d6f04c9c86afc60b1198bd18b71cc626f9a46
0,       1673,       1673,        1,  1944000, b38498801d212f08dc02d06588cb7c3b788cad7338b2bc67577a871bc81cbccf
0,       1674,       1674,        1,  1944000, 9177bd58501ed2281086ed7aad5fb112ccf8e50752801b582ce1a563b391ab4a
0,       1675,       1675,        1,  1944000, 9af2d852cbe2234710cce215590d7e8f2c0596ac6f432992fcd61551cca47162
0,       1676,       1676,        1,  1944000, 5a04eac93edf28ac3b1383b9af0117cb90ee0c007ec492696b4b49c23ff10935
0,       1677,       1677,        1,  1944000, f78a3816155722d3875ee077ee2f21b130a7f05c6aa8b336f2bbad8bec091e21
0,       1678,       1678,        1,  1944000, ba9c9a32718b578b53c5e92b2818e19e66eaf87cdc41573a6c2efd9c06e0bac8
0,       1679,       1679,        1,  1944000, 9521b780d92e550d9a7c880807d6881513989bf2cedc087861e994164aab44ee
0,       1680,       1680,        1,  1944000, dec5681abb27eceeaf5abdfa9448bf481035da1e6c1acb8ad0411dd0151a763e
0,       1681,       1681,        1,  1944000, 083281ee6e25339301db93bb8dfeb3d55988fc6e1e27f49194fa6bea184e642d
0,       1682,       1682,        1,  1944000, 41a4df043d6f513330db8fccd52aef68a43e9c90067c8d9c2eb851205642b77b
0,       1683,       1683,        1,  1944000, ef176ddeb62eb94cc157fb1c60b0f91e85d89020115c51aa8bd63e779fa39112
0,       1684,       1684,        1,  1944000, 08b234df22142e6d6625c278971201ce5b8f2dc37415cf62585751867b2016fa
0,       1685,       1685,        1,  1944000, 8e6f48f2327ee26999d2b4fcc667b9e6e0f9ee8076a880a1c61a7b9f163e6b32
0,       1686,       1686,        1,  1944000, 02fd8c32c44e82e6ae596f1a37db176ad1ede2c24d5c1c6e580ff27a4a4c800e
0,       1687,       1687,        1,  1944000, 99a1d9b7954afcc1327c2684ff58239bef00c4988c442ab8c6f4776b515d73d3
0,       1688,       1688,        1,  1944000, 29c92ce8bf75e5ebdce35cf44b29865f846c5f96cc4759b9727953fae60ded56
0,       1689,       1689,        1,  1944000, 71950fc12910302f3ef0558b5bd8036085118f3201d9a52752d9f5b648d441e6
0,       1690,       1690,        1,  1944000, bb08030b0d3d883941bcae95310fc7dc679023ccc1b9a68024f84e4f4bedfa11
0,       1691,       1691,        1,  1944000, 61987550e7ed03144ea92bec0e9fe6ba4b8d921b2b0a4488f8c0da70f8da140c
0,       1692,       1692,        1,  1944000, a29341fdaaa56ceeb4ffa399b360ab986ced64e982d10a88ecf2445098ceb67b
0,       1693,       1693,        1,  1944000, e239c786ba4df04a8b0e8540b920295b66b8d57e629ece4ead71a4ae314084a0
0,       1694,       1694,        1,  1944000, 1db8b35cccd75fa894913f5017281d83d1e06fa578b39c48f128e80262428ae0
0,       1695,       1695,        1,  1944000, 9c6afa59cbe2bc7d25d390502b060e4aeafd595bfcac47d7e1699cee6227dda6
0,       1696,       1696,        1,  1944000, 0cdbb5b45e88f976897048be5c4278cce7ef97257de95a7a8f1bc50d91d850fe
0,       1697,       1697,        1,  1944000, 71bc1ea900793c2def2a5baac8a2acace5178e311bb4239c829e950c97341bc0
0,       1698,       1698,        1,  1944000, dc06a87b24d0d6d2ec557963eaab0080e7cb848f43a4979b28ebe1b919cb0add
0,       1699,       1699,        1,  1944000, 41b198fae5007805f8cb12f2ac95af110bcc13059082ab5c8965b080034e77b4
0,       1700,       1700,        1,  1944000, fb7a21e5ade69363aaab2a4b98976dfbbfdcbaf901055db336264e441cf089ba
0,       1701,       1701,        1,  1944000, 3addae7fbeed0ff0b32260be434f0e357455f26e0534a78e0a5354680a3950e9
0,       1702,       1702,        1,  1944000, 955fef4ecd04174bcbdbde505ba1ed3a80a4fa6ccf4a76718519902ebaf68560
0,       1703,       1703,        1,  1944000, 955fef4ecd04174bcbdbde505ba1ed3a80a4fa6ccf4a76718519902ebaf68560
0,       1704,       1704,        1,  1944000, 5b14f973df0fbe33c892da941cbc993fc6d3e4b71cb7856aa0ce543f975d8ac5
0,       1705,       1705,        1,  1944000, 9b5330d53590dfa922bc00cbfa65474d3e2e5aaf10bc4abfc0bbe98c62ae1cab
0,       1706,       1706,        1,  1944000, 67b358affb42644f5b8be27125308531f8edaf32615622be213fad67491ba787
0,       1707,       1707,        1,  1944000, 67b358affb42644f5b8be27125308531f8edaf32615622be213fad67491ba787
0,       1708,       1708,        1,  1944000, e4dcc0e7f37a429196a8bc900f376f5bd52fe41cc55798612569d5747c25794c
0,       1709,       1709,        1,  1944000, fb5b5f61489bcd7f79abc4fa1ed8e04cc77d431e177753ded3beaf9d1397b3cd
0,       1710,       1710,        1,  1944000, 387147a4e2b5b9a3a5574b50a320b9d44b30afbb1dc4fb3610fc5e6755947533
0,       1711,       1711,        1,  1944000, b33ca36d876d5690f4470405d0f97e32cac02c468767ab507597e71d24e948c4
0,       1712,       1712,        1,  1944000, d1b17b784cdafd40e7504d413b0eee65f42c73053dfb3078424e4e10428ee8b4
0,       1713,       1713,        1,  1944000, ae1af7627c4f9efdc019184b3662b25cc6bf0b01743fda2ebb5d51951914cf93
0,       1714,       1714,        1,  1944000, d3835a7305879f7d209f8a00150d6ba89a8ad510a9bb9bfa9e42731b72244432
0,       1715,       1715,        1,  1944000, ed4b7f899b74a612d4d7563de516985dadde6e4bc6b9c6985332ff0e6e25b2d8
0,       1716,       1716,        1,  1944000, 20e78e1780679c7dbf32c87971144a1f580906c99430be40d88db069f6212864
0,       1717,       1717,        1,  1944000, 5b16d39020995bb57e266365ac18848381487d334c0f6b7d805e1a139952e042
0,       1718,       1718,        1,  1944000, 6f9bb3bf53df75d8e47813ebde2bbad460ddf59e70a729c6b27da61b7330c040
0,       1719,       1719,        1,  1944000, 6f9bb3bf53df75d8e47813ebde2bbad460ddf59e70a729c6b27da61b7330c040
0,       1720,       1720,        1,  1944000, 1e23db76db50822bb3e83d77ad80e7b001421a6d1c2df38aacc2246d4ee8fbba
0,       1721,       1721,        1,  1944000, 3425e4551056624f4308f68844933362baeabe1c473fb46da9b73210487f8b73
0,       1722,       1722,        1,  1944000, eeef67fda10921634edec9a1034b955320626918a04f78598cb85e15d35b3592
0,       1723,       1723,        1,  1944000, eeef67fda10921634edec9a1034b955320626918a04f78598cb85e15d35b3592
0,       1724,       1724,        1,  1944000, eeec597e2d111bed5353750037ebdc9f326fe6fd1a8e88f100f25261dd04316a
0,       1725,       1725,        1,  1944000, 16cf1bbc29edb83a075e8ef3ffb430d114b6a77db4dedf232458217ff162e01b
0,       1726,       1726,        1,  1944000, b1b088b9b3307714775f05ca2f41e30c002553328fbe75a94680d79c450decb1
0,       1727,       1727,        1,  1944000, b1b088b9b3307714775f05ca2f41e30c002553328fbe75a94680d79c450decb1
0,       1728,       1728,        1,  1944000, f21d376521011bf660e302f31edbc62da241a4d735701fa72664c51d544c1205
0,       1729,       1729,        1,  1944000, 3f0a323b0d1f82173760ccf9aa554a0b32cea51d29da071330e006ab9ab47dec
0,       1730,       1730,        1,  1944000, c06c3f9996a4d4791880d94cf0c3d8e94f08d8dd0a1ade38aaeff16557cd4786
0,       1731,       1731,        1,  1944000, c06c3f9996a4d4791880d94cf0c3d8e94f08d8dd0a1ade38aaeff16557cd4786
0,       1732,       1732,        1,  1944000, 1d863514ec9240bb30c51be936086abae14f5d4c039955716d785b03a2e901a3
0,       1733,       1733,        1,  1944000, 3eff4b3e55ce14363581c72a0677bf1d77d1c53d156a59fa759f884b7076be02
0,       1734,       1734,        1,  1944000, bfa20f6bc7f18d0660706426bf03018ccb7a953452fb91e626eb566736c63b2a
0,       1735,       1735,        1,  1944000, 6a62fd4e911341b65240e560c39186bd1d290ce47335bf55e20172f2bc2ccbe0
0,       1736,       1736,        1,  1944000, f496cb51adc4c6e199a882c9bbfdc4d6e0853ffe4bddb6d548ace662fef0139d
0,       1737,       1737,        1,  1944000, 037cef58d60a791ee65d70ac0074a71ca30c8b98939212315c354c18be6a6568
0,       1738,       1738,        1,  1944000, a11cd3d49475332fb990f20428387b8d8cadb0a6960bac747c710befb46d18d1
0,       1739,       1739,        1,  1944000, a11cd3d49475332fb990f20428387b8d8cadb0a6960bac747c710befb46d18d1
0,       1740,       1740,        1,  1944000, bef9eeb195295a70b0738c2a8f47b054835b1b6176c85c821bbeee23844cb477
0,       1741,       1741,        1,  1944000, d71bec74dfb272e8ff282a3dbaa962ad5f1227d5f91f496f2d971b331cfe983b
0,       1742,       1742,        1,  1944000, cd8f308b7a50509c1d9390f29fed441aff03f754cd54d25e0c37a3c30dc30e26
0,       1743,       1743,        1,  1944000, cd8f308b7a50509c1d9390f29fed441aff03f754cd54d25e0c37a3c30dc30e26
0,       1744,       1744,        1,  1944000, e701ab926c8c3b8dcc97e390191ee69752be162e937235c2816091f1ab0cbd3b
0,       1745,       1745,        1,  1944000, 7d1147efc8288f4babe22291b5a15e8519c78b8349fc73f5a34b4d737d3681f4
0,       1746,       1746,        1,  1944000, 7d1147efc8288f4babe22291b5a15e8519c78b8349fc73f5a34b4d737d3681f4
0,       1747,       1747,        1,  1944000, 7d1147efc8288f4babe22291b5a15e8519c78b8349fc73f5a34b4d737d3681f4
0,       1748,       1748,        1,  1944000, 9118a584370922cb60135fb7ec9fb535db97cd7593f89b56aebf0c15783d223f
0,       1749,       1749,        1,  1944000, 2fec52620a540436e03482f9d561027e81c6b8778a6eaea6e3805d96960ed2e3
0,       1750,       1750,        1,  1944000, a62c8aa13c59bea12e73159708f97a973faae1a599b939e94573d15138ce55d0
0,       1751,       1751,        1,  1944000, 5eb2be49c64f3239efd8ec599940e113efbf84dfa41364684a1e3576de969baf
0,       1752,       1752,        1,  1944000, 7de455a6e5a384f62ba4e5f6186d4c7713e5c816a5842f1d994fc9bc5fce3744
0,       1753,       1753,        1,  1944000, 960af205347c4a58d73bb2b606ce686f29bc9e7005365a44bae4998c71495337
0,       1754,       1754,        1,  1944000, 70475b006342b9a141f9bc292021deaccc64c5207539d43f03d899e2db905749
0,       1755,       1755,        1,  1944000, 4cd53ceed587db84d3022bd1d836859d52b8e4a50a35cf771a5381f0b17b9061
0,       1756,       1756,        1,  1944000, 4cd53ceed587db84d3022bd1d836859d52b8e4a50a35cf771a5381f0b17b9061
0,       1757,       1757,        1,  1944000, 4cd53ceed587db84d3022bd1d836859d52b8e4a50a35cf771a5381f0b17b9061
0,       1758,       1758,        1,  1944000, d24208de6e5808b085fe829d7afc642cd352c0231bcf3b27b6b13f1b4df165e5
0,       1759,       1759,        1,  1944000, 173ef3a82403bee7380d30c890ed906988d47994b8f56b7c0497d052ba1bb294
0,       1760,       1760,        1,  1944000, 173ef3a82403bee7380d30c890ed906988d47994b8f56b7c0497d052ba1bb294
0,       1761,       1761,        1,  1944000, af1f9c69c0cd1c13ef0b631c6d2a5d5ef2c39d5ed63393ef1d164cd0f8f28131
0,       1762,       1762,        1,  1944000, 5be18544ca9521b1a2b981b2e70af0fc10d90d9ffeb406096a9d963c79d4aa5d
0,       1763,       1763,        1,  1944000, 33f047e4de00ad31e41091ec7f5dbc0f5d4abf1318406eb2274d448a6273be19
0,       1764,       1764,        1,  1944000, c14006aa923cafc333e7b6a3a4bb82bddf159e4dca16892b286727a3aa51f0f7
0,       1765,       1765,        1,  1944000, 89d1c7fbc99eaee505ad8479b9cf6b3d0c256cadf1b72df54af73c8de72f0660
0,       1766,       1766,        1,  1944000, cfad750a9e5d569f62f99f0e5cc32b3ff0053622d6dc0ebea4958cdf440fd280
0,       1767,       1767,        1,  1944000, 0bbe512b8f94862de380951961a939e6e40d0b2050f549f3de6bc8fc305e353f
0,       1768,       1768,        1,  1944000, 0bbe512b8f94862de380951961a939e6e40d0b2050f549f3de6bc8fc305e353f
0,       1769,       1769,        1,  1944000, 6a2974ee5566c129c5e02427822f678987a8c37a9b1645299628b37d634c6ad4
0,       1770,       1770,        1,  1944000, 1f9052e9f3e9f3ee7f83f433ce36195a64c4b8c45be06869df90110bc493dac8
0,       1771,       1771,        1,  1944000, 6a2974ee5566c129c5e02427822f678987a8c37a9b1645299628b37d634c6ad4
0,       1772,       1772,        1,  1944000, 6a2974ee5566c129c5e02427822f678987a8c37a9b1645299628b37d634c6ad4
0,       1773,       1773,        1,  1944000, 06c3d8dbaefe395a26404ef4ab418b0dfb9c5e7f05c302ff8287f6033c62883e
0,       1774,       1774,        1,  1944000, afe817e6fa376a56961a645f09032262c9f2860c388e46ee9c1f763ec10dfb4c
0,       1775,       1775,        1,  1944000, 06c3d8dbaefe395a26404ef4ab418b0dfb9c5e7f05c302ff8287f6033c62883e
0,       1776,       1776,        1,  1944000, b5257080417995c6edac0c4f460e8b39be8c1651a9bfefa19d22884e817cef4c
0,       1777,       1777,        1,  1944000, b5257080417995c6edac0c4f460e8b39be8c1651a9bfefa19d22884e817cef4c
0,       1778,       1778,        1,  1944000, 3e1cc6f8360a3c52fbef7c41070046553bd6c974fb8d3847275ba0194b051aa3
0,       1779,       1779,        1,  1944000, 03e19f6982ebf365669d7fad6b945464d907f4c150df240a1a6288d9f69851bf
0,       1780,       1780,        1,  1944000, 664101feb48e5c3224378635d329a4e6cfd6fd99c4c1e37fb8b1eef8f7d0b920
0,       1781,       1781,        1,  1944000, d160163416f864b9058ce64f58877fd85a8f29f87636a8ed29cf21990ea37844
0,       1782,       1782,        1,  1944000, b573e0c182cbe3b718fd424dd4dc4ca61cf205d283d1907bbcd6f811b18676b7
0,       1783,       1783,        1,  1944000, b0b3020c358ba8554ec5370509a99417d8495ec6e9be6a49152eee8c3c37c7fe
0,       1784,       1784,        1,  1944000, b0b3020c358ba8554ec5370509a99417d8495ec6e9be6a49152eee8c3c37c7fe
0,       1785,       1785,        1,  1944000, 156779cad2106fcd331e3155e6c8de61ac97ed941a0b78106dbc50fd173d9560
0,       1786,       1786,        1,  1944000, f7067a2da5eed1c1c1c6844ba7513dd61d238c1ac4287a52908854fe1df1b741
0,       1787,       1787,        1,  1944000, 156779cad2106fcd331e3155e6c8de61ac97ed941a0b78106dbc50fd173d9560
0,       1788,       1788,        1,  1944000, e317a7ee3f6de9f9e38020eeb3f95b1d13a0451d4d9b673f2ec6fb8e08f7fc88
0,       1789,       1789,        1,  1944000, e317a7ee3f6de9f9e38020eeb3f95b1d13a0451d4d9b673f2ec6fb8e08f7fc88
0,       1790,       1790,        1,  1944000, 4e56653af054417c96bd9bbe076f222c8c3d57430cd221f81cbb7c21ac1857c6
0,       1791,       1791,        1,  1944000, e317a7ee3f6de9f9e38020eeb3f95b1d13a0451d4d9b673f2ec6fb8e08f7fc88
0,       1792,       1792,        1,  1944000, 7029dcef7da49884f7cdb2bc5b397560a125d5213716667cb2e1de021e8ab1ff
0,       1793,       1793,        1,  1944000, 7029dcef7da49884f7cdb2bc5b397560a125d5213716667cb2e1de021e8ab1ff
0,       1794,       1794,        1,  1944000, a97662a26be49fcd048c5682762332bfe325ead5476606b114c7598025e09d2c
0,       1795,       1795,        1,  1944000, 9a2dd99fdb066c359828a8ad5b0b79ccdbc39ea7d812c27c8461f5a38d9ebe79
0,       1796,       1796,        1,  1944000, 9a2dd99fdb066c359828a8ad5b0b79ccdbc39ea7d812c27c8461f5a38d9ebe79
0,       1797,       1797,        1,  1944000, 82c68b701559fda656cb2a72bf79a36f9cef8341bd5fbbfccf0c853b27f847d0
0,       1798,       1798,        1,  1944000, 4d4edc95c953503af9f1173b34d7a59b6f549694b87945ee6cfddab050b2a8c4
0,       1799,       1799,        1,  1944000, 82c68b701559fda656cb2a72bf79a36f9cef8341bd5fbbfccf0c853b27f847d0
0,       1800,       1800,        1,  1944000, 82c68b701559fda656cb2a72bf79a36f9cef8341bd5fbbfccf0c853b27f847d0
0,       1801,       1801,        1,  1944000, 82c68b701559fda656cb2a72bf79a36f9cef8341bd5fbbfccf0c853b27f847d0
0,       1802,       1802,        1,  1944000, ea52e013a2ebbf17f88fc9ee7375c8d2a2be2509bbffbe8169dfdbc1c49136da
0,       1803,       1803,        1,  1944000, 1977f386ce53e7e7784c3bf3a6e5a27af5a98432b583ee4813c481d19d91b219
0,       1804,       1804,        1,  1944000, d1a2caf1a1621755680be8fd393d40af4800a4d86b2b5f7d5748bbad5cb3580b
0,       1805,       1805,        1,  1944000, d1a2caf1a1621755680be8fd393d40af4800a4d86b2b5f7d5748bbad5cb3580b
0,       1806,       1806,        1,  1944000, 5546d599e2859d4c3e9a4e8c315f7ee8cc9f95d9a15e35ba252c40e41847e995
0,       1807,       1807,        1,  1944000, a5d5fd8051c11eabaccf3fc135890645eef9e7a73250977ca88bec0e68832a3b
0,       1808,       1808,        1,  1944000, a5d5fd8051c11eabaccf3fc135890645eef9e7a73250977ca88bec0e68832a3b
0,       1809,       1809,        1,  1944000, a5d5fd8051c11eabaccf3fc135890645eef9e7a73250977ca88bec0e68832a3b
0,       1810,       1810,        1,  1944000, ab538a95cfa7706aecd8ce5bca892211e530f5530cd09e53728612907e358817
0,       1811,       1811,        1,  1944000, b8e1005edd0c033b0fdf6e86668dde90c0f62a890b6eaacea99b0b80f494bd70
0,       1812,       1812,        1,  1944000, 77c832cf94a72b8b4ee9af7edb08dcf7f52a0a8334517681bde5f781e3a9b726
0,       1813,       1813,        1,  1944000, 77c832cf94a72b8b4ee9af7edb08dcf7f52a0a8334517681bde5f781e3a9b726
0,       1814,       1814,        1,  1944000, d90e2619bfb191b5c7ebf13e4ae4d0145f5cd21c2a0c2d2a030fe27252d56b1e
0,       1815,       1815,        1,  1944000, d90e2619bfb191b5c7ebf13e4ae4d0145f5cd21c2a0c2d2a030fe27252d56b1e
0,       1816,       1816,        1,  1944000, 327f04bf31e50a540dfbe0a92344782a052b2a289cd60164dfbdbc547cd8f5bf
0,       1817,       1817,        1,  1944000, 327f04bf31e50a540dfbe0a92344782a052b2a289cd60164dfbdbc547cd8f5bf
0,       1818,       1818,        1,  1944000, 327f04bf31e50a540dfbe0a92344782a052b2a289cd60164dfbdbc547cd8f5bf
0,       1819,       1819,        1,  1944000, 9e695d316f57eb75dfe87b75d589d96721aa3a451f1b7ecbb82677c45c57335b
0,       1820,       1820,        1,  1944000, 81fcf2a338b6cbd74e4e203d7f09a2d13cbb83bea36e27c6c7485532223a5047
0,       1821,       1821,        1,  1944000, 36828bf5f492c9d6e991020eb975f7c02af7d5afa04319a815c115db63bd624f
0,       1822,       1822,        1,  1944000, 6685710f86473f188cbea8e9365381646ab7fa6736ee07c76f34fcc3a56e10e2
0,       1823,       1823,        1,  1944000, 54e899eec6524501348251275c8af5ef9e2948ff2355d5105885f34e834ec2c2
0,       1824,       1824,        1,  1944000, 4385678e012e7b34d10305ddde523107f5a586483ac6a9a68cf1077923fc9034
0,       1825,       1825,        1,  1944000, b8d181b6bc56c67fdc41c1bdc357f91c225a27ffbd30f9b792979f920a174c01
0,       1826,       1826,        1,  1944000, ec7b0fb39cbcb3882e2d683efdb01d328466031afeb9e826130a681f75c0b1c4
0,       1827,       1827,        1,  1944000, 5fc9fb7dc30894b9450dde9b73da03e7ab173c796a36ebf6435adce4eb4483ba
0,       1828,       1828,        1,  1944000, 4559f3543b6c9c5c5da8189d56bb3c89030b4a5df042c993c00cc849df285a49
0,       1829,       1829,        1,  1944000, ea58e158762dfcd4227fc926d32ceadebaabbdc78725c6ccd24950fdfe0debb3
0,       1830,       1830,        1,  1944000, 2872d38fa763d8c621141367d88f79e0f5f884d053b9133fb98ef2e2b2aa65ac
0,       1831,       1831,        1,  1944000, 9869277740696aa1a46ec65982842fe42b9346509baf4cd68b66f5f40256751b
0,       1832,       1832,        1,  1944000, ab758ebf0b8103eda8f287e3d30db82e60122618aa246bf9b6eb7e9d53930e94
0,       1833,       1833,        1,  1944000, 544636ad41ab2fdd538fdc601ad15c85d3f54035a234923f83a53a08c7dadcf2
0,       1834,       1834,        1,  1944000, 3a21376c41c4a55077582c9b04700914ae21b73709c7c12f4fba9ccc3a3fcec6
0,       1835,       1835,        1,  1944000, 0a16879df846e3c0cb67159d05eb0d1bca5aff514fc00db064c0bd208ebfdf68
0,       1836,       1836,        1,  1944000, fe5a9dd52eba8cba7097dd1c9479bea6085be0575aeb7e0b9d5d5a31de90d99b
0,       1837,       1837,        1,  1944000, fe5a9dd52eba8cba7097dd1c9479bea6085be0575aeb7e0b9d5d5a31de90d99b
0,       1838,       1838,        1,  1944000, 5404c26bf92a76d5b8682e582e36fad5f81d9bdc837add7a0059c88e8af26674
0,       1839,       1839,        1,  1944000, 50892d35338925df77e8a693bcd2319e7cf14a6da31d8d302c99a402948e16d8
0,       1840,       1840,        1,  1944000, 28e1a121ac44c88af201e4f9ab1965e4cd7058b34977699b12255f9e0df062ad
0,       1841,       1841,        1,  1944000, a501557059eaec1667d993c94eae1cc04ab21a9f0af04de75569e196c5412bba
0,       1842,       1842,        1,  1944000, a43f1842e9622e7207664fbe180cb504ed4c891aa5eb98d551908ad717e2c9e9
0,       1843,       1843,        1,  1944000, 3a89eaebe3b6f0db8b4924811a46c68a11d437f89187f547c00144d4100bafb7
0,       1844,       1844,        1,  1944000, cd63ac3ad35cc6db23f7214e2178eceaf822a025ed95b27718e68c0519baaddc
0,       1845,       1845,        1,  1944000, 4c24647ee98031c858dfe3f66b1b821dc5992268dfa6e1877a3d389e7506bb19
0,       1846,       1846,        1,  1944000, 96a5757bf1230c79e26596a947d0815f93520253e941eedefa092ffd204d80a6
0,       1847,       1847,        1,  1944000, 77fe1210d76a9aeae06195a718bf084ca97ef13416a05878a0e73041bd66397c
0,       1848,       1848,        1,  1944000, 77fe1210d76a9aeae06195a718bf084ca97ef13416a05878a0e73041bd66397c
0,       1849,       1849,        1,  1944000, 2ccb89d7b11a040b2d9fbfc3da436bab860d46a37352fa004066717be7ea057d
0,       1850,       1850,        1,  1944000, ee438a6fe2a68133e29ceb62cba1c330d949c836f552102790fe651a52b551fb
0,       1851,       1851,        1,  1944000, 11f3085e7ba9de110fbb324bf78c7c94e36f32cb52ff013b76de053bc064edcb
0,       1852,       1852,        1,  1944000, f7b358eed7f573c63cb5837875b78e647daa8aa856a033cf087b8cdbeb6787a5
0,       1853,       1853,        1,  1944000, 9d2c6f770b00325adbde491fb13069b958704f1c9157844cfdc864464900ce0e
0,       1854,       1854,        1,  1944000, df9d929da5bb204e337edfa9ffe1968112ec62cdc108b0aa3382a914f75f87f4
0,       1855,       1855,        1,  1944000, 18ffa5884fafbc06ee8dd6221bf8f2342014481a301b0f143254409fc768a5b9
0,       1856,       1856,        1,  1944000, dba0126963de41fa636f22725cf1a6ca9f4e31bc61ae0369a989ae76b2a31f1a
0,       1857,       1857,        1,  1944000, 8df27f4cd433694f79bec76d3bbc9b68089d6a1eef0db10b670e76588c168720
0,       1858,       1858,        1,  1944000, 435297429b2fc47979576eb2f2f86dfbc9b707e69c20e313500b3f36ca701e0f
0,       1859,       1859,        1,  1944000, 9f9bcd484d5b7160ee42938472d362170847d9f450cad1f07ca8a9774e302ee0
0,       1860,       1860,        1,  1944000, 9f9bcd484d5b7160ee42938472d362170847d9f450cad1f07ca8a9774e302ee0
0,       1861,       1861,        1,  1944000, bf6c410d0b11e90c4bf2fb92d3978848edc74ba5c933af5b8855648746cbfb7e
0,       1862,       1862,        1,  1944000, 598f84a460ca5700ccef1376af672df6f843e7e9d8019cf39cb66019d2c69f47
0,       1863,       1863,        1,  1944000, 7895e02f143187ab9c03f40f335c71fdcd4fbca5371867f6b0683bf38c4f4a1d
0,       1864,       1864,        1,  1944000, 7895e02f143187ab9c03f40f335c71fdcd4fbca5371867f6b0683bf38c4f4a1d
0,       1865,       1865,        1,  1944000, e0c975e60a7c20079fe4939eb9c0dd282ecbc8a3467b51ae18dc11dcc2332c6f
0,       1866,       1866,        1,  1944000, e154fe1580319c251732cdb0c10f4744e311a02c9bcdfa0c3a89756e4c6782a5
0,       1867,       1867,        1,  1944000, 727f337715dd2e17bf42575471675c256228800bd19a8bbc4e125cea29efdd26
0,       1868,       1868,        1,  1944000, be49ca6ad09dd6e3eba8f0d72ac7c8ffc73f16bd1b9668bf1e2cbd08b01fe886
0,       1869,       1869,        1,  1944000, e654182886362aea4775dcf02caa16d4a10af5a147b7e375e7a133e7c58cec55
0,       1870,       1870,        1,  1944000, 5d72282e14db686126ba3b4449bf1ea87b890d4236e3ef764104c5116d690e40
0,       1871,       1871,        1,  1944000, 7b89a2deebbf183e2bba573077a61fc5ea97d736c8909f1a0b5801c723eb2830
0,       1872,       1872,        1,  1944000, 34228b14e3dbc2e329452203486418952b57e5384dd825992e456bd45c152bfc
0,       1873,       1873,        1,  1944000, 9d912e71ba63168673c5313fed83ed5dec3c674e7dabe4bb8d233f403a745b64
0,       1874,       1874,        1,  1944000, e1f259a18a25ccfe2b5620c6eb063ab45d08d3e00a7ef20f0f86a9abb1a1fdcc
0,       1875,       1875,        1,  1944000, 19cdb449e9746648df6b236d354ed011c773d42ca4650bc26bfc7b9871777226
0,       1876,       1876,        1,  1944000, 19cdb449e9746648df6b236d354ed011c773d42ca4650bc26bfc7b9871777226
0,       1877,       1877,        1,  1944000, a9fd3d927f72a70dbccd299277f4d165ad56c1d6f9401bf0752411b87ebae52e
0,       1878,       1878,        1,  1944000, 44775bb77e925cbca112bd55e08650a8f0af78b42337d9ffbfd40dc5f4cb3006
0,       1879,       1879,        1,  1944000, 99391624cfc977c12127b5a518144f3dfb398ca22492368bc3f01ced1464ba58
0,       1880,       1880,        1,  1944000, 3fdb27217f30b35ad6417d642e986a5763532979be7cf5d48fbf1981e36e9053
0,       1881,       1881,        1,  1944000, bbe7447302781078be23ecb92480c1ec440d848f2a084fa0ffed1bd82bc6fb46
0,       1882,       1882,        1,  1944000, 51e0a9ad5e2e7044ccb9c404fbc0c0ff5023f68417a2b93e37526aeacf19a7a7
0,       1883,       1883,        1,  1944000, 4e141ed52312db79264730e38c8040a09d904fc3a6593885515f6e90040d2dc9
0,       1884,       1884,        1,  1944000, 4e141ed52312db79264730e38c8040a09d904fc3a6593885515f6e90040d2dc9
0,       1885,       1885,        1,  1944000, 5b83d13be2c01a17fecccf8bbe4723766fa04b01fc8dccbb46b5b2e53baca16b
0,       1886,       1886,        1,  1944000, 3f82a1cfc3fb33598358dcaedd7fad58198c6110131fb5192ae2f1c92c517eb3
0,       1887,       1887,        1,  1944000, 39856151fe7654382a94c0de1ec1c7265f27e546fa54e8fb5395442e3ae226c4
0,       1888,       1888,        1,  1944000, 39856151fe7654382a94c0de1ec1c7265f27e546fa54e8fb5395442e3ae226c4
0,       1889,       1889,        1,  1944000, 39856151fe7654382a94c0de1ec1c7265f27e546fa54e8fb5395442e3ae226c4
0,       1890,       1890,        1,  1944000, 75aee226b4e7af369211e0a1a6e1cb2cf4c903a145809c5a73161975069ef2a1
0,       1891,       1891,        1,  1944000, 2b924f611f5957df3afa6a55144adb3020df40cf254063edda914c9677fdd35b
0,       1892,       1892,        1,  1944000, 4dcd908095198a2a757f8935b503dbebf9395c0d7cc40e952112fb6c51c34a07
0,       1893,       1893,        1,  1944000, 4dcd908095198a2a757f8935b503dbebf9395c0d7cc40e952112fb6c51c34a07
0,       1894,       1894,        1,  1944000, fd0931c8a33a985640d03c2d0d420295877003e26d8e3b674958fe3b6f7d4090
0,       1895,       1895,        1,  1944000, 42fff718c9eb040598022194d2dabca5779c8359b40dfe672949b8e5a0b3fe6e
0,       1896,       1896,        1,  1944000, 28bad7bb939fe24ec71d516de32315fce95582064c3a84fc23801da1283b2fe3
0,       1897,       1897,        1,  1944000, 645730c7ffa433305890a723d4457341070557e61c6a7cec6d8ef4b48cd4a3db
0,       1898,       1898,        1,  1944000, 5d8f7a4b63b1fca72905d94529a288689a264f248318419285b5f6eb3b712533
0,       1899,       1899,        1,  1944000, 9a5927b31f0ed18b254db5d6a287883940bfb7113be4c53eea1ec207f336d7df
0,       1900,       1900,        1,  1944000, b8a4726a5e7e2177d0e3af5c04e2820d360d215bfa0f5e1a25bf6c5bb37763a6
0,       1901,       1901,        1,  1944000, da328f415a0e7d4aa8d1fffaac8c6b8d19e807febbe544fb9fa7e07e115f1c1a
0,       1902,       1902,        1,  1944000, fa67c3928e72349add5b77d658a79117ee161b66395048adff375f273afbac45
0,       1903,       1903,        1,  1944000, ae91e59d60f60c624c6baac8d29b1313dbd483ae1e12e2d3705abd3539bbc654
0,       1904,       1904,        1,  1944000, 9c84bdc82d79cf9a558f57dad87ea78610861ffbce9ed39a50fc6a617441e33b
0,       1905,       1905,        1,  1944000, 9c84bdc82d79cf9a558f57dad87ea78610861ffbce9ed39a50fc6a617441e33b
0,       1906,       1906,        1,  1944000, fc53307bb4474545f59f209592c858bea681d36f232ab652776215c5152eaea3
0,       1907,       1907,        1,  1944000, 1f2afa4e40b21f6785fe35f9a1093139010e92a20137f80b2956e83b04583355
0,       1908,       1908,        1,  1944000, 1f2afa4e40b21f6785fe35f9a1093139010e92a20137f80b2956e83b04583355
0,       1909,       1909,        1,  1944000, fa695f996c479fdfff01f3864e2e837e50ad044b8b428d0538b2d78010fc3ab1
0,       1910,       1910,        1,  1944000, 9031c067b7c4c3db45cbf71a3b55733f87c530a1c7e42f31deb9604e61681b60
0,       1911,       1911,        1,  1944000, 43c3db58e8319a09d847bf1612f9d5e2c125fb765ee5896c338a1e4ada3954cc
0,       1912,       1912,        1,  1944000, bd91e32e5b526cf9b0d6725222937afebbecd263c6913d47f2db906948adfef9
0,       1913,       1913,        1,  1944000, bd91e32e5b526cf9b0d6725222937afebbecd263c6913d47f2db906948adfef9
0,       1914,       1914,        1,  1944000, 1b3ecaf2a5a58757669fa0c02d24fbf05b75d6a9750f4745b7ea03df28d50d17
0,       1915,       1915,        1,  1944000, 882d691ff77daaf3921afdb4f7494803b488428362c3a8d4366763d847d27ee9
0,       1916,       1916,        1,  1944000, edc997a353d100a32ffc4d8d77677f273deed295c8d3314020c658b283f0d75b
0,       1917,       1917,        1,  1944000, edc997a353d100a32ffc4d8d77677f273deed295c8d3314020c658b283f0d75b
0,       1918,       1918,        1,  1944000, f1bb34e27eb80270b9b4e8e23c96b366d7ba154000b36b5caba9fdcb6f5e053c
0,       1919,       1919,        1,  1944000, eca3478fa7fba6223bef6f2427874694eb1f18b3ea217700b986b4d978ec4845
0,       1920,       1920,        1,  1944000, a29c900c83e0ff2b437a3a4d50416fba0a768843da4f6af27496241fc582bebf
0,       1921,       1921,        1,  1944000, 97efe252b83c7dba63499546dd78dd20b754f1b7a8878198e2e9d310354d2ec9
0,       1922,       1922,        1,  1944000, 28f988da5784a8c5d43e1d688260add9bf93c2e2a9f5fd80bc41ef0088e4e992
0,       1923,       1923,        1,  1944000, 06cceb8c572226677b9755de3bb2f38834d57384488c5f7aa0539a03368c7f5a
0,       1924,       1924,        1,  1944000, d320d946cb6f0c946f09b7d654ba9c27d2f17f540a0ce6bf56c1fea87be42b58
0,       1925,       1925,        1,  1944000, 6764eb41df60542de1c47dbc013a70c0caebed82546c20ba655dcca211df8f9d
0,       1926,       1926,        1,  1944000, b390179310ea24a2eabe422e575da355170a721267d29787f166769167725c07
0,       1927,       1927,        1,  1944000, da27211bcd8f93e31a7422218dc109c4e93a4b5c10fa0409ddd911f26bdb08fe
0,       1928,       1928,        1,  1944000, 1c772a43df8d94c3d885674b4c07d77d3e768408640039554cdc65ee603f1e5c
0,       1929,       1929,        1,  1944000, 1c772a43df8d94c3d885674b4c07d77d3e768408640039554cdc65ee603f1e5c
0,       1930,       1930,        1,  1944000, 45ce09180187e3eeeaba0623bd555fce398ceff67435ce4a370caab0de5cf51a
0,       1931,       1931,        1,  1944000, 64e0bb25402635caaad4b9b3ee1894e457621701ed94bbbbc095f1798a2e38d5
0,       1932,       1932,        1,  1944000, 64e0bb25402635caaad4b9b3ee1894e457621701ed94bbbbc095f1798a2e38d5
0,       1933,       1933,        1,  1944000, 64e0bb25402635caaad4b9b3ee1894e457621701ed94bbbbc095f1798a2e38d5
0,       1934,       1934,        1,  1944000, e656f19c9dc49ded3b59cf855d496997514606669d7a718ea7d95877d8201b67
0,       1935,       1935,        1,  1944000, f01b2c2dfc4f3f919b8316251ea55334c307cd2ed70feba3a3923e876370bb82
0,       1936,       1936,        1,  1944000, efe6d23ef90e2bb637f012b263f3b4922681f93843f8eadaeae5c1fa1740cc45
0,       1937,       1937,        1,  1944000, 21c45f36fd1f3ae359a79a8fb53147daa5b822266562fbb56f9d3c9b07091589
0,       1938,       1938,        1,  1944000, c1828be7a5fd91bf6dcf52c475e35bcb9102d91119a62b992f005fc841c4c142
0,       1939,       1939,        1,  1944000, 44fda32cc50bc8560252aacd92d8e10dc186fed40e99ade2fe5cdba644e7dd4a
0,       1940,       1940,        1,  1944000, 7a35e3eb31672fe2ea7ebdae31e098173d5c21deb8bfca60889a9c3e73ba67fe
0,       1941,       1941,        1,  1944000, ade8a9958db77c283a2931eb989ccf3dae2c03b4a6dbf63d08b87131e49f5018
0,       1942,       1942,        1,  1944000, 02a65ec2e1166c47ab25ee8d1271477d9759982bdd72243c6fb2ea842742e09a
0,       1943,       1943,        1,  1944000, b67adfdbb97156d7d5974f123adc031c88ebff1a2a60ae5349d7c5a9344aff37
0,       1944,       1944,        1,  1944000, 00e8a0edb6ebcae75416a49047191b22d8e7fea8ac5623d39950584485cb9db5
0,       1945,       1945,        1,  1944000, 408d81498e8ea58c77c50131c69a612f0f47aafacc5b73e58a92e84410cafce8
0,       1946,       1946,        1,  1944000, 49c1ebd5810189ee038a751ed89da9a3d0e0a824b43eb9d8e925fd025adf37ef
0,       1947,       1947,        1,  1944000, 76842c5a6bd254fd4b299cb8bdd336602907140066c24bf459376faba7266e36
0,       1948,       1948,        1,  1944000, 42975465633394d27508c5d934e6227b32b701ed43c539017344a792e98a8c7a
0,       1949,       1949,        1,  1944000, d40066e603c88d7e141e0dd4b7d5d84d484dfbfbbfcadd2e462c903ea837bc10
0,       1950,       1950,        1,  1944000, 09d925bf806b2ad5c25e85f53f7382d9648e4220088ac6902d23d4a54cb11466
0,       1951,       1951,        1,  1944000, 6a8758f5e865d090234298bc2968cfc7b7718311e9ff37c6ddcef4a358ea60ad
0,       1952,       1952,        1,  1944000, 24eea53e5b14facc12153a34f2cc2e8b4aa5560bdf3d51ad9ac3767ba9762371
0,       1953,       1953,        1,  1944000, 06ed378eef3884126e41ea5056541f70d512a713eef48373be1141344d40fe31
0,       1954,       1954,        1,  1944000, dd57f451e2ef8c7fb21d2b690322985b98f37099e2d0d078b6d6983e5088e288
0,       1955,       1955,        1,  1944000, 4baf3504640f79ec20967f8f32bf0b026a5dd6c97a0612f4b80ca9c732647262
0,       1956,       1956,        1,  1944000, d76f65bc12660804e2a61639832993f86a56e30ed525fa6df6b8bd7387bd6f36
0,       1957,       1957,        1,  1944000, 3b41b0b2496f6c7b567a1b60caf29645c8be1bb924e1dae37f76aeb2faf2b719
0,       1958,       1958,        1,  1944000, 9f9d3836e9f4ee7ca652b6e7942ef814e3d4bb567f9129715bcfa0b6bec87463
0,       1959,       1959,        1,  1944000, 0c97edc8efd324af89deda98c674bc150d061e7cfc50bbd071072402db11db53
0,       1960,       1960,        1,  1944000, f4cb650c3b03bd4344bddaff4a1359826f75c8f2b9d1fde2f956fc2e36022b97
0,       1961,       1961,        1,  1944000, f66c371cac1ebebefd48bef741a9c9055f9e1b02c7f2943b67ce7ba31d72cd6a
0,       1962,       1962,        1,  1944000, 513441842a85d9a76180ecc6c65b105a237cdf9f7e65e42c8bd05ff929b6121e
0,       1963,       1963,        1,  1944000, 8e957bddd55a40c15b83366c5bd034d12a67a739af26b1991d8b77d56167d6f5
0,       1964,       1964,        1,  1944000, 9ccaa2a8ffbb4d69e2318ea9470e6ff0f8e8b4f370b65faf450bfb133f3780b7
0,       1965,       1965,        1,  1944000, 9ada1a2752cb8926f366a446ec4c1cb99e2c39fca55ec72a55c3d27255b6815b
0,       1966,       1966,        1,  1944000, 4ad73d814d33f0571e2f9d549daa7190c44b0efd1341be428707004ce12c0431
0,       1967,       1967,        1,  1944000, 920644bb37e696da472708a1a24cc491296689205408a9aa485ab307a8d058b6
0,       1968,       1968,        1,  1944000, 132b99f5ccae256b142d23e59544aa6424ae9f67f2fced40efd1bf3f47f56915
0,       1969,       1969,        1,  1944000, 440e73f6a568145621caa033e211c347c5a17f4b0563e88dbc3171bdc20d413a
0,       1970,       1970,        1,  1944000, 3220a2e2469e800c81347d4a2546d019b36b28fbf293076a31de6d53e8359fc7
0,       1971,       1971,        1,  1944000, 8672a587d7269b123a2dff16a41f0dae87f6120e1bf338b95d1a0b14e6fa0a11
0,       1972,       1972,        1,  1944000, 7a052006159e6f37bd04a6cf43a5040b38e773855cbc63cf090cf39587086eb5
0,       1973,       1973,        1,  1944000, c6f1a08dea093901ae6afc50d57296d194b425928861f26a3bad71b61d722eb4
0,       1974,       1974,        1,  1944000, 01e727c614b23a4b484cca575b6ae0507ec10846a29831c0ea5f73cd8cfda870
0,       1975,       1975,        1,  1944000, a2f048dcb915858f8d79edcdd7ac109b03dc086b81d6d247b01fe11c181210b5
0,       1976,       1976,        1,  1944000, 2825ac3165a33f03001ffa7a804e77977c20e37147d79f62b98d2c52d69d8601
0,       1977,       1977,        1,  1944000, dd59fa2835c434aa2890a4e3126a4c9bab73dc79d0738becd9c0f3c0f154094a
0,       1978,       1978,        1,  1944000, 7e3a9948b5ce5f542f9bb0b2772d20828ceb883d047143b708f492d37623ccec
0,       1979,       1979,        1,  1944000, 5ad1398dd2bdc86327fa489faf03781cea4943d51e5414248ae93ee5ce22872c
0,       1980,       1980,        1,  1944000, a163d19085d0e71067a0f64ca6fc38fb3bfe0ff90ed380cc92ff9d68c56ea4ed
0,       1981,       1981,        1,  1944000, de6ae883903ff7e49e84ec42de4b4fa311d087628b1d2d7f5b4a97c70175cd53
0,       1982,       1982,        1,  1944000, ca522aafc993b0cf58c1039044e70272eb294cf096eb1d91c3331c70341b604b
0,       1983,       1983,        1,  1944000, 82ae91468c93eb7453bd342822a95412611624839939de375f187714c3b64130
0,       1984,       1984,        1,  1944000, d5ddc6725d0ccf61b47878ad71e6058d8c47fdcc52ec3c2576de824f03057642
0,       1985,       1985,        1,  1944000, 45d8de57d2aea0a15e742b1f9ca897688ccbb69b217d798cdac057c37dc99eb4
0,       1986,       1986,        1,  1944000, 1a92124e9769c4ab1cf5d6792743f2dc7369f0a12ee0cb655853a0c122cee27b
0,       1987,       1987,        1,  1944000, eac391854121d83da959a93e29564cb1677d6e651ed2e38811e42e5e3ce17f9e
0,       1988,       1988,        1,  1944000, 8719ed4dde9739be55e56df48a79b8bd75b4fea14f166725775afe5b4fd1d795
0,       1989,       1989,        1,  1944000, 23a0ed8a2bf98a31a8b9d45ad082e58ec86bc0dcdb4227fd469b2fa92d7e8019
0,       1990,       1990,        1,  1944000, c70f93cf748b7430debb8ea924eb3c01c396ad5d6251778bd33d12f03a2c6471
0,       1991,       1991,        1,  1944000, 8100158bfeeeeb21f0f189df9cbd71951e01b46372d8c82f4f4f1a5d26f8fffb
0,       1992,       1992,        1,  1944000, 20d7d23c6404eea68b895c68c80d28924ef1d8296b66ca78ca6cb244f551e899
0,       1993,       1993,        1,  1944000, ef009596f399e31a88142251835074972365ad065dd6a64e2edf6264a4a32e23
0,       1994,       1994,        1,  1944000, b56bb2206967dfed06730de05383cb6c36dd6757dca42be5308aa7e16eb94c43
0,       1995,       1995,        1,  1944000, e021ae25dce793d49da333846df4a1e4777bf91f089a5b9652796cd4450be06f
0,       1996,       1996,        1,  1944000, 0f28202a320e27d1eb312b8c1ab29bfc05657ca3b577d57c25894de046f949ae
0,       1997,       1997,        1,  1944000, 760396994afdd4be0802143b530fbc3e911417bea05433219bda9438d7e67281
0,       1998,       1998,        1,  1944000, daf0441f2586e608e783fe6113bd18afaa794888df6c67bf10ea29125cfebe6c
0,       1999,       1999,        1,  1944000, 7ce86aa095b92d35be432691fc09ee964a6887084c988168d07d7b59344c73c0
0,       2000,       2000,        1,  1944000, 050c0a0dbcce4f27f85b8511bbb7b98a2043402145333556c71b2eb6e3698979
0,       2001,       2001,        1,  1944000, e27470f8e4017cfd35f6d5ee593912f9bb18465ea9c3961db2872091a2dcddf8
0,       2002,       2002,        1,  1944000, 37de88ec4b21792da9a035416d41a7ab361a92381c0db238413ba15d1101e52a
0,       2003,       2003,        1,  1944000, 1683337b9b48f0ffa3f7059d78d15084390f9bb24c60de89fb8710491c0b1e72
0,       2004,       2004,        1,  1944000, f515564ff7e2f0ab6d4c4c77528cf91ed5ff7936c5a9104ec2149e998c30013d
0,       2005,       2005,        1,  1944000, f515564ff7e2f0ab6d4c4c77528cf91ed5ff7936c5a9104ec2149e998c30013d
0,       2006,       2006,        1,  1944000, f515564ff7e2f0ab6d4c4c77528cf91ed5ff7936c5a9104ec2149e998c30013d
0,       2007,       2007,        1,  1944000, 5ad79fe350c7f837dc62b6e214486cabc05e6cc054980bb5a397f037a6a2a6c8
0,       2008,       2008,        1,  1944000, bc08372a517c05d25e64d84280fa8c518d041f0aef4a44604aab50b1d61d03ed
0,       2009,       2009,        1,  1944000, f570cd6115a0957f8c4e7cd1e20f17b34ccb538fe6890b4d45caed3cc4b16d31
0,       2010,       2010,        1,  1944000, 0a4b97dde91f7532bae0649ff798fe772e3a9c94be996444be0ff89388cb1de5
0,       2011,       2011,        1,  1944000, 6fd9fb256d461602d7c2e36f82c87a96643479b13bc437b122ec5842e7e24d91
0,       2012,       2012,        1,  1944000, 3d319ed02385fee3b34601339d9fff38c142d3f1096bccce2b3dbf2aa8040326
0,       2013,       2013,        1,  1944000, 48d7f4bba93a2c93ba6517f1ee359ebf260b9dc82fe3c739438e3cc53d433c47
0,       2014,       2014,        1,  1944000, 48d7f4bba93a2c93ba6517f1ee359ebf260b9dc82fe3c739438e3cc53d433c47
0,       2015,       2015,        1,  1944000, 9e13a50daf1e82039f3c18fc6418228e78d3564bfb7a61b439a847e31093a3f7
0,       2016,       2016,        1,  1944000, 430f491b16a7ce18656ae6f0e31daa15716302c785cb024beb4ff5f195932898
0,       2017,       2017,        1,  1944000, aaa63becdd38857e068a9e80e36c992ee6db7ea2c91803cee34b42d53328f078
0,       2018,       2018,        1,  1944000, 014da964ea2da9f39c7f10c17335cd90b56ba2964b5f53212064e41669244a4f
0,       2019,       2019,        1,  1944000, 1bf809caf3d1818119ffdc2bd4856f54cf871b3420ac86253ccf57d78c5d97e3
0,       2020,       2020,        1,  1944000, 1b357637f0f873fd03adbe8599152752739e427d08d549171cf3a769e7b46ba5
0,       2021,       2021,        1,  1944000, 20a7f3b937090a7695260b022a9152221445a8c46f2937335eaed07c7513f23d
0,       2022,       2022,        1,  1944000, 988712a41bc018c206660b88b77d1187bde524b2426395f89ee517a2bf8af347
0,       2023,       2023,        1,  1944000, 988712a41bc018c206660b88b77d1187bde524b2426395f89ee517a2bf8af347
0,       2024,       2024,        1,  1944000, 34ec2a6cfee0af528231af3e1284328cb454780539ecfc1c5490e1cc919edf09
0,       2025,       2025,        1,  1944000, a3e9d8d0f5dd21d598a19892f133918269ceb2ebca3435ee8a6f8983ca76e326
0,       2026,       2026,        1,  1944000, 4d1a6cca120e62b43d74a6f1d292c12be1706efe7993f07c41b22bc28a433cfa
0,       2027,       2027,        1,  1944000, 215d9b45d17bd67e8d5ef7a1c5713942306e4fd4fedf3355e332e4f502a6f3fa
0,       2028,       2028,        1,  1944000, 0f18b450e4c7ce6dde2d89321180007dc32abf80ebece6973dfb8817f18b067c
0,       2029,       2029,        1,  1944000, 01d68f6369e3ee17f4818fd0a1f32e587af9fea46c754b0a3224ff0c2eaada52
0,       2030,       2030,        1,  1944000, 9b4fea26bea44e071fd518bbbba9994e1293a2b04c998c1e7311b7aae5fb6fec
0,       2031,       2031,        1,  1944000, 0c91342fc17fc42d52b0d13d77fa6f3e8a005b0aaca05d46791de7f0f28c8c2f
0,       2032,       2032,        1,  1944000, 6ccf885641cef9186daeda832380edcc80cd215f1962d956dc7f404d96b3812d
0,       2033,       2033,        1,  1944000, 71ce326831dcdc173b3a7a29e93a6980fa25bb0d189ba4fa511af069e15e05d0
0,       2034,       2034,        1,  1944000, 88a82241440daae9981008637757c839b8bd6dab5724e741dbfbeae6a6c5c2d2
0,       2035,       2035,        1,  1944000, f7ef3321c495ce0cd49412f7557a7963e0a2fa42769c9eb18748f53baf1383b4
0,       2036,       2036,        1,  1944000, cd844c83886228d0351fa717414eff03e79297042a7aae511e5eedbc5f93b0cb
0,       2037,       2037,        1,  1944000, a4bca9c69c17a7ea17dc1ee5401a48d1ef7fa161a840582cd8be57f0de129a83
0,       2038,       2038,        1,  1944000, cf9d44ca150ee518fb65057e5b145d5c7b8441d01f2f46aa3d4755e7ca1a417e
0,       2039,       2039,        1,  1944000, cf9d44ca150ee518fb65057e5b145d5c7b8441d01f2f46aa3d4755e7ca1a417e
0,       2040,       2040,        1,  1944000, 73b51c9eb7db37dc8c0429571f0255800d3c4053413e9d5f18c8529fa6f64ee0
0,       2041,       2041,        1,  1944000, ff01467f5e6ab9a203692a1c9004eb556ce495fbb14bbcfc120d0b7a816dbec6
0,       2042,       2042,        1,  1944000, 812c699732df2cfe8b9a7a32b315707bea470862260f0fbfc0dbf262b2e7f0dd
0,       2043,       2043,        1,  1944000, e7037f9a80e385aadcf030a37eecfec941b5c638a65e5aa5bc31f015cda9bf1b
0,       2044,       2044,        1,  1944000, cdbd28b296b6839ecba98a44746c580d637696d6f5b2ae15e84ca4bbd24e6369
0,       2045,       2045,        1,  1944000, 8532c9fad3900bfb4c101017fa2b02b2cb988650f368f434814c37671d50ad08
0,       2046,       2046,        1,  1944000, d520ca0e94d70ee1964fee932d7436ef49c82d28361d9040549d3691c962fb44
0,       2047,       2047,        1,  1944000, d520ca0e94d70ee1964fee932d7436ef49c82d28361d9040549d3691c962fb44
0,       2048,       2048,        1,  1944000, d520ca0e94d70ee1964fee932d7436ef49c82d28361d9040549d3691c962fb44
0,       2049,       2049,        1,  1944000, 64266811a9e48c7ce659fd5b4c3ccc6840b1f3f8f3666a2935d39f28827b1d3a
0,       2050,       2050,        1,  1944000, f334a60d8fd869128b1d81f8458df5f0c59ba42b10623611533f3d0267271391
0,       2051,       2051,        1,  1944000, f18ae3b8e97bce946f99a3def2850aaa2336a766cb9c1e9b70a63ffe7d09c17c
0,       2052,       2052,        1,  1944000, 783dd07b9bec4b71bb210ca8749259885a194bec71499bdfe7d737551cb297d6
0,       2053,       2053,        1,  1944000, 1e32005f3af2ba29fa11854017b530dad8aed5ff565886433756c39e2deca69f
0,       2054,       2054,        1,  1944000, d42690f0261243498025d7028a93ad79a28bb9801113458053dff9f1de1fa857
0,       2055,       2055,        1,  1944000, c90f71c56378ad4bf9d957182a822913d070da9be59f092089a289d2a3895691
0,       2056,       2056,        1,  1944000, 47b2d83b03382a09a78442aab74045dc562e27b33ce633e69f47450c353894af
0,       2057,       2057,        1,  1944000, d0f488c1fc0c34a0f22aead7e7725de9350561b1bda91a439255a82acb3e859c
0,       2058,       2058,        1,  1944000, 963e498dc30f0879ed9078efc7dd0f9834e9c3bd3e9998889b22c00f30b1199a
0,       2059,       2059,        1,  1944000, a4782f4807fe2c38eb2a2dad587a1d8ccac66a60c508b279c886c3624b0a2d02
0,       2060,       2060,        1,  1944000, 70be5ad8261937656f1a06a42163ad10c690456f1364a1d5d74c386a9b8d8032
0,       2061,       2061,        1,  1944000, ee430e2fca7e33b53afcdc56923db4fd4a1c3373e56cf69640b9fd22d0d9e71a
0,       2062,       2062,        1,  1944000, 3f19ba9c1ffa5a034b16180c28fd130e8d3645c927ae61534d9439ede18083a6
0,       2063,       2063,        1,  1944000, ab9e8fcaa6a92f9f3728dc108b195361325bdb4fa1981dbde9e756a5f8e9fb04
0,       2064,       2064,        1,  1944000, f57994c1e17995c7fcb0c4c8cfb76758da67707efbf5364395d2641ccb215a31
0,       2065,       2065,        1,  1944000, ab9e8fcaa6a92f9f3728dc108b195361325bdb4fa1981dbde9e756a5f8e9fb04
0,       2066,       2066,        1,  1944000, c28425806eedd41c885e5ba3dc64a561bdda2e4f1e2e65d66e73879bb675dd58
0,       2067,       2067,        1,  1944000, 3bbeb32f0a841eb3b6b5254e6a1bba12469dbb945a62d47fa720be9bb3739876
0,       2068,       2068,        1,  1944000, 4a44f764e3348415f622fd28d9c5129ca4abf6a0d256d273f2934ae149d729dc
0,       2069,       2069,        1,  1944000, d50f53f7786ec6397c442940c764b3b6df27719f82ad4a75b5392fd81ebd17a6
0,       2070,       2070,        1,  1944000, cc9be39881d5cdd8fdd4462baeb72d580b7d0a5a8626d4a8db679984710139ec
0,       2071,       2071,        1,  1944000, f48d2821713f7962933b4d171e51ff8771f85a899e83f18c91fe89808b95dd7a
0,       2072,       2072,        1,  1944000, 1d7e85cec42bd2df34d54bd486e5ab8613773b1aaacaa5a3d22bd583811daa47
0,       2073,       2073,        1,  1944000, c3c11af5622ba94bfaacf8250502fc75babe11571e135f7bcb31efde50cfda9b
0,       2074,       2074,        1,  1944000, d3dbd696b29bf6e6de0e2bc77a161d3008f2f4f5b6abe01c82310ee1795d6004
0,       2075,       2075,        1,  1944000, 1af2df3ce504ccf301629adc95a902015b4eef28a8e34b43a919886d05192969
0,       2076,       2076,        1,  1944000, 7900262c6356bae4b34c7c38b3e38843813dcf0ed76b4201b089ccb5c6c94a74
0,       2077,       2077,        1,  1944000, dee3697c20c6f12d1cc0fa81dcf3cf15d1289a1ee6621d4a2d331bd5f6490e38
0,       2078,       2078,        1,  1944000, 2a2417424fc407f66db0cd8c9527ce8bc8981e4dcf5e1a8b4cb81ef07bee1478
0,       2079,       2079,        1,  1944000, 4543268ce8ec18c40f895da6b41c87fd86bc7bb8515463ece039a477b9878f7b
0,       2080,       2080,        1,  1944000, 242b1a8cbb69907d09dad462516249a1be7158445abfbe6c0619686ca14ffa53
0,       2081,       2081,        1,  1944000, bdd002344b890edbef33a19ccb812c62565bd02afde69b1a04f7af84cdead38c
0,       2082,       2082,        1,  1944000, 231fc872a803b307d6fa06c513d17057ebcdcfc2929c9ef9325c1b10084a597c
0,       2083,       2083,        1,  1944000, 3c90ff62af832aa9a9297500638ba8b4d704a8ffe0039a8a2b0de622d0b33a8c
0,       2084,       2084,        1,  1944000, 5027b9b40a751b360b038196f6040658f1148182c117acabefbd11df6bd21959
0,       2085,       2085,        1,  1944000, a1a6d95c0b8f890599e9d6116d939829be3f869b011172a7755528b6e4437705
0,       2086,       2086,        1,  1944000, 3c3423dd540b1ae74a02f3e7a30c34b7397bbf54affb6654f024044906af7a5e
0,       2087,       2087,        1,  1944000, a13357ac2a770df2159e8efada4397e774d33b203632c0aa27c0fc845c400ff8
0,       2088,       2088,        1,  1944000, ea30bade123d76a2b72c1a496a4a15f60b904635fa69974d5aa4dfce66787dbf
0,       2089,       2089,        1,  1944000, f520e13ae626d66d1e4bf070f38f190e53d08f4f645768d78ed52e39045a5915
0,       2090,       2090,        1,  1944000, 724821da29f7f6d74c989cc7ce6d069588252d8a340e730ab79199779d734bb7
0,       2091,       2091,        1,  1944000, 005e1d4f541b90b2e78df21887403a2ad9c18749a52f471ba334646c534bbb81
0,       2092,       2092,        1,  1944000, a985b062d58478a44e7b45ce8aac56405a29e6959c549ce74a0e4a98ffc21e01
0,       2093,       2093,        1,  1944000, 4b50bff903f93085f8191f5d8290e6a75bce07e3b0583fcadcf5a699181907c0
0,       2094,       2094,        1,  1944000, 40a35b955ec5f73a39189c3d928127ea101ecac7ee086ca10f4f098ee2fba478
0,       2095,       2095,        1,  1944000, 5adca18f17b780cdb5f5a4aea7bdefd77160edaf84f4111747357b781f2e2c84
0,       2096,       2096,        1,  1944000, c6ffd6c4729aa59fae3ec9ad9c5571b0155f8d1aca1ee736b5ea648d3c3fba90
0,       2097,       2097,        1,  1944000, c254547e9228f8a47698df6a03140b3388d2aa47fab7ddf35a708e3807c308e2
0,       2098,       2098,        1,  1944000, c254547e9228f8a47698df6a03140b3388d2aa47fab7ddf35a708e3807c308e2
0,       2099,       2099,        1,  1944000, 4c635a97bf3e8d8e29d6ec7907e68a3ae250eeacd5a9a8505fc42a1ffc15641d
0,       2100,       2100,        1,  1944000, ff62d94fc832b6bd2f2075cbee973b3fba110422cf5a437ec547987bafdc5226
0,       2101,       2101,        1,  1944000, 05c12a49524552fdbfaf81bacde59611ca0b9254347068bfa6292402088d5cd7
0,       2102,       2102,        1,  1944000, ae1dc88cbb264140cf38d992a1d4db9b8a0c126599916e1fdba2fce80fd1f2c4
0,       2103,       2103,        1,  1944000, ae1dc88cbb264140cf38d992a1d4db9b8a0c126599916e1fdba2fce80fd1f2c4
0,       2104,       2104,        1,  1944000, 59b1fcb2d0b69e1cf17f60f4d370bf26d9444aa5c4a75f6346ec2bc4e21981e1
0,       2105,       2105,        1,  1944000, 7029eef84cc0a98ff023627c91c2bb103ad417fa870908d05037b5b362e69a3b
0,       2106,       2106,        1,  1944000, 7029eef84cc0a98ff023627c91c2bb103ad417fa870908d05037b5b362e69a3b
0,       2107,       2107,        1,  1944000, 7029eef84cc0a98ff023627c91c2bb103ad417fa870908d05037b5b362e69a3b
0,       2108,       2108,        1,  1944000, a4654b0b02d0c29fb3e64656c6dca28260fa19e852e064cb7fbc8430531c0095
0,       2109,       2109,        1,  1944000, 93455bdfcd336232bd71cb71688054f43af1e5927965b6d3effbdf0a9a9f2b44
0,       2110,       2110,        1,  1944000, 9d4a6db642e2ae29841729daa3d7f5495b47ab655c3ad8c3909e7d56c83f7beb
0,       2111,       2111,        1,  1944000, c7d1963b82fead88ae2b6d52b033b725b4c98564f2346bef3cd41e04e522a1f0
0,       2112,       2112,        1,  1944000, 229bacdfd03300cc0a95d06059b2bd5af7c4926affc713ed1f884e7d21596dbd
0,       2113,       2113,        1,  1944000, b19bfae7df6fe037a43c74c96d4031e6065a96f94570742686a7a05c122b661e
0,       2114,       2114,        1,  1944000, b71af44cbf76d7d164ca08ac85da3cf164b2f3c4e92e2d86db96c94e8b565d89
0,       2115,       2115,        1,  1944000, b16df4a38ef1ab563ba868296a3a2171b5308b8ae4ec0cf34b445377fdb3f390
0,       2116,       2116,        1,  1944000, d35d462a6b34b25f8684c3c584247b910338f7fd2834e815e25d6cd0fb06821f
0,       2117,       2117,        1,  1944000, ff19146ae552d9b1711356402a909db60136dc8dde8fa03e6988217996bcc698
0,       2118,       2118,        1,  1944000, 4192fff7435772cfd21b135e75c31322632a6f607f57f7b527dc502efce2dab4
0,       2119,       2119,        1,  1944000, dbdf6f4c910b54bcdd352f5dc3960436becb7fe5eced691426e17f93a31953e8
0,       2120,       2120,        1,  1944000, 50374a5fa356e90230d3395b028dc7c664008f48d0a87b98a49dfedfd9f43929
0,       2121,       2121,        1,  1944000, 7e48bd29e285d585213f065b1e23ced91e44a4583094aa81cb1035b5eacf34c8
0,       2122,       2122,        1,  1944000, 7e48bd29e285d585213f065b1e23ced91e44a4583094aa81cb1035b5eacf34c8
0,       2123,       2123,        1,  1944000, 7e48bd29e285d585213f065b1e23ced91e44a4583094aa81cb1035b5eacf34c8
0,       2124,       2124,        1,  1944000, 2df472390f2edf4c7925ad270a88ac970a2a3cb85be1a1504f65b9a37f91a1a5
0,       2125,       2125,        1,  1944000, 6c3b71d5c6911ed60ca42fce2292399fa7c16f54e1cb5af700c04fdc7e4ce7cc
0,       2126,       2126,        1,  1944000, 8e5193e3a4fc62db5d3763309bde939e54df27a0fe8347ee82323ceb4f6e72c5
0,       2127,       2127,        1,  1944000, 101d2c667b75249afdcc877563ababc0588d06d49c4ec63eb4a4f74e9cf8c613
0,       2128,       2128,        1,  1944000, 8bb38ec64bf3580fea6b9cf63e5a25809d65fa30ae8d3d03ff0027bffa9ca56b
0,       2129,       2129,        1,  1944000, 254e01f2d40997dea508848b102407e25fb0139bb77d35a84c6b52462e3f59dd
0,       2130,       2130,        1,  1944000, 78f2aa3bd3abf405bb4d702ff5b571254737c35a5bceb52d1985e4c0dd9916a9
0,       2131,       2131,        1,  1944000, 0447ea79c26e59db459bbb14d83922f5cbe0152d1b3e7515208e35b633c73199
0,       2132,       2132,        1,  1944000, 6905c30eec2cc1eb80b02b489bc40529aa0e18cfe034166c4bbb0db906d5b4c2
0,       2133,       2133,        1,  1944000, 8edea036f77a236e0c0ae47aaf93a7965e470b9c57a51b58a35ea2637b8a98f3
0,       2134,       2134,        1,  1944000, e043cd84e31968f06d0a5f41fe2fceddebbd572ca9cc656c4095982b715020c1
0,       2135,       2135,        1,  1944000, 868aea1e31eafadc294cc41430bbf28dbe9a9ab37c188a384b65a335f3b276d7
0,       2136,       2136,        1,  1944000, 972197070156995396270272d0ef609120f4e624217bc5a1dcbaf6727e080780
0,       2137,       2137,        1,  1944000, d50c7351981c8232085e4899571f2e3052edd2118f3653da97f4c6d6600dd713
0,       2138,       2138,        1,  1944000, 78b1c5d78c64ab09ddb65c541b5676925d40f3fc97d570d0d0aafaae6b542976
0,       2139,       2139,        1,  1944000, 9e102baea799126a8763865ab3de517cf36ded49751bccf296274846793a050d
0,       2140,       2140,        1,  1944000, 07ae137897c88bf3bcaa1bc970593c208d27d80de0933e4ab387cfb9638335cc
0,       2141,       2141,        1,  1944000, 195d4e8a1b78b3eea325ae3b76702f7428780b7371280fb441751c298799ca79
0,       2142,       2142,        1,  1944000, 5faca390ee2247d42fb67a15c1f42fc0237bb571411e4a3b0ec419d85cc45421
0,       2143,       2143,        1,  1944000, ca0a89d759b32b038d1f1b98b8dc10db96543e5231c0f46d5f15819f0944d19d
0,       2144,       2144,        1,  1944000, 51a439356baa5248b95fa19aba123252c6e5081f037d59965053130882efcb44
0,       2145,       2145,        1,  1944000, 89ccb58eca5ad257ff228feae79ab48f956b512463a3bbd70439ff4fe8aebe15
0,       2146,       2146,        1,  1944000, 08e6becc7a292239f3c5c75b140903c485ff4e347f9e11f990758bbea867082a
0,       2147,       2147,        1,  1944000, 51c4d5d7ef814ef24f3f95f529873d376460cfb2ea36fd37a863d55add83ef92
0,       2148,       2148,        1,  1944000, 698f49a11c3d8d6d0de06e1d1f2040c07d000764a2d49db3a0c40b63b2e40eb0
0,       2149,       2149,        1,  1944000, 3898df3b3abb09c41ed7fa0d9281003bee0dbafac241ec36412dd740d377d96a
0,       2150,       2150,        1,  1944000, 9509c30610dd75603930657f0fd6e8e2828f9e5cebfe49a79953ab97555c1f02
0,       2151,       2151,        1,  1944000, 5defe57fa9408061761e28022b6aa5b85614dee8921eda5b344f6e990850fd29
0,       2152,       2152,        1,  1944000, d14ab183b30d0034b9dcf21d17147201eb8d69c5f5160b8c23c043c208485316
0,       2153,       2153,        1,  1944000, c73ec706d0c943326782dc9036b812f08b4ea5d4591baa7b87f90a73468ea041
0,       2154,       2154,        1,  1944000, 7e0ebfe878e9858daf6b1fad25ff7ceb4f2f6e525ba4c25ee529b252c0a6da3d
0,       2155,       2155,        1,  1944000, fde43bca4b3bbeb6f47a41b7ac27d1634ca1d0c5e4d09d9afd7bcafa3c4623ba
0,       2156,       2156,        1,  1944000, f373de2beb8f7cd00b7140ebf66548d67f5954e1cc582b1fde53cfa707be2a34
0,       2157,       2157,        1,  1944000, f7ff622bc1c5ed48f1f67680a28b1a5a09c7fdcd09092130ab2dd385e0dfb757
0,       2158,       2158,        1,  1944000, 0d34d988523bb7b219b39879ddc98ccd7615316a6b42892086df4236a4fae401
0,       2159,       2159,        1,  1944000, a209e0f9cf849cfd5f0397b5d70e247365a1fc5aaf6eff2bca9ddec93f53cce6
0,       2160,       2160,        1,  1944000, f159ec5a7d3707a768dbe4eec152519f5c04dca5fbbaad5bba6d6df7361fc26e
0,       2161,       2161,        1,  1944000, 1b9258ed5352b313dca6368825b6af6d9de5f356602818d71b8e8f3b9a90e85a
0,       2162,       2162,        1,  1944000, eb70113ec3f9aa8dcdbfe6c5aa7f40fb71f5f1c19a45cb192e42bc8fa86db945
0,       2163,       2163,        1,  1944000, 1b9258ed5352b313dca6368825b6af6d9de5f356602818d71b8e8f3b9a90e85a
0,       2164,       2164,        1,  1944000, c02216ab4b33efa0eabff8e66bc7b4b547ffb7af32da1873000d09f3b26b1879
0,       2165,       2165,        1,  1944000, f8c8d30ad0af4a7566cfbd35a845fc854c22b252b9c0544f10b043ae21805dac
0,       2166,       2166,        1,  1944000, 1478f21b70d15ce744b71735265af58cc09ea4e5cbff856d6dfa22ed144dd66f
0,       2167,       2167,        1,  1944000, 5a4ca73af9c0398ba04af299607b6a0e03aea455f901e96141847e6dfb61497c
0,       2168,       2168,        1,  1944000, 8ffdcfd1b575ecd2004e6419a3bda42966527267f1100ccf39b999da60b42f32
0,       2169,       2169,        1,  1944000, 2191524485d6f112353931e241d5419f3eaa64342085e3cbb637b4ac1cef6b5f
0,       2170,       2170,        1,  1944000, 84e5bfdfbb66e8854316cc842d1015f4f4432bfb5f4fb7915cf61a864156ceed
0,       2171,       2171,        1,  1944000, 5411a5caf70386e5650f1e07f53f858bf76b78306d1001c7c1bb888b2c2b5851
0,       2172,       2172,        1,  1944000, 5b30f694f4ec07a42603cbefe2e1ee7b2e99e87e110a4f180c35f193bb2c2704
0,       2173,       2173,        1,  1944000, b59d9879964d1f5d12fa839c51132719759e4cae2fd35da759666c40fc503b32
0,       2174,       2174,        1,  1944000, ec1d2470259fe0d689d4bc2a0397e2dda84bcc65539d4b4089b7b7d169703529
0,       2175,       2175,        1,  1944000, 311e681579e2cb99bff278c484e0091b375dfef0eee353d3e1d9510397f0f7f6
0,       2176,       2176,        1,  1944000, 8e5ab6ba66b6f967fb3ce161475e5ee0b4a55106503970a9567686e45a46c66a
0,       2177,       2177,        1,  1944000, 62e8c165daee6176dddf2cc27f84e9aeaf0ebbf87278d97775bf4526706e2725
0,       2178,       2178,        1,  1944000, 34967814c2a54b2eb6f6e1e91682af2b9050a5415a6a761df264728c80064757
0,       2179,       2179,        1,  1944000, e5def87770c4691e6f70a861aebeb03bcb50deea7db975ac81e8dafc35b4e612
0,       2180,       2180,        1,  1944000, ea3ad4f094b8a232547e7079db56d11f4a002f2faffab58bf162e3d022da07f8
0,       2181,       2181,        1,  1944000, 39c375c23d9f998c5428ec3c466d48f5e76e0393e3b78b7f465f1f519c584960
0,       2182,       2182,        1,  1944000, fbad06ea2a6f94366fd1ee4c3d0084a1899fac50b66fad2500ade93660eae59c
0,       2183,       2183,        1,  1944000, 319fb6369ba6b71209a3f8aa84d3c7449caa7c0ec48b7181921265c29e0ebbf0
0,       2184,       2184,        1,  1944000, c7cd9762986ff28eba550399490f7e6cfd4c088296b8b081ff46cf8869c051f4
0,       2185,       2185,        1,  1944000, 25eae395701709f6f21ebf795dd343f900413ec6cb0e41273332db18eac4cd4c
0,       2186,       2186,        1,  1944000, 936878bbb91c50a588ff70e7b810a2ac13b434e3d2bd77c544ae77888ac5e3c2
0,       2187,       2187,        1,  1944000, 4238f5308e7e54b1b260214a48ecd492acab2fa1a091f912247f7492392158ee
0,       2188,       2188,        1,  1944000, efff7054fc1a227762f1839f649345c4ee0f45b265a3b31bd1ce5516d30eba4f
0,       2189,       2189,        1,  1944000, 7d1c4aa2db1c11234257495dabf8bf43a219aed38d10be05e1c1bcade20196c7
0,       2190,       2190,        1,  1944000, 71040488b02976d2588a1fc81a11e79d62408dfbb6459c9e113f00aa74075a63
0,       2191,       2191,        1,  1944000, 7d1c4aa2db1c11234257495dabf8bf43a219aed38d10be05e1c1bcade20196c7
0,       2192,       2192,        1,  1944000, 8f75a535491f3faa5d932e0a3982464436ea83b6df0689fa2765c2cd690a272c
0,       2193,       2193,        1,  1944000, 7f26ed418e57e44f25803a03ea483c0e80c132076ab4fa3c90a90ac24df07d15
0,       2194,       2194,        1,  1944000, ef8594d15128f6c25eda47e039279fd22435eca821d3310e4004d3762be9dfa6
0,       2195,       2195,        1,  1944000, 204a6a11c58677a4b2c49babeda70711e53c162a1907aa7d751786c87a68c06e
0,       2196,       2196,        1,  1944000, 6241e7ad90e63d18529125f719dfc82d22296d13cd872f3e3579ba306b81a727
0,       2197,       2197,        1,  1944000, 72f10ef06abd778074d2871e33627f5d1b34ed6758520596643ae98776d73fea
0,       2198,       2198,        1,  1944000, 13959d2ad1f5714d69dee081ba349bff2e175bd159cad4e77cf66dd08ab31ff1
0,       2199,       2199,        1,  1944000, 17c3b70fef7f8e1d512e9da6e069eacd7ea341097c878d6c8f6a7c87bcb02c12
0,       2200,       2200,        1,  1944000, 3822fc004b3c7a2d8f10dca50741aeb38a0b1db7dde86e8079d903f05f0c1515
0,       2201,       2201,        1,  1944000, 8e437f0fa144243ca2c98fb7014d6c7d9a9e4b6daafad75f03b429d784c0cd46
0,       2202,       2202,        1,  1944000, cb69737fa981d716f2f63f81807cf5d6e0468f99b794f6c602ed900b62a128d0
0,       2203,       2203,        1,  1944000, 712f0901c8d66fed4f5836a6077401552e25bd82f5ec082f0729a36096ae2a40
0,       2204,       2204,        1,  1944000, 65c9d4bf97b6086d15baa53d3ffe6818a8b7cd67dd82c0236a9f015c5f11a082
0,       2205,       2205,        1,  1944000, ca2cbb114aab0e02b37ca4f7686273496c7b4c5f9a56eba3cb547a0e5edab3ae
0,       2206,       2206,        1,  1944000, f177ef73c98ef527a384fa305c56dbdd320d4e9ced15f2acd4cf91b0ae11b532
0,       2207,       2207,        1,  1944000, 2c396d2033e29484b378754a0b32679b56783d7c84103f778030c4af7d017fd9
0,       2208,       2208,        1,  1944000, 34110786eae50a02d10a5e543874999cb760f09ccfabc1fe9a9a40ca484bfb60
0,       2209,       2209,        1,  1944000, 2c396d2033e29484b378754a0b32679b56783d7c84103f778030c4af7d017fd9
0,       2210,       2210,        1,  1944000, 4061192f6a3a8f14189a2d42656c109e8c001e24db810f6cfa314318f04564c8
0,       2211,       2211,        1,  1944000, 7d6e03577adc6c0de913b21025b9413e4f8749ea4d518cdee13592decf602038
0,       2212,       2212,        1,  1944000, 4706af14f364106b64ec01d6df1413bd1cbcc1c574222f17b4ddb424be66a076
0,       2213,       2213,        1,  1944000, 935bb08a14e15eb074f5be46747e2e246fbb243cd1f5d405d2b20f0085095627
0,       2214,       2214,        1,  1944000, 0a8b3a2a9cceae4636bf0a236041eb5972ee12d04fab92366101cf653536c35c
0,       2215,       2215,        1,  1944000, f129d9ed7261aa9648bcf6b99fae41d856653f6ad2d72e51d31392b43910019b
0,       2216,       2216,        1,  1944000, 2c8a6cd04ff88a541a61901ae952a3333c7a6742d0e66020c6f60d35d9fa5552
0,       2217,       2217,        1,  1944000, b3ea1e5d5a4d30c36198e6c137bca378b25fe036993ee210ea4822b961e988ca
0,       2218,       2218,        1,  1944000, c6e82ad15f57bac7a8f4ec63671d9cc234083731be42676bc79aaa5e3116d541
0,       2219,       2219,        1,  1944000, 9143027b30e53c36b3f13b9f65f09f4fb41a5707ef5623496de2d5b896841339
0,       2220,       2220,        1,  1944000, ab473316466e1c93c218e54f9e391984d067b0554f26b7220aef0b456b5ffae4
0,       2221,       2221,        1,  1944000, 234167a4b8b3104f079e44dded5cf3355429e1695d37dbb0942c4b30f80eecff
0,       2222,       2222,        1,  1944000, d2e11fbb99639d179c502386d4fa19a839021059fd6dbdda4e8a610b2a6ba9b4
0,       2223,       2223,        1,  1944000, 358e822ff55e76db03931eabb23c63ff52892390cdf004426f822057b7bdde56
0,       2224,       2224,        1,  1944000, 65389199dac839da26ae07b7055f1bfd6d7a4badfb14c48625872f73ab22a4d0
0,       2225,       2225,        1,  1944000, 144997f3aef2d141d568da56ce17a0ed2d9dc831cb9dbac2af133ca26178abfe
0,       2226,       2226,        1,  1944000, d7089d61f3fdb75027a07839bc3c30de4055e7f5bf376ba784fae0f50122d53f
0,       2227,       2227,        1,  1944000, 144997f3aef2d141d568da56ce17a0ed2d9dc831cb9dbac2af133ca26178abfe
0,       2228,       2228,        1,  1944000, 024e387ae346750de73828f28238eec75e982e6bbb87c9ae1934ab676e404d1d
0,       2229,       2229,        1,  1944000, 2dd4e6bcd6a8f2b3be85315ca5bd89954bf3aa522eb28a3876a2137867090e97
0,       2230,       2230,        1,  1944000, 8c622d547c9b0882fab4c5584b4f0ff89705015cc243d25836581e9aca4d9329
0,       2231,       2231,        1,  1944000, 93de4e4068d95486c45164d993e2a0f0104863d68636b6d8ab515c7ee3a3369a
0,       2232,       2232,        1,  1944000, 7ce88263096c7f444dfb4971c0e34aa4533bd29dbd79f0314d90b5601be70f99
0,       2233,       2233,        1,  1944000, a6f23adcaf703b47b18f9362e600e63943229cba52ceef7a8d87c860b6b52135
0,       2234,       2234,        1,  1944000, 16d02b8bb3259d2b8229078706def00dd13aa08c0f0ebeb1e30aecf295ab5efa
0,       2235,       2235,        1,  1944000, e6b28d59a5184cdc8962e1cba7e104f29b11cf574148942a8e51e4ea680fd07d
0,       2236,       2236,        1,  1944000, 8776bd119f86df3077ced7160c1a42ffa1535d479288df2fa88e8644b3a1571e
0,       2237,       2237,        1,  1944000, 0f9b3463cfc44db413e6c0507c49849bfd41c8a806d3382b12db5202bc034feb
0,       2238,       2238,        1,  1944000, 6dd6bb8052e42b0b6b5985e4fb642cd9cc0c565f4560748e50a16a00270f1299
0,       2239,       2239,        1,  1944000, 0f9b3463cfc44db413e6c0507c49849bfd41c8a806d3382b12db5202bc034feb
0,       2240,       2240,        1,  1944000, 9ff09a2dc28188bd5df762091d38724b2a2a031999075732ee4d32c27fb95915
0,       2241,       2241,        1,  1944000, 96c47a8f043c71179d15ffc8b6a621fbf7d6fb702e501eaaae467da75e791e14
0,       2242,       2242,        1,  1944000, b023211f5fa99f3e43eedb1025d5e69fb0e61ee96a1195234282978bcd3f9c58
0,       2243,       2243,        1,  1944000, 96c47a8f043c71179d15ffc8b6a621fbf7d6fb702e501eaaae467da75e791e14
0,       2244,       2244,        1,  1944000, 6c552968520c67b1957f2dc366b64743faaa24d5b6eccb896e5cc5293220a56c
0,       2245,       2245,        1,  1944000, f0f8dc1ddccb03cc8f10b67fd299f1267f31deb162c46f1e5b857d6e7815139a
0,       2246,       2246,        1,  1944000, a79a1ca8d9d01c52a8fe91ce55b1bb333e8203c54bd797b26e1e6ec28ba0027e
0,       2247,       2247,        1,  1944000, e495a18a562ba2ef59887e4cdb46462db9b47f35f7c9ba8a30be732c43c84183
0,       2248,       2248,        1,  1944000, c380161eab7ed42d787b4f88af60f585b8a5f090a412a80a1a0f47948423681a
0,       2249,       2249,        1,  1944000, 0367caedf9c220f0f89498d2260d9eb165a8b33e30490c82c0ae6e1c88b31cdd
0,       2250,       2250,        1,  1944000, 10a15dd4f8a11f82c6520b4ce3c4ae88963f28af36884a58e4d2d688535daa89
0,       2251,       2251,        1,  1944000, 80e8734bb7e2e5341a5a2df02900d5c29a57b244537b4a076a361869be0e1b7c
0,       2252,       2252,        1,  1944000, fa81db0f7981ef01ad38ece0638316fda05d8cb94c25d73af5ff62fcbb148e79
0,       2253,       2253,        1,  1944000, b18b6e50ec7bf0ffab5f03a54ff6c5d961a7d2f23fb7ac4cedd37f6b309127b1
0,       2254,       2254,        1,  1944000, a5d2e8c0185adcaac61c7a8aabe1886e10e68f21ca9e4719f4fb6fea4ecaf47d
0,       2255,       2255,        1,  1944000, b3b2d4b6af1bb4867394bb3426b34edfccfa2a7380e3501281e7e79c7ca140ef
0,       2256,       2256,        1,  1944000, b6639f11e415e296d1c8c7a9da6b2c1f69a67d502d999c228bbc15e6736b2af7
0,       2257,       2257,        1,  1944000, b6639f11e415e296d1c8c7a9da6b2c1f69a67d502d999c228bbc15e6736b2af7
0,       2258,       2258,        1,  1944000, a6c260f89cc331caf6b5788bf04c35fd48dd4f4de2b915a18d98e9906d5c7e30
0,       2259,       2259,        1,  1944000, 13965ad69a446756818da6b2346836decbacc37198e38ad1f79f27fb4e855878
0,       2260,       2260,        1,  1944000, e70de71ac7c0bd6175189f9a7ff799b7032f3090f4594345cac9161a6b619af5
0,       2261,       2261,        1,  1944000, fb18e36d9afc4515567dad5f7852cdbb3c3bf4ea60e768b45fe8a29812e83793
0,       2262,       2262,        1,  1944000, 200616ea7efe11869ec3f92cc895d4bbcdaee30fcb5d08966cb9309b5bd929d0
0,       2263,       2263,        1,  1944000, 6005f3ddd8f495f764e0355f13ae8bb46e647b3cf1a363176db9af218f61c5c4
0,       2264,       2264,        1,  1944000, ca470f5de629e07bd20623fbca35412054639a14a0cc42ffb8e038baadb91690
0,       2265,       2265,        1,  1944000, ca470f5de629e07bd20623fbca35412054639a14a0cc42ffb8e038baadb91690
0,       2266,       2266,        1,  1944000, 827c5749079a27efcb1e137fe75fa68e6ccb99f0553d7eadfb21c1dc0c3b1170
0,       2267,       2267,        1,  1944000, d2296aabd4b4f5d80556a4fee94d44d73ee88663850680c2e6aba07f1bfb80be
0,       2268,       2268,        1,  1944000, d2296aabd4b4f5d80556a4fee94d44d73ee88663850680c2e6aba07f1bfb80be
0,       2269,       2269,        1,  1944000, d2296aabd4b4f5d80556a4fee94d44d73ee88663850680c2e6aba07f1bfb80be
0,       2270,       2270,        1,  1944000, e82e0ef41b1b84f0126851711dbc82933dc7232ce999bbff7630e5ffc40d1134
0,       2271,       2271,        1,  1944000, 7f3ceed8c9f1b5c7f45af305179bcafa091c0ea864074dd1a485fbbd45179988
0,       2272,       2272,        1,  1944000, f70d5c7edf684d38a64b7131d5c2260a8bab5972ed3e4f9ddfae2056e3a78984
0,       2273,       2273,        1,  1944000, f70d5c7edf684d38a64b7131d5c2260a8bab5972ed3e4f9ddfae2056e3a78984
0,       2274,       2274,        1,  1944000, 7aab0aa49e86735c2064f98ee03cc519f9355f1b6ed02ec733b78768d07e45ff
0,       2275,       2275,        1,  1944000, 11105ab312b38a904c544dfef3902fd45e151accd2db0386e7224bd9c82192b7
0,       2276,       2276,        1,  1944000, 11105ab312b38a904c544dfef3902fd45e151accd2db0386e7224bd9c82192b7
0,       2277,       2277,        1,  1944000, 11105ab312b38a904c544dfef3902fd45e151accd2db0386e7224bd9c82192b7
0,       2278,       2278,        1,  1944000, ee4e0bc279bf4e57db9efbbf1363c8cabaea066a68c58a59834e5cac9afe5ba9
0,       2279,       2279,        1,  1944000, fc492d462ebb27cc6fc4376cffec4de607bed2a8be9cde03dfc226b85076ee5d
0,       2280,       2280,        1,  1944000, fc492d462ebb27cc6fc4376cffec4de607bed2a8be9cde03dfc226b85076ee5d
0,       2281,       2281,        1,  1944000, fc492d462ebb27cc6fc4376cffec4de607bed2a8be9cde03dfc226b85076ee5d
0,       2282,       2282,        1,  1944000, 2d731ed965def2f22bb840ee6abe333ac4073f53fe60de9b70f35c8366c00bd0
0,       2283,       2283,        1,  1944000, e540d2a07955bced1d13bf0a3993d8e22825353a67bc8bd76646a9e6f390d131
0,       2284,       2284,        1,  1944000, 90738bc180d335a2df559408fb0d08c411e66dba1922e1c5adf90eb793d05ba4
0,       2285,       2285,        1,  1944000, 28d99b3cd67ee8cf261123375ce768954432d65c1ddf22054a5e3db8c7edca84
0,       2286,       2286,        1,  1944000, e9b1f33e3e5964f32148eed1eae39d9f3c5ea477dc54aac63a88116e0799c5c3
0,       2287,       2287,        1,  1944000, a15ac04afb86a1a545b650ff85fe941061325e7d813beeaf2783db1b21c2902f
0,       2288,       2288,        1,  1944000, f9d8f8c589da11dfae34db51ca07c524f7cbf253ea303f57a8039d7a5b595279
0,       2289,       2289,        1,  1944000, c8a07d1ef812500546e42b3c239687b407e7b626e9a4d36ad8a8d4b36249f994
0,       2290,       2290,        1,  1944000, 3d610e7f3386fac341648203f29541490f59843eaff53e8b36ec0dd3dc7c6bc5
0,       2291,       2291,        1,  1944000, 53d6a242080c0ba338542a5a445884f67c8d29219ef7c0784a51a5208a20a400
0,       2292,       2292,        1,  1944000, 7dd07672a2b9d9e92d1d1ca63dd0301b51d199d073a89f76128fccf82b501f86
0,       2293,       2293,        1,  1944000, 9ae4fb5ca17c7dedeac700d97d5dd36152fe931223863be947e04e1cab5a16c5
0,       2294,       2294,        1,  1944000, 403b55a89f55a76e75d9c8c5b114eb13839bb014f4743bd9aff200041b323104
0,       2295,       2295,        1,  1944000, ad0fccae900f9b8776394c329b5ef30c0f03f54b3936d0f72521fa7c0c6444fe
0,       2296,       2296,        1,  1944000, e5d7c6cd830fe294857068ca9bd55865f7db167d3b9a79a7b11153571632e911
0,       2297,       2297,        1,  1944000, b198f48d64d3523fc16896444bad55b300c0633380fd5c6bb61c7054c6cf076a
0,       2298,       2298,        1,  1944000, cff6d5694235e701cc103760d901c5543e3e305e8b1353c02a047869e3a61ba5
0,       2299,       2299,        1,  1944000, 1b53b2e9b46830ff41ff8cdf713c24591bc093fd219a01f013489cb1f287def9
0,       2300,       2300,        1,  1944000, cc3d362f0a01bf2318434a9a1052064dd85790d59f4af409f82b89212c96caaf
0,       2301,       2301,        1,  1944000, 980d8220e4966b52252f145543d3e55294d2ff073ade108e8fc5ea3ca7f3f031
0,       2302,       2302,        1,  1944000, 9495404002d8b6384b757fafd4442ef885815ba3dab107424bf201c6bb2e3e52
0,       2303,       2303,        1,  1944000, ba64a5d3dafa9b5bcdb08e1ed2f1dd2088d3c2e5cb36008a38dc304e35bbae39
0,       2304,       2304,        1,  1944000, 2a2e26993c4a90c696e13648b539c47dc67b9a102fe47a2b9446941c6c54133f
0,       2305,       2305,        1,  1944000, fdef3249f193d8630515cc33b75d12a2a4a969fb09798e777eb99d55dc272d84
0,       2306,       2306,        1,  1944000, 557a32abb95eb5d6af7f229eb6af8b9d635cf291ec02b2fafd1092bef84fa12d
0,       2307,       2307,        1,  1944000, f05746d9b5f63672cda93bc5944351e4658746e4538d50645e5dbcc069ed6f48
0,       2308,       2308,        1,  1944000, a9c6fb48d8db34a85bb023c9d42394cd11df9b9c3c13e0d9defedeca282c2195
0,       2309,       2309,        1,  1944000, f469ebd94905b525f5f8c6fb8e05dde8dfac35c0ad4c1f40689fd03b7179685b
0,       2310,       2310,        1,  1944000, 037787b9d61eb166b6f0644f17e8775e0ec1d617d4a0e6e03eb8e20c418bda74
0,       2311,       2311,        1,  1944000, 1fd428abf50725440050d391ca5fcbd77a0508ed34960be6901b6ec57531fd38
0,       2312,       2312,        1,  1944000, 0f0568c051fbdcbdc55d683a1c81d038b3a4c0270c066286424bf2e0b5a3689b
0,       2313,       2313,        1,  1944000, 45458afa23981fa3fb77ce50072b41d4912cbff37a255c3b9fd4b57bd589b418
0,       2314,       2314,        1,  1944000, 79042369f47a062bae30263c118df6fe8a2d5bb4f5d4830ad188bf4ae606d92a
0,       2315,       2315,        1,  1944000, 90888cbc2a6bf804570d903111d289dd445fcc3e97837fcc7ab3e877e4487338
0,       2316,       2316,        1,  1944000, 087b49fa131dad04612080de20c890e5ba8ede9b92e8e4244c8f109e4f6b14a9
0,       2317,       2317,        1,  1944000, 2e194d668716b0807330be4ca4f2b803a39caca06379eea2b3458c147f5152a3
0,       2318,       2318,        1,  1944000, 5be2a51063edfb8cff8b4dd18accaf399673d73e993b8290e6cec211d80fe82a
0,       2319,       2319,        1,  1944000, 4a6b60f65766ae28288da8f6bfc261c97d1b57e3a9d28fe67a360146a58250ba
0,       2320,       2320,        1,  1944000, 48238b02dd6109f4d63f9d65ffaea2464eb89ea46b0f99f8261382363579c9e7
0,       2321,       2321,        1,  1944000, 431ac3f459f29fb00f5732fa011fe35f01333129b6b46aac706cd2840cf2543a
0,       2322,       2322,        1,  1944000, 4caab490bd27c93bbd2fd72e178bd70d27f8fd28365fde3a6893d135881efeb1
0,       2323,       2323,        1,  1944000, 06c9ed126fefcd237ceee06f621dfacd102cf228e093629e1c26093e482aa5b5
0,       2324,       2324,        1,  1944000, 3cefb7af3d6fdde764743d8917c77dcc27a5f481fa55ea143e061aa9806a40e6
0,       2325,       2325,        1,  1944000, c3bc354048e8348816a510efc1502c39ac7f4df7620d54e85b8dad0c33360e17
0,       2326,       2326,        1,  1944000, 2157f19fbd9ee9ae8eb825ca4b21be4dd0fc6f2f2d978117f88d568c4236232b
0,       2327,       2327,        1,  1944000, eb1fb0858e6343a883cda5c959e6c7dd438a6ea6482ac92d557ec653e7d6cb93
0,       2328,       2328,        1,  1944000, f137ace0e92eaf2ebfee0755c3454626dfd5b07ad17666d1d863df35cbc9f898
0,       2329,       2329,        1,  1944000, e35e72bf714fab8fcb5a55a861c236b9d2c9d25ec7f6be45f3d0a2d2e74432c9
0,       2330,       2330,        1,  1944000, cd9bb5569ab93df48c59b64892761623423da147ea91ba1d5101ca6bb73aa183
0,       2331,       2331,        1,  1944000, d6c9f83383913ae58d087b82ef62f0bb41c311b7fce0b773c3e4bfe18b7f73cb
0,       2332,       2332,        1,  1944000, f991c73256a7e02e9e47dbcb186eb1a61869e5640d0f73bb00c41369bd5f31f0
0,       2333,       2333,        1,  1944000, 466237e045b85ade7dbc738f7295f01e1cde2b8b19afb63da89f43890d666b8a
0,       2334,       2334,        1,  1944000, bdacdc6b29f92109d10fc5cdf503a2cf526950992a40260326a8cffbfe6d4aa6
0,       2335,       2335,        1,  1944000, b11a15f3100678883241066ae522a73d945888673666458c0eff4cceacbadeb5
0,       2336,       2336,        1,  1944000, 78e92f723305e93a76459b2d107cb2791c7a36380e371acd677dd29c852c081f
0,       2337,       2337,        1,  1944000, 397b523a5e11e4dcdcf6a45df44fd4de4f06082131b296399300fe4921fb2815
0,       2338,       2338,        1,  1944000, 2274aaf82c1cf7554bd5290f383b0d8494890c7fca39983942c438d12cb94b9f
0,       2339,       2339,        1,  1944000, 0aa7fe2102dcc8ac6984959249fc21e5fc91d2d59f1877c1455eeb9b3bd08ce2
0,       2340,       2340,        1,  1944000, 121fb9d70f3fddb82053ce9c0c432be2c8396471ce3269eabd95427574c58201
0,       2341,       2341,        1,  1944000, d8b3e0c9bbf07143def70af424081aa12973eca74d3f71a786789d9b6ea0a281
0,       2342,       2342,        1,  1944000, 73dcf481f0019dd70ea88d247e9d6180919b1cc8f057c74098a390e8ca602600
0,       2343,       2343,        1,  1944000, e965870dce6b67a5bdc3dd0c9c7eec6a07d590aa6aa28f80c8122abf5ab11d1a
0,       2344,       2344,        1,  1944000, 85689d3654b3dcd0f885ec4d3d6706d4e005896a730a1cf6a0cafb359a55eaf4
0,       2345,       2345,        1,  1944000, b930af745f8349a455aaa156fcb798f06a19e988fdbe94654c08c194cd0bf838
0,       2346,       2346,        1,  1944000, 0cb24442f9de83ceec44666d8c8acbae436f800f9709c89d243f28e01472d14e
0,       2347,       2347,        1,  1944000, c6574955eff90b95af21260e16ac2d93bd83be8cfc2250d7ee0f14ea1073a08c
0,       2348,       2348,        1,  1944000, 888cdb3f183fbeffbe31241c1be186c977e7b0de97609bb92903c445df134d16
0,       2349,       2349,        1,  1944000, 85ffaa27939c973173b69e786583393c93bc442ada70f4854045fb4ccb73aa5d
0,       2350,       2350,        1,  1944000, 5a655a4efee37f427493cb39ad7fbf8b84149c7d92a83ce1797c20ed07aa72cd
0,       2351,       2351,        1,  1944000, 195365ae69f171d7bb81a20a97ca0d996460fb1f18d2a2c300a0943bf7128e3b
0,       2352,       2352,        1,  1944000, 8cb788415e0490e1aef47c70e05b5e0bf1c1826023fa21caa45862785893fcbe
0,       2353,       2353,        1,  1944000, b9cf4f0dd0247d9807a28e25ded989d10adffe40d0ff09bfcd2beffce2886921
0,       2354,       2354,        1,  1944000, 825e49f0faea6b899322532cd84d31dc81c025eebd33a7597f24dda6d95c824c
0,       2355,       2355,        1,  1944000, e033aad03331e7b3ef50ca168ca2139d5639378ecce9e5372bee5dd0a43b6344
0,       2356,       2356,        1,  1944000, 27f5149ecacfdf135ce45d07e64014837a671f836ae49e8b91e2f9e6c8cdf53c
0,       2357,       2357,        1,  1944000, a89b45dbb7a1d2534c075d6f035a2ac53abd42c09397eab21c9020bcba2f6d49
0,       2358,       2358,        1,  1944000, 4c59a589b9def374924991d359fcc62096b8b6c62c57cd6feb230472e933e80d
0,       2359,       2359,        1,  1944000, 11edb175f388a4acea204ef12ef0e4da31eb2e37cce02c667b8ee0f5f923d2c4
0,       2360,       2360,        1,  1944000, 4c4ea05a8b2170dc6659cac460dcf336885fba607b8012e1e910a8d74f0a4103
0,       2361,       2361,        1,  1944000, 9accbabeb7436e8c36c5f8c2e64dde63ba057c4dae1abe802bdae837bacb4e89
0,       2362,       2362,        1,  1944000, 6a0e9e5097415774cfedfffaed48ac025c22dbc662045013fe3f561bf8fc780c
0,       2363,       2363,        1,  1944000, 00e6bfde7d64e5e25ad9d48a9a7ddb881105589df33d6f5ada934f8e096c0667
0,       2364,       2364,        1,  1944000, 23f521972403ce7f7375d9dd02e34b8c7d3782ed7b660bbf44faf13c8ed7f2ab
0,       2365,       2365,        1,  1944000, e3f98ef978b52974637464f720f8ffec9b3223564201fe2a7fbdaab123218e39
0,       2366,       2366,        1,  1944000, 207bf5965f262436cb0b1757651939f10eb84d03c7698e6adc6443fd22ded4c1
0,       2367,       2367,        1,  1944000, 846872b4988b611e8f9bf99b5f4938fdcb6793822c73902d476a2e59ddf22f38
0,       2368,       2368,        1,  1944000, 374482595f340d7d023d3ccf04a3b23de31da17b1d961cf676b940e9095c86bc
0,       2369,       2369,        1,  1944000, 67786ee154229a899f384ac5ce283c8c874cb0aaa9e52dc837d8131157d052d1
0,       2370,       2370,        1,  1944000, 20f686c33527824e720e77eba5b8baae8a8798355c4f0ee5f7c2d70045fa5619
0,       2371,       2371,        1,  1944000, a5fe7f1895267639a4ed2a1e00a0e483635c062ec93228d13a7c47bfff126e22
0,       2372,       2372,        1,  1944000, f0e36c8bad0842a03802949bbfe3454c4cbe1215bdf300d991bdaf8b3e3145b3
0,       2373,       2373,        1,  1944000, efd51ae3bff12818e97e87c9fa2e3cadb7842b95c28c8e3d4cd75984b7de04e2
0,       2374,       2374,        1,  1944000, 6d396115db23f32dd9b17e9e170a4301fd311eae0056a9d0451243bf8beddbfc
0,       2375,       2375,        1,  1944000, 2aad4e6d0a0891518f22b80ede730c9e2d9bb4a7f9e78b0f87e733fabcc413a8
0,       2376,       2376,        1,  1944000, 4f0f8956df1d9a1eb292ccce7dbfca8c887fcb4b49b0235f4ef59c35ac03f3fc
0,       2377,       2377,        1,  1944000, 2920d4221f076320f2fe0a8648feb2bafa749d67ddf55c75fddaa59e57f1818e
0,       2378,       2378,        1,  1944000, f77cbe5307c63fe29f8a510c31f840b9ee741da2f3955cba3696b1b26ddc9a13
0,       2379,       2379,        1,  1944000, 971ede2d8ad622c3eb138e09c503066b5621b40468a3c94a9adbf45fe9de2297
0,       2380,       2380,        1,  1944000, 4be005864fb8c34f4d4c61a6d3bc41a336d6d88ced34cfb53e70cf151c0cc097
0,       2381,       2381,        1,  1944000, df1c25746cc89448c33f6d23f35bfb6b6af55cbaabedb2959f39986440e2da8c
0,       2382,       2382,        1,  1944000, 2ead89efc5c1a4c13dafab18a78f1a0c2a770d261c5a08d63204cb23dbb0ef4d
0,       2383,       2383,        1,  1944000, da5701d6bb823ef7f9014bf105580d323d7284d4990aa70725a885baf677c8de
0,       2384,       2384,        1,  1944000, 66ab0112b5c94d25b1ead545c37ef816adc19465c6875a298083e4f17ab4f937
0,       2385,       2385,        1,  1944000, 386ff72f5a21e8d5bd97b2bd136783cfd64b44b3b04103d625424e92cc6a5e4a
0,       2386,       2386,        1,  1944000, b1a25194732c31a2960d91c843184bc5df1cc3765e1cac394ab810e1fd6a7a4c
0,       2387,       2387,        1,  1944000, 646718672c9e33ad30b731ac0835c865ba12ec2c92821e8bb5b07d320f8e9055
0,       2388,       2388,        1,  1944000, cdf74f7133fec614ee983d7d1ba25b91b960ed66fa5b4a351f5ad7d91171bde4
0,       2389,       2389,        1,  1944000, 5a1b9c3bb43bf154e9c820126762b6818e2ddaf30e9cd2eded5c7e697d940372
0,       2390,       2390,        1,  1944000, 6791da2c07dc002c96ff4081527c10ff9f9833e29bf0e8ad33ae395e86095dc0
0,       2391,       2391,        1,  1944000, 3cf3d71f1b3ff598ef81515890c270a2a982d59db2aacc44dc41517f2bf36e93
0,       2392,       2392,        1,  1944000, d0dff1a14f2e1ba55909e56d4431007ee920fcbe80f8abd28db283bf2b7a92ef
0,       2393,       2393,        1,  1944000, 5740b98aafff1e986bcaa6c9b4c9330c71ab304de5686f6f775a8e5a23765ed3
0,       2394,       2394,        1,  1944000, 5374c7b680c04824931eeae020c93e937392f5e3f0fe2a773d7b8eeddea0f47e
0,       2395,       2395,        1,  1944000, b5025d91cd642abe186e3f616ac3d0f97a4e6b87f62a8e005580212225699b61
0,       2396,       2396,        1,  1944000, c498e319f3e1289284e43db091163dccebfb6ccc43a3fb6c343653aaec3e34a5
0,       2397,       2397,        1,  1944000, 46817b148ac6c1a909350842bf9ef6d0bf1b7bea5fdb28a2265f474cbe47c1fd
0,       2398,       2398,        1,  1944000, f9c6412a8a2139b16a666e442322d12de8663e77ef32cfa3a9f7e140e388cc70
0,       2399,       2399,        1,  1944000, ead8bf266d0a7cc001d7b581c63de48d4bc315710de2337026721ed75dfa0aed
0,       2400,       2400,        1,  1944000, 2244526f80bd7ffee993edf257b30e89210317b37fd45072193a16bc22c81e8f
0,       2401,       2401,        1,  1944000, 9c49bd62e538c462b4231a5fb15a0428379a387ac7787feb225c38d7adced5d7
0,       2402,       2402,        1,  1944000, 22ed107bf00c706ab1aa010263dcbd37d4b8206a23ff2da442341f4f234b8c4d
0,       2403,       2403,        1,  1944000, 172eeb5afe6ba5083d6bff9eb21f7e097f44388476cb0903d00d123bba84bec7
0,       2404,       2404,        1,  1944000, ae95366146a9a66c3db386e1d6475a59511826a3400e6f06024e9b20b8953e83
0,       2405,       2405,        1,  1944000, 3eef34bcb0c313cdbfdec95b01192bfb7b72cac2c9e6d2ee4b14930abaec7cca
0,       2406,       2406,        1,  1944000, 52e69dc90ff720cbb784d2f762f920da3e3ecad37dd522f5cd03137c388e5693
0,       2407,       2407,        1,  1944000, 97135d92d69b7122160f945ca0f77f396326f32f51f2fb94ca710162782cda2c
0,       2408,       2408,        1,  1944000, 0f2d3597ba9b8e2ee7d7eb93a85a6e7ca4513402feca08b6965c1bf3fa60add6
0,       2409,       2409,        1,  1944000, 691f51c89d6882da4e365a335668a094591c6f58d3ca150ffd156d8650f9f453
0,       2410,       2410,        1,  1944000, 617362b74746ff285ed64521a49c98cdf169c6de9502406c5a41cb54321b7b85
0,       2411,       2411,        1,  1944000, a3e4dd9f3acaf4f6ecf4a579d19efd727d84a655b8e20feffd4ab878235f67e6
0,       2412,       2412,        1,  1944000, 56ea495bf4da0c26f313e88bb78308e2962205ffdb9dba0c98dd0bb6f1c02eba
0,       2413,       2413,        1,  1944000, 712603a73e3264436d6d5be80ee86ea159c5483053951390974a478b7083c323
0,       2414,       2414,        1,  1944000, 8a5d7f76c264b03d5fdc17011c457a77e5ff58baedf9992872e2a7ecbb6ace7b
0,       2415,       2415,        1,  1944000, e4280753ebf3d12264ad7701341ccb98cd51f59a57574ead8e60466d3b6c6c42
0,       2416,       2416,        1,  1944000, e011141badcba89580f0358fca6bf2882d60d32d76ad06909af108ab8ca8db2f
0,       2417,       2417,        1,  1944000, 1ca5f4b663d8caa00113e641dd119f6ec53eab44703b1db484b353f0187f10ab
0,       2418,       2418,        1,  1944000, 82f547f5676888e19731735ce86eb0ecdeeb204ed9d59bc32b286579fa30d400
0,       2419,       2419,        1,  1944000, ad75285c56ddff4dccc27821facda6f10c768801c862d9f76a273e1e7a3c42fd
0,       2420,       2420,        1,  1944000, 9ffa5e7b4537df9ac55d1545d750111ca879e8bab19d43ee1ea7e1267922af5c
0,       2421,       2421,        1,  1944000, ef642632c5d46aa6a34bad69c9217092499c5b6da3b73e1908450fee6ac244e0
0,       2422,       2422,        1,  1944000, 302a28f0c14b83a1cefc22a422e988f7a54cad9ee7de6d51cc71c72722756c5a
0,       2423,       2423,        1,  1944000, 30dc8133c5a693bb23057068c708213e14ec2760d9b41eb2125636d2a76eb407
0,       2424,       2424,        1,  1944000, 65b1210e825ba6423049b7897cd70b4416ac56b6b13b2853f4c01aa822c76bd2
0,       2425,       2425,        1,  1944000, a7be5871f4c0cc19b1b58b3de86f889508482a61689883377e048ce969349a35
0,       2426,       2426,        1,  1944000, c5b0adabd0158a1e4a44181293cd0e0842933c9edbf19c36affe2716facd387d
0,       2427,       2427,        1,  1944000, 1e280900bc7afb0a88994820bc68d9414860bb46aa6e3a242d2596fdcab6185a
0,       2428,       2428,        1,  1944000, 7349e7de1f1159db6162fda7f3b0205c979a1f5580539555ef59e42f58ccd9b9
0,       2429,       2429,        1,  1944000, 484a964f1173f86753343ad5c7bd703f2f3fce54a49383e77c23df1fb0dbeaa6
0,       2430,       2430,        1,  1944000, 5384799c3953bcba861e47c94221d58cf71c05b2032c1bf32a8114b92192c891
0,       2431,       2431,        1,  1944000, 984391c688e122bfb79d18aa884f9eabd06cb3acf94fc61d4c5feabccd446f99
0,       2432,       2432,        1,  1944000, 325a8030da35740dc0d99388f67c7d7e955b8558d6f60f8f06960f00c9fac774
0,       2433,       2433,        1,  1944000, 6e2fd82b2ccc7765662eec8e50528566bd866e9c93e6013bd3a1712697632c8e
0,       2434,       2434,        1,  1944000, 8c676f9b63aebc6ce22090ec54f53706c3e389a6633e3c4cb270300ef70a848d
0,       2435,       2435,        1,  1944000, 9811f9b8cc4ff08901b1cd0cfbf577a98c8c06b6ca85f39c76ccbcbea4455599
0,       2436,       2436,        1,  1944000, e651ac432a32da2a474942e46f0cfd9adda31dbcd299f12fee0134f3886d4a1d
0,       2437,       2437,        1,  1944000, aac0f1691012ab2ba759594367e60263806eb56fbb1ac17a99103ca2c9f2fd4a
0,       2438,       2438,        1,  1944000, 91ff7afaaa6eac013e697ffe95de1bdd590f84a700183ad814f07fcd28e24817
0,       2439,       2439,        1,  1944000, b1f9b7a01e43a7d94fd4872d6885b3d6aab2e02536d63863598ad96f8e3648bb
0,       2440,       2440,        1,  1944000, ff86cd1b3dae0f0465676adeaa7b0252002904e981e842bbff4d57e0a504e42a
0,       2441,       2441,        1,  1944000, b2909adee38881a890b97f6c286afd1a1c591901db3385bb650d247ad334cc24
0,       2442,       2442,        1,  1944000, 4254047e4acce59d95edb0c454779acb25fb48bcc3ca0c85a95a2faf490b7d1a
0,       2443,       2443,        1,  1944000, 5cfc1dd0e8089a04e84bb917a2c02699d7c902ff252fa05d37cf17f3d875ee9c
0,       2444,       2444,        1,  1944000, 483ca68649a8d9c11245c7e6a4b07f60b17b00b5a3e982023e49d59e116fefac
0,       2445,       2445,        1,  1944000, 57d607c5d57fac6d3fa96aa8a2c24dbe8b714437bd6e082fd21f164d365791ee
0,       2446,       2446,        1,  1944000, ab09349dbda4a58a9cc2dacb772709658b454d21a92a8c619e3cf69da6c67bfe
0,       2447,       2447,        1,  1944000, 2d74da9974af988093db0006182e2c3b41f55f00c7e815df31f9336ae459df43
0,       2448,       2448,        1,  1944000, f6b6b35b52a09371c94f3463762c36d7df7a2948d3c1859c855326061a69efaf
0,       2449,       2449,        1,  1944000, 39f27331a95bb951cd04ef54ae7937dc73f178d92cfc77a8e0a65b9aea66b8d2
0,       2450,       2450,        1,  1944000, 4c78e570d5aeb82d9d4dcf7a7825f1acfc88a9124d3c43a09e272b1f099ea74d
0,       2451,       2451,        1,  1944000, dfe792b1a401b0eaa1723e38460f505b53e53ec3be9f4e92e73010041b41a13d
0,       2452,       2452,        1,  1944000, 40261a56d2e44b43ba5930d29a0ce98c649f7076122f5bd13621a5faa192833a
0,       2453,       2453,        1,  1944000, 7a807ea3fe30f788ee11fecbf3314c358c7481da19aec618d310601fbcac591d
0,       2454,       2454,        1,  1944000, 035e0a779456a8003fbe2a5c97f06e1821a8443a6b2b94653262d757e082d740
0,       2455,       2455,        1,  1944000, 6e47cf12fca419561db2e9fa50d94a7a2bc55fe991cff12cbf6951fb5af1cf69
0,       2456,       2456,        1,  1944000, d8fae66b8fa52d2cf01c6f65423206853c136c5148e41e5791f4cfe0dc481ca7
0,       2457,       2457,        1,  1944000, e304fbe46e9cd3ee2d50c2e04d0af111423b257824c83a3c19b2c95c6025e2cd
0,       2458,       2458,        1,  1944000, 3c2dd72715a6ed27b74b3672a304aac3df0bb14d6354730c71697945101a0cea
0,       2459,       2459,        1,  1944000, 58d0fa67bc7347756d506a4822d11d4eff07bc79d5374473e3325d74b0f5c347
0,       2460,       2460,        1,  1944000, 55c5e95efe718df5913ac6d27183b6fc79d0ac6dfed5e8fa3911620ef12a5afc
0,       2461,       2461,        1,  1944000, 02a0f18ec648a4fb03f3d0f38a82ba1a0b717cd801ae2d44151035e3726aad2d
0,       2462,       2462,        1,  1944000, 9fabf7177d90e212e3411cd01e2f268ff5ef4bebbd1b51c3e2033a3fb72e3a5e
0,       2463,       2463,        1,  1944000, 3a756e807cf5e2dd3b61fc1dcd5d27e581085505bb3789e58f82867cf0c215b4
0,       2464,       2464,        1,  1944000, da6a5753ad4c673d8dbbb9cace264827cf5d218d619a941c70411aabf1763559
0,       2465,       2465,        1,  1944000, 89d1eabf20a8bd4a9ddea61309ea55bd3b3d872b701dfb575b9501a20b9c8a73
0,       2466,       2466,        1,  1944000, efa25ef09760762e0f88c0076662f94b3077956969c911dba5cfed8039f1c1fb
0,       2467,       2467,        1,  1944000, efa25ef09760762e0f88c0076662f94b3077956969c911dba5cfed8039f1c1fb
0,       2468,       2468,        1,  1944000, 3c20852841fda9694bad6567542403f26c9df201586624d9b6cf257d2d41fc4e
0,       2469,       2469,        1,  1944000, b82a6ed3d48570b41e2d96cf8110fbdff2ca5c527b7e7923878dccbc920a7c90
0,       2470,       2470,        1,  1944000, 59d9cbf1b1c090d817d352e2ad10195a759758d2251084152df5b3d2d8a9bf11
0,       2471,       2471,        1,  1944000, 4d45f04a32b171b7f342ed0e8661547076ce4f0ef52c14f899e911f655ae5cd6
0,       2472,       2472,        1,  1944000, 2e2c9332a243ad529a6372324b08d7ac99104ec8ac9c4247c75b6fa49e9b6e52
0,       2473,       2473,        1,  1944000, e2ddd383d96951183f7c28f8e72cb38174fca7dedfa97f4ae3b360d90a3cb6fd
0,       2474,       2474,        1,  1944000, ac0baa12edbe160d81b5d3f1768d037548c7ac01734e21c4dcd6c44ba6d24f0d
0,       2475,       2475,        1,  1944000, 203f007b3509a948dadcd0010c5e9062ac9c84663a9b6bcd37c119cb10cbb203
0,       2476,       2476,        1,  1944000, 18e44e5ed1ae536391a2555f648a5a4a1d495917cbe3966f69cdf44d36807439
0,       2477,       2477,        1,  1944000, 738e1edf7e85b9baecf3f63a009e537653ab78262f95952690539c6053c59b15
0,       2478,       2478,        1,  1944000, 246d3d15d916388058244edc4d8815129932e63efd507904ab0ae1f7d085b3b0
0,       2479,       2479,        1,  1944000, 3d10bc68bf8932a6445398f14f5150d53e7eeb8ce61fa60d86e382bb8aea1ba3
0,       2480,       2480,        1,  1944000, f469cbac660d356b67dda5655043d121a6721d54d6b7cf8f64310c832963a976
0,       2481,       2481,        1,  1944000, f4cf6127f3866562a45f71e56b94d07424e4387171ffc1b3badbf858cac28937
0,       2482,       2482,        1,  1944000, 66edd174d36d2a28a7f6ae1a6b736986daff971fcb133909df5658a3802a1a86
0,       2483,       2483,        1,  1944000, 6ba212f6f5ba4ca2d60d68f370f10c7e10a100e49f4a22821d04f2b400fce9bd
0,       2484,       2484,        1,  1944000, 8f737b4d9d168c4bc42d02d44021d00cdb253d661e1b65bfe7213c5e75208db7
0,       2485,       2485,        1,  1944000, 7f92bdab00c1dd2d5f1eaa170adf3b306ec59009a5ecd6262990f1a85eede4e8
0,       2486,       2486,        1,  1944000, ebb01c3b7727f926993b6294ef41c6207e35189a2629e0628786f1900843c31f
0,       2487,       2487,        1,  1944000, ebb01c3b7727f926993b6294ef41c6207e35189a2629e0628786f1900843c31f
0,       2488,       2488,        1,  1944000, 3b0202ca3f4c4a7c840c10107ef199c47860f066b24cc91bfbb628d09c6c10bf
0,       2489,       2489,        1,  1944000, c53e4ca48794038964816af7c1ba05dbde3e2328a6ce965ed70cd11cf2563881
0,       2490,       2490,        1,  1944000, 9785eac080f32bbb5bb9b5b327bbea358bf5513cc4807b45f524fadaedde3aaa
0,       2491,       2491,        1,  1944000, 2eb2ee0cd9eff313111dd76ea05ab344c0e27dd3acc55e9d199bfa0fc190a0e6
0,       2492,       2492,        1,  1944000, a3ec8ad73d75a55ef6ead706c200403e4f632a2852d3131434f8f21413dedf5e
0,       2493,       2493,        1,  1944000, 9608c1069332b9eb1cb58627c5540ef66b678adfaffab6843e6a86923a5145c7
0,       2494,       2494,        1,  1944000, 56bd90b74cf1deb0fe63039a95d8393f84536aa7cfe9936660bcecd0cc629cb8
0,       2495,       2495,        1,  1944000, 56bd90b74cf1deb0fe63039a95d8393f84536aa7cfe9936660bcecd0cc629cb8
0,       2496,       2496,        1,  1944000, 1ce0cf6985969c868e73696251ebb051895184d5ae59fe40d1cc02513402bdbc
0,       2497,       2497,        1,  1944000, 2f8b195414e5117eea4c283185df25ceb7f0e33ed36c3ac454906ba09d99d4c1
0,       2498,       2498,        1,  1944000, 08b3d2f99daada8392e23b85139898316a97523e993f826adffa9108e5af71b5
0,       2499,       2499,        1,  1944000, 5f6a540f89060f88bd307cbdfd17b676c5935c58216f32557dc0279a1eecbc6e
0,       2500,       2500,        1,  1944000, 91f7f67b7598b3b331796192521d24b5a8e8c9d37a12cf6794c3bff62a5c40b7
0,       2501,       2501,        1,  1944000, eb8606c0b30bc50b872b7bcfaa6319a46b415708cce0ea4593266b493d417373
0,       2502,       2502,        1,  1944000, b714abe605a6f1c0b3e4d7dfbe3700f5b1deb4b13f4a67223479d2f6f20a14ab
0,       2503,       2503,        1,  1944000, 4021964faa196fe24818634fb3a5fe5933f3a7c44fe3d5b5b87c11e56d3b9529
0,       2504,       2504,        1,  1944000, 3fa38039900efef74c9a63b81b2fde4edec8dc84e0c7d2022aea94aa4afa8348
0,       2505,       2505,        1,  1944000, 8d26409455b28f53e789e1dd00d2766d96005dcb3cecba3ca6fb1827d9aab9bb
0,       2506,       2506,        1,  1944000, e78bb0cfd01240aa719dd213e92dd6c3c0c61b5d15729ac05e38c36e905789ca
0,       2507,       2507,        1,  1944000, e78bb0cfd01240aa719dd213e92dd6c3c0c61b5d15729ac05e38c36e905789ca
0,       2508,       2508,        1,  1944000, e523b2ebce6682d6533dc639cb9fb849fa8e314d142b66a83e23b7505896195c
0,       2509,       2509,        1,  1944000, 17fbcfef8366366e15a8d1884a74d8649eee2b5361aa3aa9bea4d3833f34ccc2
0,       2510,       2510,        1,  1944000, cf4c158c4b86218128e021ef2db18be55582eadc9a9c4a80f942b2f4d0184009
0,       2511,       2511,        1,  1944000, 01d15aa8e9297f471e3908a3ee478a887cce8a8345538fa550bba60a016ac38a
0,       2512,       2512,        1,  1944000, f4353236fb975bbf076c21d230efc02fd7001368f9b45d741690cd25ec757025
0,       2513,       2513,        1,  1944000, 7b1c6bf619f94ed4e4dd8b3df57db366ee2387bf440e8dad3c76ec37f39940b5
0,       2514,       2514,        1,  1944000, 8a12f746d03910ade58b3b28b19f16471b24c0d10e2cdf54e1fc85403cfb70f6
0,       2515,       2515,        1,  1944000, 8a12f746d03910ade58b3b28b19f16471b24c0d10e2cdf54e1fc85403cfb70f6
0,       2516,       2516,        1,  1944000, 948b4e18550b1d4d5bf35329b1323373673899d623e1a14d13e676719c170b29
0,       2517,       2517,        1,  1944000, c25f3ffddd09c912346baada3e90a1a60cf586a430fdfb9e48021c9411c3ccee
0,       2518,       2518,        1,  1944000, bdf21b466658048fbd9dc538e8b50444bc32e310696bb4fb859ae3d0d72aaad4
0,       2519,       2519,        1,  1944000, bdf21b466658048fbd9dc538e8b50444bc32e310696bb4fb859ae3d0d72aaad4
0,       2520,       2520,        1,  1944000, 7bb3a48d5eba6a75ad42922e178acc8f6407cfc72be74dec197fc15a3effdd0d
0,       2521,       2521,        1,  1944000, bdf21b466658048fbd9dc538e8b50444bc32e310696bb4fb859ae3d0d72aaad4
0,       2522,       2522,        1,  1944000, 64fee1be8d41ecb5d69fcd2fac9e4140a44d1729228838ab4d1dfa9a0bf1c1d8
0,       2523,       2523,        1,  1944000, 64fee1be8d41ecb5d69fcd2fac9e4140a44d1729228838ab4d1dfa9a0bf1c1d8
0,       2524,       2524,        1,  1944000, 5b4c17fbc861bd832c95078193893bff29a0beba3254ced3bd1274b2d7d0c209
0,       2525,       2525,        1,  1944000, 7b17d899dd97fca30699180ac415e924b54830d5da308496f1ff79ab9cf314ab
0,       2526,       2526,        1,  1944000, 7b17d899dd97fca30699180ac415e924b54830d5da308496f1ff79ab9cf314ab
0,       2527,       2527,        1,  1944000, 7b17d899dd97fca30699180ac415e924b54830d5da308496f1ff79ab9cf314ab
0,       2528,       2528,        1,  1944000, 088ceffb6a2d96918b4d7837e0561f02615de1b11529d51050d4cd5333e9d922
0,       2529,       2529,        1,  1944000, 6ca9738524e2dfa2bc14a277e0ef187d37628bafdf92d0a3fda57e85b97d8d21
0,       2530,       2530,        1,  1944000, 6ca9738524e2dfa2bc14a277e0ef187d37628bafdf92d0a3fda57e85b97d8d21
0,       2531,       2531,        1,  1944000, 61f5e7dd0e6bbd7452b0410b4cb88260bdfb2eaecb751c9cbd16d81d96eb866f
0,       2532,       2532,        1,  1944000, 04ad52e5d2c38e89b47ef97ece9c1095c4ff9ea8ff04a1249c164a91d5816a06
0,       2533,       2533,        1,  1944000, 931439642d2abc6c245624295bce43bd2c2ae63aee5cc9690428e27900f9b6bf
0,       2534,       2534,        1,  1944000, 3bb570679de8fb6cee585cb43d761c8db82e5aaf8733a4206c85a31b919591ac
0,       2535,       2535,        1,  1944000, 3bb570679de8fb6cee585cb43d761c8db82e5aaf8733a4206c85a31b919591ac
0,       2536,       2536,        1,  1944000, 046818dbcdb4fc45b8d3ec73b87b5ffd95a6847105815ed42a986d642c199d9f
0,       2537,       2537,        1,  1944000, 1f442750069c47a9458a36176d0225165464bd4ba2450c1d177547d0d9f8208c
0,       2538,       2538,        1,  1944000, 1f442750069c47a9458a36176d0225165464bd4ba2450c1d177547d0d9f8208c
0,       2539,       2539,        1,  1944000, 1f442750069c47a9458a36176d0225165464bd4ba2450c1d177547d0d9f8208c
0,       2540,       2540,        1,  1944000, a1ab675adeba6947ea023fd30a3d11c79f06835acb4bf4425518be0be143de27
0,       2541,       2541,        1,  1944000, 509b63adf068fc66d633a9a6cb7b494376f2eef68527a8b7ee0a49249f0c5c33
0,       2542,       2542,        1,  1944000, 509b63adf068fc66d633a9a6cb7b494376f2eef68527a8b7ee0a49249f0c5c33
0,       2543,       2543,        1,  1944000, aae26db7b31f5dd5eb338c1c662733e099a807f2ade2242155352ca11012569f
0,       2544,       2544,        1,  1944000, f46b388fce8f0904ebe0a04a1cf37d24ab385569e1ff7c75f65a70797d1fe61a
0,       2545,       2545,        1,  1944000, cb16c2aeed5f59587a9874aedae9c7ab54c1a33364e5daefea13a9f441aa2f74
0,       2546,       2546,        1,  1944000, 3a56a64aea66def4fc287dbbfdc756ced2ecd199bd222fea9a47bbb43ebef071
0,       2547,       2547,        1,  1944000, beb94fdd48439dd78cb1bd7b02b7b89efc85ac4e74a6572ec0f0bdd14026543e
0,       2548,       2548,        1,  1944000, f7e7e65d33599b85347da75a47b2ac77072f4941dc8c92b0459cae95f174ea1c
0,       2549,       2549,        1,  1944000, e8f7113d99b5dec1f3b21024bfc03307474b95e14669183974a5c8c661f1dd19
0,       2550,       2550,        1,  1944000, e8f7113d99b5dec1f3b21024bfc03307474b95e14669183974a5c8c661f1dd19
0,       2551,       2551,        1,  1944000, e8f7113d99b5dec1f3b21024bfc03307474b95e14669183974a5c8c661f1dd19
0,       2552,       2552,        1,  1944000, 9e2dbe00846c6e1ecc0044fb5c4bb19fc8abce762a0293e1fd5cc01dca2e6b1d
0,       2553,       2553,        1,  1944000, b5b77682ed2b33b9425a66b9490ce33f24e51e6d56267fcee6e6f382c296da8f
0,       2554,       2554,        1,  1944000, b5b77682ed2b33b9425a66b9490ce33f24e51e6d56267fcee6e6f382c296da8f
0,       2555,       2555,        1,  1944000, 910ea23f8be30ca7e54d33760a15dcd6eac20c4362f4ccfd1b306a7896676e67
0,       2556,       2556,        1,  1944000, fbffcb6cf70ae20d18cd581aa983c5d6e858fb5ae2ca3906d2019cfb3ac38835
0,       2557,       2557,        1,  1944000, 910ea23f8be30ca7e54d33760a15dcd6eac20c4362f4ccfd1b306a7896676e67
0,       2558,       2558,        1,  1944000, 910ea23f8be30ca7e54d33760a15dcd6eac20c4362f4ccfd1b306a7896676e67
0,       2559,       2559,        1,  1944000, 057dc0e4d26c62ed1109db936f6ad6ef15b1a0b39287fed5964b5e23cc4a5be8
0,       2560,       2560,        1,  1944000, 920b6193a051fd3ada0d0dff8553f809b29ab6ff7d895a4583b19ff4a6fd9de8
0,       2561,       2561,        1,  1944000, 468c2785a6289c1bc1a086a53c34b97159498addea1b254338822630d9dcb487
0,       2562,       2562,        1,  1944000, 332ef44037d59c6439524f99694c40e975eb3a0dc521dc38c6c03d813343548d
0,       2563,       2563,        1,  1944000, e392d4f671fd088f33d4d14d8bf6c594cf507214581ed30d84338e40eeaf16a5
0,       2564,       2564,        1,  1944000, a07f0ee6603d898746de24d3a6a2b25b0b58b3a17d710dc682c55b952dd21979
0,       2565,       2565,        1,  1944000, ecbc9ee14083e6a913412f67b77d9d400da988d1408fbf4472512f8bc56bc5af
0,       2566,       2566,        1,  1944000, ecbc9ee14083e6a913412f67b77d9d400da988d1408fbf4472512f8bc56bc5af
0,       2567,       2567,        1,  1944000, 49f6bf9ea14fdc8e5fe9255024e90677cb64e83099d46ded7055e7e5afa1c291
0,       2568,       2568,        1,  1944000, 3adee1afed8752ab3faf19e60c4d4a56ca1177cb80844590267461d117aa65ba
0,       2569,       2569,        1,  1944000, 3a62b1fe57c65bb9509724d98c9bf471f07b29d312064c975ab706524c8adf80
0,       2570,       2570,        1,  1944000, 3a62b1fe57c65bb9509724d98c9bf471f07b29d312064c975ab706524c8adf80
0,       2571,       2571,        1,  1944000, 69faaaf1d66e7b54b2523e63ce0f3f1ef1926ccc3a860edc4e62f394de5ce45b
0,       2572,       2572,        1,  1944000, f81b82ebbf43af5cd2bcadfe7b3a6445f7aa8542c72d32504b0588d058d50085
0,       2573,       2573,        1,  1944000, 68c3bf61eaab8a3215be3a254caf61c84e0dc62fe498fdfcc1d6d42d1d87b518
0,       2574,       2574,        1,  1944000, 33ccd27e0a6969d30e04c9c5ce2e4a56e9fdb4ff040a168c8050dc082bb71bf3
0,       2575,       2575,        1,  1944000, 33ccd27e0a6969d30e04c9c5ce2e4a56e9fdb4ff040a168c8050dc082bb71bf3
0,       2576,       2576,        1,  1944000, f3662a4e638733568d10d24125f15a082003f51998e02ce04b3d9feb001946ff
0,       2577,       2577,        1,  1944000, 995bab1a6fe099eb9efba46a8b3395c41b2635975a0020d38e1da6208d0c3643
0,       2578,       2578,        1,  1944000, 995bab1a6fe099eb9efba46a8b3395c41b2635975a0020d38e1da6208d0c3643
0,       2579,       2579,        1,  1944000, 1e96b9f1f809ac80fffecc2eefe9ed61e62378d4dd2d76d22e8e8fb3f248b923
0,       2580,       2580,        1,  1944000, 91c8b8d2becc1ecd4fabc731925e7d6af2ff6a59066881643283d56c4a83def3
0,       2581,       2581,        1,  1944000, ac513c2b537edd4c0ba9777b409363db56a71ecd69685f4b45108a4ca1beab51
0,       2582,       2582,        1,  1944000, ac513c2b537edd4c0ba9777b409363db56a71ecd69685f4b45108a4ca1beab51
0,       2583,       2583,        1,  1944000, 9c71db78bb6f0626c7a74d8f2a22616850501fc8de3996b96a8705a19afbcc30
0,       2584,       2584,        1,  1944000, 7253a5d968abfc742f9a2b80e2f25fa4fd8fc3e3313355c5648729fcf252f929
0,       2585,       2585,        1,  1944000, 5c5ebc2b5462ffaed1b387cc04f598050d567bed42582461f57d8c158390d0fd
0,       2586,       2586,        1,  1944000, bcc8968698713211a196493fdf262042cc9aa190c97a84232be6b134d7abce3d
0,       2587,       2587,        1,  1944000, bcc8968698713211a196493fdf262042cc9aa190c97a84232be6b134d7abce3d
0,       2588,       2588,        1,  1944000, fee2ea3a58b5b20b350c1158d70e1c685838a4a577a63dbc74f9e8c3a1b4a413
0,       2589,       2589,        1,  1944000, e05b77d13cba60202589f891b64d477de2fa53eca3d741a02bb2ff9f173fc67b
0,       2590,       2590,        1,  1944000, 4fe874cc7a8305d6039dad0219ec72221474cd1216574e5cc38fdaf33cde324b
0,       2591,       2591,        1,  1944000, a0dd1eb0a488fb44f57bf0b4207ceb4eef93997a4f4986e76b8cf271af2ad8c7
0,       2592,       2592,        1,  1944000, 9418a9ff85c6d705cdc2837ff807fa82e95247eb8b5b65f6c6a3d15c8e67fb80
0,       2593,       2593,        1,  1944000, 77870ad668ad9c9fbaef352e90406da79ce28829424e3a6e7c6b2e5e154c74cb
0,       2594,       2594,        1,  1944000, 1d800e8b422f9e9fba8053442c633b437343a3df802e80e82d3e4f7bdca49cbc
0,       2595,       2595,        1,  1944000, 898b6f544edf9e334ac540c6da28d74a7dcb2db118b272d4227bf6b3d458dcdf
0,       2596,       2596,        1,  1944000, 9d9c75d2d6f6620d2f548e8f672358fb453ade735208fdc59a368c7112da4484
0,       2597,       2597,        1,  1944000, 68621d511e2a5c15e313cd7199ba99304bfdd7cb9c871792ad2de2287e8a6723
0,       2598,       2598,        1,  1944000, 88d4f28ab60ced3f0120af2163d8c95901000bb5dd9749fc6b02fd0c12b78125
0,       2599,       2599,        1,  1944000, c1d7a96a8bb49e6834f03413124dd134376fdc8e430fdb1e9b7e6c2b5d422a10
0,       2600,       2600,        1,  1944000, 4aac6ba4c21d3820ae561cb9d5f059775fa08b10caab09edf29bb008fb3585ac
0,       2601,       2601,        1,  1944000, c9ee89f7e344de7e42f64a44a8935bfd8a728fb255825c9d520dd5fa53c25371
0,       2602,       2602,        1,  1944000, 9bb55c215fbca39151036dc197a16319b577e13b46c6e4b87eeac8727a25f3d4
0,       2603,       2603,        1,  1944000, b4f5abbfdcd40f49111db4cadf3edc202875b7bdabcbb103f6e3b9db620e75e3
0,       2604,       2604,        1,  1944000, 4e1339368b4ac594be16882a4bf8fcb031da75e4e8a5de3e4183bfc0cc7f6c5d
0,       2605,       2605,        1,  1944000, 270e4e704e68e7c7953ccde30d8968b9b3fe4391dc8bb50d8308c4b469cc45d0
0,       2606,       2606,        1,  1944000, cf98e32bcca0fd1e18b40a32922db9c9f99f05f527b15a191ecd65f7cfce5d7c
0,       2607,       2607,        1,  1944000, 270e4e704e68e7c7953ccde30d8968b9b3fe4391dc8bb50d8308c4b469cc45d0
0,       2608,       2608,        1,  1944000, 489b542ff8eba5cb7c6e899a5749b4f0db1dcf5f98f8ff3f565c8ef84ba03d5a
0,       2609,       2609,        1,  1944000, d1c1d32462bd56bfffe33cc7468808a7410e8d1e04d2544e3b762b55aded8d90
0,       2610,       2610,        1,  1944000, 7392051eb6ebc08c9788d29356c6c7f19304be855bb37d0bab405703ee5d4931
0,       2611,       2611,        1,  1944000, d1c1d32462bd56bfffe33cc7468808a7410e8d1e04d2544e3b762b55aded8d90
0,       2612,       2612,        1,  1944000, 424ea01dc560f007cc1a4bcc218591b97c5938f92d10f8087f6e0bb8affe10b9
0,       2613,       2613,        1,  1944000, 369fbb851fdd707c963a9c69c684037c31ab3bbabac6163052fe7ce91171dfb6
0,       2614,       2614,        1,  1944000, eb34b9255a772e601b3500c7a64f3b3ba53fd7a78fb12b0547d1eee93a660dcb
0,       2615,       2615,        1,  1944000, 369fbb851fdd707c963a9c69c684037c31ab3bbabac6163052fe7ce91171dfb6
0,       2616,       2616,        1,  1944000, a58a6d8ad576f44814171c19af0c0f1daf6684289b09f99db856a9d8c13b2002
0,       2617,       2617,        1,  1944000, 78faa6a7306ad441ca73d509bf949d6796669fb8e3dc8738c28a52ba9efa9676
0,       2618,       2618,        1,  1944000, f9cb625cc1c3e8d4a01790f9dc5e6cfd8fe3b95aea707de63ed45f519c61a6c1
0,       2619,       2619,        1,  1944000, 78faa6a7306ad441ca73d509bf949d6796669fb8e3dc8738c28a52ba9efa9676
0,       2620,       2620,        1,  1944000, 836d4c54cee4c1f4624e623121c5b8857c8a3c10db9866086cf063f3bf44efe9
0,       2621,       2621,        1,  1944000, 8624958c57afdeb6c3da0077b51eb601dc7e944107de4947ebde17d7e982bc0c
0,       2622,       2622,        1,  1944000, b3fa32a104a9cb1f5cecf8d8812fa7c45f69c7297e46936efab9113a2fe0f5fb
0,       2623,       2623,        1,  1944000, deb55d51c624e0e3765a35c8966ed83ffa892c82e30793862b4b8b5cd8b0c874
0,       2624,       2624,        1,  1944000, 3bfdae124a0df016e70e56691ce2f085820b7db23f5ff6699a0e676d5ca3fa61
0,       2625,       2625,        1,  1944000, a676d451084c778c6917a0adae7ed4c05b6c32412fe9da8153bf7d65f4e3b0e8
0,       2626,       2626,        1,  1944000, 13d054c3eab1d72468e88171e35c5430fb3f3eaa73ec852eeec94c289edeed25
0,       2627,       2627,        1,  1944000, 6cb8b39d00d671e33c44f13dea7801c6cc4ccde7045bc79152ed1102c3fd0d39
0,       2628,       2628,        1,  1944000, d3519205efda0c190117eae03cf4830fe24cbab3d57c8673ebbec9541dbb96e7
0,       2629,       2629,        1,  1944000, bec1a33d13a9b5b568acdc2fcff4a85436cc8cf350118df8162daffc40ff26c2
0,       2630,       2630,        1,  1944000, 1f62d408db5f603dc3050824f60709be634bf4dbff661aa45536ba5146c5406d
0,       2631,       2631,        1,  1944000, 729746480fb06a68eb334e3c9b8289c668fdc0506914af8291539235ced6129c
0,       2632,       2632,        1,  1944000, 828df9b67664e7d8e1c8c3d2ce691621bb334dccaad742c7ac8f8374a2a72a39
0,       2633,       2633,        1,  1944000, 21f84eca434ee595b103127292ce05cfe655a8e5fa18f9e7cbae417d77033dad
0,       2634,       2634,        1,  1944000, 391b0196315f7bd4aaa0d5bee98dbbd1e6ef81b2f1b10092b7632d2846672be3
0,       2635,       2635,        1,  1944000, 1ce010116791e533f1be895e53f2431bb76a51bf8e4d25c3a9d36dfc086ace1c
0,       2636,       2636,        1,  1944000, 3bba47564912046d49a7eb7194907ff9d44c9fb986692fdd1d8d23199335b650
0,       2637,       2637,        1,  1944000, 0d8d09b2d39b99d44d628b19f8e4e30d93390047a240c804b1e6392bfd909858
0,       2638,       2638,        1,  1944000, 677464dcfc90c0afedfa08a3f0fe7f8194dbc435c3287a1d4037d96615de2538
0,       2639,       2639,        1,  1944000, 715bf547e00470f2a60617d2ebf04e193bb544e4a6ab6161831ad025b4aec0df
0,       2640,       2640,        1,  1944000, 6a7b06fe8c63b7026933220989f70651c12879f2b56025c556664f49c61f7f52
0,       2641,       2641,        1,  1944000, 715bf547e00470f2a60617d2ebf04e193bb544e4a6ab6161831ad025b4aec0df
0,       2642,       2642,        1,  1944000, ee13b8b4920715e78d8701255f0e19c506070853b37edc3975b41887b0034dd9
0,       2643,       2643,        1,  1944000, 9980a989629ffff6e4aa5ee486d77b09a390364e91a19fbc6416ace7ec308147
0,       2644,       2644,        1,  1944000, 2362568b84cf8c18623416c73d85d80a6bbd61c8fb10103da5b7a98929c9897d
0,       2645,       2645,        1,  1944000, 5b42bd2c69d502ec2d68f46b5022ff01124da8bea4d34567a4a847f2daa2c00a
0,       2646,       2646,        1,  1944000, 37735fbc2aac3e5de1e9132351413a64a64f6bb9471598c3471854b99c7e6077
0,       2647,       2647,        1,  1944000, ad0d548988f3ef7a7e8aae52ee25bd980fadac4bfa1bf06cbe7408323281c940
0,       2648,       2648,        1,  1944000, abc23056772c31ffc58c4f3f3057df2de56009eca4bec62fdd3747b321c8b4ac
0,       2649,       2649,        1,  1944000, 2228a200f0e10bad32c10b64f24bbd00d8cd48c623c37be58aef2f3f052f63a1
0,       2650,       2650,        1,  1944000, 38d87b4c6b91d6a73ffd37e5251e30997e0703f217577e0b45a44ca6699eb9b3
0,       2651,       2651,        1,  1944000, 3587b4701e0c19da086a286ccef02ca250dd462585edc1b9f8c1a6ae7298b5b8
0,       2652,       2652,        1,  1944000, 2b7a6fd4624a149d6cc8d12833ce99fddf920401597b4b0001c6120933e8f780
0,       2653,       2653,        1,  1944000, 0253d4561070a7c990c76d182565224f69dcf433e47a6b51649b234bbc2f9c24
0,       2654,       2654,        1,  1944000, 7fa206e62343a3cf22bf1e09b7a8ff0b5aa9741d82897db8673c46be8da03155
0,       2655,       2655,        1,  1944000, b3375761e623c642134197a9e4ff4294d5d266d50b27632374d1c2c2ae103cb0
0,       2656,       2656,        1,  1944000, 66eedf973520ad37ff98e3139f4d9fbaf8e4a21714119a634909d8260f94a064
0,       2657,       2657,        1,  1944000, 4d5d51ecbc9a7cdfe21c9d196966148c050fc87e6e9b4ecc0e4cae166ed580fa
0,       2658,       2658,        1,  1944000, f747192ce9b947ce539f6eafce7330c5189011eeaea8dbc82ec68116ae7f0abc
0,       2659,       2659,        1,  1944000, b7df38a093d1804630f61d469accb91d5df64fa6fca9e02e7b33a6f175a6c17a
0,       2660,       2660,        1,  1944000, c21e5dae8fbaaf914c60f89ce6f43b066bf527d15e01a3256cfc34e2433b4fc8
0,       2661,       2661,        1,  1944000, 485b8e3cdd5585368659c285252a9d28d9ca3dfbdafcebed31720ef237a71c44
0,       2662,       2662,        1,  1944000, 1149a65ea8c61d8f960870dd65071dae2d3c7bde8f574a07741ab0cbf643f0be
0,       2663,       2663,        1,  1944000, d8b1d84d55ae4356b29a5bd64787bc45e148b8c4e9f0178900ed66c027acf518
0,       2664,       2664,        1,  1944000, 66bd5177059d4bf266bb47522c362f89ae124b248b01f1b857a06034ff112b29
0,       2665,       2665,        1,  1944000, ed6bbf2b811078b765d3050f272dc17642365d6d3db1fb4f15cd65d6b431f1c7
0,       2666,       2666,        1,  1944000, 3f90d759571474b9593a883c1dee580b987aec65ba0d04840ae0b4238a4d837e
0,       2667,       2667,        1,  1944000, d5e5c46fcd9d95b57585e435f00fc5e3d6b29c4eb9d61c512278123082100bb3
0,       2668,       2668,        1,  1944000, 64c04523e28049ce5311d383ee22b3e279994d817aa10da760e5fc13a6a4e1a9
0,       2669,       2669,        1,  1944000, be44c05c844e2307721ef9c4ef84e571e9fb0ada207db4452df02ec538e45f45
0,       2670,       2670,        1,  1944000, feac755959944786a0407a0afb3a53316f555f4cb6aafdbe3d5e5786da0ba717
0,       2671,       2671,        1,  1944000, be44c05c844e2307721ef9c4ef84e571e9fb0ada207db4452df02ec538e45f45
0,       2672,       2672,        1,  1944000, 43d9edc534ce69de94d59c94b4997af9bce7fbbadff95499237221678d5d5de6
0,       2673,       2673,        1,  1944000, 87fff09ea9458bc8863cc18877d930cbb1380590e52108ed1b549071b1f58433
0,       2674,       2674,        1,  1944000, 2a0ee924f490982c1cb99fc88454c6d689de7ebfcde5ce36cb58416799beedda
0,       2675,       2675,        1,  1944000, 3c4cc7848212c4c24ab42a2112c6308e5f67d096171bd5e7234a29332662ac73
0,       2676,       2676,        1,  1944000, e006bbff8e571b5b7d7a5a21a1b0b272cbee16ab0f0e628b901fa85bc95e10ef
0,       2677,       2677,        1,  1944000, 226937b76230e90be0d60bcd7b1b96dfeadf0a52c58d9570d3fa496a8e7ee1d3
0,       2678,       2678,        1,  1944000, cc1638d8044415931de6cbb00474a7d48be90de048cd4808cb9fff2559c06915
0,       2679,       2679,        1,  1944000, 0dba75e95d4a18a2d1a42e3f6bf8037aeca537327b39d451540dc0131780d390
0,       2680,       2680,        1,  1944000, 3eb05264acd436111e70e5aa0b1f5950f25286147a7a0b091ca3ca7d096d1453
0,       2681,       2681,        1,  1944000, 387709a1884a0b3a5def9a064f7626e6727ecabcdb35c3e9f75f1b10ba18819b
0,       2682,       2682,        1,  1944000, 3677182f13553640bdc3a50e3ef7b463425f8d3d20e0f3430fad699a4d97fe52
0,       2683,       2683,        1,  1944000, a442b0684aef86d31b4612d686f353588f3f3654c83c74c3c128d4e8f7f4b530
0,       2684,       2684,        1,  1944000, fe7bb4d7c6131275f06613836daa5d7da4e159dba26915a85394ceeae1269dc6
0,       2685,       2685,        1,  1944000, f694bed6b1f2e9cc6b2cfb0ea6bfe0ff196272d59693437c9cd8af692dd89f14
0,       2686,       2686,        1,  1944000, 7cdbc5ddb4d998532f1b913665411da765a0eec098e19dd8a90e336550dc277e
0,       2687,       2687,        1,  1944000, cecb2c67c56f5e81b0b14a80583a9f75e8f6ff99cdc312b45ca46add80d350a1
0,       2688,       2688,        1,  1944000, 82b0146730a5203e8d7c201adeddb7b60c17d732dde8c9940c79565ba59ff8b1
0,       2689,       2689,        1,  1944000, a601b5acad7b4b957ac5586ced5dac11cbc9db7f9373c403f0dfaf4628d90084
0,       2690,       2690,        1,  1944000, 4716d1b63576ea719acc1eeade866744b0e7666491edb0c91f7751f983e60a9d
0,       2691,       2691,        1,  1944000, 0aa0a1101b39f486a574ab03e24334bc480ff7c0d0deea69a5222f9cefb14076
0,       2692,       2692,        1,  1944000, f60884f70bb72f928ff0b2522f739c026ddf25d0b8afdebff0a8b038a21a16e2
0,       2693,       2693,        1,  1944000, 423a906f25fd8cf4cf30b5a8715b941406148281bac0d2e0a31fff815ef9a9a6
0,       2694,       2694,        1,  1944000, 439cd31bb3c1c03e3c216a180e43676cb1512f9e3e333b1ca0b26f508473b13c
0,       2695,       2695,        1,  1944000, 2953a9d1b0863167b3c7308015169fae209f6dc14b39243c63043215130fe8dd
0,       2696,       2696,        1,  1944000, 3898311b1b5f5330e6a6c31452ffb6ac08b0a0779f3ab67d3e448b08bf4ee856
0,       2697,       2697,        1,  1944000, 27ed63becb1ed3a1362094669bb80cbaeedfb300fe31feb0641f1bfd9fd9af07
0,       2698,       2698,        1,  1944000, 8d45ed5defafde4acb0b5ec19d8c339561ffd6af3199e59a5a0798f0b459975e
0,       2699,       2699,        1,  1944000, 916944869d24937bc71b98c77480c6b5c0e78803a479fe7f9fb41674cf5e1bfa
0,       2700,       2700,        1,  1944000, 4f9e69735e139131d24e1099c48c0663802e1cd5420502743362fa68e6cdc330
0,       2701,       2701,        1,  1944000, e65c51b536816da1e506741476f382466167143f8811d392aba6c544ba543fe2
0,       2702,       2702,        1,  1944000, 974b19bebbcdd666d93b8fafacfedc0d0e5205929728005a48b8f97d78a83002
0,       2703,       2703,        1,  1944000, 0102ba98f77e607d492eef738a8b5ddd9675b415de4ae429960a4fd3b6441bed
0,       2704,       2704,        1,  1944000, 0e22bcbf2216795cec2de0d718488de84891bd1a1c59dd4c2efd9fda2ffb449e
0,       2705,       2705,        1,  1944000, f005f51d00a4e9351e07324ade6ef53131b69677dd87625625fc817b97176bcb
0,       2706,       2706,        1,  1944000, ad7909708548ee4eaff883d2cbe548127792e9fa484d3a6f59603336f38f4c69
0,       2707,       2707,        1,  1944000, 9a22a81b8ceaa463872ab105ce2bd8a2363715757719311b4ecd41876f02b46d
0,       2708,       2708,        1,  1944000, 4a59350c12305d7f688183818cf051fbfc65db75e7c79b0ee1096f7142fbb7d5
0,       2709,       2709,        1,  1944000, bbe20cfaee97ab110a9d703be322245e75c7c0fc3db56ec80a45f1c0912cb1f4
0,       2710,       2710,        1,  1944000, 36e0f5cb740fe14012e095fbeaab4231ba1e05f3ab41274e8863f1de832adc7d
0,       2711,       2711,        1,  1944000, 08684226af31165991edb3d98f32baa0e41e13f1f4c66c0379a00b9f2bfeecf6
0,       2712,       2712,        1,  1944000, 78197397048a5ae7cf08c282d476def353e4d17bc519b923e1dbd93504bcd2c6
0,       2713,       2713,        1,  1944000, 7ffac53f2afcd474bfd7346d8de831a4d94184fd2ad56cc1aafad09929b2ac1d
0,       2714,       2714,        1,  1944000, 488a4e81dbd6a7efa70bbfd86ec74f0e2a72cf3cf32ee4a5030260c1c64d91d2
0,       2715,       2715,        1,  1944000, 523bdb21f1a1f40f15fb54e7e35db4fd39fc0e3ffa199c03c5960c6b34d452c4
0,       2716,       2716,        1,  1944000, acf50a6a7c5f2a2b9dbcd9186589f22894a643551466b9a55fabdcc358c125f3
0,       2717,       2717,        1,  1944000, 85b5d38e5644c4e877dc6ff730c208c9d22ea208bb20233cc18432de6d7458f6
0,       2718,       2718,        1,  1944000, bc85a41d6795c9971943859e1699ddde261128c3ea8af534d49489851873c1d2
0,       2719,       2719,        1,  1944000, 367222cde3c7a4f1029f52857c9176a925e7a128de6f249ae27926100d9f0d6c
0,       2720,       2720,        1,  1944000, 17b88afe3aeaea8ae5f3b37cfe7a596c880f7ed81f580b997d6f4fec758d5705
0,       2721,       2721,        1,  1944000, 73a6923eece9ab7015c813122a31f47ab2586b582ce6b3ca67cd91b3292ff3e4
0,       2722,       2722,        1,  1944000, 9e65bdfc7e8c722b661b8476c490c1e366d48d3a6170a1aef8fe4db990ce1ca3
0,       2723,       2723,        1,  1944000, d20f26a44635533965b808f38cd62164ad84ea3cf502541dc9632d99dd42c0fd
0,       2724,       2724,        1,  1944000, e0c190ee32adcc2bd1aace77bf2db7100428f6acd4c9512785de7eec800551e9
0,       2725,       2725,        1,  1944000, 680e86ce96f1885883af10158d319fc9f00db7d4fb87d4f3839489b07c2c1ecf
0,       2726,       2726,        1,  1944000, 783c52e0e794ff7b1fe17ad6825620acd7d9611bf3e4fccd3f485b7d91d908b0
0,       2727,       2727,        1,  1944000, 00c11ea1e65f8c04cc15e6c72cc7c53142561a4efab4c3dbea9a0ca7676ff55f
0,       2728,       2728,        1,  1944000, 8dbbd14b0cbce0039c2154d2acafc5005d0df8e9c26e34b0a36dc1fbd6248863
0,       2729,       2729,        1,  1944000, 7c2b424bc606eb42ef199f537a1d6ce23face44fade526b5a537b1572ff3127a
0,       2730,       2730,        1,  1944000, 4b5155a31659f68fe742fa540de965b2601e549ad5b685d3b006697964920ac0
0,       2731,       2731,        1,  1944000, b94ee807aaf399016bc07ebc0c1a7f9bf286ff8652092df383b197daf80f7c52
0,       2732,       2732,        1,  1944000, 45489bca90b1808de233fcefee71a68969fdbf454096cc4a8d25b7506594f2d7
0,       2733,       2733,        1,  1944000, d00ceffb3a3a52f886eb9662767d67ce96c932f65f0b1ec593183f99ce195b30
0,       2734,       2734,        1,  1944000, 5e4400d0a553b0192514c8a934ea88057846bb78bc12119a13fddf5b4984b9c5
0,       2735,       2735,        1,  1944000, 959e63294611cd49cfc5cc617edec18985716b60882a34fe6f167e42a1b5d3ba
0,       2736,       2736,        1,  1944000, 35bd220da1276045153fcbbf0a4fb0ce0387f0aade137709e4cd219cc8dcad88
0,       2737,       2737,        1,  1944000, 3e7c90bcca78068875a505635cd3472e97b9d565f12ca6c4ff85fa6653a5e2ee
0,       2738,       2738,        1,  1944000, 7f5ac6703403f69f68698c01e01370d419a8026650fa39c47cc544058e809968
0,       2739,       2739,        1,  1944000, 3bd373d1d98c79ae9e339a6037a92afbdff40dde4d0039adf25f30ce0a96d102
0,       2740,       2740,        1,  1944000, 25ceb1d11654250526e534105e34518a38f9a3ed177f0e37b85ed914ceea098d
0,       2741,       2741,        1,  1944000, 7d25ee2d3c92eabfc23cd5e551320d0dbb99b6dcf2c89ee99a5da86d8f273a79
0,       2742,       2742,        1,  1944000, 4ed2f6810e987486a2d8ecd14922c14b07b476577deaefa2e1b5d36dac56714f
0,       2743,       2743,        1,  1944000, 51225b88c8a2ffb91af36215e831749e392b047bc1d2b723eb1186198a35ef32
0,       2744,       2744,        1,  1944000, 42faa9231407a6dd11524dd51e7161739d4aa4b52f30d4b9fceddaee56bb3143
0,       2745,       2745,        1,  1944000, 1ab9643e6313810fb00e9778243c6eadafff06836f8a0548a613bad4e935f53d
0,       2746,       2746,        1,  1944000, 3df2d15befabbcc609c04152fd235a1e2349b1708c6d51e531af17ce733ac6ad
0,       2747,       2747,        1,  1944000, e19a562043ed94a380a6ac3d70682acdbc8c2e88a40920f049183cd9a6411ab1
0,       2748,       2748,        1,  1944000, 4002f9f7dfc89c4cebbf868d2a4096a8c23931f607b0be0d928607400a1c2cc4
0,       2749,       2749,        1,  1944000, 51f5f5669e12dcf241f58757b21b77a35902691bf6d67e3870f0fde9d738d1b8
0,       2750,       2750,        1,  1944000, 05445ffc89d5ee852226d36a972d6b3d75ea5ff0e5b131c9761d0d896bd14d8d
0,       2751,       2751,        1,  1944000, a049fae8c7d435a6eca515d1509df79de58707a8bd2c7eb00450211dd9d6dcde
0,       2752,       2752,        1,  1944000, 1c90f320a6ae4cce890bc93ea3f9fd9f317720f469bfa419cc6670a9550f7463
0,       2753,       2753,        1,  1944000, ec5d706153f5a95c207910feea7eea7bf80db97c7a0ad284a3b81ec8caf1d633
0,       2754,       2754,        1,  1944000, f3924fd4ad692c3cdd9e1b58f742dc2723f90ee028fe23e344d3aba2cd292673
0,       2755,       2755,        1,  1944000, b939b22ba0dc18dc459d00002ac5576ff74a1dc073b8f940dcbac6cde159244a
0,       2756,       2756,        1,  1944000, 25ee4247adf0e4534ab44d79bb7c489dcd1c767452a48a3f5dfbbe86169843ac
0,       2757,       2757,        1,  1944000, f587cbbbf605bf02ce9c486b57dfb30055077ef00ff7b19b096f944f89433ee4
0,       2758,       2758,        1,  1944000, a580247aaece2f3de0b2f1234cc7add0cac1f38bba2e09679beac3364469d112
0,       2759,       2759,        1,  1944000, e5eb64c433c6a5256f7f30784dfde04df1ba643f1a3aa697977a08324a645a5c
0,       2760,       2760,        1,  1944000, 15d9de95780b26ffda63c81e53e0b9d665849a7e2aebbb754963188876405563
0,       2761,       2761,        1,  1944000, 98a571c2cc752bedaec4cba166c104b516c9949c32c7175eae12213cc93cb3a7
0,       2762,       2762,        1,  1944000, 0992020beb02b401bed6358eda82099e0310089c44fe31741eee8b0be4fdb932
0,       2763,       2763,        1,  1944000, c0f3090ced3ee4edf67f4071fdd1b3c99e7991da2081889fcc2bd6cf28be2309
0,       2764,       2764,        1,  1944000, 935ab3b7cb27e7f741cb9a1d917e055eba2eb9defbe5b90945fcea106ee2f983
0,       2765,       2765,        1,  1944000, fe38aa85701a41db10d32bec804c3f656da508b4372f9de386a7cc49cc06856a
0,       2766,       2766,        1,  1944000, 3febf2ef29be300696448e44d36ea14f500317dce85139ba28ba1fdb1fc09797
0,       2767,       2767,        1,  1944000, c488e96488506d66ef027fff1e50e18c2fd8ad765ab5479ca2d1885ef5e2efad
0,       2768,       2768,        1,  1944000, 99b96e562a69308d4590271342e07da6c1172e7a62114e32e96648fb2e31b54a
0,       2769,       2769,        1,  1944000, 4e621575926450689757eff3605c1011be3e94995eed1cb97a10dea4cbeb1b2a
0,       2770,       2770,        1,  1944000, e061fe2b9f6a5c8909841f9dbe62de89fa7828e3d06ae5dc2dfeeff3f4ed01fe
0,       2771,       2771,        1,  1944000, db9bab7d986b74d8e1cef9fc11fdc5f8e43d50102ae3d3f1a2ca1b8598c782e3
0,       2772,       2772,        1,  1944000, ed985e4ec56323d23632355d23ec62c1f9aa3f8a96f127dbb5e3b17cf38662ef
0,       2773,       2773,        1,  1944000, ed985e4ec56323d23632355d23ec62c1f9aa3f8a96f127dbb5e3b17cf38662ef
0,       2774,       2774,        1,  1944000, f46ccc71e91bfeb5780412034b7671cd4395e6dec042569050092f371043721e
0,       2775,       2775,        1,  1944000, 8b10c448c5d2245efe572e17f17db2ea9bdf23db7bb4fd01b260b449b8364ddb
0,       2776,       2776,        1,  1944000, a567f3eefc12c677b34d3c80e1f175c591e5c6866f305e1e0bcb13733efa3e02
0,       2777,       2777,        1,  1944000, b27810e81207e2f65d21ccd44990be4a6643900af960b594cd297addf123c706
0,       2778,       2778,        1,  1944000, dd93662f1231803e8f0984d7728fdffcaf4eecd3fcb3844ccb80c314c10eb644
0,       2779,       2779,        1,  1944000, 0a769a27e2a0a6baa6b98c58b3bb668291699bd773565453edb96b43e4404d72
0,       2780,       2780,        1,  1944000, c0c8daab61046b2b351e3a67b953501e78de9437b2e2d39494aa3ee2db088b72
0,       2781,       2781,        1,  1944000, c0c8daab61046b2b351e3a67b953501e78de9437b2e2d39494aa3ee2db088b72
0,       2782,       2782,        1,  1944000, 39ea80ba67af39e6966e0e7cc48c0638c4c18446148291dd7ad1c80395da343b
0,       2783,       2783,        1,  1944000, 346f70df7c6d68fcd62e940686ebb287ef722d72b6be1af7becef5523425540c
0,       2784,       2784,        1,  1944000, e199d119b4120a891fb16d22222fba8d0f834c1ffed67e47839fa9fdcbe02b5a
0,       2785,       2785,        1,  1944000, 1e143fb03435b58325e094031bebf85b864774f2232b5d5ce3df2c7c8aa1328e
0,       2786,       2786,        1,  1944000, 44e964728dfdac2acf6cbb3cb1f1df53199f0b00cefb04a4a80fa693ae1f328c
0,       2787,       2787,        1,  1944000, 19bc89dccb0b3559916a01a042206a01299cf454cdc4bdc4dbc2ea370644c30b
0,       2788,       2788,        1,  1944000, f2c0fd755ecd320b5a3cfa59e7efd2421e245d77d353dbb42be1dae5a190a66b
0,       2789,       2789,        1,  1944000, 2e0efe499560ea8ff78ae1d2cf8c578164004842496423f2dd567bc47fb34598
0,       2790,       2790,        1,  1944000, 99a593dbf781c9e1cf8834664c342baeb85822123e837b09eadb7de2e5c2e0d5
0,       2791,       2791,        1,  1944000, b915a4ab804f1e9dc99e03b0de75217740cef981a58252853e52b3c2d796b52c
0,       2792,       2792,        1,  1944000, 197607497d11bfd9b4d9628d55f69ffc58c580229312a17754a9a0ac7aed9bdd
0,       2793,       2793,        1,  1944000, a1b1f52962fabfc3d843b32aeab60bc1d034f3be3855577ebb3a352cadde311c
0,       2794,       2794,        1,  1944000, 03640be4a5388001a87ff1f3ae6ca8e270d4097aaecd3ccfc5d0abfab6d31522
0,       2795,       2795,        1,  1944000, 1be2f4abef759e1c6d0482074026002023decdb97623fe08f0ea2c17ebeabd3a
0,       2796,       2796,        1,  1944000, a8bce565f4ff73d07aab24be1778b8ad53def2b619dcadc02fa494eaa2e72322
0,       2797,       2797,        1,  1944000, a8bce565f4ff73d07aab24be1778b8ad53def2b619dcadc02fa494eaa2e72322
0,       2798,       2798,        1,  1944000, 854354ce9a96fdbcf4e93344b5b5ce222777a24ba9fe9e742a82ef1ada014041
0,       2799,       2799,        1,  1944000, b31382e2adfc0143e3111bc7f231731bdfbb5005e32e6d623bad47553f00cbef
0,       2800,       2800,        1,  1944000, 16b60b93f48a49bff50d4f0ce6030a466a6f30c13cb6f38251d4a6ed511cc05e
0,       2801,       2801,        1,  1944000, f4f8e256aa6cd917e8025be01fb5cde5a2982a0fe8bbbd07f1c058bd6d7d1379
0,       2802,       2802,        1,  1944000, 2f7f9452e23c4e8c0e5e1b9fa5b82db94d8d6d49b429fafa44915e30de6c2b65
0,       2803,       2803,        1,  1944000, 6c9d656b540872fbad27515c5513fb336d0797f4c263d57fabdeb6b735defd16
0,       2804,       2804,        1,  1944000, c45468d323f45e859afbc7a2b936a4e59ae7fc497919d09af3e41f00b22b9c51
0,       2805,       2805,        1,  1944000, 4806237b5c275288d204453d366f5de5e5f75e486d47da9dfdc0e9b1f2f329e2
0,       2806,       2806,        1,  1944000, 1061ed1cb8e8fa47663e0c46948c7fe739b6c97e7471bf4d1f7505569328f76e
0,       2807,       2807,        1,  1944000, 5b5ad81bf11241db12dc70a422ddddd30bb889649e723273926dcf7f589db0af
0,       2808,       2808,        1,  1944000, d18cfce20132b2d5b7aeba42642e3f6c69f7f5c06640eed1edb45c8df5039e00
0,       2809,       2809,        1,  1944000, d18cfce20132b2d5b7aeba42642e3f6c69f7f5c06640eed1edb45c8df5039e00
0,       2810,       2810,        1,  1944000, 98afb74acd283d148b5d5dc0c95ddc0662ac7676368cbefcfa20ae4161e2c9eb
0,       2811,       2811,        1,  1944000, 2dd66a192614a484d9c86a48b67cebc5b7aba896856fab675a70d1a214c340c6
0,       2812,       2812,        1,  1944000, 1d8be4b8227364b606882f9ffe42b09abbb12fbfa4f7bf641b8d1a8a6e52efa6
0,       2813,       2813,        1,  1944000, dfd9566b6ea0fc954b8113487d16446991461010d9d508cdefb79891bb22ae68
0,       2814,       2814,        1,  1944000, bf9007102d7992b994b31dbf85970bbe2e11078f3ce8075f848add4598c0a496
0,       2815,       2815,        1,  1944000, d5b65e1fa2b0c3665207bc110a4c30c79a6f4a3866dc011afb09c4699bc8e8ba
0,       2816,       2816,        1,  1944000, a132dded25b7d4d0f5cb3c93a361393bc4bf8493823ed5ebefbbd7c8a1827894
0,       2817,       2817,        1,  1944000, f3fa42a06a0df7110ae5dbe07febe3d9c2dc6a0fcddc6642ce462bef1c7a891e
0,       2818,       2818,        1,  1944000, 3d9ac8b3b3138058a53a09a47e19fa71e7452aaa57d57986c019016b4efc30e6
0,       2819,       2819,        1,  1944000, c6cb42f786b4218ff6e72e222493c64ef0697d5ef0c777ea0dbf0e2e67f23618
0,       2820,       2820,        1,  1944000, 13b5749e18db4df2d9ffad8f7701e9818df19d31b5b37c589090450e0772e979
0,       2821,       2821,        1,  1944000, 13b5749e18db4df2d9ffad8f7701e9818df19d31b5b37c589090450e0772e979
0,       2822,       2822,        1,  1944000, bacd162e648d38be20bbba585eb26e6d0cc838e71992d27509c3963529f73720
0,       2823,       2823,        1,  1944000, 3be811171c41338a48ea68710f8174ff3d897f014c2a9c8a98b8d0cea440d609
0,       2824,       2824,        1,  1944000, 99e02749526e8a25964012f33613d626e65dfe635d43cbdea74ca7fb9188b3ae
0,       2825,       2825,        1,  1944000, 64dec7b95a0958cc966f767e9dc8cfe7db07b31c5384b79c9060f5c7bff21ae8
0,       2826,       2826,        1,  1944000, d7074cfc7d1f2602cac94baa32e1fb81931ed85495e9f9a8c81d956e06b7df6a
0,       2827,       2827,        1,  1944000, 96a7aa926eb1399e7c2f013c52f2813c206408a89630ed63a1cc98a8bf686a16
0,       2828,       2828,        1,  1944000, 2473762b330549b2cab9f7f40d7a9ae52c12d85daa56b65e5fb7846ed100b635
0,       2829,       2829,        1,  1944000, ba53428945ccc360af19c6a88301b28660c7b36adb75c91551ad3331b8c73419
0,       2830,       2830,        1,  1944000, 6071effb1501813998f0c95e497f7a2184a96729fc44811f422ab5a6cc56c06e
0,       2831,       2831,        1,  1944000, 9685290a2236c8456994ebab8525fdfd636c975065fe4fc32ffb170ff8552541
0,       2832,       2832,        1,  1944000, 2814d70563190d79251c5a80b3df1843718e4d63ee478ba17203e077912f698b
0,       2833,       2833,        1,  1944000, 9152e255a240294db4b8772fff9e961b987bb934b1bb38e2a760d22aeaf822c2
0,       2834,       2834,        1,  1944000, 207dd9f0779117752c5507ae51320f12f62da58ebb2e162ed603d1fc77698ba8
0,       2835,       2835,        1,  1944000, 3cba882425e95dd2e951c1930e541fd50ea5ba83dc32a09bb731ceab1a02bbb2
0,       2836,       2836,        1,  1944000, 52b665c149efcb43c9eea0f2e0142bc7b58f2267f2cbc8ad25653a5ae2dfa38c
0,       2837,       2837,        1,  1944000, 248bf339c557f5f13d7df1fa4eef7db9963fc63ec8cf6be30c6e094f30b27227
0,       2838,       2838,        1,  1944000, 971d819aa4f77f8afba7de15ad79ae8504d8a7c671e82f7ac9b08d1fa1e5342f
0,       2839,       2839,        1,  1944000, 387f9db5b06afd991663ce7c1fc205e7ef0a9f394d00262e53039a3650d93027
0,       2840,       2840,        1,  1944000, 654e0b8b261572d792dc2e7b5b1afcc289c4629e475f5534b72b368fb3b1adee
0,       2841,       2841,        1,  1944000, 95513f73fe6cf0ec26aa5d316a09c233c7ec57a56e876443ca3d6e0b1b68cb2e
0,       2842,       2842,        1,  1944000, 0a94c2f8236f8cef4a2377a14d8c7565337c239930be951a8d612f4f1efbd1a4
0,       2843,       2843,        1,  1944000, 25b2605c1cc06ae1fa62bb1bfbb1cbb3d3e2ccf073b2a3342662a2a3818821b5
0,       2844,       2844,        1,  1944000, ae01d70f320fb65ea66dd15c58c519554dc8780e4d1e02b05f206ebe823abaa4
0,       2845,       2845,        1,  1944000, f13774e7a476fb5cdf9d5239725f78f244af79f1f5e6e64fe346aa64c3dd0212
0,       2846,       2846,        1,  1944000, 23e5d3c8c579d94261caecd3191029ba91e4813d8c75c891567e54a69b28ad22
0,       2847,       2847,        1,  1944000, 3abc9e24de13143908804451ee3428329517f94e1031f75ceae1074851443c01
0,       2848,       2848,        1,  1944000, a94d30b4eed8d7ea83d77bf2764801cb8eb7ca7b218c4c57003cfa7bded0a980
0,       2849,       2849,        1,  1944000, a94d30b4eed8d7ea83d77bf2764801cb8eb7ca7b218c4c57003cfa7bded0a980
0,       2850,       2850,        1,  1944000, 39e7cd8bf4bacd6eb48a49c330f7d7bf9431381a4dfff71fe6d505b212cca43f
0,       2851,       2851,        1,  1944000, ccf1da31f383c15d27292d0a20771cc67a0d01873f975ba17475dd45b230f113
0,       2852,       2852,        1,  1944000, d12aac1a17df9a4ba6991f504e3803bc0b18b2b3701c5fb0766aaaeb92912752
0,       2853,       2853,        1,  1944000, 089888c77565dffc7000632431164a13de81f7661d6aa98961f7e4a14f6798e3
0,       2854,       2854,        1,  1944000, 8303771e186bbdfc296d489fe9e36430d69cfefeb6178c45a289863575301aef
0,       2855,       2855,        1,  1944000, e0a3c773b45f662d78cf4f139c43d3527ddda4d53f8793db40620e54683f6891
0,       2856,       2856,        1,  1944000, 7dddfe079405df4dd810d30f6c263f20cfb8213a91a8d1cd0d8d1a9c07f5c8a8
0,       2857,       2857,        1,  1944000, 7dddfe079405df4dd810d30f6c263f20cfb8213a91a8d1cd0d8d1a9c07f5c8a8
0,       2858,       2858,        1,  1944000, 90ddbc13fba6667e405426e2cad1aff807798d9a44dc810b10dead0121f89133
0,       2859,       2859,        1,  1944000, 6ffd74b0ffd3330447935a281f716eb2fb0ebf2df0b2f88d88667eadb2096716
0,       2860,       2860,        1,  1944000, beb01ee7cd7cec0069fd0c8b25db6794c208e220c705378a8ab167b7aa6d9262
0,       2861,       2861,        1,  1944000, 02fd5fb0d715b31482fe6210affd69991a58b8d38f4864c7ee58e46894081bf0
0,       2862,       2862,        1,  1944000, 7ddc6672a3a504768853bda8125b894311ebe200375575153fb2d2e03cf7687a
0,       2863,       2863,        1,  1944000, ca1c1c4ca8e39150626d7d7fc633f233204b91c7e06fe21d77d79f746bc8f875
0,       2864,       2864,        1,  1944000, c240b4bdbe809920ba2cbbfc6df30e43508eda7eaa59e047696e9779c7fa86d6
0,       2865,       2865,        1,  1944000, 32ddf31ac1abcf7ab90d8c3d9888790655d1a17d2842ac10d639f67689444439
0,       2866,       2866,        1,  1944000, 0fb602820cea0190743da5311a59ea9fbecc316ab69e14b3197014980d3a2dd2
0,       2867,       2867,        1,  1944000, f92f05db95ce238428d00d0d0842c9b9d5f184b985ac76dfe8c584f9adf9dc7b
0,       2868,       2868,        1,  1944000, 6c3cbdfa5353d85b9f452a0b0aab416dd145c00cbc981680a464e66ba370458c
0,       2869,       2869,        1,  1944000, 8a2835ca3b4fa91738d27af236ac658779176cf96785fa4120aafba2a83f0e5d
0,       2870,       2870,        1,  1944000, 6f56144873a1ac8f85409d5387a52408c73d635789237490632ec2bc8c048fba
0,       2871,       2871,        1,  1944000, 3c3bcb45cfa40b9d5063b150e995f19950afc6c902558325a0cb709e0451c2bd
0,       2872,       2872,        1,  1944000, 35091f4ccca3fce2478939d1bd12e0404258735520e58f344321de70e20f127a
0,       2873,       2873,        1,  1944000, 511d9489dd19ca3ee580fb1a321a0b03169a3f35c4247e134c1fb3e78a39bcca
0,       2874,       2874,        1,  1944000, 570f42f24933209afeb326b65d39e59d2ac94c1aa0e3487cadcb3424b19a6b20
0,       2875,       2875,        1,  1944000, 4d762f1a68ded628d0520d58633910e74a75fe519f6faab6fc247ca503bcc28d
0,       2876,       2876,        1,  1944000, 8cc0ea68b0fdfd9be928463a25662871ed9be4e53f5ac264281c896685f20c54
0,       2877,       2877,        1,  1944000, 67b2ea517e06e446486cafa2d113d6e5331e18f0fb7c3e7ae50fa113c5386194
0,       2878,       2878,        1,  1944000, 11b519225fc3c1771f7ed2450ea7f1c8d9c2d8775d47853b8ae8838ab641278c
0,       2879,       2879,        1,  1944000, 4123a13ec38b9d8c0fcaf50be859b3c9273265382a3a0f1a7af45b489191b3a0
0,       2880,       2880,        1,  1944000, d610483714963cb5fcae503b28f76593d640ae32e00dd283cf1cbe1a5990dfb3
0,       2881,       2881,        1,  1944000, 7873e9cb3fc62736decc03a4f132bd2d222a230ec05fe3940d0bdfa043520cc8
0,       2882,       2882,        1,  1944000, efc92f57a63d720bdf12a64df6eda4ebd6f09bb30acf402afbbbe2b5f90ea0d4
0,       2883,       2883,        1,  1944000, a6b302f84d7b9c1921d1145886ce6b9ac05efdec743d9a41d52492ee541a6ac1
0,       2884,       2884,        1,  1944000, f5396f8d3a19da552c037de74a57c47e96bd5a036afa6e27bdc4d9512521719d
0,       2885,       2885,        1,  1944000, 046699175920779ee1ae49c7f374f6bb857a6d5253be52bd90467e5af606a57a
0,       2886,       2886,        1,  1944000, 0344f76c4bbe00cf99c56ce330127103851f340bced359ce5b9cd861d60221e3
0,       2887,       2887,        1,  1944000, e3e011c957ee757cdfeeebcfaa5fd267cc5d716cbbdcc28bc3b91fdd5437081b
0,       2888,       2888,        1,  1944000, 09dfe6eb01fca5c2af8400657520b6417a90465befacaabd3d859003d166b880
0,       2889,       2889,        1,  1944000, df358c3f628c898bd78eb5477b253d4f708a2c62b6adb7629a984ac1d448938c
0,       2890,       2890,        1,  1944000, 8e26ec56a72ddf770d69bc4366202001a56047e2bfa7f8eb98c72eea7c4e18f2
0,       2891,       2891,        1,  1944000, d5e4963e1aa041fdbc2d49616d22c31bc98cba0f5a498808b24b8f272203f5ae
0,       2892,       2892,        1,  1944000, 88dab30ad121c8f3983847c5ec986efad55753b17a9b1d9e73bc68b12d92cb82
0,       2893,       2893,        1,  1944000, 04b5be404fe23dfdc729aaa6e626f1d3b92d986bed2909a226556feeb12d8703
0,       2894,       2894,        1,  1944000, 59fd021ea24f560af29abda34dac1994c9f9856f37d2fccbd22684e6de0b793d
0,       2895,       2895,        1,  1944000, b00a5566443e4c8958e84488233e84800cd49061393f07a7fad6bd2c4b19c1d8
0,       2896,       2896,        1,  1944000, 1b21caacbded1694ea6d3ec17706b36e067e1c0502de8c5a424885c699ceed4b
0,       2897,       2897,        1,  1944000, 61cad039816bc945b95e125d2187a3b32766d52e79eda1657749c0589929c261
0,       2898,       2898,        1,  1944000, de0e10236ac99aac6b5f503d6f06e2a3b3574c7ef6055f277d8343d299c767b1
0,       2899,       2899,        1,  1944000, cd525a15d62cbb7cd889d2641c02803fa15760a09a9c95792bb5d77516772b54
0,       2900,       2900,        1,  1944000, 9013f972b50c7c7f15218b04cec8191e1580918783f5e0a65c64e17163c28959
0,       2901,       2901,        1,  1944000, dc92e1590b12c8d76c21a76e4cb5fa1be5fbcf784f33fa2f12c0291c01fb53cb
0,       2902,       2902,        1,  1944000, e98b3a7f497f418f2a578e90d8df9faf25c02695708da5f1423e74069b55ba02
0,       2903,       2903,        1,  1944000, 4886e6a79cac507ab5fab4b11197e21ce6b3a27aae56854b26a973f02e6cdde0
0,       2904,       2904,        1,  1944000, 46a559b54acd4c6d76e933ee22d1c0f221b9ca0e8d0722f9a8cbde6e9f87363a
0,       2905,       2905,        1,  1944000, dc6e58825716b86954afa272f19d9b98241294259365e1d14c4cd136a5350dc5
0,       2906,       2906,        1,  1944000, 4b65ce3041f8c820153b0c0eba33f08a4136fbd1079ec340d1b391154d668038
0,       2907,       2907,        1,  1944000, eff3624017bb0a9b7ff17961d8bd1fe6977423b86e16a75c3edd55eb13fc9374
0,       2908,       2908,        1,  1944000, 04eefc1a70fae9bc4d6edd8ac7ad02b4820a91e2ae1dcb6b6a7c9e7c944d8695
0,       2909,       2909,        1,  1944000, 259345df89638626fa3106cd82d48ab5968d329864a84d92ec8c74863a6c1f27
0,       2910,       2910,        1,  1944000, a7fa7a7d8ca37e71ff0d1f50464ec1398b8a6776674f79d79277a41ba4b52df5
0,       2911,       2911,        1,  1944000, 054ce0ab28f652f65443e19cd61f4cb99ae5c562a1955e73422caa6a5a312d62
0,       2912,       2912,        1,  1944000, 79e4e713ea91d2ddc3706588d7c69893f7d238b112fd4c7fa852cc49fe822dcd
0,       2913,       2913,        1,  1944000, 59787b7b41ef53ea473709bccc76b3b9348812cc89b32a0c46c292c084bc19cb
0,       2914,       2914,        1,  1944000, 19c7a00fe0b9930b19a95b64b93d53dbaeaad38d911bb618fda9c402917a35bd
0,       2915,       2915,        1,  1944000, d877d36ffafca66b233baedb262a7e349a48d277df99b0a1ea9db6c54f5df11e
0,       2916,       2916,        1,  1944000, aa361579365744b108bdfcf158e9ff0a6bcde82315d9d7afe074ff2e014ff79b
0,       2917,       2917,        1,  1944000, 5cd481036aacaeffb9cb0bb28d78598b2d9bf2621a7575ac86c7160fbdddeb24
0,       2918,       2918,        1,  1944000, 9140610dd5296bbe03da60fb5e4b76477ea5948f3d8ef382965b2a725caec401
0,       2919,       2919,        1,  1944000, dbea7277911393e15865339ba34a291d0dadc991328674d31beffcab1ff900ee
0,       2920,       2920,        1,  1944000, efe5951373e0a3a68734b4f54da1f3f9c65f9cd843ed5f3e9eeed3698f4e235c
0,       2921,       2921,        1,  1944000, 5d81609574d8f7d9efd5cc6c5dabc3463cee7640e384164dfc684140324c7376
0,       2922,       2922,        1,  1944000, db27e1e2a743972a935c5d94a995f0b7b9917aa130c13abc871c6b2c3c9c07af
0,       2923,       2923,        1,  1944000, ac346667da505256419a9fe77db89da5c394dae6a504de547c2ce53e63395394
0,       2924,       2924,        1,  1944000, f21a961a233bae0cfee89e040f39f323a05df2abfce1e128a5b254c20671fc4b
0,       2925,       2925,        1,  1944000, 1120847ae3ae28528f6a864cb79bb180b40654bbf08baf5d028c434626bf4cb4
0,       2926,       2926,        1,  1944000, cf3e2d7fce78519cd18e6c2aa1007a02d6eee518f40afea70c70a9fb7a3e54c1
0,       2927,       2927,        1,  1944000, 8b37c7b34735714b00ef6b27e3c2a2fed110c16540d719f36351dc9f698a3c9f
0,       2928,       2928,        1,  1944000, 454cce7ed7a9d113e1c01d6d644f40633b73b83e053b7391412e4357133d61e8
0,       2929,       2929,        1,  1944000, 0b2ca8d35a3ddfdb2d32091f662b39f9385d202e249c261f595ca60af00999a4
0,       2930,       2930,        1,  1944000, 972b5b159062ba80ae77aa670109d2d21e6cc2c770e5776bc9ac90f7b19282e4
0,       2931,       2931,        1,  1944000, 07fa425eb2dc8100b582e313514aa5c87baf28660367558694513cf8ade027df
0,       2932,       2932,        1,  1944000, 4bfef4af454d4f7bec38aabeb6b68cd0a8ca1283fde36347093f9867d29fa877
0,       2933,       2933,        1,  1944000, 13a3d29aac2a6ed1724bf9c6400a90a5aa22beb123422bcc764033b533f2b5d2
0,       2934,       2934,        1,  1944000, 3577d33abf55e66148205054be195f287aad871bae0c6f9a24163fb7f5683de1
0,       2935,       2935,        1,  1944000, 8066ecd91e842410d96d144cd35b951f4b29b221f1a9a3cfcb6c8511a92b80c5
0,       2936,       2936,        1,  1944000, 1a9a3517cb4aac240ff2cb50240105a64d4ba3c6458255ca58f80684b69aa903
0,       2937,       2937,        1,  1944000, df61914d1eb17aa2202c3258182a8cb354d5b7c4cbfea9f893a2eaa1d55d9e0f
0,       2938,       2938,        1,  1944000, 405b533494dc7d93db2509049b39afae7d858e5d7262c1e9be2f00598852fd6e
0,       2939,       2939,        1,  1944000, 30615a98568dcf1dd16dc0ae2dba744b7a206e44e6c4fbb89a833d75142adb94
0,       2940,       2940,        1,  1944000, 1a4f663b70941de7f11765f8cb7305c1fe81c13215c3ae558d5132a9d4528bd8
0,       2941,       2941,        1,  1944000, 29682ea11791b7dc1f51cfbb028a53864c6fbdce3628cdbe2be9245616e3d775
0,       2942,       2942,        1,  1944000, aa9183f059ed034124a9156a3cc741307b155821bd98c22c62e6ca00a5ccc536
0,       2943,       2943,        1,  1944000, 64bebf3a1375b1b9f71e976422ead9bada750e41213905020d075a2035b57047
0,       2944,       2944,        1,  1944000, deec06aff1c2b9e1446a457c0e3f91c582e1362b60888817ecbc2411bf8013fe
0,       2945,       2945,        1,  1944000, 65bda16f935aa9996b7f0297de883a5399d22be0c8f81daed21b809ef8a24fb2
0,       2946,       2946,        1,  1944000, b0637ee8e43fbfd1dab58601587106e5996689f87dff8f8ede0bc30537cc6b27
0,       2947,       2947,        1,  1944000, 0c6bf9f66541b9d6f4c1744bfb1090c8c052f7262f14a415b03b2440d590e38c
0,       2948,       2948,        1,  1944000, 3928a449134a68c10d11f9dca1c8c4082436a2e47f63002e17817c8d0440b974
0,       2949,       2949,        1,  1944000, 00aea6caac59d224378af0faa3782ff3796325879e5b9c31f5419a806e22f6d9
0,       2950,       2950,        1,  1944000, 0ad6d81985a8c7ff2d65fd457b66ee0cf27a5d797e6024c5cd225640bdde7a4c
0,       2951,       2951,        1,  1944000, a53e7d1c91fb6a2c52d67bcbb463c2e87f2bc217ea1b7f7d4bc0c4602af4a2bb
0,       2952,       2952,        1,  1944000, 78fbbc768ecba7d21f68c0bc47f723b02b399d6b1a99d153099add5d9af8d020
0,       2953,       2953,        1,  1944000, 5f55bda4762fd98acad5687e754cc5f311833b1ea921638f357fe95e4aed28a1
0,       2954,       2954,        1,  1944000, f44bd32f6b0ebaa86fa18f08c737ff51b8f64f3890d549dcd264c997fb4e41fc
0,       2955,       2955,        1,  1944000, 9baa99d4ea422e79891f511542b8db81e8fce3b5b00a3b238057ea5257029c5d
0,       2956,       2956,        1,  1944000, ac3868bbab112a0a3f2a5168d51de9873abb5f2b0f48034a5db5ac6159db0180
0,       2957,       2957,        1,  1944000, f055e97930edcce8ed75ca11a8422d10617aede130993ff42b10b92aba92137d
0,       2958,       2958,        1,  1944000, 199caaa6ca7cf1234c54764de015e7aa080793140b207c830cd7e4dc1566acb8
0,       2959,       2959,        1,  1944000, d350df9d8b5cd6578a3b4e87a665656116e6038d1f94dadb4ee207ee06a70069
0,       2960,       2960,        1,  1944000, 3f1801c8628cafba83176a1d1d56caaf51e92dd1dd43a85293728d75e910dada
0,       2961,       2961,        1,  1944000, 26159e1e3f9e1f42884aeb0fe0d6c152a3b96aa86c68803bf4470183399c2b56
0,       2962,       2962,        1,  1944000, 2219e54375e82c68d09a1966fb7501465e7b9bfcc4dce539b84194613db41e6e
0,       2963,       2963,        1,  1944000, bf42239a5804fdd96d742446b052ceaf6db331264454aa53d794acba511ada4a
0,       2964,       2964,        1,  1944000, 00b654ca66c586caadaea4f7a706c5834df38d4f54ae29e18c6307e8e7a3d94f
0,       2965,       2965,        1,  1944000, 79fd4d9f4884d8a5971d1df60f76eef31d8d462e71af10c923affbcf8fa25fba
0,       2966,       2966,        1,  1944000, 7ecc84a682f230142e1396332786ae85b9b631586a08bf0d90404a3c345737c2
0,       2967,       2967,        1,  1944000, a588e3cddbd2d2830bc1f8eb520433ddb503d76ffe8f7fb1950f87df61777841
0,       2968,       2968,        1,  1944000, 1fe8fa171a0362cf754f2aa73f0240e4536565b46c12095b910bd43248172280
0,       2969,       2969,        1,  1944000, 1af33e620346be9bdc4d37851da3379b9491492d2f53363e6f4a826506355011
0,       2970,       2970,        1,  1944000, 28d6f7b8fc491341c648d6961cd9f2d4e24cbbbb73a1581eeb8c2be6df1e62e9
0,       2971,       2971,        1,  1944000, 1ab3a9ee9b2ee96ea3193f9c1e2372b6bbb266f1044b8120368fd86d1e6f2422
0,       2972,       2972,        1,  1944000, 8e83e184e2404ca0b1f0d78148fb74beaee117b2655b5b250054f142759eba85
0,       2973,       2973,        1,  1944000, 6fd88b68eef975ed7e620940f6eeeb4713e3e8d9aa42a82b5de4efbeaad0ee6a
0,       2974,       2974,        1,  1944000, aab16f3fd5c427e49a0a03812f8547456b1a38f6973d890efcef325ac0f8d408
0,       2975,       2975,        1,  1944000, 43aaea0f11a9450ac023cf0622e1961730a101e5bda0742cf58947aa6eb68d5b
0,       2976,       2976,        1,  1944000, c653dfbffc2421b41102fa94a24bc72a99707bdc6467b28bc936a337b0fb5a8a
0,       2977,       2977,        1,  1944000, 3a72506bd66b19d54da02e2027ce2a454d1457c4634e6faec029ae314fae31ed
0,       2978,       2978,        1,  1944000, 1a0d57d137010d847ed510e5efb82bee2a81cb86fb9b8837f52db326e2163b9e
0,       2979,       2979,        1,  1944000, 60ef7052260a8cd99d5730e482c1233f8b0c5404cb73bcbd4610bc46b85eb996
0,       2980,       2980,        1,  1944000, 5fc9cee3455df7a819071153ae0107975a4629070c026d70dd5f4aa1bd850f98
0,       2981,       2981,        1,  1944000, 2722ee44c331c77188a15d95808eacf55874ecf816009bf60b9ed107cf2bc879
0,       2982,       2982,        1,  1944000, 364c849ac61ac44bcc86dc3fc86fe4b5194b57834534bd8d4fc4cef7a31720d8
0,       2983,       2983,        1,  1944000, f107f0553c7ce0cac7e830d04b5f45bd83fd3fedec07bc045addf984ed4ddc88
0,       2984,       2984,        1,  1944000, 0949f6030c4c5859d9cced52fcd7cd41475c5e7f32993d5b6604048cdd6b68bf
0,       2985,       2985,        1,  1944000, 809d64acfe7059ef53556a467cf3c135bda1868eaa6a337cf53acc96968a6966
0,       2986,       2986,        1,  1944000, 528b3b61056fcfd1f48276d9237cd63fa6499091afeacca787f9da6c900fed05
0,       2987,       2987,        1,  1944000, 91652ef184354f7605c2482b9a59c2cb72cd7a0f7bde99c58935c79550b5ace3
0,       2988,       2988,        1,  1944000, 9c51a0c35fa5bf2baeba94975e2551d3203aa188647df88bd3c1fd206388835b
0,       2989,       2989,        1,  1944000, d3c51f8af3efd1c5eb5de96b656b1d2e64d904ef3a9b057d97785cbd3c63e6b1
0,       2990,       2990,        1,  1944000, eba80228ee33a2281e94f2311e11e70e4f533f1d7e15fd8ac1bcff1baa4f2681
0,       2991,       2991,        1,  1944000, ed3c332a97034229153e86c61aac86164c73071e7708177adc803f9b29b8d478
0,       2992,       2992,        1,  1944000, 6d3310471079870ebe6f43ce222398adac508e5f8b867e73b0e3a924bbf461fc
0,       2993,       2993,        1,  1944000, 73ef79cb67a4025fd7990d7eb1b6bc1d14f533875b648608050d154ef0a9ee1e
0,       2994,       2994,        1,  1944000, 4cce589bb82f2ff0247bb9e7e573ddcef1cb82b6711c7060261ab652e3220864
0,       2995,       2995,        1,  1944000, e6657152b927f34ca741389752fc1afad8d07dbda8fc7f85ce34918e242f4f2a
0,       2996,       2996,        1,  1944000, 0dc43e9a0d0fe79975478d1556589a7b6479393be644bbb690fd1783816f242c
0,       2997,       2997,        1,  1944000, aecbb8bace0fe739ff8c0891dfca11b4f5d47cac3c51b106611fe80f9f2545ca
0,       2998,       2998,        1,  1944000, b4593dbc091c00868c799106ec63a729ae55611a46ea6d8fecbaa4fefd8965be
0,       2999,       2999,        1,  1944000, 5316eb7f8b229d608cba59b187898e801db11cd8bcc15885dc70a47f4c5117ce
0,       3000,       3000,        1,  1944000, c5c1e5f2fd26aa6c8577f6532b4d32c43afc48eac10ba4d336b4745188312211
0,       3001,       3001,        1,  1944000, 608642cc08d5a9d2fb55878e8e8631340f348e1f15177f1dff6a16e027ff5596
0,       3002,       3002,        1,  1944000, fac86329ad6015c7e3b78af7822adb9cc54d082912a5d3d488242fe3ef29afb5
0,       3003,       3003,        1,  1944000, 49a9c47c0fa3ddb68d816fea07db244e43fb67df29692a6594dfaebd358f4dad
0,       3004,       3004,        1,  1944000, 85da84734cfecf5eeb8af126101358b1c9406271335986f736cc089941833d26
0,       3005,       3005,        1,  1944000, 4a4b972a4ac4a7cc72327499e4c926f7acbb0b25e75995102fee68adea903572
0,       3006,       3006,        1,  1944000, 398322b0a1fcd9b355dd641f841af9c1be1ff3a36d11550daa00b439ab128f04
0,       3007,       3007,        1,  1944000, 26991a0f50d55474b393ff8b667ab230d7615a5ae4005075771a009dc602e2ea
0,       3008,       3008,        1,  1944000, 7c441da9708646a902de9b255cfead555982779d8e4eec476bae441af6c8d4bf
0,       3009,       3009,        1,  1944000, 08013ac58d134b50c853181ff6070c88c734c0ffc7c8904325b1e16c53354395
0,       3010,       3010,        1,  1944000, 485ed9784384e6b64bf2f46142eff14a74af712a833e70801506d58bc9096f00
0,       3011,       3011,        1,  1944000, c023ddd9de67fa6621c3023de45a8d79dc13d75ae2d4b415e41ef9b82980c557
0,       3012,       3012,        1,  1944000, f166caf6d944342edff2f33cc919ea9c0f9777d188b99686f7570f54f1e492ed
0,       3013,       3013,        1,  1944000, e285167863a66416957c631a78eca008a21ec6d19534911c003dac538a76baec
0,       3014,       3014,        1,  1944000, e285167863a66416957c631a78eca008a21ec6d19534911c003dac538a76baec
0,       3015,       3015,        1,  1944000, 394b3120f35389bb5f2834883f36df00cace07399da04fb6faf90225f3286532
0,       3016,       3016,        1,  1944000, f5abf205dbdff5b5f468627819304184375ce83a93e31f948e3043a03e932603
0,       3017,       3017,        1,  1944000, 929e154b19ec4a4c54168f1021d133e40405de3bda364a6076b687cc1c928bc1
0,       3018,       3018,        1,  1944000, 8ccde27855cace4e038ef93ab359ec24ce5e6087873bef8d2e13daf55123869c
0,       3019,       3019,        1,  1944000, cbb88e2c7ddcd708eb333861a29a346c8894424449e3014497e743ef79335e30
0,       3020,       3020,        1,  1944000, c24c42e7b2bb7fe22106fcda492d80d9b6d40cc9a7eb01f08508f0d5e2f3d88d
0,       3021,       3021,        1,  1944000, f17205a7ff75831ad26698db2be8d5c3c9d3b6d5e67e6608cc04724b64ce5af2
0,       3022,       3022,        1,  1944000, f17205a7ff75831ad26698db2be8d5c3c9d3b6d5e67e6608cc04724b64ce5af2
0,       3023,       3023,        1,  1944000, 8e6e76eacf266316487484fbb0255f41bf27482033a07809d40f8f04ebb413d0
0,       3024,       3024,        1,  1944000, a4e21ebe231a545aa5c715d038b747e3813def6a098ee6047072f9393fe45a89
0,       3025,       3025,        1,  1944000, e2d84bac1db5ee68c783da7a285a61b3ace8ba3edc8c25deb35506d1e42bd1ca
0,       3026,       3026,        1,  1944000, 308bcb69668b15abfff57fded916fc1a9f6c060de8d39a2f0dbf8d6c1669137c
0,       3027,       3027,        1,  1944000, 308bcb69668b15abfff57fded916fc1a9f6c060de8d39a2f0dbf8d6c1669137c
0,       3028,       3028,        1,  1944000, ff31439e7d212bb8c451ecc0c51634e3705bf8d85b4286419c091afa70c89e9d
0,       3029,       3029,        1,  1944000, 128c544a9f7ab6bc82a0b9def1f1d717521406ff6a4ecf29d1da77c0682d0827
0,       3030,       3030,        1,  1944000, 128c544a9f7ab6bc82a0b9def1f1d717521406ff6a4ecf29d1da77c0682d0827
0,       3031,       3031,        1,  1944000, 128c544a9f7ab6bc82a0b9def1f1d717521406ff6a4ecf29d1da77c0682d0827
0,       3032,       3032,        1,  1944000, 1e9ec5a898121d7292b45bc3fc3f1dbc348da699f023001dfca059475e397748
0,       3033,       3033,        1,  1944000, 26d8386c32430a55df342fd19f0fabd60bd45ecdf15959b5c7a20b20e9a24b2a
0,       3034,       3034,        1,  1944000, a96c1fddaeb9e2e308a6d4ab56b6556c414f185caa10d02b2e61cdc3203f47c8
0,       3035,       3035,        1,  1944000, a96c1fddaeb9e2e308a6d4ab56b6556c414f185caa10d02b2e61cdc3203f47c8
0,       3036,       3036,        1,  1944000, 93e8d81760f6bb6b0ffa5eccb63099dee5d3595e9c9565dacc624da83ff09f8e
0,       3037,       3037,        1,  1944000, ef0eae430445893947fe471e925d6aa0df19d345b0ca4fd3e8db27e64b1179a4
0,       3038,       3038,        1,  1944000, 5aecf0cd2be4105ec51a157da6b8da44b789998059e0502e5ac9a45e2dbbe989
0,       3039,       3039,        1,  1944000, 5aecf0cd2be4105ec51a157da6b8da44b789998059e0502e5ac9a45e2dbbe989
0,       3040,       3040,        1,  1944000, 5117bb955757dfe28878dd545d9deb2619a93e4f45dc61c6b41d8f1e5c8004e3
0,       3041,       3041,        1,  1944000, ed78076f450e1eb80167890091964ff85fe89f2a1f5a20a070e59bd11dbd6d89
0,       3042,       3042,        1,  1944000, b4a679bc2dbb701f549406dc05d3a92a2bc2f893882b5ad8ed8f9eee5dbee07f
0,       3043,       3043,        1,  1944000, 9224c096f8438fd0ab23acf2ed5d9905c0a59676a37e9762dc6f1f70a3d601c3
0,       3044,       3044,        1,  1944000, 3f09ce6a208b3c54ba8b5951b179d23fe54e695aa11c979564f4bda621a26c63
0,       3045,       3045,        1,  1944000, 4d7fa95e732b57344130b85f04b1bafca98dc4b84417b7b9d596f16a6bb3efe4
0,       3046,       3046,        1,  1944000, 4d7fa95e732b57344130b85f04b1bafca98dc4b84417b7b9d596f16a6bb3efe4
0,       3047,       3047,        1,  1944000, c7ec0252349eb846425629ef1522b29d2697648f9f1edc93af5ca18c1b5bdec8
0,       3048,       3048,        1,  1944000, dbcd74f710eee6da8585ff4dc0752f66ad2fa46de1a4a6748d8427e78cc89c7f
0,       3049,       3049,        1,  1944000, f53a77da7612e67e57da8ba2364c58931255dd8a76f432a5b353bc623e058e6e
0,       3050,       3050,        1,  1944000, a36460c54b6595e7fc0d6a16c1ccfaf8f21ca12fcea0f24f0dacded2dbbd8222
0,       3051,       3051,        1,  1944000, 1572597ff1ec2468dd5db79479df83453a781b9455a93e68c786b033d22f224b
0,       3052,       3052,        1,  1944000, 03dc9905946643a16ed8c004ba3a10bc5c31fea967d134b7b5b3a35d01052f0e
0,       3053,       3053,        1,  1944000, 447c0d2310263706f5d3c700a18b755249100d4afedf8a1bf1974dc9fc136553
0,       3054,       3054,        1,  1944000, 67cee17865d10f197aee12c71e10342d8ba2aee4ef49ac05b06a9871e84facf4
0,       3055,       3055,        1,  1944000, 063693e365da93d03aad90c5844d3acf7b4b87c856331ac3e06fcdb896e6f6df
0,       3056,       3056,        1,  1944000, eb035c0c9bcb456dd8416196c1cd7b5248d723af476fdfbe69bb2751bc1d1d0d
0,       3057,       3057,        1,  1944000, 2524f00349490b2e043afb5771df1916f1239d8edc56b52e1391c7e4b7046fd8
0,       3058,       3058,        1,  1944000, c69bac49fb10df30b5b75db9eef1c1cafd22a79219a55acae4aaa4b17def128b
0,       3059,       3059,        1,  1944000, f7db59b92f6dd27921e6e47a678167d1fd2c4599cf0889103d54f38fe0fc4a4d
0,       3060,       3060,        1,  1944000, 19d9c9d7a644a395de0919789e30c5c7889d4cbbe61e9cf92da684c0905e5311
0,       3061,       3061,        1,  1944000, a09cf0a125d975cc6c2b66dd0c0c4cd5dbbf3eab10b568a0db2896e1d8c04afa
0,       3062,       3062,        1,  1944000, 5e9864eeb9b6758f3ca64c7900bfad6044afea8bfbc76ef2261e64efaceb80cb
0,       3063,       3063,        1,  1944000, b355f2b7b8f69a1341f79959ef631d5c8f953a597bbf392f9f6acc19e0637bbb
0,       3064,       3064,        1,  1944000, eaef893ca570f6d1ac43489ec7f7de9f297e7efee59208868022b3150ec356aa
0,       3065,       3065,        1,  1944000, 72b47e40d84af27e671e1ebf2145e200f0124343c73c462dd2c2a1180474cbb7
0,       3066,       3066,        1,  1944000, b43203148e820244f3eb00af76c1d24ac4aa8bed290b948e51545eed3dc6b381
0,       3067,       3067,        1,  1944000, 559eb0243f940df87510e41ff82fe85d298da23de5964f02eb028d71f6b984d1
0,       3068,       3068,        1,  1944000, 815b799d962181640c9d57d287f004547259eed56da1b11074d7e6980c3a4fe1
0,       3069,       3069,        1,  1944000, e2e8df7ab75ff1775023336197526a52b1df22a57df374a6d60f8ccfd40244dd
0,       3070,       3070,        1,  1944000, f2f64332c6d8a7d94de8bae440ccd6ba37d8697731dc4622c6b08696172f78e3
0,       3071,       3071,        1,  1944000, ea2f01968cd3dd785b2e38a0daf272e39b19f52f15e70ed3743f48fd6879e849
0,       3072,       3072,        1,  1944000, c941c252a062ea0c3b7b19b213e7e8ffcb62ecfeb455907b5beb0ab194097176
0,       3073,       3073,        1,  1944000, 6acc054d8a520ce22dcb43bd5db4c1918633246671a2673fae30bb880cc7a89f
0,       3074,       3074,        1,  1944000, 6acc054d8a520ce22dcb43bd5db4c1918633246671a2673fae30bb880cc7a89f
0,       3075,       3075,        1,  1944000, 2a0f65dd4bf4adcfb7d64dec9f5709a7b5daab7060ade0b373aea97b238babd3
0,       3076,       3076,        1,  1944000, b1122de210b085e7d578026ce8beea4a856cc1a41b9c5afb1f1107f0b2cdf556
0,       3077,       3077,        1,  1944000, 604a09c64abf98b3e162b18229ab62c47203a923272006f88c5eac29b30ba689
0,       3078,       3078,        1,  1944000, d3e6545b3b877731dc9d4399d8bb418d140c29812398de6f121fe5a347b078e8
0,       3079,       3079,        1,  1944000, 917ea3ac69ee4d3982b28f60d1601d7382d5ebe020ba1fbaf1ee96287b40b22a
0,       3080,       3080,        1,  1944000, 61f8daff54d3ca6013865f070900057c5ff47bce4388407bc0b76b5330267222
0,       3081,       3081,        1,  1944000, 9828f260ce98e52fca18d5704e2738a43a8bfb93597b6072f523ffdbe8b8315f
0,       3082,       3082,        1,  1944000, b66f9b4d71bb2fbf29ea0fee2d019def2c1f8b5a48f987c475cb4c9b828aea05
0,       3083,       3083,        1,  1944000, 5c84684ae2a6b550562a88e26c4788b87e0313a5fb3014fbe4ff8b49d446c7f6
0,       3084,       3084,        1,  1944000, e404413eeafd9d709a1f8e4846866ec5f483bd85e46a055d74cd150444d11419
0,       3085,       3085,        1,  1944000, 90b371e266a6109a88ec02f3386998e4ffc8c3f411dbe68639855bc35c41e93d
0,       3086,       3086,        1,  1944000, 90b371e266a6109a88ec02f3386998e4ffc8c3f411dbe68639855bc35c41e93d
0,       3087,       3087,        1,  1944000, 90b371e266a6109a88ec02f3386998e4ffc8c3f411dbe68639855bc35c41e93d
0,       3088,       3088,        1,  1944000, ca26088783e9ba20551c793200b6b55f021247858d869941bcdd9cbcd722bf64
0,       3089,       3089,        1,  1944000, 926a6ad0b6f49ecc8f49162872a5885c0a862ef0fc52f76c9860b3eee445b4c5
0,       3090,       3090,        1,  1944000, 572d224358b7c4aa7b9f5ed9e3c9a16b360716bef04668ed95461ca72f0fa1fd
0,       3091,       3091,        1,  1944000, 4736714857b2bf57fcd6de377c464d777d29cc9d311681dd2124cc1064b60eb1
0,       3092,       3092,        1,  1944000, 7654486e2cc5262cc0b113d4512ba9de534e06208d9afa149310deb7c8431d77
0,       3093,       3093,        1,  1944000, 3536400553335d07e5b53b78f4d4264a5d109b2fd3d6fddc3a3935a137589e6b
0,       3094,       3094,        1,  1944000, ac28b512229061a7403352524f8393e328d72a3bea496f1275af5f449766e229
0,       3095,       3095,        1,  1944000, 5e008ff2747fbbb433605bbbe862ba34e6b13643ba95c790bf186d6d03bf6a69
0,       3096,       3096,        1,  1944000, 97dbe0bda9cf3d0eaf776deb550d3e934f29f44ff78a1bfac43f50215b6c7791
0,       3097,       3097,        1,  1944000, e8cbb4adfc49119ad6ade9cbb53f8d6ad98f3558c2ab9615920e8681c1b2189c
0,       3098,       3098,        1,  1944000, 4ee4dc4b5579e1bb13fbd02e61a4090f43a9739c7326318ce72443538ad0df0d
0,       3099,       3099,        1,  1944000, d593fa4b020e7dcdd9cddc89caf0c5f29cf8760e1cc4432ab2cc194114f1e85f
0,       3100,       3100,        1,  1944000, ffdea497b804f4deb428237d64cc7a574298a1c5a1906c053291ba2cc1a8412c
0,       3101,       3101,        1,  1944000, b5dad1c85d6d3a67678672c575b1f715867775b3e0cb0bd1bee4e96275eb21e8
0,       3102,       3102,        1,  1944000, 4174992b8e2737e76142f22f5cfc7a3b2096e5f1dfec57091f519f9e64170764
0,       3103,       3103,        1,  1944000, 443fcc3bb608068f2e3ed460eeab2b4d0934a5a4ee57f1752e552b70a2db3eef
0,       3104,       3104,        1,  1944000, 08997ff928d26dd044901ff3accff011a536dbdb45030d324310b1ca960ce642
0,       3105,       3105,        1,  1944000, 998682a471dfe8670771ec85530dc977d7dcdfae7b82d0b40a5aa77485dab098
0,       3106,       3106,        1,  1944000, c26c5a244fb0e87fae95a8c7d107786d7c4fc4e804c2ed8919dbe9ca68b4a4d5
0,       3107,       3107,        1,  1944000, 2c9bbb501d8f0734937d0c76a7cccea30a7c10cf9179b3e551f1ff9bd56fa3b1
0,       3108,       3108,        1,  1944000, 511bf6bf2fe3603e6435cfa97f39b2419ccdc30c8825829caeecafca629e5f84
0,       3109,       3109,        1,  1944000, 5445cb41a749664f4316dce5ec3ea3a692966f451921afc832a1206777893307
0,       3110,       3110,        1,  1944000, cdc2ce2262e1ca8450c81c812eb95c12f4a71f6e1ba018e082c5ebc9ef7f1943
0,       3111,       3111,        1,  1944000, cdc2ce2262e1ca8450c81c812eb95c12f4a71f6e1ba018e082c5ebc9ef7f1943
0,       3112,       3112,        1,  1944000, cc64fcb8e617aba132505b9b02b227c6ccf78d50cd72d6c7d6005f703c1e44f5
0,       3113,       3113,        1,  1944000, 6e24d9d05d349b3e60d2206a1d481a7c0bda6f9e741baaf7c413bf406c23fda6
0,       3114,       3114,        1,  1944000, e856cbcd31d2670ece2e61447e7b6681cdc2f9114b5746a89665bc84eed0f725
0,       3115,       3115,        1,  1944000, e856cbcd31d2670ece2e61447e7b6681cdc2f9114b5746a89665bc84eed0f725
0,       3116,       3116,        1,  1944000, e3493d759108a887e53c0200e3cd05a9d31387447cd3b0e24c31733cd7092c56
0,       3117,       3117,        1,  1944000, c4975332ab3da1b4b7531e9752faa0376e10205323ee5f4a919b7a1320f16ae6
0,       3118,       3118,        1,  1944000, be42fe0f5f9fe555a3e94bffc28da7c1edd65e3705782c0ab497b2002f8603b4
0,       3119,       3119,        1,  1944000, 729dfaedd0707ccbe074a0d3261c25272969bd27342c7a8552bf5bc4bcbf4cfa
0,       3120,       3120,        1,  1944000, 668619b516a233dcf083ff3bd6d6237d57de76a8f3e939aec78e709bd6bb305b
0,       3121,       3121,        1,  1944000, cef8c290b555eadd3e714d76c9415fc5c697c933bcbdf6b005a0948806766559
0,       3122,       3122,        1,  1944000, b162dbb0da8fb1ecaa2c84b5b594584b028dd21efb2d8169558cd3f49e3b0411
0,       3123,       3123,        1,  1944000, b162dbb0da8fb1ecaa2c84b5b594584b028dd21efb2d8169558cd3f49e3b0411
0,       3124,       3124,        1,  1944000, 57fe5100021f06711edafd2a7d8093b47f763ca9c4e242908961c52ac0a1553b
0,       3125,       3125,        1,  1944000, 8124321e31434c1504a40b11c648b812c84bf985abdb987be7acf46fdc2ce51e
0,       3126,       3126,        1,  1944000, d5cac46823fc8d215620be43d621dd1f9fc0e8d99a8f12210719f0f8acde471d
0,       3127,       3127,        1,  1944000, b1d254ed57709a329d38822efd5a23957981d50fb80cc21fececdce5bccb9b66
0,       3128,       3128,        1,  1944000, ffce5f71962039a38d4a8014f0758fff2c80117373ce44b8f38afa5b835f62db
0,       3129,       3129,        1,  1944000, 1477c88e2ea2c245bf272de5f0ae794e829fe4999fb4fc49ba230523aeee806d
0,       3130,       3130,        1,  1944000, a21318b211cb66369467b2c790b6fe151ae9827ad8cbd4a26e37c1ad1bc78f50
0,       3131,       3131,        1,  1944000, a9669c36fd3e118929ebd460a56a015566525e088a9b3979aae7db5538b74316
0,       3132,       3132,        1,  1944000, 626949b8ef255591433e6315620c924129ee441e4d1be4a6b49fb48528cfa7df
0,       3133,       3133,        1,  1944000, cb6642d06ceb8cce69253adff7c08a0971fdde358b193a3c8089b3296c873ddc
0,       3134,       3134,        1,  1944000, 731d4699b2a78495c5c0abd50dbff7ac369bb38c4804fa66f8d4901fe8726d29
0,       3135,       3135,        1,  1944000, d42b07be7f7e059379f2dc802e8da38ef3d05b3468b023db0d81a9799088da85
0,       3136,       3136,        1,  1944000, 037019c6458a4dddbf7e7129dc351cc506fec9e09596eed30ca12ef2c11eaeee
0,       3137,       3137,        1,  1944000, 9df9f1ea4959631bb8cca7e8b07766ca26dfe4a3d182837481457a86b550460a
0,       3138,       3138,        1,  1944000, b396d7ca850f6bd560c88080ad32f5e8f133bfdf52d6d8cdeac598b752655da4
0,       3139,       3139,        1,  1944000, 40165bbd56219ad5047e014f3856aa8592431619c13150d1ab1be1999e6840d5
0,       3140,       3140,        1,  1944000, 6ac28570eab101a780ce334d1d81ab7d0a6014332eaa5af75db906b3ad866004
0,       3141,       3141,        1,  1944000, 9141343643d5b610c525077a049f046d126dfea6f51c0a97ffd576c96d2e9643
0,       3142,       3142,        1,  1944000, 5eaad2bed0bc6bfa8ede7aede92ee6ce77e06e1c1416920d612ad87440562b4f
0,       3143,       3143,        1,  1944000, df372d6f90c8d07d749e26a337433b619eb70542d39e1387726aad878bbfbd7e
0,       3144,       3144,        1,  1944000, 791aa91867376ac4c9c4259a10eb5fb035e18cc385efa0543b54caccdb2b3080
0,       3145,       3145,        1,  1944000, e1bfb2a9769a7a065ca1a30fc62daeb6213ad6a4d7387bf5deee9009b26f2c83
0,       3146,       3146,        1,  1944000, 9f865fecd51d5a2d9996df765d99e506ef0d484c1e6243523f1cf6c3c58c38b3
0,       3147,       3147,        1,  1944000, 5adb255f97393e06e3feb8c82c75838af82c32e1347e3e9de3fc5578d1875216
0,       3148,       3148,        1,  1944000, ed8ad1df99f6745da2d2b9dd6ff31c654bda570ca6e722e838f4b5e969af674a
0,       3149,       3149,        1,  1944000, 70fecece57348641ea97f126ce01f4bfcdd99a5509a0d9644fe4082a9ec814ab
0,       3150,       3150,        1,  1944000, 317aa43405a62c6ce08e624359b29eb73290459d1d6ff0d4d8b4a1eccf4a1861
0,       3151,       3151,        1,  1944000, ba2c42891ef8c0dc9eee2ec20c96fdb24a5199f00126ad72d845f198630dd145
0,       3152,       3152,        1,  1944000, 011e75f33195cab5525d2ec231f68a700b09a691357387f8a0ec4bd8bd77d445
0,       3153,       3153,        1,  1944000, 75f572b6aa4877ce3482bb1bb0f05a1f22c9691842b62dc2cb2786e96a77ea04
0,       3154,       3154,        1,  1944000, 43bdb151d1ba2d4fb322cf4b20b366b81684854e49ef45a88efde45a49b33279
0,       3155,       3155,        1,  1944000, 18d1d6e9516044fd5c458bdc96032ffc0331d5e8f2ee546ab90e2c42b32f27bb
0,       3156,       3156,        1,  1944000, 198623d8bc35532866fe94bf00221ebd37c2334235587c867162bac0090643b2
0,       3157,       3157,        1,  1944000, a6a45d5bd798f788d3484bd61d297343c214c22beb4b252a03303e571adc96c6
0,       3158,       3158,        1,  1944000, 8d3e191574473421bb137a240f5b2dab61221f2bd9546c57d7b2c726e3e99e24
0,       3159,       3159,        1,  1944000, 99f910a40c62f16d970e29600261fac0fbb5fed50ac0e77a000c0e3f55f32a0b
0,       3160,       3160,        1,  1944000, 50bca4bbcade85851c91c38f1af0c7088a062ced8f735356f2fa6f716bfb554c
0,       3161,       3161,        1,  1944000, 3f51fd675fdfadfeedd7da2a4c1c626d6eb5c0b2a8af4092c172b37adc4559b0
0,       3162,       3162,        1,  1944000, 3cdbc33e4e0ec3fcf2f2eb01c65f2fe75f9bd44073e2b4eedeb316e6dab91208
0,       3163,       3163,        1,  1944000, ce818828dbb7bf01a90f58ce4714c08531092e7c3fbe494bcf1f2e26c6dfb120
0,       3164,       3164,        1,  1944000, 43a5f7676b6e1b61fd0bc59d4c3e277ea6636092d69b36758616df85e3a5cd43
0,       3165,       3165,        1,  1944000, c890430afd4c603a831a0f7f5667e3a5e862c5dd27281200d9b7a2f71f588b32
0,       3166,       3166,        1,  1944000, cc77eec709d8d2c3185141435d24b3b9c491e07c79c64e0e490e0ab91981bfd5
0,       3167,       3167,        1,  1944000, 4836a9b2b3bf21cd71dc420f673c013d1ffbdc1ba004097b1ca2a38c2c4c21d3
0,       3168,       3168,        1,  1944000, babea74485b94b785becbceaa81a5eb16c43a273a3eba2744ae37f7aa118cf57
0,       3169,       3169,        1,  1944000, e105c95834179c8dcca9b0d34cfa882d8a6ebaa62f44c5d9952aed788c777dfe
0,       3170,       3170,        1,  1944000, b35fa61404a2e689c22f91d29ef5710840f5e377a725f21ddf1981293084956a
0,       3171,       3171,        1,  1944000, 913eb0193794e8dfefca7fcc2d649849b38ca71aafbf94513c4de30124036f36
0,       3172,       3172,        1,  1944000, 622c72f0f0fc3b3caa2e6cb7cefa9c854467f6579a4d2aeeca19058ac0e890b9
0,       3173,       3173,        1,  1944000, 93b4bdf21519b033b8e1b9ebd4ad6023276065b06be97c32d8e527398c5e14dd
0,       3174,       3174,        1,  1944000, 15f30991cbb22b22d321126c87817adb62aaf84dc403352cf936b4e2a788c744
0,       3175,       3175,        1,  1944000, 722e18dfaeaee61b8127f001709e338fe741e837496997404513875ed10c965e
0,       3176,       3176,        1,  1944000, e9389a572acbde71644fe0d085b5f343a8fb287cce1f60173ccfb418d98d3ece
0,       3177,       3177,        1,  1944000, c0cd1b250d9c05266afff52f117c5abec165cd13bc911cef98d1c22d63267779
0,       3178,       3178,        1,  1944000, 665de659ec7f6a959199184af75b4b4586ecbdee73ff8a941d9015d7580935fa
0,       3179,       3179,        1,  1944000, 9c1f62ef5b8142fddd97e688ffe382789846d3515f753b0693ff90424234ce00
0,       3180,       3180,        1,  1944000, 5108512dd6cd1886f54318a4bbe7537a1bb336733339c9a0249f80c6bcf5ff14
0,       3181,       3181,        1,  1944000, 08cca37508e6961c3562952bec97eb15c826c0878f188ac88842500adbd019f8
0,       3182,       3182,        1,  1944000, 0450bf3e7bc7fae6393639093c49a3eac4d264b4f2f9500afa2ec41957e81e51
0,       3183,       3183,        1,  1944000, 29752fb0984cd9a3809f422e581e9c1cc84c6a979ad6f576a441a98fc188b36a
0,       3184,       3184,        1,  1944000, b038e1b9e2c3f0be9c95dc56d465ca55dcddc0a46eb6e5b0a22a4df917c2a37a
0,       3185,       3185,        1,  1944000, 8ced08d40a7d1b88e710f8c0b300493141577db02d0eb8eea15f0802aef070b9
0,       3186,       3186,        1,  1944000, d0d35bcd830757e59ceb1557f06ab58782e916bd317b9c279014328565f94e66
0,       3187,       3187,        1,  1944000, 8c516259659de1bae61fe98e6ed587cf9bda2554e264d1e55e687fc9a5350127
0,       3188,       3188,        1,  1944000, db91420bbba4e09394001918fec5803b98c06633c023e3606dd9756ce8e38301
0,       3189,       3189,        1,  1944000, 4625367cf0cb3bb4bd3c9becee54788b48cbe85fb9453eaab57bc97aea4b9bf3
0,       3190,       3190,        1,  1944000, 1dc2ca237014aed859f0ab56ed33b711293011e9497e3af068997ee835c0676c
0,       3191,       3191,        1,  1944000, 59b27188acfe15090fcfb55341c8b2edbe34583dc2c4fe0243c93422ed88cde2
0,       3192,       3192,        1,  1944000, 0afcfb744af3fbd2a741b54dfb00bdc935cad87c813fd75859676477ecb2b6f0
0,       3193,       3193,        1,  1944000, 6fb6640ae8728d0884efe8c98fa45ff67e7da0e1bf33519b588c14134848321c
0,       3194,       3194,        1,  1944000, b3fbce9a37459b904996ca1cf3c5e33e2832cd16123dc8f57436db9fdc0486e5
0,       3195,       3195,        1,  1944000, b1fea945651c44fc34a32cc82a89ea9a45a246e16f920bfea9dc754c5c4f317a
0,       3196,       3196,        1,  1944000, 5a23dd1ecf83b1b7163e921f00e126cbe811a2f87a316839f02980cddf119759
0,       3197,       3197,        1,  1944000, 6155e6178aa41320c4c8027598206656309dc5239b3f75180c55c3d478ff38f1
0,       3198,       3198,        1,  1944000, 93e5c778809079ef7e3e490f88aabc4a5ff1c5ae17e722239dc4b298922005c2
0,       3199,       3199,        1,  1944000, 300f4052c239b7194555e765db33bd299a8c1f816c71e9ab648ef51f270ca3cc
0,       3200,       3200,        1,  1944000, 6326fea1d7a23970f02527e898e6e800bd144cdc40530ce2b6be23ac9f72331c
0,       3201,       3201,        1,  1944000, eb104157b41653d666bfdcee978de17c349e704a3ab6af6a0ebb02667921cb43
0,       3202,       3202,        1,  1944000, af67e1d177101fae7d2f1039b6cdfc6837571922d5891d93f5dcb2b2897647e0
0,       3203,       3203,        1,  1944000, 01e44612c5aea25eaea1107e1255710c20c20f07b702af85b4fe2f57104dd321
0,       3204,       3204,        1,  1944000, 7cb5509b14ff59e0fd93986cd87ca88e5807a271e8d54ef24db12a3e4837620d
0,       3205,       3205,        1,  1944000, 1f221b92ef81e10fe31e6d7b63491cc194992d79dbb54b701eb709ae3b3509bd
0,       3206,       3206,        1,  1944000, ed28494fdc83dd3b9893f030f3a82698ea2b9ba883d414275155892988b21ed0
0,       3207,       3207,        1,  1944000, 4647d1b1ec051f77b89fcbc7658f90ed01d2a15361d8e6541b969b5a08402675
0,       3208,       3208,        1,  1944000, 2258fe8943b681faac7667a61499e0584eb543822e0ec16a641c2789796a47a6
0,       3209,       3209,        1,  1944000, fc786aa074a49fa745f5a8b8419abd05283a633688f14a05f100902c04b770a3
0,       3210,       3210,        1,  1944000, 56d210b308bec34233ffe262b1af4200b19648dc48c4f085fdc764aacc3af1f4
0,       3211,       3211,        1,  1944000, 1b200b5baa6bda8a8ea3e918179ec3e49d0dcb6c962b75e74dc805d6ea29f689
0,       3212,       3212,        1,  1944000, 45f8b2613e8b593bd880ddf0d1aa5681433d5fa91f8b67ebcc37f416c6f7b6c5
0,       3213,       3213,        1,  1944000, 2077e205d609a1d9b2dbdc4ee4b47bc37fd7c3726c004c842c098ce86aa549a2
0,       3214,       3214,        1,  1944000, 46411ad7976b1656a23e60bd83a24f7e8751539aa5e494e3cdeff0dd4ae5f75a
0,       3215,       3215,        1,  1944000, 4c118c4fc0bbafc29c6efc67b691a682eb812d246438914ce4ed5cb8466169a1
0,       3216,       3216,        1,  1944000, 75785a947ee84c81961c1999545964ad6a6436f70d152ed123534c5f893c5979
0,       3217,       3217,        1,  1944000, 9ec0c62d6ba3e8bd50d166542ca4b64e3b8d1d31434b76547d2385a501e1c4c5
0,       3218,       3218,        1,  1944000, 897597ca2b7cac4e3eea157c9f8ebe41acbf8d3ea2298a34567fba85eb231644
0,       3219,       3219,        1,  1944000, 8725de19fb8f9285b45fa9393cbce3627666d3fc0558ae4d53d7c141b994caf4
0,       3220,       3220,        1,  1944000, a368ac580c77de1ea3b43b9ab1db633cafe9670c7b0ad29346683a06491ad88f
0,       3221,       3221,        1,  1944000, b08e9c32cd545da6e0177b241068970b132552440e72b51ce39406f54aced96a
0,       3222,       3222,        1,  1944000, 79777c08ed1c50188c6097eb1d54793aad9440df96f5dfd6f754c8c6aaaefd0e
0,       3223,       3223,        1,  1944000, 6abea8d56b7f4824aaf971213fca4ceb4c29e16e6b0dd8add6c8591bc78fce9e
0,       3224,       3224,        1,  1944000, c40e16760bf1d7fa7c8db7baa16b619f4a57e1698088c397c24ecab9b4296424
0,       3225,       3225,        1,  1944000, 8f62c7389bbe9caed6a2c898c47fc47925048724732914817364c5a068f6d80c
0,       3226,       3226,        1,  1944000, b6cbc198cae61ecaeaf547514d3cf1860d9b9b817fbf80fc9818666ab5493a62
0,       3227,       3227,        1,  1944000, 25160020770998fdff3a8193543530106d3db5eb23a888dc6a45dff240b6b0bb
0,       3228,       3228,        1,  1944000, aed33006ccf4c759f13679682244cf025bb595d1a5c458ae73e3a591b2fb966b
0,       3229,       3229,        1,  1944000, a392f2efc9e53e9fd5b5992161a62f060b8ff404c604d36b294861cbe2f28187
0,       3230,       3230,        1,  1944000, 63512fdd47e9ab3f31f3f95d7354a13b960b77cb5ebc8826951bf82233e88135
0,       3231,       3231,        1,  1944000, 52754823ec3832a18409caa5a812b83522094556f44dc3334c87be1b45b4ae64
0,       3232,       3232,        1,  1944000, ec43aaaf87524ac2abd76264d9f7665aa83cbaba3bf633b7ec35d6fa3784d5b6
0,       3233,       3233,        1,  1944000, 1f55b34ff7e7b2b95147bb6a3bcfd5c9dbd882f72fe0828636d5c7c862ed0472
0,       3234,       3234,        1,  1944000, 1f55b34ff7e7b2b95147bb6a3bcfd5c9dbd882f72fe0828636d5c7c862ed0472
0,       3235,       3235,        1,  1944000, 1f55b34ff7e7b2b95147bb6a3bcfd5c9dbd882f72fe0828636d5c7c862ed0472
0,       3236,       3236,        1,  1944000, ec793aa7e28e90a805529b0ebeb01b77b7dcb1cca49359f8a5ff49f9e789880c
0,       3237,       3237,        1,  1944000, 3eb21db52e37508b75e41cb58da0683d3a2b9fc4640d2098a06786831e937b1b
0,       3238,       3238,        1,  1944000, 854745e44117e8b4fd852bb0080d4534585e1271736a97b96802b9b8e64a653d
0,       3239,       3239,        1,  1944000, 059ff5d7659f611a531bd3b8d6ff133cd4399b5eecd60d215b89f86f7f8cabae
0,       3240,       3240,        1,  1944000, 50ee60fe76b369f67b926695f9f4ac8d3ac2c5defbfa5693623553044543a6af
0,       3241,       3241,        1,  1944000, 68f46090a62655c81c7140d062fb169048142f8bc98945781465b1bca78ea23d
0,       3242,       3242,        1,  1944000, 7590c95fe61b057aa68660f3f727b935c70c5806aa079c6b910ccc3353cd511b
0,       3243,       3243,        1,  1944000, 7590c95fe61b057aa68660f3f727b935c70c5806aa079c6b910ccc3353cd511b
0,       3244,       3244,        1,  1944000, 38b5228061d7b69629993f0c82994f0547ef0086f9d7161edeb5c2c36af44bff
0,       3245,       3245,        1,  1944000, 1ac8f592a4b47ae4887e0e3f4bbd9dae5e02d4af63a98228c92f51c137fbcc76
0,       3246,       3246,        1,  1944000, abff4b46e63d9299713ecc9642591dcf56211ef731d06338ac5ce858b1032636
0,       3247,       3247,        1,  1944000, fb5353a594812f7521c44749dae4c9bfabf89c5feb02f78efbcc685808cff853
0,       3248,       3248,        1,  1944000, 6905e606eea7b2726b36062b763127c2770b3f7a8ebb240af3ea4d25408a4bc6
0,       3249,       3249,        1,  1944000, 696bb318addf70d982cdbf986d26fb610c772186b2ca2ecdaefc5ada844423d7
0,       3250,       3250,        1,  1944000, 5770c4ad254a8c34fc458e84ca28bbac860acbaf7927316bd9ae27ef23406b14
0,       3251,       3251,        1,  1944000, 336604c691d97463b4bcc77898d516f1e76ba2790a57e78df53548af1f2c884b
0,       3252,       3252,        1,  1944000, d0f568c006fd14cee0d29da5c62710f495a5dfdaa5e557ac0b0ba8a104f663c0
0,       3253,       3253,        1,  1944000, 297acd4d28fac252652fb9fdc4f315dee6207ce18b340fd51a30db29147934c6
0,       3254,       3254,        1,  1944000, d073aa83b4aea307651466c1e68ee1eb13191845990b89448a0743e1ab97e801
0,       3255,       3255,        1,  1944000, e3cc12d97ce8b5246f47cc9071410357837593a138656c44e6ce8e450588ea16
0,       3256,       3256,        1,  1944000, 689c675f6705b13ac62b62bd3f5c6619a009ade5446aa701aba78bd34e67902b
0,       3257,       3257,        1,  1944000, cadc34ee328c6c4a695dcb20e57a6eeb037244fb7c5e00c26b4d7c52be8f23d9
0,       3258,       3258,        1,  1944000, 4c05538ae2afb1fdbfaa817279920e79e1369eadf248cbd01d20c413375c2d2f
0,       3259,       3259,        1,  1944000, ca970c2bc9e665da49138c7d4e7c37890af5d749611e4e9d1d7d7bfe23d41063
0,       3260,       3260,        1,  1944000, 38301736ef45b7fc0ee6329496206fb391688cbc3e044a4674ca24a681878ac0
0,       3261,       3261,        1,  1944000, e9b7e28efa503c6d3b00d38497bc82d73d48983499d8a4f2bcaa2912bf6a74d8
0,       3262,       3262,        1,  1944000, 5e5df38d3881b326935fb7e991a71fd377c84e07a592fb332dfb3980e846ecd8
0,       3263,       3263,        1,  1944000, aea87dd72c5b1b5056588efb1307d661e7fee7d89ad00aa21065e7f822877b9c
0,       3264,       3264,        1,  1944000, c8f134e9700b2171e82ae69f0fac896a846d0430a29a2a93319c49d44a8de1d8
0,       3265,       3265,        1,  1944000, fa0d803aa332e47d308bb0740ef1f144c7fa7fd3efeaae164c2103800c7d582e
0,       3266,       3266,        1,  1944000, fab1ad08af2a4fc1e4e4e37cb9d8edc021f629c45c02d1f58fd943e648166f41
0,       3267,       3267,        1,  1944000, bdf30f3194d89df920a95d6738f4b05c32821a741a0df6224faead450c8681d4
0,       3268,       3268,        1,  1944000, 952833fddae5b05a1d0ee20878e0ca604d8878e9d3a42e1e3ac4f59e9ffc2cf9
0,       3269,       3269,        1,  1944000, 959478a5f9c7fd4734589961597b78248f8a2ea0213c1b1ca16a63a0b44a1abd
0,       3270,       3270,        1,  1944000, 940a1adc7e50243fbab5b9a759c6c8a0f4bcbba257807b9fcc0538e9a98f3fad
0,       3271,       3271,        1,  1944000, a6b78cc2436f31b402c6799cf3b501ba8bc2ebf978734cb6311813d752a019aa
0,       3272,       3272,        1,  1944000, 28e61f5c0a9ecc05dbfd3e098337fff134a60e14083427a33714ba5be1b97a8a
0,       3273,       3273,        1,  1944000, 47c18bab24896856d9d3e4499690c90d711c4501b29dc923609150871e2463d9
0,       3274,       3274,        1,  1944000, 1fe76880fc8a66bcf8a4431712714d20a954a72db210055147d66f9d79cca315
0,       3275,       3275,        1,  1944000, 18d2afa80ef37f5b6f622255acc17aba421a7de763aad8dacb6b1ba75e451def
0,       3276,       3276,        1,  1944000, 5a69c666b0d9df1a652430082826e994dbfdd85c2d945975fe3d5fb32aa80f91
0,       3277,       3277,        1,  1944000, 18d2afa80ef37f5b6f622255acc17aba421a7de763aad8dacb6b1ba75e451def
0,       3278,       3278,        1,  1944000, 6297319bf2e188525d794ecd4eb9b7a930b49c4f99c5a899dded6fad86ada104
0,       3279,       3279,        1,  1944000, 54060210d33f91dd8f9a065363873e14318cea51516bbc6e3a7abd3f31ae2dc4
0,       3280,       3280,        1,  1944000, 17922e58c2a95aae9fd2916fb17ddb793a118d8e4643ed685db507ce919526f0
0,       3281,       3281,        1,  1944000, cd08785dfb6299522cdd0402ee61f988268702017adc57c245f8f0e53fce712a
0,       3282,       3282,        1,  1944000, 1ee95a3357248b2510692e50133e3dd9d052fe524b9e2e943a4fd768748bd060
0,       3283,       3283,        1,  1944000, 265864104c27a51bf18e341e0d4ce49a931b1ac67b5e7c10935634d2d25be677
0,       3284,       3284,        1,  1944000, 05cc2928128ee6f4ab69c61218823710b80f7c3a93d8740a48149e2271772672
0,       3285,       3285,        1,  1944000, 0979e5fe3565beea38a96f1372d3767558f22bbde8f88969d003a214b5665e8d
0,       3286,       3286,        1,  1944000, e512080579371592650ca594cd894d54b1dce4fb48dbcdddd1167f2f4dea4b06
0,       3287,       3287,        1,  1944000, 4ceb6d44d3ea5152953dbe9cfd4eb1649aeeb173f4a2741f5c2b472cff634dac
0,       3288,       3288,        1,  1944000, a6a56207145f6748d0d405378a480e0f9d420ccf9831201ece92b262eaef1252
0,       3289,       3289,        1,  1944000, 464ece66d5f422ae705b3d6f2736210eb0b0b842bced7ed3e5d03681a40cafb0
0,       3290,       3290,        1,  1944000, 7742ea1db9dfa98d15bb60b1927d9477731de38f9a8959720f92d35dc98b8a9e
0,       3291,       3291,        1,  1944000, 1b10680d3fc36bcf031d4de609ae12e6d8406694a4c68131edfe8e3e6b14c713
0,       3292,       3292,        1,  1944000, 59e9d952413df1396c746ad820c5d840268da992013e0580fb777a02f0afcf8a
0,       3293,       3293,        1,  1944000, 80789d2801631773748678cbf1ad1a2d87ce11fdf5d0d24998b34fb539c03db4
0,       3294,       3294,        1,  1944000, 4ea149e9b2b693ea8ec285cecdfeccac20f25449a52c730142d2b2f9e4093fe1
0,       3295,       3295,        1,  1944000, a1c8c44d6013767f176cd4df9ba537479bd163e5421b338e544f5e288b20b745
0,       3296,       3296,        1,  1944000, de9d9126df41b751330b49c9d32678b34a5f5e4942b9ac88a939c785927cac1a
0,       3297,       3297,        1,  1944000, f94af52e667bcfc2e06926ba494949060f5fafd033642189e10c37e23ffe6963
0,       3298,       3298,        1,  1944000, 17bb4f2554f13beed875454ad01e20323cc0674bca062579819de67d71c2a60d
0,       3299,       3299,        1,  1944000, 277c45a8320186427102449af6632b812a4f4dd69ff3b94b75de1ca746b76f63
0,       3300,       3300,        1,  1944000, 67b33ccc70968aef4f02bda0b1b5b77475f3a22d3b5bb30d55ea29c3bb0ebcd0
0,       3301,       3301,        1,  1944000, 9fc04d7943fa7c91bfc76ade766efe853ee99618c81945e845a5c36044a173e6
0,       3302,       3302,        1,  1944000, 0d1c1ecd363242c64c84b690d6267753a0c3ee7434468b363509e5499afc4251
0,       3303,       3303,        1,  1944000, 047bf98af905c9268522f2fcf2878c79f06631d0b0212179f6c9e1156f704728
0,       3304,       3304,        1,  1944000, 32dc6495ae523a8f3120581c1dc3a6a9d716f112b3a82212bb2d03ea528ea1a9
0,       3305,       3305,        1,  1944000, da8e765ce518852176838d281f513fb990a0b1e9183dd60a65e874eadc1bf9ec
0,       3306,       3306,        1,  1944000, 598031ae40e22b0de3be07d064e6a557d4a59981ba933bf8bd16ccfc822de951
0,       3307,       3307,        1,  1944000, 9a28156d24c2cf164b2a8aa284bd8d92c247173620a1543036addf0a67b59dc5
0,       3308,       3308,        1,  1944000, aa5dc24219b435d802d9da960481284949e494f52c5b78f8c4cbca34b9768b64
0,       3309,       3309,        1,  1944000, 19616c326f09ace9736237cb81b93621fe576ed1dc2f9055fe0b72a1869a5950
0,       3310,       3310,        1,  1944000, 5a975f622bbad25ab852cc506bdf4d3eca43e4948e247b9ae535f7efe027ac73
0,       3311,       3311,        1,  1944000, ef27d0b12443c917761998258d8080c66e49610556b96cc97c4f1f2567702c5d
0,       3312,       3312,        1,  1944000, 71282d7006b8eb3e4f4c99c905a1071dca4f075aa90da20d0bd49dad3cb69d5f
0,       3313,       3313,        1,  1944000, d3bc2dc60e4b9ae7685e9187b0fa4a8cf10e0b3745c69873434425749e89bb73
0,       3314,       3314,        1,  1944000, 6ff35d3dae40290ff5161a376c6e822f5998b8504db178835c72d7caf6a3dc2a
0,       3315,       3315,        1,  1944000, 0c10816ee2f49c27fc16d86d29b648d9da618e0da9b9c6e80f8df71569278a87
0,       3316,       3316,        1,  1944000, 895c4ddf2ae53f23e1dfe33ed3081f1bff9131cb227f8240a9c0e27050f38cb4
0,       3317,       3317,        1,  1944000, 95a5109f0aba883c0ece5458300b5752e094f39288f38e76d4443749e74d8123
0,       3318,       3318,        1,  1944000, 3d5e38e961fc780875ffed6e4ebdd6775bd9d29bcc6a3a18f267fb28799bba5e
0,       3319,       3319,        1,  1944000, 184604187dbfae70ef489cac779390bfe1ddd1efd3613ff2763a6427e3e3e805
0,       3320,       3320,        1,  1944000, 1492cb117ced40dbbc7156c16466455f850a367707bdabbb2af7d52eb6612900
0,       3321,       3321,        1,  1944000, cf471e056c35772c388ca3f896453f800ca510d526e4abd6d462ab223100f788
0,       3322,       3322,        1,  1944000, f4f2f21e3054fb28707ce8903f51cd343097106db70060043c3baac5dbea7540
0,       3323,       3323,        1,  1944000, 0dc80a73f266d374a86d38fa004bee7422b8f5dc374eaeeab6499bd32f15a38e
0,       3324,       3324,        1,  1944000, 74e78b6a791153121143f23f6944b7c6b582f880c364595fe7e697a2ac46e2af
0,       3325,       3325,        1,  1944000, 3391cfef5bd028fbeaccc418ad28c914227e398bb4f2c27cd305b00f3c67b512
0,       3326,       3326,        1,  1944000, 2302ad6d07c0cff0a06f919462a956bdc5d01443e255f3088632dadfedb03cea
0,       3327,       3327,        1,  1944000, 9a1199f76437837acad4d676428487eeb09d3df8266d850963b382c8bdb5596b
0,       3328,       3328,        1,  1944000, 10e0905feda02438bc575219e83fbaf101d68f4566c3e4394e97443fe8255025
0,       3329,       3329,        1,  1944000, 2a2620e5bb69d052ad0b414d0b42c2e5c5149a3fd6825048d7566a42dcc5ba92
0,       3330,       3330,        1,  1944000, a134187c41ffec0f2f7d3618ecaab141e9086aa824fdd0ac66750a06fbe34d14
0,       3331,       3331,        1,  1944000, 8ff7fa22d0a07677695bb2f32e6522968fb64a8c6ca1c98c8d999c532a2ea29c
0,       3332,       3332,        1,  1944000, 7c9c6800a8d5b5c8c07f6c1b4acf64753fc5b5cde8051700b6cfcb5a5e69c149
0,       3333,       3333,        1,  1944000, e9cec3865d921be3a768ccfc10d68b1255e77fda50003d6f58a45d320a57957b
0,       3334,       3334,        1,  1944000, 3f368d284bcef5000772f4b7792cbca4039ae398d3488385394f1740ce2b491c
0,       3335,       3335,        1,  1944000, be33024e9d03bfb4ce171ba1726628d0382b6f425ebbbc0c3e5e56e53fe8b794
0,       3336,       3336,        1,  1944000, 532addad206a671b25d31ed19c63b71a8e9dceaed601bfa1257fa6022b9f1c1f
0,       3337,       3337,        1,  1944000, f61d046a0e199b69c6a4d08a1ea7a62b0fbced6b88bd289c0bebd0c4a9764b78
0,       3338,       3338,        1,  1944000, 0eeea994d80af5f4126ff5cd298b8da4632e3f03cecd58bdb6f1caa2210a6c66
0,       3339,       3339,        1,  1944000, 8a28516306c7a3bad0a4d8a4a3efd0831fe6d5ea9780065564381268eb5036eb
0,       3340,       3340,        1,  1944000, a3180fb3db79514d7ac1b679e453ac1bd4e6043fa0539c0066ebe8b3d41bdf09
0,       3341,       3341,        1,  1944000, a049261c49dc95a79201afa9a05d670c9579e2244a920e859b6787be9ac85c9f
0,       3342,       3342,        1,  1944000, b4269bf05f6beb6ac8e9e1fc0b301013b38e8177c8b2e63f417e7acc4b7e686d
0,       3343,       3343,        1,  1944000, bddbd32614bc198c9d4df8f51aa14a3a6b2e917b7f08fcb327db044a3b7b6f59
0,       3344,       3344,        1,  1944000, d133dc473a2af1ea721cb6ebc11027907c9965a08369696fd01ac05e15231d31
0,       3345,       3345,        1,  1944000, 693b85fbc6b294757b91af2c54fef6f4c9203e8b847cbc118e0d480519dedb15
0,       3346,       3346,        1,  1944000, b704b9f6f6e60dd272a14bc3ae4098fda22ce468badf4822e0908af7bf4c5f7d
0,       3347,       3347,        1,  1944000, fc24c70bd4f1ecd7a0c275863d05977e25391182a92c8d39cf723bfc25bf5756
0,       3348,       3348,        1,  1944000, 95de0b8951fd70d86b1023f4df8fe66b1c915d60842a50956d7e613d3662ba7e
0,       3349,       3349,        1,  1944000, f3dded035671f9168275bc9e6bc0a09c3f24cae9da32a77621447d8540927c0b
0,       3350,       3350,        1,  1944000, 7c275b4001e22b5870eccd91f2a6673c14d30c25c0bc65fbbb9be220302e59af
0,       3351,       3351,        1,  1944000, 8cad51e89ef776a975b8025d33957bf92918021e30e0ea9bffadf9b98b0a815d
0,       3352,       3352,        1,  1944000, 5c3b87d7a4b2095adc3f951d65ca3ffa142f0b4b37602f7b32d3b2d80abf2ff0
0,       3353,       3353,        1,  1944000, 838db7992d18d104d774bb19fc044bb5fb2e5653060e4a1ad5641d3af9154157
0,       3354,       3354,        1,  1944000, 04f7a46550222162e245eafae317ae6a928ce995df071c8369e09fdfb2590017
0,       3355,       3355,        1,  1944000, 8af4f4e4c99c4c942d699a4bcb7e4b26b05d278e9050b15577664427d9cefd25
0,       3356,       3356,        1,  1944000, 69856e4cc27d43b1ab6b2c27a16a85601f1e952ed14cc76bcd040c5e375277da
0,       3357,       3357,        1,  1944000, 0dd230a65f135ea65483c3776246dbe419dc0cd1c77bcf9090f8ac965fb201a2
0,       3358,       3358,        1,  1944000, 0a2ebe3b59adc6dc7ac6acc98b9abd83552b44fb7b05b74b290f66596a29974e
0,       3359,       3359,        1,  1944000, 00a0ad40217890d522cab4ad80d0b393df1deb71361cc589427b836c0e125ba2
0,       3360,       3360,        1,  1944000, afceafbb4eac6c6c1cfb6914872c2233513f1cfcee287b68b8e0a88f98400392
0,       3361,       3361,        1,  1944000, 1ecdb2e7555a155ebb53ddc2f4cb46af77e626c817a79cc33df38b95050db3ab
0,       3362,       3362,        1,  1944000, 985c56a59bfe1ff3acc5c9279a10eae39f0bb61dca7d5bf3c149f7703893d6d0
0,       3363,       3363,        1,  1944000, 581d018441beec762ecbc00a4c1e6fcb3ae960e483c7725105a3b15c0269d1d9
0,       3364,       3364,        1,  1944000, 3ffc6487dc64bf44328d9beaf006f17e9a816804711117d7272b4528a050731a
0,       3365,       3365,        1,  1944000, cae61fd53d0ab5b91f3ef3a6b2e0faa8c183bc836d0c23f714a8db233e575ddb
0,       3366,       3366,        1,  1944000, ca2c7974eba00a9fa21759b24f171c53effc25fd66b19290f86b0f6179e8e040
0,       3367,       3367,        1,  1944000, 164acfe1c3f8ab87e329e47f472dbb49024409ae2ca4031f327803524c8e96ef
0,       3368,       3368,        1,  1944000, c92dbce8f81b5bc4128ad2077c03d4c98a9023cff777cbe8d2c17d126fa1d1cf
0,       3369,       3369,        1,  1944000, 64d144024f677f618cea6a931d8de1def369613396abd063ae4c37c850619a9b
0,       3370,       3370,        1,  1944000, 988c11538410c01922a8be61899513e81ddd93a2c6d06e6ed8b0e442d4463867
0,       3371,       3371,        1,  1944000, 3d9c7536d868d7d023c2cf8cc78e3e2f854518d09f66a5b08c8f7e1e57887834
0,       3372,       3372,        1,  1944000, b01676bf8cf3a2f5fef669fa4e1f199a33c00006e1dcfa546f4d1e0371198846
0,       3373,       3373,        1,  1944000, 511b9caad32df3549883f433484acb44635e14e4db46117f50868700e2fcc22c
0,       3374,       3374,        1,  1944000, a2e81840b2dc6ca6903387a6303d78c421d328de5c7a3b8a6717f234e85b8dfa
0,       3375,       3375,        1,  1944000, 1eb49465d8adcf79e410f9a2caa48cd1ac02d6e6f3ec5feecaeb79f5d912d5f7
0,       3376,       3376,        1,  1944000, 96056187986a3e6cfb745ba08d08752b50336f3ba639997279f494025dc5d621
0,       3377,       3377,        1,  1944000, 813e794bcea361615fcff3815a3165ffa01ec5a6766fd4c4a4aca08b67398e7d
0,       3378,       3378,        1,  1944000, d46eb8327ad9c91de55ea00b6b980ba1574d7d4f310c2568a54dd0d9edb1f0fc
0,       3379,       3379,        1,  1944000, 71a469ab73705081e5190081738d08a2c68d002b60839b1228f699aefd1a8858
0,       3380,       3380,        1,  1944000, 9f7910db267a62443dfecae56d2b7fbef79d3a5d22208c5bf536d8498ce9a934
0,       3381,       3381,        1,  1944000, 7994174b1494e483b27c629986c41b0cb904c75a8e66f78b99279bab62172abc
0,       3382,       3382,        1,  1944000, e529ebd48c4458f49b68f3ceb8a28fa544d527d5bbace333ec3c9cb9c761a1f3
0,       3383,       3383,        1,  1944000, 252b33f542725509d47e1bcf98cee7a3a7e495066996e43a8a76a8563bcdb1b8
0,       3384,       3384,        1,  1944000, 0b128f9f7a244fd192092409d188bfb95efd3ed466061a7f922a61ce2ffc57b8
0,       3385,       3385,        1,  1944000, 28477a1fd5496899c9f5febdbdf260959dd763f4bda5ed206a511ecb0d39019a
0,       3386,       3386,        1,  1944000, 9f2817d73bb558377d1a25256ad39ce88e8a8427f15821f47bc7e3f553b698ec
0,       3387,       3387,        1,  1944000, ce7c8b73314761c5cba75a99262999280e4ff770a6399eea1e7c42cf76f9f202
0,       3388,       3388,        1,  1944000, 714b975b37732c081a1580f21382b9badbc11d11e6b901afee830ab74fa7c0b9
0,       3389,       3389,        1,  1944000, 1eb6d1c7c702b4edcfee553bc5a9a6309089af77bebdea9f2c2542b616be4177
0,       3390,       3390,        1,  1944000, bb1302602023828c46c341e329b3f8e4c512f3b7a5fb2398afc042d9471d4dcc
0,       3391,       3391,        1,  1944000, 4556c200136ccd2f4ba3d166200b98459b781dd47dda6a40bfa03fe638fa1b65
0,       3392,       3392,        1,  1944000, 6277f142a0d557d4b9164a245b64bdc8986a2b1f6c3a2e6995e0c09713ddb999
0,       3393,       3393,        1,  1944000, ee313d0f7859bd5f30b956633b219749bed05e1ec6a7c5e4528fae82e18833e4
0,       3394,       3394,        1,  1944000, c6560c0994c7ea65687c40c68d8fa0010c7695c0d345e977bb80c9aac2963099
0,       3395,       3395,        1,  1944000, 82bdb56bacf660534e731d45580e3491ca22ef51feaf4a2dffbb2d5fe0ac539f
0,       3396,       3396,        1,  1944000, d0b3ef585f45f0b1875d603101b9a44e6643510075da21bdf5b5f92f57227df6
0,       3397,       3397,        1,  1944000, 9d36e476943177975454111632d4f1583cc5ed61f0aba141cce27f8ab924b158
0,       3398,       3398,        1,  1944000, 4b79c9a8c2e25a264a2bface9242cc34112c5e2d0af76b05d99306d1dd1c7171
0,       3399,       3399,        1,  1944000, 55bb809c11819591fc666b42c294756e7a95f7a92136575f854d08d407932221
0,       3400,       3400,        1,  1944000, 68246854d8e3b2446214185f413891c5e79fb0b3485dfe02aaf6c3bbb22abd19
0,       3401,       3401,        1,  1944000, e5a1add6ba3bef2a7f054e537dfe504dcd5b5fdc6bfa44ac0913691b130075a4
0,       3402,       3402,        1,  1944000, 27dce4f75707b4d129e1dbae54a4d8328064179678d2aeee0fbfbbdf47214ab2
0,       3403,       3403,        1,  1944000, 67ba9849b65aed47bc10908075fa749c979d949d02c23aafdba88082a4b7465c
0,       3404,       3404,        1,  1944000, 85d868a3c49d45dc00060d8a78cb7cbb2601489adf34c8a1dc087171aed589c4
0,       3405,       3405,        1,  1944000, e9ea04e19f71c6b078da71730623273756e0a46fdf1fd27a39ce79b6e6c77079
0,       3406,       3406,        1,  1944000, a2abe4d406576ce7c71ce7722511f616792c85681b7ca99a0e9de7dcd78f6218
0,       3407,       3407,        1,  1944000, 24816536d8ac9e3fa2de7ff62c109f8e5b511ee803318857e0eec1c758fd6263
0,       3408,       3408,        1,  1944000, 95c051ec36fff1d0feb0919782173a2d809c1bc7985e2a9e20b9a33199231341
0,       3409,       3409,        1,  1944000, 474be52ad842e242abe2f9bbaa10c556321bacdb2f898c29f71e26551ebf9c3e
0,       3410,       3410,        1,  1944000, 43e78b776d2351a7965141b1d010671898ea26b6ed3f5a7f994fede8cab0dd7a
0,       3411,       3411,        1,  1944000, 92e85e47d0a5b316b6850bef20652e2a7b14b75972c2ce182297501030716e44
0,       3412,       3412,        1,  1944000, 855b5a8cc3a59d089d140ac7c125290cb20ef4c8f78d8cbb08dcf824cc7c6b79
0,       3413,       3413,        1,  1944000, d87e00c25d87edbd2c7317dc5002a5a6f179531fa38667a96614f642d447f837
0,       3414,       3414,        1,  1944000, 9610674ca1279eed90116e0d5f4f26824c7e50e1b6e2a559f7e1429fb5d8047d
0,       3415,       3415,        1,  1944000, e1edcd34b902c404491fbb42fa6a96e6ca1d99bd3a286522860f279b24230daa
0,       3416,       3416,        1,  1944000, 1f2f0dfd6488714aeb53801f8e86d3440c26445ce11fd2593aa4f07c2fc32961
0,       3417,       3417,        1,  1944000, 8356e5f0d13d7007147447b72edf68aa193750a5ede3f94a82b9c1ec5f3b0b02
0,       3418,       3418,        1,  1944000, 8395d526d1639c90006adc0c13f9f2af961d8a4c2165aea05e017b449d60dc58
0,       3419,       3419,        1,  1944000, 48e8ede6b43da318dee4141073d698962461d88614f66e33900f030204d00b26
0,       3420,       3420,        1,  1944000, 1ae82e6f931ebe939551694fad645349e0d7f005b287abf2a007b1ac1a115660
0,       3421,       3421,        1,  1944000, 7b462f2434f001c6fe3b212ec096c0c4c8f2cf39c8e88121410187c0615c9cb8
0,       3422,       3422,        1,  1944000, 919b74f1ce6d5b7a2cc9a410ce217b2786f01caa3e284e615437271801430efd
0,       3423,       3423,        1,  1944000, 32200f291c67afbf8dec94160ad5dc2f1639bf22c874f9e8666c0ebe585571d6
0,       3424,       3424,        1,  1944000, 7f27b3d3d50297f0783f357290942f8929681aea067eec192359d4fc1f18a0b7
0,       3425,       3425,        1,  1944000, e96b9dea68c01c14fb5ef803f6f26f7c7cc175d953af0d153f5ab852cd59ad29
0,       3426,       3426,        1,  1944000, d8cca4e9ccbfd3cb643e8ff0c81a86aa754b2e544325d58730f16914fd3cb5b2
0,       3427,       3427,        1,  1944000, a22748e0abc0e2de5adc8538a426f3841c054937c92c22907d1b155d754ddd66
0,       3428,       3428,        1,  1944000, 6bab395b52ee8ff818c267e49c13cee67ffc45d01006991493853d7635793507
0,       3429,       3429,        1,  1944000, 82ff1262056ca79b94a92c2f1af31c2d085c8c305f85520cfd997eef1a91be5d
0,       3430,       3430,        1,  1944000, 3b618b11dc96ecbc890fa293ba2b78b68719215f863852b3188fc072aab35cf5
0,       3431,       3431,        1,  1944000, d5248f3be3a7120b6fcc87bde8d2b16c8111c5fc371c551c1f5b6438f0466ca7
0,       3432,       3432,        1,  1944000, 00492d1b58b90b8940cc3ef14441596860f0b3f3daedc4cde5d2537981bea76e
0,       3433,       3433,        1,  1944000, ae03388b57885d143487f8bc0f258e798c2f7c6d86c0173594cecd0fa90d77f4
0,       3434,       3434,        1,  1944000, 3d0e0bd7d4d9a5bac9dfad1bc024ebe4c82ef22c090e211642ba6cd32b825e51
0,       3435,       3435,        1,  1944000, 9ac746612cecdb9c72601c5fdde99b6c27fb0e67dfa859b78497aa04b5a85be6
0,       3436,       3436,        1,  1944000, baec9c58b47cf6fee79e347586af4d9906bb886ceaa5c1ca16aaeefc7c77e4e7
0,       3437,       3437,        1,  1944000, d15fac127cd825dfea53c53d767c0011e1cc871319d9f75fb4030a3ab741ef7a
0,       3438,       3438,        1,  1944000, c6c657c8d448cf916d8ea274483d5648fb1f5784650ec32f5bd7d5d7528a8b28
0,       3439,       3439,        1,  1944000, 79afa9035426d248a7d6838c14dc9302db3e9d5024df61e364a0c1eb06569576
0,       3440,       3440,        1,  1944000, d790ed7ca5148e3605cb096e7831cd6b90190c76ecc04f9dbcc64a4284e1d8e7
0,       3441,       3441,        1,  1944000, 5ffaabcd9f19e2e4d144419d6e73f8904a16a8c78e7116be886a26e8e3b47e7a
0,       3442,       3442,        1,  1944000, 9e21f5a4fa83e1bbef89158a235a5aba9774a413acfaac71b3b97e1ff069cfb2
0,       3443,       3443,        1,  1944000, 9a84a1333f627116eeb3ba7297bd6ffd0e559d33901b08f4e86824a9f487a7d1
0,       3444,       3444,        1,  1944000, 36e1a2f8eee2a96e199988ba008127947bf2b0b9fae93e7c1ef7bfa9ebeafeee
0,       3445,       3445,        1,  1944000, c0747b8c3eac25bb2834b74a7dae30f89c74f556c633383232c53d8af9ea9a03
0,       3446,       3446,        1,  1944000, 98f1a42a57e9c93320ae327888999cb4bd7db27d93b987ee43b2378e0e76fb88
0,       3447,       3447,        1,  1944000, 08ff6cd84051a5e8ccea04c14691c663a3326f591e512a108960bcaf4f33f221
0,       3448,       3448,        1,  1944000, 521267c1b938de72925a0e1c36cc2098af5997eaf404b7a92317a2d3e24e2b52
0,       3449,       3449,        1,  1944000, bf8d0beb51de17d947f74c6a2ea0ab40212c93f1edd2e9d53609621b288a12e3
0,       3450,       3450,        1,  1944000, b716898d61f3dd6cfcabb8b78ebfc58321d58af899cd0f3fa1677efac027781d
0,       3451,       3451,        1,  1944000, 0e0eb0db2966d2c5fa8a2c9ec0ee9d7b263f130df22888f73581a678ed0131bf
0,       3452,       3452,        1,  1944000, f76806f71f613f973537d6198e468bbc910497d1a6d5f65bf376657db23889e4
0,       3453,       3453,        1,  1944000, 92995c9d199169fdb5c2b560cf8192a86c50793a394d4cca3bfa2302a8f66367
0,       3454,       3454,        1,  1944000, 08553810eabc56188c543804cb509e187b7895c9b7ceadf02d4d293d7e58e547
0,       3455,       3455,        1,  1944000, 8e6aefee2d5eed3ef1d22f8f052faf4af5fca453c95199d428f76ca59be2162c
0,       3456,       3456,        1,  1944000, d9466b234e6f40059a529f7be1534ec39c31c121b4551a624acdbb180b9d6f8b
0,       3457,       3457,        1,  1944000, e336ee22aae406ae798828ddbc94dfd4cca211a10ebe72e229e0471ef9480c75
0,       3458,       3458,        1,  1944000, 2f179e8c8b74df3d00468a379234eb9215aa053207bd12e19de9770d5e802bd7
0,       3459,       3459,        1,  1944000, c54f35559afc096894d9272b4cf44eefba477d408e33ec6c004ae56a54ddb60a
0,       3460,       3460,        1,  1944000, 7f197b791b3613dff52b028404f95ece749259963b53d5e2bb51f4a3c692662f
0,       3461,       3461,        1,  1944000, 24039a5f2415e7baee66bcc8217015dd12b8566f1519aba3ff57585702633d73
0,       3462,       3462,        1,  1944000, 586d16f76012d4574b5a33b44c87deba8b1ed6ec466e80c09ec307297f2e1bb6
0,       3463,       3463,        1,  1944000, 4427ca9dedeb4d7d3f1aa1ccb05db95d3f4d6858ff117f5810a5479c39208d3d
0,       3464,       3464,        1,  1944000, a970fdb731e6ca8081807e8f74bc5301823c2d5da6a7590b6eb7b8032ca3d074
0,       3465,       3465,        1,  1944000, 3e7f107216ceb85a1bf4ce7a6da6c41a0ab3295e877523f2b341e5b53829759d
0,       3466,       3466,        1,  1944000, e53862216740a23c766fa13b75586f62a79f017a1d6283cc093f7255cc02151e
0,       3467,       3467,        1,  1944000, b07ae9a27f6692c29e0503d6fbaa0e1cd367035e7a704ce03af632dfe5fd4d28
0,       3468,       3468,        1,  1944000, 1c2d0e9b00974543dd4334bd9004ab4dc53647928ab8c147f2a0c0da72cc6ee6
0,       3469,       3469,        1,  1944000, 4c91f7c9e8de1be09a9a85854810d96f543b908469e64367bd6ce77bc1a28163
0,       3470,       3470,        1,  1944000, f5bc761d8e83482ca0bfae2337213e24655ed8ae0bd703ebfb2ca88f14f267aa
0,       3471,       3471,        1,  1944000, 548a5a85f03e166e2522e9eb552522dd7b8f810d59e9528f2b1491dcc42776f8
0,       3472,       3472,        1,  1944000, 9b6bf21a524fff0688dc4ba34cd5d87553e4430683d5f67cbbfd9defb3d51fb8
0,       3473,       3473,        1,  1944000, 2aae488cd00a87bfff65e272a208a379583ff66a78f2fdd0a9fa51e28bb8344c
0,       3474,       3474,        1,  1944000, f0a18215652e895d427b3e2ba729a1d3f479bf8f3c702031650debcc9af5e259
0,       3475,       3475,        1,  1944000, ae6fbe8876d78865fb167b831536b308ce34412d49566804490942cdda064e9e
0,       3476,       3476,        1,  1944000, 116b186c3a222968da5d81de9a58fdfa0b9f82f38dd3b37560eec7848e652caa
0,       3477,       3477,        1,  1944000, c0c0f65b375c5136ef0f5046d87e9ca0f8a9b7b02cf9781b4242247dabb07767
0,       3478,       3478,        1,  1944000, a1ef8c7d1da4912928901143244f252dd29149f7e7d8c5b0dd885c7828b782e8
0,       3479,       3479,        1,  1944000, 4dc08347b62391f49c24441540e088fdf371f104cd9239fe6273860b8a609288
0,       3480,       3480,        1,  1944000, 1e13b22a0f376b1edfc5a03b1d35c3adb793e0c41faf6f41a6c6641f56def665
0,       3481,       3481,        1,  1944000, b76efc0685211416ab77c767a096070bd9c878243f63ae8d01759068c3ca4bce
0,       3482,       3482,        1,  1944000, 4ac62ac939e52476843ec2566f45a7e8f035e3755ab1ca76ecfb6fa4eadb2131
0,       3483,       3483,        1,  1944000, abbd47d1a4eab1e6bef399932f40beb8f5130c1ba7001a5fcbaa6750a85eb80a
0,       3484,       3484,        1,  1944000, 01a2a91ba794086e5102b39c1d02d8d5b2b72f16825e8913c467c4e52992d141
0,       3485,       3485,        1,  1944000, 1f1475f411af904da0a2ed228d49eb982058845f923cf7857525e1d677b1af37
0,       3486,       3486,        1,  1944000, 556b4b63832136f30ab8a3c601a4829934a28406235fff553feaecfae04bc60f
0,       3487,       3487,        1,  1944000, 6389e1436979fc06e513804fe0d30948023e15ae6fa74fea212e144ef6101c25
0,       3488,       3488,        1,  1944000, 4956298991abf4e448cce5862ee0fe7a07f6b31b1bf06c28bad68d14307241a8
0,       3489,       3489,        1,  1944000, c62ffb9570f945b7cc7f5270e3d45d5c68f5e1eba16046387874ff8e17cec40f
0,       3490,       3490,        1,  1944000, 9d983c8d31f252161c27ebaacb298dfcdce0c058140fbaf3b61b8611a4b1f8f2
0,       3491,       3491,        1,  1944000, 947b8a2d7c779a2f2ae420d665e90fef026fc24a794a996a4b46645ad19fe221
0,       3492,       3492,        1,  1944000, f440b2eeda4da7cc154b4a24ef5296b5f01a63d98992def82368362fed82f584
0,       3493,       3493,        1,  1944000, 498b77669838ea066dc7eb693f9770211e34c7e9ffd9c14f6341f6120e7c4601
0,       3494,       3494,        1,  1944000, eb888710c7e9edfeff47332840217c6594e5cce358aa667d0b92f7374fd3db9d
0,       3495,       3495,        1,  1944000, a303ce44c340c129476539667dee1a77ad0e67788b0faabc354f31104dc55e24
0,       3496,       3496,        1,  1944000, 1d355acb9dd94241f87f860cffdb2bfb154d6fc3bc1fa009a3d127d14302521f
0,       3497,       3497,        1,  1944000, e951faa777b042869fc81df4a5c3a5837c18b61524c01a7f541c28fa296cac42
0,       3498,       3498,        1,  1944000, ce8aee04b605a06a85afee92974d5154d44162deba0596a9f9cd5deaa83b4281
0,       3499,       3499,        1,  1944000, bf02723f574696ec19e65d2079383bc5ec8f2b54e35bf9f394451ad7d2c11120
0,       3500,       3500,        1,  1944000, 3d87dc341726ce051109c1f53100216c8a9c6d7d8898f6d9f12e141bd2b757b0
0,       3501,       3501,        1,  1944000, 8a068d383ea14b0f2a1ce8aac983cabd1266f49104faf6fa2248b0f763eeba12
0,       3502,       3502,        1,  1944000, 90a2b1da6754be963430ad87f45f590e00e25eccf4ab51717b312fe277b42bff
0,       3503,       3503,        1,  1944000, dbe935b497a97761a622f08e189fc678ecd6ac96e6ce5dda6e84ed5071318e40
0,       3504,       3504,        1,  1944000, b33b14d78bd78a82015a55bd58c867c2552d234a1d781f077ed4d7d506bcadfb
0,       3505,       3505,        1,  1944000, 6a18b1b25e67fa7d778e274cf3e00638e32480cb54b5d28dbb4aaaf676accec5
0,       3506,       3506,        1,  1944000, 5c33ee1f3fab27e2fbe3e381429cbdbdd705ee4bf48685619b62eadcd96b9f90
0,       3507,       3507,        1,  1944000, 16fad629a3feec739e8e90767321015e05176db9b19f545fbf6b4b014b9e05c6
0,       3508,       3508,        1,  1944000, 34086826cd203758bd3c57f8657a69b122084830e87d42d3ed73cb659d091bff
0,       3509,       3509,        1,  1944000, cfe11e5c130a4cbcac176173abd392c9ef03bd4859a8c636dcf633d0caa7dc58
0,       3510,       3510,        1,  1944000, afb545b050cecab8fdb65a2e11b702d4243274b4624fb1e5631c181819be1c32
0,       3511,       3511,        1,  1944000, e86cd93d2da6cea47580df52dcc5ab029671862d20938f56e50a52d6b8953f4b
0,       3512,       3512,        1,  1944000, 63c5085962afaf27e6866f52a48662f511178dd3ac238490a40b49d0dca60aff
0,       3513,       3513,        1,  1944000, 874408bc76b05bb2f3801bcfdb667b18ebf7e6a10175b15cebf76ed81ca3e4ac
0,       3514,       3514,        1,  1944000, 158c6bc4439bea9a49f918a0f9d7bdcfda5796683999cd317c179818ba901f3a
0,       3515,       3515,        1,  1944000, 40189fc38d2371b3ca21b75b381691a891d122100283f5802fb47ddaf49369c9
0,       3516,       3516,        1,  1944000, 77fc25dbdbfd615727c272789476a1abc18166edcb2d7d32129701d728738bbe
0,       3517,       3517,        1,  1944000, a31661ecce320cf285576c2d72560242aba1229ff2da227b2bab647fae0d348a
0,       3518,       3518,        1,  1944000, 43d85e5b83f158f6cafbd5b9d8a28a9ae6a1a80e92c87116c13c14ce7dc50131
0,       3519,       3519,        1,  1944000, cfb05a2cb84bbeedc27485edc584d5e36e11b8da86357e65b18a3878be90babc
0,       3520,       3520,        1,  1944000, 1b86676e611ad286d963c02a66861703f79b07247ffe152c191c6cd9a810a16b
0,       3521,       3521,        1,  1944000, d7da0bccd6d845c2434826179940413e37c8d11cd8c4a3110308b3c8c104667b
0,       3522,       3522,        1,  1944000, bcfd6a3f9314fe43a7a5b10e3de507a7ec4e57277e145dfcc3305c4933fbb0f0
0,       3523,       3523,        1,  1944000, 20d670d0d926a77c1e051ad8c0f87e50f26a87afd40de2dad373b554f66ab4b7
0,       3524,       3524,        1,  1944000, e59b516036f548d41bdf81b0c788a59a8c0b6e398306f99fcabe0f3e979ee317
0,       3525,       3525,        1,  1944000, 0d785a3f3138343f57f6faf73758414a03d1e0e2747130fae7b774f3acbba65a
0,       3526,       3526,        1,  1944000, d92a3a90c3e071ab02bf32a919c0a332d76f6e16c1efcd535a58bd4eb22cf4cf
0,       3527,       3527,        1,  1944000, 98acc217d111a9ba7f835c352b8cc053ceb2c60fc794da329bf4574943b902b6
0,       3528,       3528,        1,  1944000, 68580706754619341060c5dcfdd3f0c4d18adceb66c0a10230e04521206d412f
0,       3529,       3529,        1,  1944000, de98564a8ba568265600a5c65b91d0a19065ed1640fa7f72680fb6d1b60336bc
0,       3530,       3530,        1,  1944000, 3969732cf574cb6b9f663babc4ee660f953f762e03970f0e6ec7fa536146d4d8
0,       3531,       3531,        1,  1944000, 3969732cf574cb6b9f663babc4ee660f953f762e03970f0e6ec7fa536146d4d8
0,       3532,       3532,        1,  1944000, 18a1518ab0bd468bcfb8d907a2c367991ae35ef382e3ab7119fe313844a89012
0,       3533,       3533,        1,  1944000, b7d88537aeec7d3c2ac485e69771bf32e41ac97b2bdb0830f13eddaf1a63ef85
0,       3534,       3534,        1,  1944000, f8aadbf87d6fd93661e359ba079818ec2762a7335f5d7c3110d511db6041eadd
0,       3535,       3535,        1,  1944000, e7935513c2aa0a6b629ae9c498ceba2bca0ea948377a075d227b039e798c8d09
0,       3536,       3536,        1,  1944000, dde66df880b9cf403a0007c0e547a7d67d04f5e134e7f736a59cea1344ac8aac
0,       3537,       3537,        1,  1944000, 882c8a2290c4a9244b7164dfdc90fceb5d31e3a781674cbaa1e4e85314ff9434
0,       3538,       3538,        1,  1944000, 23a20fcd77e064701ab9786201792de7bf1f7872282a8da3f25aef087c71bbbc
0,       3539,       3539,        1,  1944000, 46ddf0e37d860059039c4a2deeeedf4fcc153267a3aceece10fda816f5617ef5
0,       3540,       3540,        1,  1944000, cbc4f09bdecf66798cb37eedd4b68dd685c5113713d44d5958969f6250cebfdb
0,       3541,       3541,        1,  1944000, ad189d3ff004a8cb5055a12764dd3ff00a3df903df35bae68e97e6dbc09371d8
0,       3542,       3542,        1,  1944000, 5d8dfb48d51e6e681d7ee022a40a1df2718fe16b8d96eba9b75ff479b848fb42
0,       3543,       3543,        1,  1944000, 1c5231c0d58942bb40f1a31fedd70e044222865d369f3936859585f08cbea8da
0,       3544,       3544,        1,  1944000, 9224c0467db42d3366a764720be5dd12662f9319d7c34a15412a1e76aa930cf2
0,       3545,       3545,        1,  1944000, df8a8d27a66799308b465d1bd27419b26687127302cb384544f379e25629a514
0,       3546,       3546,        1,  1944000, 05b0d97062832eeb511344fc0de419a071d37c489abded1f693ac64b5651bc85
0,       3547,       3547,        1,  1944000, abcca314386b59c17813fa6bf0c6c333c20bdfdaee29917724a7f126901b0f46
0,       3548,       3548,        1,  1944000, 2e824e2f67b2a83dc9cff7d68c22b877cb4f823aec52f54b052ed08b7a054a51
0,       3549,       3549,        1,  1944000, 6bd7139633606b2790ce95bf135b0e3d24740c3031a21caa199e6686690450ae
0,       3550,       3550,        1,  1944000, a96716c7f58e7d9fe05500ba1db455426d6a329ee4d80c33753e425d6e4d6704
0,       3551,       3551,        1,  1944000, baa6183731d491c77cfb35131a2fea6b417ea9b016c2586be01debb53578deaf
0,       3552,       3552,        1,  1944000, d9b1efabf689cffcbddbe5ef3c12ff46bf5c06889e08402a03a6c735e01f8d44
0,       3553,       3553,        1,  1944000, 894e301f53d35967e368a12aa184a6bb7497cbea6623118f3a2ddec11249963a
0,       3554,       3554,        1,  1944000, 092c1dcf3c52ba28fe942f3d1db076ac25c1778f0629044d2e0d361230cb9936
0,       3555,       3555,        1,  1944000, 092c1dcf3c52ba28fe942f3d1db076ac25c1778f0629044d2e0d361230cb9936
0,       3556,       3556,        1,  1944000, 934695f93d189bea104f47e175ad571b0eaaa94083f2d46e729ab191854b0cd2
0,       3557,       3557,        1,  1944000, b863d56034907f318c2fac619c2e8d3a3bbfc200ab9dccc5d6a381e785dab955
0,       3558,       3558,        1,  1944000, 656bddd2e59e0205b24df6e67ab512fa76ff86503e7c488db74cebd7b0d7dafa
0,       3559,       3559,        1,  1944000, 3ce403145a10fa89102822ba54f72e5d41b927e240479b181ee38641a0a2bdbb
0,       3560,       3560,        1,  1944000, ed44424d39e3ff87ba601b35c0a4f22aaf52eb425d52798b310d273e862cb4f5
0,       3561,       3561,        1,  1944000, c3fee394806030793b86e564f936a004bf5c82c346f2929711367923a49423df
0,       3562,       3562,        1,  1944000, b2f61cebf9d04bddc7ad8c98e04da298c0b2c103f8277d8a8969382dc5444c59
0,       3563,       3563,        1,  1944000, 22e95d2de6c153bbf6e2feabb201e600ca7743036b430307e50b50edc7680f46
0,       3564,       3564,        1,  1944000, d926b0de0b58ca224386e15e12f9d59bbcea8cea3ae33bf169eef449fbb28ddc
0,       3565,       3565,        1,  1944000, a8251a56506c3248ff261c13c2786da0470a256d981599e6b15698e7f7f143f1
0,       3566,       3566,        1,  1944000, 322806b80e3bad85acda3aea1932e6e1aff52d69eb49803d82d50f8863d78301
0,       3567,       3567,        1,  1944000, 322806b80e3bad85acda3aea1932e6e1aff52d69eb49803d82d50f8863d78301
0,       3568,       3568,        1,  1944000, fe019821775e7208f082caceffb70eba10d3cee053ca01daf8fb9167d632e75e
0,       3569,       3569,        1,  1944000, c3f7507b3fe9f31629c359655cd60ee17f4e5c56c18f2c7706a94320a170af8a
0,       3570,       3570,        1,  1944000, b41363c6219186fdc36f4ff04bc8c2ce6dc1b9a3ac71f81f85648159bd53e5b1
0,       3571,       3571,        1,  1944000, b41363c6219186fdc36f4ff04bc8c2ce6dc1b9a3ac71f81f85648159bd53e5b1
0,       3572,       3572,        1,  1944000, aa7895cd2ae1917ebced43ac90275bf73cc076578a4aadc309648adf4f3cf869
0,       3573,       3573,        1,  1944000, f89b8b2df5d31269a17e4a9279ddf2f24bf81ca1888a8c5ca97f1de1636c6a69
0,       3574,       3574,        1,  1944000, c1847674b4a3e98ef1afc2cc97f371f497d6cd18b0791762146bd52a1d07cbea
0,       3575,       3575,        1,  1944000, 01067090ab96d48d4d2fdcf0137a513514e5b77c207f6bb7a5afc6f9838768c8
0,       3576,       3576,        1,  1944000, a8d2e19a74cbc9c22c9f6c4039200ec914d2f6c863ad2934cd375da8bff57564
0,       3577,       3577,        1,  1944000, 1fcd3192193d627e7f6d78dc1f1856442f72059c5a2f8ba45ac9aa840c72a149
0,       3578,       3578,        1,  1944000, 54ce6f66988a2dee6f5babafb1dfaca9fb9b47806a46a80e9b2f539dacffbe7a
0,       3579,       3579,        1,  1944000, 93ead74951dac9740e8a69ab2b02be151aa412e1e3fb1a5b533984e795608340
0,       3580,       3580,        1,  1944000, 1e2cadfb7ff91bab8c66d3929e001f25e632488a3ea5834a61775675754c1216
0,       3581,       3581,        1,  1944000, 699edfebaae6d1cd0ac88b405ac5daa475d72fafa076795a9db40cfe59c02629
0,       3582,       3582,        1,  1944000, 1d777c507422eeb893012980d4701c8249c97b9dc286a52f873432a016d0d08b
0,       3583,       3583,        1,  1944000, 1e4ad5ee27104ed15bb98b0ac0caf1b42ea1c0d4c43a9c04155d7532df541f0d
0,       3584,       3584,        1,  1944000, 96cd4b546c9028a3cbce5f02534d8942ae88ff5642541be235d3ccd847a6db55
0,       3585,       3585,        1,  1944000, cc190f091cebd16c7e452e14c22f8328e54a574c0cfbc2a4bc71e8fc33c51035
0,       3586,       3586,        1,  1944000, e7aab3686a9968e26e69c1e9fdd2af31c6bf64ec45ce8938e48ad18e9f1aa9d7
0,       3587,       3587,        1,  1944000, 135ea8a4452d304929cf88badb1cce933eb8301a91fd0b9f79ffaabca0bebec1
0,       3588,       3588,        1,  1944000, 0c9e346f94f7bd172c6e6ecb73d4aee946f6f17cd5e9a027ae48ef2c2680f2d2
0,       3589,       3589,        1,  1944000, 9256e1ac3ecd47a663c0fc95ed0dba5eb0f93c27fdb9fac06f1bffe57bc2a488
0,       3590,       3590,        1,  1944000, c4aff0ba8af9bd128d1bc472aa735ad6dea12354fa9a140612cc55dc6055e7c7
0,       3591,       3591,        1,  1944000, cc1a8feefae7839c61dc98907d6447ad4dc4f486c82702c479a342dabadf6c2e
0,       3592,       3592,        1,  1944000, 4f4a95b27551844293350e2d9030111528dec43aa5063424268780d382711016
0,       3593,       3593,        1,  1944000, 5b9641aa7f450f9ed4ecdb76e517d264ade65140bbc46c9bbfeaf1772c73f803
0,       3594,       3594,        1,  1944000, bdbef35b6098ac9f4b737171ea6be43c07f5381e18f916e3ea4d51606936b65b
0,       3595,       3595,        1,  1944000, 0a835b9421fd1615c81d12f38a901f346a9cd105246928cf1fce584f0e87b8c4
0,       3596,       3596,        1,  1944000, 21598ab5d8b9160b36b2259563baecf4f110cc0b2bc7ee8ad7f993dabbb65be0
0,       3597,       3597,        1,  1944000, bd830014c73f9bfcdf8b69bd1f11c47bce050818b91fc508df8c8c5925ec08bb
0,       3598,       3598,        1,  1944000, bd830014c73f9bfcdf8b69bd1f11c47bce050818b91fc508df8c8c5925ec08bb
0,       3599,       3599,        1,  1944000, 8314c6ab0b356b4591aabf7b152f828926a2f8764fbe09d5ffd3faf2e0051f03
0,       3600,       3600,        1,  1944000, 83aaded10190d0d624f5f9c0fe373b91d5000374add269f434d7802714809786
0,       3601,       3601,        1,  1944000, 8314c6ab0b356b4591aabf7b152f828926a2f8764fbe09d5ffd3faf2e0051f03
0,       3602,       3602,        1,  1944000, 82eba42a09c9bca20efb5192ad38a4a3e977e534d3e499d78483012a780bab18
0,       3603,       3603,        1,  1944000, 82eba42a09c9bca20efb5192ad38a4a3e977e534d3e499d78483012a780bab18
0,       3604,       3604,        1,  1944000, ee6c256f63f83a461e581de2d9e4fb835014ddd2a45d869ea7880185d3633a9e
0,       3605,       3605,        1,  1944000, dec1614aff2158e57374674ffb69c848a33e2434049a25680ed7a3754dbb308b
0,       3606,       3606,        1,  1944000, af750b9a6a25c5b1f68bcd9416e6711492e8135393f1205b96c1755ab20b0d46
0,       3607,       3607,        1,  1944000, b68692374cc519935e9c2b15be92efb4db62468d182a7bdb1e68a995c07d839c
0,       3608,       3608,        1,  1944000, 3f940bc23d1fe0db2ee5b557479c8ab39a53f12ac22cf25b56b7641afa78c24b
0,       3609,       3609,        1,  1944000, b9134320f44f631005c6d2e9cf4ee5ee5e3df6302eb08472581058747f037186
0,       3610,       3610,        1,  1944000, b9134320f44f631005c6d2e9cf4ee5ee5e3df6302eb08472581058747f037186
0,       3611,       3611,        1,  1944000, cbdc87b2032654464e51db8e55ca2f9e90ebf0c94a298b0c01f743100982e47a
0,       3612,       3612,        1,  1944000, df53193bd12c929991259988aa1f4ab99e7cac8d86afafc7180811a39b63e5a3
0,       3613,       3613,        1,  1944000, 43cdf5566966cb32f5a07e02e88ec6fd4bd22384cc91d4fa7a42b9b0ba74b6c2
0,       3614,       3614,        1,  1944000, 4bbad620a460f257959e525d5d06f508a68562cb6fc4673da1d70aa210d14c90
0,       3615,       3615,        1,  1944000, 4bbad620a460f257959e525d5d06f508a68562cb6fc4673da1d70aa210d14c90
0,       3616,       3616,        1,  1944000, fa275e5c9c5307cc21639519b12a7f51d51d22eb3400b36f350e4fcddeb0a347
0,       3617,       3617,        1,  1944000, b05e3c75a8254d002010f1415f95eb06c636e971ba08c7ce07bff601c2d1a688
0,       3618,       3618,        1,  1944000, b05e3c75a8254d002010f1415f95eb06c636e971ba08c7ce07bff601c2d1a688
0,       3619,       3619,        1,  1944000, b05e3c75a8254d002010f1415f95eb06c636e971ba08c7ce07bff601c2d1a688
0,       3620,       3620,        1,  1944000, ce06f2692acb1206fdd727f8d29d868a282260bd0939560d7c90091e0b3e3ae8
0,       3621,       3621,        1,  1944000, 7dec978d17eb9084d95c42d188446e8457f6e1f8483f90b81ab9cfe5bde573cb
0,       3622,       3622,        1,  1944000, 7dec978d17eb9084d95c42d188446e8457f6e1f8483f90b81ab9cfe5bde573cb
0,       3623,       3623,        1,  1944000, 7dec978d17eb9084d95c42d188446e8457f6e1f8483f90b81ab9cfe5bde573cb
0,       3624,       3624,        1,  1944000, a8e339585e46c4d8937625ed2fcd29db9152cf556a4eda8b61fbc989c9d5cc9c
0,       3625,       3625,        1,  1944000, 6167bb1fcd32eac86f35afc534007d7a9720ac0d042938a5a1a347e3f670194e
0,       3626,       3626,        1,  1944000, 6167bb1fcd32eac86f35afc534007d7a9720ac0d042938a5a1a347e3f670194e
0,       3627,       3627,        1,  1944000, e2b035e7e0d5aba135722695ef7786a1866c16deee0a3b5dab7a5d858e74aaf1
0,       3628,       3628,        1,  1944000, db67a18c470f01f6c75eea86fcfdbd04bd9db212d207004066f10bd46a6d959a
0,       3629,       3629,        1,  1944000, e2b035e7e0d5aba135722695ef7786a1866c16deee0a3b5dab7a5d858e74aaf1
0,       3630,       3630,        1,  1944000, ba8373302259a025a3b7e8c6b97f92b0af940ff0f22d8776a4557fd5fb900416
0,       3631,       3631,        1,  1944000, ba8373302259a025a3b7e8c6b97f92b0af940ff0f22d8776a4557fd5fb900416
0,       3632,       3632,        1,  1944000, f677f016d855c0e69f57496eb6fd744593df4f53d8652f025581fd6a0e54d9f4
0,       3633,       3633,        1,  1944000, d8a3e9fd1c051e549e0395aef43011c0ba824386cc5da360ddd5265602486375
0,       3634,       3634,        1,  1944000, d8a3e9fd1c051e549e0395aef43011c0ba824386cc5da360ddd5265602486375
0,       3635,       3635,        1,  1944000, d8a3e9fd1c051e549e0395aef43011c0ba824386cc5da360ddd5265602486375
0,       3636,       3636,        1,  1944000, 9c342095c8a50fb6a4d94e82dddfde208b4ce11c6c13823e2768f33e837dd8c1
0,       3637,       3637,        1,  1944000, b3116226569be49ab85b17ac99b48511bdbb7d478d8ca15c5aaf915b05fa3cad
0,       3638,       3638,        1,  1944000, b3116226569be49ab85b17ac99b48511bdbb7d478d8ca15c5aaf915b05fa3cad
0,       3639,       3639,        1,  1944000, b3116226569be49ab85b17ac99b48511bdbb7d478d8ca15c5aaf915b05fa3cad
0,       3640,       3640,        1,  1944000, 9c4a075898099f77408b21a98d7139939d1d0e30afad6f311b128475568e22a6
0,       3641,       3641,        1,  1944000, ed204c2398796e854e036d1d21e24de589b76f9fa05b5ecfb3458b8aeee8a977
0,       3642,       3642,        1,  1944000, c5e34eafdcd79ae904ab199adc25520d4938d33dfa5864d52fbe138802ea17bb
0,       3643,       3643,        1,  1944000, c5e34eafdcd79ae904ab199adc25520d4938d33dfa5864d52fbe138802ea17bb
0,       3644,       3644,        1,  1944000, 08f51472f3103a8f1b34c2aa2bd08c10681ffa6265e71752ba025358fd1d9de2
0,       3645,       3645,        1,  1944000, e33254fb9d57adfc5f2712d97223222e9d2923b6cc8da5089744d2a8105aed34
0,       3646,       3646,        1,  1944000, e33254fb9d57adfc5f2712d97223222e9d2923b6cc8da5089744d2a8105aed34
0,       3647,       3647,        1,  1944000, e33254fb9d57adfc5f2712d97223222e9d2923b6cc8da5089744d2a8105aed34
0,       3648,       3648,        1,  1944000, d982e145a3728d4f79ccc74a014d136fcd04da1a2fc0f7641fbdd05378eac5a6
0,       3649,       3649,        1,  1944000, 5de2889b0be1c4fffe789d93fc444c0cea666fe2baf8cdfd15c31efbf7708800
0,       3650,       3650,        1,  1944000, 5de2889b0be1c4fffe789d93fc444c0cea666fe2baf8cdfd15c31efbf7708800
0,       3651,       3651,        1,  1944000, 5de2889b0be1c4fffe789d93fc444c0cea666fe2baf8cdfd15c31efbf7708800
0,       3652,       3652,        1,  1944000, 2dc82240cb0d96a726908217a170a692a4e1200d4499a9255fdfe714f033833c
0,       3653,       3653,        1,  1944000, 79367c728932c1672b10a6e89b8a6a1d6385e9a08c33872a7bdb610ecec257af
0,       3654,       3654,        1,  1944000, c76a3794aa9d6140585a80a5731ada72f8cbec4badf830af978787b4aadaaa2e
0,       3655,       3655,        1,  1944000, c76a3794aa9d6140585a80a5731ada72f8cbec4badf830af978787b4aadaaa2e
0,       3656,       3656,        1,  1944000, e585741ce8afcf44e04de7b2cc0797523f7a34b82160cc5a70d785f27ec56377
0,       3657,       3657,        1,  1944000, 905ec5ba7a81dc8be748ae2ebebfbfc369f475921448d8dde96801aa2db2f5fe
0,       3658,       3658,        1,  1944000, 08621be3e38f0358046d87d08e7be91e72cda769acf3a276b8988a57ba9d3b14
0,       3659,       3659,        1,  1944000, 08621be3e38f0358046d87d08e7be91e72cda769acf3a276b8988a57ba9d3b14
0,       3660,       3660,        1,  1944000, 96c5ddf7ebc8b1c5aba2f72abae0cd32c56338f5194ed7f3c1d222f3bd9c2ee5
0,       3661,       3661,        1,  1944000, 08621be3e38f0358046d87d08e7be91e72cda769acf3a276b8988a57ba9d3b14
0,       3662,       3662,        1,  1944000, cfd401ee65d0a2c7ff30adc07881639a7448e27d522d4287f389b614a0a843aa
0,       3663,       3663,        1,  1944000, cfd401ee65d0a2c7ff30adc07881639a7448e27d522d4287f389b614a0a843aa
0,       3664,       3664,        1,  1944000, 13e135cc41cb5c5924c6760c20e709400768fa3ec299f68c3bfb6ac4ccca4df2
0,       3665,       3665,        1,  1944000, a8657766de6bc45543cc3c1ee903d503b45107208e56d5b1401d1c7b31a12ad9
0,       3666,       3666,        1,  1944000, d37aaf990f63ba1cf731a2c5a41259496b82d420beaaa323f34aaa5b8249e2c2
0,       3667,       3667,        1,  1944000, 8981ca78b6897f14c004d8bb87585c9d95e64601a2c057a1f48ebd0169f756d7
0,       3668,       3668,        1,  1944000, 073ef979801bc951063ee8df1705103287ff9a589aaee233a4b5baa9226c63e7
0,       3669,       3669,        1,  1944000, 3b1f482f9d99d9e04ab284f341a8afa950dd6d1ebb0d35f8dd15a061249e22b7
0,       3670,       3670,        1,  1944000, c281e07f60fd4244ba66104ea3853c12eb8a2e8760f9aae8119c2808daea97dd
0,       3671,       3671,        1,  1944000, 2331444450fc0e2c47639221ae5bc446fae8f460e71e4e4f5e2c2a310115ca85
0,       3672,       3672,        1,  1944000, 4a58e31f53f45e095b042b6468a16bae63e75f95c2f96d27504f0f5b5152a8bc
0,       3673,       3673,        1,  1944000, fe553d4b73aa20f4bb7319571d937b8d994a700112b9fa9cf13eb244328adac5
0,       3674,       3674,        1,  1944000, 2548d7718a23d07522f31ff220bbf145657a95e630d0d4553be574891abd8352
0,       3675,       3675,        1,  1944000, 2548d7718a23d07522f31ff220bbf145657a95e630d0d4553be574891abd8352
0,       3676,       3676,        1,  1944000, 5d77df988fe6e3a83c3c0f1966263e1c96873da9ece79db493c6d122df29da86
0,       3677,       3677,        1,  1944000, d2f8adbcbbb73e136cdc7a94d1b4c9573943fdb4019dbee3c3439fb8caa98ddd
0,       3678,       3678,        1,  1944000, e2200513bae3242459fe09a043cffb50f08197f6f58907fb2ab597136159e652
0,       3679,       3679,        1,  1944000, 0d3f3acd1ba6c450916d3d3687d918ffce194386112db7940f816ce098432a94
0,       3680,       3680,        1,  1944000, 94de7d45110904d97fa53e16e7d6dbcf32689edef185392ecbd86a06bb24c38b
0,       3681,       3681,        1,  1944000, ebdadb155f969bb3a4861c0d292cf4423dbc617575960b1f30358cd7d6f4e0a6
0,       3682,       3682,        1,  1944000, 4ac035d34e63097578ef33c90def807102acd0e58a92709b32bcfa4495841122
0,       3683,       3683,        1,  1944000, 6c4db9ba86b27339906708bddd862969b35eb0bf85a38eacacdfd6186080704f
0,       3684,       3684,        1,  1944000, 820bf98841e32e01b43c70b705b148528521719f24b977a3aeddd3845234af5f
0,       3685,       3685,        1,  1944000, 75fbd8a151c6f6ebff291e38e1fc5d3b789587b7dd0181a77676e5fa8a070d1b
0,       3686,       3686,        1,  1944000, 81e75eecb7c8e18cb4fa8f7e4efb9890cb03bf58b5ab240092d9baaa128ab24e
0,       3687,       3687,        1,  1944000, dd7cb3c5be9680e9a5e93a2f74bd51570e57b74ddf2794eacc3cc19c6af49bd9
0,       3688,       3688,        1,  1944000, efa722bf3dc961df84bcd0a42e52fa8f8f59cc7b137ec64887da30309a7f0506
0,       3689,       3689,        1,  1944000, 6fc43e457df9f275c48f97189b39e0d7762946d9c206d834981984bde2d63a30
0,       3690,       3690,        1,  1944000, 6fc43e457df9f275c48f97189b39e0d7762946d9c206d834981984bde2d63a30
0,       3691,       3691,        1,  1944000, 6fc43e457df9f275c48f97189b39e0d7762946d9c206d834981984bde2d63a30
0,       3692,       3692,        1,  1944000, 85d33b8888f5707301c219cf4e8331ede617f320cc600f2c04bfd50029f0b5f5
0,       3693,       3693,        1,  1944000, f7995f88844f036d37066801e95f2607593bdbdbbb1619200b402e1239cfd5e3
0,       3694,       3694,        1,  1944000, f7995f88844f036d37066801e95f2607593bdbdbbb1619200b402e1239cfd5e3
0,       3695,       3695,        1,  1944000, 56aa752fed5fe8e50e72e186613451b139e931ec3b5a820c7ed3550d5869e2a0
0,       3696,       3696,        1,  1944000, 73ec40da4d2920ea90c7a5aeaba614cd985d3d641e8dd51fd5fa32c97d0bb5e8
0,       3697,       3697,        1,  1944000, 6ca57f1ed0ca346e9e4734b1951f40b058a45b76a93b315dc5b6ff4d5aa6b864
0,       3698,       3698,        1,  1944000, fa777b803755eb724cbde726284fed49a0e839cc1e04900e1686d673bc011ec8
0,       3699,       3699,        1,  1944000, fa777b803755eb724cbde726284fed49a0e839cc1e04900e1686d673bc011ec8
0,       3700,       3700,        1,  1944000, f671168805a6b1e3dd8efe6a7073fbeb57cc4a757ec47885abd81c072c88cb54
0,       3701,       3701,        1,  1944000, 87436065af5b8d1dba5cfe38934494ccb56086bb37681c88d32103f78384b78f
0,       3702,       3702,        1,  1944000, 276afdb96f2ee8809a887646069126e83ff37900775c4706587565c58f3c339a
0,       3703,       3703,        1,  1944000, 65ae4371caf7dca807d7ca1b2d8ebb6f174e6a918385d60b3ad15c6474d7bbd4
0,       3704,       3704,        1,  1944000, 0502a1dc3d5787e595c2e3c081a1fae04c1713609fa7c6afa80b7f8c15ff2f70
0,       3705,       3705,        1,  1944000, ac92ded23023a8718e986974ac6bbc9d898376e98def5b4aeed68458cd372351
0,       3706,       3706,        1,  1944000, 69999f6e280bea4ea9bfa0c7dad96d4f94ee669fe7a575e8fb102f59642c8a2f
0,       3707,       3707,        1,  1944000, 69999f6e280bea4ea9bfa0c7dad96d4f94ee669fe7a575e8fb102f59642c8a2f
0,       3708,       3708,        1,  1944000, 3b871b3cd7a752ac405bdd43b12d5e669080bd0e8092ae4f306494b75a1cbc66
0,       3709,       3709,        1,  1944000, 69999f6e280bea4ea9bfa0c7dad96d4f94ee669fe7a575e8fb102f59642c8a2f
0,       3710,       3710,        1,  1944000, 2c29ca87911c218f317d5b2eaf83ddd49f13ed8e8cc663be130e04ca40252875
0,       3711,       3711,        1,  1944000, 2c29ca87911c218f317d5b2eaf83ddd49f13ed8e8cc663be130e04ca40252875
0,       3712,       3712,        1,  1944000, 6659c72217427c8e101dd094e710c534ab9bd1027fa055a7c376705f62dc936b
0,       3713,       3713,        1,  1944000, a77ee15d259badba2cc1fb51a399066b3ef5c18a4a44298ae07c6a1a788df674
0,       3714,       3714,        1,  1944000, a77ee15d259badba2cc1fb51a399066b3ef5c18a4a44298ae07c6a1a788df674
0,       3715,       3715,        1,  1944000, a77ee15d259badba2cc1fb51a399066b3ef5c18a4a44298ae07c6a1a788df674
0,       3716,       3716,        1,  1944000, 1a506034a10f6fd94e82f4c7f2a5e63f5a569f81f4d5bcdc131373a10193a44a
0,       3717,       3717,        1,  1944000, f7ed55bc724b1aa8e6f07dded348228b49e3b2589b90c4b41bde5e1bacac7933
0,       3718,       3718,        1,  1944000, f7ed55bc724b1aa8e6f07dded348228b49e3b2589b90c4b41bde5e1bacac7933
0,       3719,       3719,        1,  1944000, 64b0b56f755af08cd91379fdedf4f2eb775885d85a43fc29357b01517441d713
0,       3720,       3720,        1,  1944000, 573e32fcb6f383c536d30e50a7427453a38963846b4c189b39214ad2d66bec1c
0,       3721,       3721,        1,  1944000, 9e8c504ecdbc563c855faf849db1430f0532cb2c08a8de9cd575ecafbe012e58
0,       3722,       3722,        1,  1944000, 9e8c504ecdbc563c855faf849db1430f0532cb2c08a8de9cd575ecafbe012e58
0,       3723,       3723,        1,  1944000, d94a4ea78ad64ed549f86e843bac1b08f814746032c8413b116d61fa07e8c709
0,       3724,       3724,        1,  1944000, 9cbdcddc12bae89f5287749949180444d42aa23cb30b92b851d87f5227601927
0,       3725,       3725,        1,  1944000, d94a4ea78ad64ed549f86e843bac1b08f814746032c8413b116d61fa07e8c709
0,       3726,       3726,        1,  1944000, 976c1f254b32e3b72a7465f3b0afe7b574f6b44ffc7b13d32e59c32e007cc001
0,       3727,       3727,        1,  1944000, 976c1f254b32e3b72a7465f3b0afe7b574f6b44ffc7b13d32e59c32e007cc001
0,       3728,       3728,        1,  1944000, fdd2866bdd80696af8261e8e8adee03b9c3867c103bcbdb1e42c34c20ae3a5a3
0,       3729,       3729,        1,  1944000, 15ea4f2c586a69e9399602523c6a17aef9260e4fc748f9a8cdcb8f4064e7ff90
0,       3730,       3730,        1,  1944000, 032de29badeb442c4ac2ae27a9091c82e185c3ce9a4908d6eb29ec6ffe5df734
0,       3731,       3731,        1,  1944000, a55ec317a145e8dab4eb48b6cdae02b146e579441551a026e0e670cb7dcf7431
0,       3732,       3732,        1,  1944000, d9013f1777a99cc52811122a753a5566696a5b957ef2833072a6444ecab5d371
0,       3733,       3733,        1,  1944000, 04d0c3d7f21e46b0b2b9f5727e2f5c907db145d94765c46952b18c5d16620e1e
0,       3734,       3734,        1,  1944000, f033802466f33cb2b666c172e3138ec50e37931170c1a0a2011e9169ce6186e0
0,       3735,       3735,        1,  1944000, f8c3257af573df3d5a90a1ebc08c47f12b97193388c1b961362a608f2e4164fe
0,       3736,       3736,        1,  1944000, 96608ae6ff3fe17ff66330dd14e92d7f4e54e8783f9f79e9a73e45e487535f40
0,       3737,       3737,        1,  1944000, c21d01d44bd453ef80ea84edf3e304ff0dda653869cbc40f4509654454eb12fd
0,       3738,       3738,        1,  1944000, c21d01d44bd453ef80ea84edf3e304ff0dda653869cbc40f4509654454eb12fd
0,       3739,       3739,        1,  1944000, c21d01d44bd453ef80ea84edf3e304ff0dda653869cbc40f4509654454eb12fd
0,       3740,       3740,        1,  1944000, 02708810d74f28c3a187aa180a6c728fa18248050c309479ccb211614ed74307
0,       3741,       3741,        1,  1944000, 05a4d4de07d1e5e9dafb94c990febb8889b72df5603f6de09f98ca7061f8e691
0,       3742,       3742,        1,  1944000, 05a4d4de07d1e5e9dafb94c990febb8889b72df5603f6de09f98ca7061f8e691
0,       3743,       3743,        1,  1944000, d97a51d4ddc936740bbb53aca951ae3ef12e7ae5b089d46dd7c9e40cf72b6dd7
0,       3744,       3744,        1,  1944000, ad6d062effd843b7bc9e91410eda869cf895dcd7726058992f926474a2ac5eaf
0,       3745,       3745,        1,  1944000, 3f8a14efa8fb65b954091ec4de9d936b650b0e619ddaff8adfe2ee7ccc247b31
0,       3746,       3746,        1,  1944000, 3f8a14efa8fb65b954091ec4de9d936b650b0e619ddaff8adfe2ee7ccc247b31
0,       3747,       3747,        1,  1944000, 6e6b14fe960feb60f78305a8979b725b75600c2ac740d1635d1b1a334096fe60
0,       3748,       3748,        1,  1944000, 476d0a9f3548509ecd1c11256b7d0ef8b5321f1cfc46ba9f62b366780336d79f
0,       3749,       3749,        1,  1944000, 4a26f645081ace93b3f4a4a8873181ac317db8732c483fc1287679a477aade4a
0,       3750,       3750,        1,  1944000, 51e50c5e828c5b31781d3c4fa2c309e7be0e6f2fc6723d7b24b5b1b3dd2a1ef5
0,       3751,       3751,        1,  1944000, 957efdd1b1e941a43988d290bfd33a39374b4c2bf1d8e5c396368e478fcb34b6
0,       3752,       3752,        1,  1944000, dff41263022987aea0d859957fe7d531f71599692e5e84355e6921d03762cc4f
0,       3753,       3753,        1,  1944000, 1bb29a9fbe9c0424c18e99645a2ea244df9ee540b235dfdadebd2f927320a095
0,       3754,       3754,        1,  1944000, 0a4dca32f9b27f8d09e9823098ee89c702e9d5cf522803a516d3de3bfdc2331b
0,       3755,       3755,        1,  1944000, 39b94f4a72dba06cbebb207718c5b49bf8b38f0ca6d9e8f617ae941539adafc4
0,       3756,       3756,        1,  1944000, ed65cd75bfa814ff4b9beff237720717f23c5777c35c89f465c47f240ff5025c
0,       3757,       3757,        1,  1944000, b44de668d81e0907325d62a0d1ea89ab6be761790155276ef267c06cb45d73e6
0,       3758,       3758,        1,  1944000, 78a2195288eee1c22584b6f6b2b28a0e95d9d77359fd985d77ed408a34ef0713
0,       3759,       3759,        1,  1944000, 5d508c6f1d0939be9b03d31f30a0a1b37ba8e68b4be6e2902928524ce8f324ad
0,       3760,       3760,        1,  1944000, 1774b84ede48b734a3f6579500e0e7120f003343c4abfd27a23316b11451e50d
0,       3761,       3761,        1,  1944000, ad4bfa6caef020eafe0eede6b0f5bc2be30de692f8c25624a3c96ae5de58de12
0,       3762,       3762,        1,  1944000, 9758c0416afb6abd1d97c4fe5546d21ab9e33a9a20dc9c316d055038ecc6846b
0,       3763,       3763,        1,  1944000, ac33a8d0994ed6e463cace9d39f3254461950becfeedf86b106f2102c3c45b37
0,       3764,       3764,        1,  1944000, ac33a8d0994ed6e463cace9d39f3254461950becfeedf86b106f2102c3c45b37
0,       3765,       3765,        1,  1944000, ac33a8d0994ed6e463cace9d39f3254461950becfeedf86b106f2102c3c45b37
0,       3766,       3766,        1,  1944000, 8a66ffc6e496dbec8c2623950f1c554e5620bdb7f1a53ee8a7c2b2f3c30f27d8
0,       3767,       3767,        1,  1944000, e4e2232ee6a66d2f2bddba1590d305d5bf233fb12376fddb83c65ec7b159df10
0,       3768,       3768,        1,  1944000, e4e2232ee6a66d2f2bddba1590d305d5bf233fb12376fddb83c65ec7b159df10
0,       3769,       3769,        1,  1944000, e4e2232ee6a66d2f2bddba1590d305d5bf233fb12376fddb83c65ec7b159df10
0,       3770,       3770,        1,  1944000, 5d5866ff5c9daf0e29fd77cea7c84e87a6f727cfe626404b8dc4111f54ff688b
0,       3771,       3771,        1,  1944000, 8488c1c89a80ccd0f03cde3c50207cf4a2b9596a39ec15b36e93f62c6d73bd08
0,       3772,       3772,        1,  1944000, 8488c1c89a80ccd0f03cde3c50207cf4a2b9596a39ec15b36e93f62c6d73bd08
0,       3773,       3773,        1,  1944000, 8488c1c89a80ccd0f03cde3c50207cf4a2b9596a39ec15b36e93f62c6d73bd08
0,       3774,       3774,        1,  1944000, 1ddfd632018bc9ed87c60f2066da30c38d763419bfd21c9053c0ba7ce5b5f0a6
0,       3775,       3775,        1,  1944000, 3f2b094476bccb88f4c4b47d1d313409c3a1c78d1705b156a1669fea484126c6
0,       3776,       3776,        1,  1944000, 3f2b094476bccb88f4c4b47d1d313409c3a1c78d1705b156a1669fea484126c6
0,       3777,       3777,        1,  1944000, 3f2b094476bccb88f4c4b47d1d313409c3a1c78d1705b156a1669fea484126c6
0,       3778,       3778,        1,  1944000, ceb0b6acc78c07ccabe39a5b9ab1dc9a0c5493aeca8d0566555659f2478aec93
0,       3779,       3779,        1,  1944000, 8f79998deafb4e1423e71f72387b50d7bd94a7d9b90a8591ca571f919474ab41
0,       3780,       3780,        1,  1944000, 12883cc2a79037e56337fa0de3d6794294b1674bfbc42fce1c227e287ef39c0a
0,       3781,       3781,        1,  1944000, 12883cc2a79037e56337fa0de3d6794294b1674bfbc42fce1c227e287ef39c0a
0,       3782,       3782,        1,  1944000, 25c03c07a0d63d83a6b7b854c7dbbab7d471915d81adab492ce23cbe62e3b792
0,       3783,       3783,        1,  1944000, 4a9a4c219afb27f188d027840d5ca77b582dc5717291a65258c927ae68549dc2
0,       3784,       3784,        1,  1944000, 8d3282b614eaf909cc65413286f85c40d02675cbccb2fbfbdccbc12339605b1d
0,       3785,       3785,        1,  1944000, 8d3282b614eaf909cc65413286f85c40d02675cbccb2fbfbdccbc12339605b1d
0,       3786,       3786,        1,  1944000, 497a3b019c4fc64c76aadce8f69512f80cc7b6d7382bd52f2dc75b4fb78a0723
0,       3787,       3787,        1,  1944000, cb19d0321b36adbc2b9c6637521190963b4d59eb6ec721a5bf4556cc1b5cb53e
0,       3788,       3788,        1,  1944000, 33bd0f7658af861c787facfc0bd5b5e2553b055fff809b02afbd6967156b69f6
0,       3789,       3789,        1,  1944000, 33bd0f7658af861c787facfc0bd5b5e2553b055fff809b02afbd6967156b69f6
0,       3790,       3790,        1,  1944000, 803265082b7e8c4b45f465ac2eac4b27f8d87990355a156cef64bb03385575ed
0,       3791,       3791,        1,  1944000, 10f91f42f2611b30475311b754a71239aad531adf0392b4feaffc5925cac276d
0,       3792,       3792,        1,  1944000, 4455bf64fe4ed404debd6167a31bbcb030e65a5170fc14eb06936ad642715dcd
0,       3793,       3793,        1,  1944000, 4455bf64fe4ed404debd6167a31bbcb030e65a5170fc14eb06936ad642715dcd
0,       3794,       3794,        1,  1944000, 3346eb37b11af189ce0e27f0d4a69f559f511141396cce4d9368f47d00b106e6
0,       3795,       3795,        1,  1944000, c3d800880f27b9035fb2f02c86c1f10d287346c6c6af14b9be69bbf9b70e420d
0,       3796,       3796,        1,  1944000, 02a8595345d052afb78f530403047d09e168f183daf41d619a5c046290b49c92
0,       3797,       3797,        1,  1944000, 02a8595345d052afb78f530403047d09e168f183daf41d619a5c046290b49c92
0,       3798,       3798,        1,  1944000, dbf2f8d00e15f1c7f700a94f376fee6891f329e89b847266c78ca82993fca059
0,       3799,       3799,        1,  1944000, afea939b47e87c725a7b7b67cdbc1fecc67b66f932bbbfbb0ecb5d5a11f43d1e
0,       3800,       3800,        1,  1944000, f08be9f8ccdb110778829cf63b06cdd944834b98fe0eab71aa1665a252633e2f
0,       3801,       3801,        1,  1944000, f08be9f8ccdb110778829cf63b06cdd944834b98fe0eab71aa1665a252633e2f
0,       3802,       3802,        1,  1944000, 2bda07be82765345bbe31d1b2244914db8b9291349d1dece99b25c356ac110dc
0,       3803,       3803,        1,  1944000, ff84f055bb740040b9db4ed2f6c27a418abd97beeb7fa0b066b895a92ec790b2
0,       3804,       3804,        1,  1944000, ff84f055bb740040b9db4ed2f6c27a418abd97beeb7fa0b066b895a92ec790b2
0,       3805,       3805,        1,  1944000, ff84f055bb740040b9db4ed2f6c27a418abd97beeb7fa0b066b895a92ec790b2
0,       3806,       3806,        1,  1944000, d88856d6db0938ae0bca1640cc5be4c2a919e93f3c1a53498f308c9458fe48f3
0,       3807,       3807,        1,  1944000, 12fbcf946b9e2f3ba3390213a9f28cd44eab3cf1c91d0d7121521b0ec8ab9d0a
0,       3808,       3808,        1,  1944000, 3cd1e1c718a818a579edfe6823b00ee59d2c94627554bf666a3de1f205beb2d0
0,       3809,       3809,        1,  1944000, 9933cc7e8536fa415d0c2d4f3cbab1096dd9e154628ff59bcf7e9a5f7ed1fe22
0,       3810,       3810,        1,  1944000, 77f7f732f4dd04c31bce04eb6f42ab6fa54f029afb20009bb8c030d27443d3ca
0,       3811,       3811,        1,  1944000, af54bcb8c6977bead352b27457325bfaaed4ce2e6faf5a13c8396b43fb90353c
0,       3812,       3812,        1,  1944000, d59a09eb88e52e3a666d7bfda8fd5036c92592f7163cfe91f5bd6ab1d1706ef3
0,       3813,       3813,        1,  1944000, 15f38fcb16cae14f4c7af2d168c403c5c15e4d9bfc4a1bdd5b5077a7a3e9db1d
0,       3814,       3814,        1,  1944000, 43af46f73677b6e0de3b8a601bf33d604eca267fb385ba17def85d3e9d999466
0,       3815,       3815,        1,  1944000, e0361cd2d9c22b966ef9c52b9510575bbbc9cb95441682813de94432c0f625e5
0,       3816,       3816,        1,  1944000, fd5b8b0dc75b8ea275056aecc9427a11d8fff56f2dcc7a0cf6e634aa3db7888b
0,       3817,       3817,        1,  1944000, 69ddbb694fe44aa5e501495765b6637050878aa725d0d20108837854fed6be75
0,       3818,       3818,        1,  1944000, 25bebd5ab4d045bc63a720a562a6103a6edac4cd1ed47c71f69e1612cff702d9
0,       3819,       3819,        1,  1944000, 5593a4582a7c2a23a534200516602944e1338775ab270d7d2c6b6a88fd226b2b
0,       3820,       3820,        1,  1944000, 0266644d63714d8f649df6ea2ca0e5447e46c8f2055f4dce4078516c059233b5
0,       3821,       3821,        1,  1944000, 54c6c0cedd342e4dde8ddfaa1ba820883191fdc5e2e31c8c291cf27ebb30ad33
0,       3822,       3822,        1,  1944000, 1a203dd1b255b4debf5de0177be4f2a20fe5d3059717960396bd7dd4fb01c809
0,       3823,       3823,        1,  1944000, c27e50969bce44c83a8a4498818f6d5292ab1ca7919c5d91069b862a6abe35c1
0,       3824,       3824,        1,  1944000, 7af869df95c1c0e32d6cdd3164e21b24449b4dfd2b5a6c4bf4152d390ff6ee1a
0,       3825,       3825,        1,  1944000, 04a0f10bf4ce53e67a0897d55e48951adb995e8b6b4c91d55f088b4067d598e5
0,       3826,       3826,        1,  1944000, 7ba82b3b1e0c3623c0261d1806ed805cecc9ce6f226f4d797a5d39a26feda026
0,       3827,       3827,        1,  1944000, c6bdc1bc5bf3e760280ff6bf7f2251d6488b3bcf73271a8a213fe127cb17efb0
0,       3828,       3828,        1,  1944000, fe283c60176cd702e4231b81fb4e7dff14776448cedbad8222b462c9429e9edd
0,       3829,       3829,        1,  1944000, f0da8d5801ad3ac30743f8a57d4af4e304f499901f7f7d4e3bf24eadba1a48f0
0,       3830,       3830,        1,  1944000, 24812c89e691ec57551289fcaff7f9eae72a73fe0e618b92c233561cfe372e45
0,       3831,       3831,        1,  1944000, fb7f304b16443161d96a31d4d0ce0dadb3dff09077ca4f8fbfcdf0661636c619
0,       3832,       3832,        1,  1944000, b2b5dae3def68753d98065ae6080640a0c55c6d66e88be2e8f894c588829ffa4
0,       3833,       3833,        1,  1944000, 112ff66537d46edced16782e8b90f4ab2bc22911e505ffeb7f791d388e2c103e
0,       3834,       3834,        1,  1944000, 37013cd6c7d5b75f7992ba7131790fcf54c3e1a8c2de2d6d70e046841cda2587
0,       3835,       3835,        1,  1944000, 3c87baec2e1c57dd7498e7e11c9827b44cfa90d441f9b1b0689324ff8596dea4
0,       3836,       3836,        1,  1944000, 83323d1c8c170bb52d88997e2a4d454ceb7cf79bb0d373ebdd8c043baa753016
0,       3837,       3837,        1,  1944000, 17018a862babdb308e87e520b1df3f055d3807dc87a8c91eae39f2a5a8a4acbd
0,       3838,       3838,        1,  1944000, c925826ff47595c4a787fc3e2b1f6a84109dc218c754ff44a398da4aee3e5273
0,       3839,       3839,        1,  1944000, 89efcbe97cf07bcc7ba250931b25ba5ff7485f7b1a71af5477e5ed85cfb25e5b
0,       3840,       3840,        1,  1944000, a3267255754cabd1c5cae409cc363fcfc29e678c4c5ef17b13c8144e9075457c
0,       3841,       3841,        1,  1944000, 2e0ae6c4370f94cbcff7cb73c5e20875b2df3e49d655003c6fa0b5a33c252e85
0,       3842,       3842,        1,  1944000, 3595ff2d9c07fbaf0b958a30f99c7f4307118f5394836016301c7fab24522884
0,       3843,       3843,        1,  1944000, 63c0d9483d7256a87efe7676081a20caceebe7b2e0659b2659e1928de3de8b3d
0,       3844,       3844,        1,  1944000, d527efa245bd20a0f67be70f9343d3952e9727983da798ca0bfc7f8bbb690e30
0,       3845,       3845,        1,  1944000, 219ba8f8eabe62477892ab616291ddec30ae45201861773660cf9fc94c5ed0e9
0,       3846,       3846,        1,  1944000, cbe1b3051fd2605e646e4b51f0773054ad7f088859da13000a7cf2bff026ba7a
0,       3847,       3847,        1,  1944000, 7882d2d09ad47a96ceb99999307bfef9780979bac55f17cb3bf21b949cd85aea
0,       3848,       3848,        1,  1944000, 155ff8b9cea3e62f74661c824398987287c131400052817ec98963af0640cae5
0,       3849,       3849,        1,  1944000, 42a8b22a4eb593247640e9b25862ed20e4fce91ac176e6c171cd8e684e82dbbe
0,       3850,       3850,        1,  1944000, fc50830e8fbba350bbbedd700e0bea00817fb108b70754e06a301f2b9ef34e96
0,       3851,       3851,        1,  1944000, 388aa0b3a79d9c30e36e9e404a408795ee18e67cc64479525bb0d28142780c3e
0,       3852,       3852,        1,  1944000, 5613c2cdafc75bf8470010715cadc79273dc1124191ab6d669b494e509ccff14
0,       3853,       3853,        1,  1944000, d673edad1d7e65a31a844b6e312284212013fee6b9c0e0a12e366f71e6e0429f
0,       3854,       3854,        1,  1944000, 9166fd587670c60aae3716442f62eaa56be488f611f8ca582ac5190256a51115
0,       3855,       3855,        1,  1944000, b2be42940f919de783cf0ff63efd6234593a7e9caba3526dc730a3a68e6010c6
0,       3856,       3856,        1,  1944000, f8d5c1ac7e2fce0ceab3c75680bd618a0129683c56f3c7680b14a8c12b43a5a5
0,       3857,       3857,        1,  1944000, 9e19f375df003fd629cefd1badb855c4fc4f0b54667e559247fbd53a0ccaea5f
0,       3858,       3858,        1,  1944000, 46db7e5f379570def7f4d07d2bcc93e84cb18919629828f98e2c96529b9512e4
0,       3859,       3859,        1,  1944000, 697beeef1225a0bc33264bdbd50a54d8b7fb9abeed0a8232c66e032dd8b66f8b
0,       3860,       3860,        1,  1944000, dd3fe09eb62f7f0ba3cfcc4efb0406aa5edc55f5a3aa9126bf4a0d00f6cdb2e6
0,       3861,       3861,        1,  1944000, 0e28815155b091a41a2696e18315c85b149efb7502a58bf45e98f01dd1af63c2
0,       3862,       3862,        1,  1944000, 3f2ab677ac20ed7e969b210ae1a3ca79c0aaf4e1896c13790ba454f2361ecafc
0,       3863,       3863,        1,  1944000, 7555f1b8c2ff17c841886b06feefb458ea6303789007d8425cfdde9913e5bb85
0,       3864,       3864,        1,  1944000, 6eb8abc2701fc7f5e6b572acb3a78bc7538a2961bee7323e9cd0c6c87e0aaae8
0,       3865,       3865,        1,  1944000, 590b5405610f050ad072fe161e0f1b59132cedbfb06e01f53b7e4a9d98f01d12
0,       3866,       3866,        1,  1944000, 30f7b0f651b50acb50a645bf0bb7297e494827e6516b118c5d1ea955f40d797a
0,       3867,       3867,        1,  1944000, e6f412c85215fd24dbe2d73133fbfde381d70ea1b6c4d48773af7175e7dbc065
0,       3868,       3868,        1,  1944000, 94639d5dc76e168bf506df895fb19e2227082caeb5d1f67a8a3a81957efe9f82
0,       3869,       3869,        1,  1944000, deb20468b48c30b78eb6ece31e5cec75808a293fffbddf94bb9ecf4b1f94e867
0,       3870,       3870,        1,  1944000, 36dc120361b27974deff40492fc105a6efa1269d3b408ea6bb6d4204cfb5c2a5
0,       3871,       3871,        1,  1944000, 18f99ed31e601b5c1033216785de2b4b20e0f28a347425f0a2d604b7433ecd0a
0,       3872,       3872,        1,  1944000, f99f0d4ca7d76d5e2197ec8e80b58b2dc63b884d9e712da4855849ea520837df
0,       3873,       3873,        1,  1944000, f3759992739656a389b9cd44ef9bcfd43a7b3fa76fc7e15245ab9a9fac481074
0,       3874,       3874,        1,  1944000, 6d236893d26909ff415b4983b9abbd14f9fbb3a93a373556e9dc0f05c82e10bf
0,       3875,       3875,        1,  1944000, cbad239bfa83363bea2465b49e1fd6ccb05c77e25cbd92677653d21662481d61
0,       3876,       3876,        1,  1944000, e8c5214d7e41a8d16bc3311e7f97624e1c3af9a0884bd188f5f1fbba5df38b2d
0,       3877,       3877,        1,  1944000, f33cba91b178d88e8c249331a40c884434e46c36bead6d9347c16164e8672946
0,       3878,       3878,        1,  1944000, 74e702681d58293e272dbedaf5327b9c723ded00c9642d1b081b07f83bcbf5a1
0,       3879,       3879,        1,  1944000, e49ce024c8e913deb08eb9ed4a630c7048d201d3aec177142aed6bfda04c165f
0,       3880,       3880,        1,  1944000, 4ffcfd4878496bbaa29dbc38c1b36f61bc01f7c43b3086d13511a1e1228867d5
0,       3881,       3881,        1,  1944000, 429448a7f9b9e70b11f06d3548106d2a8397838312bd625994e51b6aa039e034
0,       3882,       3882,        1,  1944000, 2d22f0dce837a10e5d476b14bb0efc86b04f3106116f03f9575c31d6151f4439
0,       3883,       3883,        1,  1944000, e08ff5f70ef464c2d9d84cf86feba63ee137cd115ba626b6fb15f1d0e22c7a22
0,       3884,       3884,        1,  1944000, 6739b3ebf65bebadeafb012b19d8b4bcc50f46eb60c03cb1b97c0a7f715ed9da
0,       3885,       3885,        1,  1944000, 1a3433fc4aa0910e3e1df3631b7e9a91b8e64a167b0aa6257f51ff3f1b246e9d
0,       3886,       3886,        1,  1944000, 622abeac7e8c11056370b8f28098e933155ef68a30715226c89a3c909c2f6f91
0,       3887,       3887,        1,  1944000, cb8d0a27ac7783774b205ad84051765a3203a5d2124f17dc7fda8308b902315e
0,       3888,       3888,        1,  1944000, 141f52d411a16d9103d28c27650ba61e472b611a5c7413bfcd19bbcc5f915c52
0,       3889,       3889,        1,  1944000, 04181cc49ec68c067b0f408f5d7210a5c052896f6c7eeb1b5551fc3d6e53616a
0,       3890,       3890,        1,  1944000, 3d94fa682d5045865aa4479e3e18217f8cd679c56a16b9064944c919588c724a
0,       3891,       3891,        1,  1944000, 56d6e00d26b21b8f99df7fd25bb3d5235ac87c7f7a40f7ca0538afd6fe0c29eb
0,       3892,       3892,        1,  1944000, 929ada35762f044997b67f9fc95d430ec74a4f59a1f0d19ebf38d21c56888b83
0,       3893,       3893,        1,  1944000, 58bc5d53bf0143f3753fa4d78b7c8f5654c26bc125214af285efc096b0a66b69
0,       3894,       3894,        1,  1944000, d677b8411850b98423f8fe42f2ead5dc6617b07c208d651b36030bce36f4475e
0,       3895,       3895,        1,  1944000, 655aa82bdc06dc1c3f3f728acc45dd3fa5d35035e79031abd6d9e14c38d9b2b4
0,       3896,       3896,        1,  1944000, 82442134a8d792a4a7c9da9d2a973998e06b397e0dd33fdf48ee51efe878d8ab
0,       3897,       3897,        1,  1944000, 6375c7c466d32a2a1c32f81baa3a3711d728f924b89a7cbfe9995374935d96e4
0,       3898,       3898,        1,  1944000, dc6903551f3a6a32800eaa18c521ca916cf02b2517d6204944ac06ccec3433bd
0,       3899,       3899,        1,  1944000, 8ced8fb28a0339febc9d663d03be41935c506462d820c8dde733cfb876a1834d
0,       3900,       3900,        1,  1944000, 03b6ba07be7e559bdc8cdf3c91953b3b371e21cfcae46100b32a7ff3ee71e906
0,       3901,       3901,        1,  1944000, 2f54e3213c5d7d8c36b6cac946a4fe455e5e01cae0ea13de04426a9f40082b6a
0,       3902,       3902,        1,  1944000, 24ef5345d2868b59d101b8f3c0754790cd0b078965e2cfd66d4ce1c9ce4341e5
0,       3903,       3903,        1,  1944000, b185b6a1c21da4c217fd9ef5228f53b262b0619e325baf9f84300604d0d29be7
0,       3904,       3904,        1,  1944000, a83978c65d1cd73a72a3d03e90ba530a62108b206522d68bcb0def53f59446ea
0,       3905,       3905,        1,  1944000, 7e49b1a5fb65f63c0d7fd02b82e9cea9b4aa470dc0514cd2d3b02fbf76038970
0,       3906,       3906,        1,  1944000, bc960b7777640cfbabab699b6425ce493b971e6dc82d71793ad0abb7e61e438f
0,       3907,       3907,        1,  1944000, 025fd1b31df506ea6eb471e90f19218503141a27aaf49f374809d064533b5fd9
0,       3908,       3908,        1,  1944000, 9b4aa999a17d45f134a4a99c92908e6037b6ce0e5b0b1f86d770c7083442a6bf
0,       3909,       3909,        1,  1944000, 2e6b86ac98bc93cfb1d43601d0171348b2fcb5652ca1fe91e5b0e72fe067762e
0,       3910,       3910,        1,  1944000, c0165a904bc17b32432481e73c6581c8d974272399345cc4f2bb39050b20e5ac
0,       3911,       3911,        1,  1944000, 8dd6962d15b1397f2bd110896cd9e8e6de5053330d0665d17e2574a84aeb3e3d
0,       3912,       3912,        1,  1944000, 1dce0666c35b34f388b2929d4cfa7bd1c8633322a96d9bc024e88161120344d6
0,       3913,       3913,        1,  1944000, 08e987444732946f6816f8798ab8b817d6992523b95acebdbc9a7784e516af4a
0,       3914,       3914,        1,  1944000, f294483836830015d8cb990f4084da222545a3cd0b755aae6d3bd5cc1240a3b2
0,       3915,       3915,        1,  1944000, 9ab672dffc9238fefb9b198d036fabe68fc9daceb35710f4a15afcc05600a6c7
0,       3916,       3916,        1,  1944000, 459524216541a7b01f03cd2a3b18f7265089228870dc3eba2f134d31b0c37afd
0,       3917,       3917,        1,  1944000, d5ec76bae94b7962d4c4be37eee0a0f797414cd9ebe81ee4354d5e075b925308
0,       3918,       3918,        1,  1944000, 6725c8d5a574d07383f8cf2d75a8152f0f5d92e762f41f5be274d731b104b849
0,       3919,       3919,        1,  1944000, 455a4100215de66448a47c6b76c9d97cc07ee5f42893dd6f427fe456adb6fd60
0,       3920,       3920,        1,  1944000, 25194434e5271e01525267781d56685762948389311ead72c10d7a444ea555fe
0,       3921,       3921,        1,  1944000, 75ab5245fcd146787f5ff7713a1980ba4738afaf2a9118562d481b1f9d047898
0,       3922,       3922,        1,  1944000, 8eef5ca43eae7b21894fd405b006a3e96295c3846135879f5c34937be9c08025
0,       3923,       3923,        1,  1944000, 39181377861946e44688dfad17d1cef833648514a8d27f32d7fa2605faa0d84b
0,       3924,       3924,        1,  1944000, 4217070f69c57343c3f4a31bee6d6f426fcfaa363e8504374e6acfdf719ab7a4
0,       3925,       3925,        1,  1944000, d8e04086462913ca0830c1ad8bf6ea34e600778ef8ea12caacfd45cb95a3a4f4
0,       3926,       3926,        1,  1944000, ec83d9030f7b61dd539684eabddfbafc5704bc90c90657a64fb9f150e33803d1
0,       3927,       3927,        1,  1944000, 098f13800713022bbdceb373be6f6363ac5b79a2a7736aa20513e3ef683c8157
0,       3928,       3928,        1,  1944000, ec83d9030f7b61dd539684eabddfbafc5704bc90c90657a64fb9f150e33803d1
0,       3929,       3929,        1,  1944000, 83890366252fca75d83a4bd1452407fe7f82f96c101ca99ec66d1cc3ca1b644a
0,       3930,       3930,        1,  1944000, 37bd209397a6abaa71fbc8485f7fd85a9d5ee1472a6f842952aa474b4789787d
0,       3931,       3931,        1,  1944000, 94a1510954016b7ca33755b19cd95bd3362a099750b1a5e7d87d593d381848fd
0,       3932,       3932,        1,  1944000, b4e26c1a0926c93e505bf930c22e4041c4809bb17e48a57d2cc3b229bf762945
0,       3933,       3933,        1,  1944000, 05f7269e466138637c7e7cf36f3323040d59c114293be637725cf839517faaa7
0,       3934,       3934,        1,  1944000, 6c0953d256a8b1b7df97c8ce970c666553c518a52384e9b6da51f1e1f80533f0
0,       3935,       3935,        1,  1944000, 7cde5e78d57333a13ec17234ffd1397946a2b2219bfd18fae4673847e681d8f3
0,       3936,       3936,        1,  1944000, 495ec09a1c3248c733fcc0a21c57cd40a451936a8cb23bb19d64d7166a3b64f0
0,       3937,       3937,        1,  1944000, 7b34df75d4205a668927b8ee078ffdf7f2f6e87d487199eb652dd1b76c3d59fd
0,       3938,       3938,        1,  1944000, a6a727c936e2b14d58fcefca5a64859a91f93a04544d86ff6e3f1df3a80421a7
0,       3939,       3939,        1,  1944000, 8b75dd2cae35e8e917dee03d285a65c64693f44cb38eb233518c33885971e54d
0,       3940,       3940,        1,  1944000, 0e48032f655fa4635fb749608e0d1762d6d267bcb6cecfd3756fb85b81318b80
0,       3941,       3941,        1,  1944000, 99e4385a25e6269e86d7fd3bd05a9e80eaea5b7bf2ad2fc96970d9e5aa619dc3
0,       3942,       3942,        1,  1944000, 1ea970e233be6c9e8a0135a224f250eb2d6b6925c1e27f1d18efa3b5deb09ac3
0,       3943,       3943,        1,  1944000, 1ec2bc84fe64518311c1b56eaddae5bff1f61fcca1e335ea91520909bea4e1c4
0,       3944,       3944,        1,  1944000, daf2dddb732b02c2d41982c0040a7ba862a04f92939d783c971b34e0dd711c28
0,       3945,       3945,        1,  1944000, c3a00f890774f4e77b7ffc90d8f882889d5d7087efda0ae14545af112e72ce93
0,       3946,       3946,        1,  1944000, d43cf9e7ad770214b6c120b275e2d66a6fedd7c34f281e32640064acb9f88c5e
0,       3947,       3947,        1,  1944000, 97a4e0542d1dddc46d1de8ac2d939dde7f5024501a5a9343596b76857047bf7d
0,       3948,       3948,        1,  1944000, 677ebfe703a5c4d425d1bceca9610470417aafa245682c8242dbb5e483a743fb
0,       3949,       3949,        1,  1944000, b88b683001b4a6297d99d363cd3c52e9f330168de869cfbe4fc86a9702f79ef6
0,       3950,       3950,        1,  1944000, dea0743cec70dfe29e9de8859950869ab27ce9aad01073b9b1b7b3992009768c
0,       3951,       3951,        1,  1944000, d268b84895e4cd554e97cd1f4cfaf3dc86c73163070bda7391ec98ffd0b8a4d0
0,       3952,       3952,        1,  1944000, d17f2eb6d82b08705e042b0c71023925cbad644afff0d0b3bfc250c7486f13de
0,       3953,       3953,        1,  1944000, 46134e131410be541a51414bb797b2611c3e9957c226042963a552f81802a7b6
0,       3954,       3954,        1,  1944000, a46ce9de42ea82bcad2522b9bb39616ddf1d5a0fcaacf53d58e9a9e817248182
0,       3955,       3955,        1,  1944000, 2e64afd5776f43ca15e448f4a418624ef97ae4b6ac1bea553e0134316f2229ef
0,       3956,       3956,        1,  1944000, 623522f2ae65802de6573481700c028c0f6856a847a64ccdee56666118685a5c
0,       3957,       3957,        1,  1944000, 6383ab08fab18f8145c10f2c4769009a515dad8335e23b5b0c0c53dbd527f07e
0,       3958,       3958,        1,  1944000, 7019504c17b16ce884cc731089750f876742bb07b6d2ea5b9639c30911d837ca
0,       3959,       3959,        1,  1944000, b3574a657d41e8ffd500e552608956cc4dcdb3468fb36be57dd48df89c07a371
0,       3960,       3960,        1,  1944000, 48426de461f9c4ae38f5cf02fdf96630130bc75e9ce7ade668a22a0ba5821679
0,       3961,       3961,        1,  1944000, 4e5bd2e7ddfa9789b7d92ea23efc828e9d67ea0f3edbf370f90050174c1aa44e
0,       3962,       3962,        1,  1944000, 43b6ca39d5ecfb3d055020b44b1204891f8e6d028a660c7cd7e4af20d0e9beb8
0,       3963,       3963,        1,  1944000, 08805352d90ad6ab7ec7b2f650968fbf6775bcf5deb77f6282f637aefbc90eaf
0,       3964,       3964,        1,  1944000, 62a7d7f2339449cc27e426d56ee034077541fbd05fc5bddfa1f8b078cedc0146
0,       3965,       3965,        1,  1944000, 27cc187174ff638e9974f98fca7f406254ccbd441d944b07e964f032d65c0ef0
0,       3966,       3966,        1,  1944000, ad5f1e6bb6c1d489220fc72653739c1e6c8cb7c916d67014ee718e04a0da7971
0,       3967,       3967,        1,  1944000, 43dff1feddc6977145b131371755dce37a70cde6e3fb0a01badd8905458ed550
0,       3968,       3968,        1,  1944000, 439c8a9007f326c1b05ffa650322a1b45caabc7d0bc9508954cecd27bde3addc
0,       3969,       3969,        1,  1944000, 509930bfffeaf3e9f130f3347be50462ad1b4ba014a36eea26c4ab6498cb079f
0,       3970,       3970,        1,  1944000, 6d416ced5f46ed9aaa639374501e42fae540ce17a2d2bafb4deb5c641380aa08
0,       3971,       3971,        1,  1944000, 3382c39566ca4d24f74b6b3fca53e8d1ce2a2b79078089350f516a0e6e110ff0
0,       3972,       3972,        1,  1944000, d944038a63eb31f28b059a1050fd4d1c815b6976639c56c4f04b5cb08488f1bb
0,       3973,       3973,        1,  1944000, 673ac8ff9e08fb321b67e02c509e3fdd73149b75721773af271e59afeaa57540
0,       3974,       3974,        1,  1944000, 664a3b95705cd66d500affa97b132d661c8ca81e2c67e4ed4d368dc28eba6a3c
0,       3975,       3975,        1,  1944000, ff8279c0c1a066a299916b68b4cf64e7d9a38dab7b287e924decc861ad20b6e1
0,       3976,       3976,        1,  1944000, e5b24a69c8ca59aca263607a676a63e3dfa9481b8e91e243c1fd6f1657d97c36
0,       3977,       3977,        1,  1944000, 11b907b969313c7d006a5c9b4a16b34547888accd404cdeb4efd51527da3220f
0,       3978,       3978,        1,  1944000, 532e526883b08c1491caf29be1ad11f553978e298fd0d2aa29badedc6e6d4f17
0,       3979,       3979,        1,  1944000, dcf496490006f5d21f019e5c585a0ec9973e1fc24f7819336f387f0aaf40eb0a
0,       3980,       3980,        1,  1944000, 90ff7c3efb8e57595c085067d831c5340c0f19822f60e6215d2a5f57f63d5fe2
0,       3981,       3981,        1,  1944000, 76d54087300d810db63b400cb2dbd6ee2df0514ff5c8971b71f18c6ef4055045
0,       3982,       3982,        1,  1944000, a5aaad640c1bc3ac103e19b5cacc41a4050d03c554d4c4a79901ead3f293f26c
0,       3983,       3983,        1,  1944000, 6c9e550731b095f2ca005d6db566229f4e55d0d563ff6937a58317b64571e6eb
0,       3984,       3984,        1,  1944000, 27706be97f286c5ec44a1aa057614e14fd9cd3a44299b564dcf65040a0d1779c
0,       3985,       3985,        1,  1944000, a135656b888601a61f7fa4b3903218da2f6be7f5fa1ddd5cccbddbc9f5d1a928
0,       3986,       3986,        1,  1944000, fb09d946e9bcd90737389e2d918d6289a67079b8293db15d6d0916a3b7547c4d
0,       3987,       3987,        1,  1944000, 3900fabe0f209f264fe4dde62ce833e5e8ab0d8f3c4622719ef1ba612f454f43
0,       3988,       3988,        1,  1944000, 2b1d499af888799b5be3b175fe53d35dd91a4ba9f2f17ab9b87a5a6032550cfe
0,       3989,       3989,        1,  1944000, 98c7d053db5002558d769551639d41a1753ab4ec257b4c5990d10e78373cb8be
0,       3990,       3990,        1,  1944000, 33c9e9d98e998b0f1130c69ed820af9d3064cb332088a091cf05d490838aeeb2
0,       3991,       3991,        1,  1944000, be2f71a6253738da590580c1312b304d102b404cfdf7d78b8b9ef3abf4164d7f
0,       3992,       3992,        1,  1944000, 6407720cd8929c0c946730514ef8ec5d4fcb6e95e025106203d0a5982140f3eb
0,       3993,       3993,        1,  1944000, 38157a1e02798715118a3e1e282f6a4fa48f8a5535ed04595428b6cbf5b1a3c1
0,       3994,       3994,        1,  1944000, 49238d60b74c4aa6407a5925ab2191f022f47c30331319707144540ab9877dce
0,       3995,       3995,        1,  1944000, d8bb1f878b76ecef91668b828dfb2d3b67ecac68d0aafd760fa7bc0418050b17
0,       3996,       3996,        1,  1944000, 2df216047a9a50519230d34e55353c86dc7984181c1ee91fcffbce9070fd94b1
0,       3997,       3997,        1,  1944000, 3729d21d7e3530eb69a63a620907342ce08b50f430ee9d9328b1bf58645be676
0,       3998,       3998,        1,  1944000, 4da81d1c2897c11842c5d3e1583e85df3224bb85e6a52ae5e0d511671b0f2da2
0,       3999,       3999,        1,  1944000, 94ed6bbf43bfe02b407d259be71ea0a1674e41bfde37c0318312c0ab5d878210
0,       4000,       4000,        1,  1944000, 8abc75ccbbebafc117ef7d045cb9d0b5fef03159ce91f1f516b71a285e16bb1f
0,       4001,       4001,        1,  1944000, e6b484fd63de96c46d4337b3d51b5bf1bf21d66af750ca92e7570fd84947603e
0,       4002,       4002,        1,  1944000, 6f87a91316d4afc742cd0b1943a1f54535d507769125b9833269ae645b36cd88
0,       4003,       4003,        1,  1944000, 9bb9813f25bb2e6043457aa28ab391ed234a23545a8b8e911a77a8b3edac46c8
0,       4004,       4004,        1,  1944000, 0903c8acd1b17f7ae5642fd4e9958ff344341a3b42e11c79b6b86c125a104349
0,       4005,       4005,        1,  1944000, 603aa49580a9fdf366496843b0001c24f3719bf1008ae1940e4e830546488b89
0,       4006,       4006,        1,  1944000, fba0243f835a0e7f00dfbfa6c27f8fd3c3225de815e382bf6725eda94cf1905f
0,       4007,       4007,        1,  1944000, 748ed7fe663a3e275ab9f0d6ecfc1e1b0a62645f1cf3d7ad2e066ae29f6eb0e4
0,       4008,       4008,        1,  1944000, 3d30a8a29cb674b11feeb69054a647bfb40d2cddfd983d9073c7127fb9e5f4a1
0,       4009,       4009,        1,  1944000, 11dd174f7ec3ae2b1e4027cb03500b393d7b89da423b003e5f67541bd793684a
0,       4010,       4010,        1,  1944000, eaf6c7ab896a1cd86a7dc9aed5e8bb71114d4ac1aca68b64c8c892bb86bec398
0,       4011,       4011,        1,  1944000, 11dd174f7ec3ae2b1e4027cb03500b393d7b89da423b003e5f67541bd793684a
0,       4012,       4012,        1,  1944000, 9ffcb0e27b90df57ce2b4e63dc5d96381dc52f293be98fc27c60225f572802ab
0,       4013,       4013,        1,  1944000, 902f237daec8dcccef68bc4251c72edd2cadee1e7f31b7494fbac9525d31d4f4
0,       4014,       4014,        1,  1944000, 4f307cd344155e16dfc63fa034fe96d8d0855046ae777a9f46285353e1fef65c
0,       4015,       4015,        1,  1944000, 902f237daec8dcccef68bc4251c72edd2cadee1e7f31b7494fbac9525d31d4f4
0,       4016,       4016,        1,  1944000, d773c04c183c2eb85a1e086ba9d8ca007695c692678538b5d4d0e22e39025d39
0,       4017,       4017,        1,  1944000, 4ea5a57de341e47612782b9f77cebfb17c96c695eca09c4d2aa5a9505a1fefff
0,       4018,       4018,        1,  1944000, 6c07d70433795bc83f65a152419b655caa2ced6a924712ccd18be28bb4f0dcf9
0,       4019,       4019,        1,  1944000, 0c26d60737177a3925ece17f8f3d27d18f39ace9cf91e0afa2f6589c43c1030b
0,       4020,       4020,        1,  1944000, 8e606a94ef588f7bb956f604e4510f8674ad2ace4033997f86aae8623a3e350a
0,       4021,       4021,        1,  1944000, 1063b3a7f76525c21a3a26944a6ccba84fba780bdef390dcf7503f3a9e366714
0,       4022,       4022,        1,  1944000, e3e793fd7060b20de131bda37521a569a7a93629e7638f5447357a0adea08a6f
0,       4023,       4023,        1,  1944000, 11eec889ff50580259a5b9ba9dd85072a9d331f253425d14c27320c5a734cac2
0,       4024,       4024,        1,  1944000, 958154472243be91be151125280e939b783d046528e8e71e0539ac28a48ec357
0,       4025,       4025,        1,  1944000, 6e45ea434e9d2012d7fa74f61cd7c7669ea0f96eef96bf8f874631028a91360f
0,       4026,       4026,        1,  1944000, 9c0ca6b2ec2bc9eee917581c08fa89e5b056ec830b7d00e9c167b86e1c55b2eb
0,       4027,       4027,        1,  1944000, 6e45ea434e9d2012d7fa74f61cd7c7669ea0f96eef96bf8f874631028a91360f
0,       4028,       4028,        1,  1944000, 359c9350543d2e3f9d0cb04ee735265e011cf9d37fdb30aebffed6bb7768c1c0
0,       4029,       4029,        1,  1944000, bcf2fd62cdcb085e95de03ef3baa0bd7ad583fd5beb19453e09da3a99643e953
0,       4030,       4030,        1,  1944000, c2e9376314e54ac42abf3d2c579a3c9c8fdb864d589aa972677aa189eda919a0
0,       4031,       4031,        1,  1944000, ab7f5516eff23747a269d1e30e7d78da26c4865647c07b181dab35bd8c538e33
0,       4032,       4032,        1,  1944000, 7c34a2b77d5b83cb21ea0fd445f9675c2682ade6874dab86f52af8aeac89cfa0
0,       4033,       4033,        1,  1944000, 1643f0e43280eb93176a3d586dd309d3df79fda85d9638f9c10f983f02f2a61e
0,       4034,       4034,        1,  1944000, 4c247140efba3ca27529d2465dd21caab14461e1875bb55a071db354735433f5
0,       4035,       4035,        1,  1944000, f106c39fbc1041dd8ecb04c503a9f7402d1fdbc5644e6c5c8a69424f40a8803b
0,       4036,       4036,        1,  1944000, 16d8fca46151917651546bdd1b2f86a0fd2a0aa1b1c5b2deb13143679bcaa84c
0,       4037,       4037,        1,  1944000, 4d100f294a8f659c7bf638af25c83641aa465a85995b917b8b9b7e7f4ed5951e
0,       4038,       4038,        1,  1944000, 0a80c1bc908128d4cd0fc5d06467e08521cd6be8a2ef8ec4ba5ea8c4b8d40edc
0,       4039,       4039,        1,  1944000, 5961e09260ec5e2bcacdafca4802553037d60e58951e8c7c620d1c6fbb309b5e
0,       4040,       4040,        1,  1944000, 5693fa93a98f95318c9869080423de7d66383d42b99bce71e7f1fe94415df5da
0,       4041,       4041,        1,  1944000, a4dfbca9d89c4a5e49434baa90eeb61eb26a806f5eedd475c6837f9bcbcf44e0
0,       4042,       4042,        1,  1944000, 3b2f10d2d87e4720bacfb6f4e8c627ce556ac05d54f13cfe04de3e7cb1eab06c
0,       4043,       4043,        1,  1944000, bbfc94b9a8608979f2a2abbeec2bfbb9fd7e1af3c85d15f0dc68c371f953f1e2
0,       4044,       4044,        1,  1944000, aee7f07ed28c7b9ed26ccdca40bffbbbdbab044b4e60730fa15fec26a0b4e2ae
0,       4045,       4045,        1,  1944000, 4d004a35f278287ebb3849760f071966c841946ca3690c31818060360d2a6c9e
0,       4046,       4046,        1,  1944000, 1e2875fbdc96b5f7dcd01d465c573b71d9f303ffaac1ecfeec0cd8f7cc15d9b0
0,       4047,       4047,        1,  1944000, 0ee16e9dd114124631be0b15df82eb905976d495590904d4acdf6f3144cd5bb6
0,       4048,       4048,        1,  1944000, 47e3b2f1e6cfa77af0020aa66ba4c56f90ae3b7cfc726cb8229fca778be9aa53
0,       4049,       4049,        1,  1944000, 6a473e5ff1879ffc984aacc847f7188f241acaf4527143b69e0372bed0fd3ba8
0,       4050,       4050,        1,  1944000, d95ad9e34dd6c29e5545aee8c313c26984b437e01c5e9c026c97bd3590a0a6c1
0,       4051,       4051,        1,  1944000, 0dcef4b8084271cce3874ed0ea3a16a33afd9a265b49e819384bbcb315dba99b
0,       4052,       4052,        1,  1944000, 17ff54f6d3b7f80fc673d7195ddafb0200f83a5ddd7b3a62db4e43fa95e88821
0,       4053,       4053,        1,  1944000, 20d8e24958a64de093b0b5275522be4b1f8d0a7861a6b3a89179edb7d5bec317
0,       4054,       4054,        1,  1944000, 07decdb94f09741cfbcdc1d013964cc7398b38698ff2f33cb819fc98c007c1eb
0,       4055,       4055,        1,  1944000, b903985b9dea037ff1b9539879303f7864fb9a2e51f8bedf29a2c343f66c2f6e
0,       4056,       4056,        1,  1944000, 12f2793b2fe26404150a02e97a7715fcde8c78ec404dafa2fb0102213a86a28c
0,       4057,       4057,        1,  1944000, 1e4db76b8b84875d8acaff75b6386c1f0193a09d24bbbb6bd83f9e41d4214a63
0,       4058,       4058,        1,  1944000, ac5f320198998330154d0b3684f8ad6cd59318d47061bde660f3ed510261d53c
0,       4059,       4059,        1,  1944000, 0ee652272fafdf41b5bd1c764c7ec52e6970ad5bce63aba2f968228895ffd33e
0,       4060,       4060,        1,  1944000, 4a239b0135f94dfcc44ea13979fb2ba13032643815d452b96e29f07a11d37f50
0,       4061,       4061,        1,  1944000, a482cbbf0641d1b895c63809bfc9fb18ece3d9505d0c81fbb9a64a53fd8a7a7f
0,       4062,       4062,        1,  1944000, d54fe1b4b58018ebf19708a27353c0da7b90b8cd52e1f0e7258842b837dc6e2d
0,       4063,       4063,        1,  1944000, c08bdda3f35560efdb7c22009dff22e2d96183eb00149b16b448ad6362589d37
0,       4064,       4064,        1,  1944000, 8b91d009b7396ec1a7fee840c96228ce120c08c93acaea211b4a116c72d7c57b
0,       4065,       4065,        1,  1944000, 3b41f31330d2d4436f1f5ffbb39d5928241db0038e8ca3c42f85b39c8b6b8812
0,       4066,       4066,        1,  1944000, 798f1d62713e5f5f2ea4370a3fd900d55907e174780f766008c267b68b2cdab7
0,       4067,       4067,        1,  1944000, e1891d89508e60af30fa8203729fe33ac14efea70f95639c8702a3dcada85945
0,       4068,       4068,        1,  1944000, c9b19bb686a6c9f4af0d413422125d63f7884503c3808dc951a304799abc7bd3
0,       4069,       4069,        1,  1944000, dd0c194d13d1aee22621c58f5709b5ddeb0666c283af4d5417252e43022fefa4
0,       4070,       4070,        1,  1944000, 324abcc42fc36bc0655c3dd4e73b3470bf762a04c0564279ee7c05c7d3f4072c
0,       4071,       4071,        1,  1944000, b484005d381de3b1b124d70c9df0a8a6638b4af7b8de652fbc5fc65e319a4aea
0,       4072,       4072,        1,  1944000, 409c4a1a4f40f6c7f88be1e8bc348e9a1e8bad276494d5e369b197c3560d01ce
0,       4073,       4073,        1,  1944000, 6579a18ea9c13c742f6c7048f5fb75478b2d8028c4d16f9082bb19c1bc53dd56
0,       4074,       4074,        1,  1944000, 0220a1f8618a5a3edb357abd02089d5264e011ded1c89fd3f5a6c6fc86a479fc
0,       4075,       4075,        1,  1944000, 6579a18ea9c13c742f6c7048f5fb75478b2d8028c4d16f9082bb19c1bc53dd56
0,       4076,       4076,        1,  1944000, 8f30db88d124ea7ef94c6848a565904df807dc476eaaa835cb7ba35dbd45ed9c
0,       4077,       4077,        1,  1944000, e7d8d85e2707cc6eb1eb1c81598ca02ce0fee96fa79f30e7413ea180c15b0857
0,       4078,       4078,        1,  1944000, 81c6e1a76449279dbe82b3d73f400fb779f5bf5c8323f577eb864faf26f4374b
0,       4079,       4079,        1,  1944000, e53d7e36d0bce22e2bc6bb05e7f1be02d1978ff5dd279459e7707523c1dd1a0c
0,       4080,       4080,        1,  1944000, b6712c80f5054524722a893ace4e04c3336ba2bd1a3f9bdc1682134b5ab24d38
0,       4081,       4081,        1,  1944000, 13c76bd8e9aef7f088f0e68abd9c47a77c90aff01324c1d2992fd3cc868b8938
0,       4082,       4082,        1,  1944000, 6f1cfa33c2e5201e2de775e460f1097db026191067cc16a699dc9169d08e44b0
0,       4083,       4083,        1,  1944000, a7ca81002a937eb18fcdd7b980ba80dd1d4a3d79d2c518a8a02cec88330d2313
0,       4084,       4084,        1,  1944000, 50be46a06869bc1e3133188ca150e10d75e5d5faa68a3c84403121bb8f4b1d73
0,       4085,       4085,        1,  1944000, a7ca81002a937eb18fcdd7b980ba80dd1d4a3d79d2c518a8a02cec88330d2313
0,       4086,       4086,        1,  1944000, b3c344511a8c2461d229a1c607b44c1cc10dcfae8e8aa2890b3e553f7fd0a0ae
0,       4087,       4087,        1,  1944000, 5738636d6d0b6a2861fedf04af199ea58929425a9d6cd6e6d2c8d9f9e64bddb6
0,       4088,       4088,        1,  1944000, 8e13fae3bce86952d45ba638a5f93d6c5fbf18473ff7c762f3b6ac1371b078bf
0,       4089,       4089,        1,  1944000, 11317d60baa4f374304767eca6b40d0aff33620ef9d600dc9f2fe9acabad3b7f
0,       4090,       4090,        1,  1944000, 45308163962d1aaea7b93ee8ec18d445755b202dfd384d95e6d89ddd173a7ca1
0,       4091,       4091,        1,  1944000, 7b8390d6e512a526198cafaf82c7b0aae9664584161e8df47ea3df4d80acee1c
0,       4092,       4092,        1,  1944000, 16cb61a6275b67219e2d202e9d638922b9cfd66f1907856c618a19634b94c972
0,       4093,       4093,        1,  1944000, cbaa9c70c44a090e4c79d96af8d2382d3351ad4acd152dd6df1e01a56ca7ca17
0,       4094,       4094,        1,  1944000, 4ed24252f6b99dfcbe141faf5955e3d991088ad2ec8398cb1b634b6dfcc3f70d
0,       4095,       4095,        1,  1944000, a5b7b6c1ba62874218e44067d2971fb0882e80fe90635e6824f7cc7e93b1221c
0,       4096,       4096,        1,  1944000, 1e439ffda21e54a4da951654695ef3ebc01fddee12989af731ccdeb63c317436
0,       4097,       4097,        1,  1944000, ced0178ac70d994c2a33de6a77fea41e49a0be8db2d053a22713cc11f9a1fa89
0,       4098,       4098,        1,  1944000, 92b7fe35357f470f09de1c0068dbf06324ec4d8d589bf9e42cf7612c06f883bb
0,       4099,       4099,        1,  1944000, 3c9e407da6c837449421df9b458834b310d080d1c8e136cce31bc8343548a304
0,       4100,       4100,        1,  1944000, 0727dee531cd56780ec386babbfa3ad562dbbd528c7677bef7bf35efa3424c31
0,       4101,       4101,        1,  1944000, 3c9e407da6c837449421df9b458834b310d080d1c8e136cce31bc8343548a304
0,       4102,       4102,        1,  1944000, 45b18b250cbcfc38329d7ee729d26840f6bbb699ffe4a7389b9d75db8510edf1
0,       4103,       4103,        1,  1944000, b216f324efc6491ee1908591812c73c6a9006e4c4428cb4461e2579178069290
0,       4104,       4104,        1,  1944000, 57f51ae082499f101d8cd3905668d43ceec41b63ccb0900c893b5a5bd4bfd375
0,       4105,       4105,        1,  1944000, 8de7c97e0c3b05127ed45f7a7333b2d4b212c5a99c804b0b38225dfa3f8a27cf
0,       4106,       4106,        1,  1944000, 4a6af107825fb755bd327488cbdc42b9f2ecf3b43cc252408e6e326bb8a8cfb4
0,       4107,       4107,        1,  1944000, 33a223572f66eab3a2a0efc588af2d3e23b46b14f5f02f05a3cbdedf494bf770
0,       4108,       4108,        1,  1944000, 24a6df7adbf7040c605da6392f239e1aab4d8ddb6c17a2e9e6cfc5abb4295fc8
0,       4109,       4109,        1,  1944000, d3366df4ef5bd768e00aba101cf70aa081868d18d0a06605065f52e9a9e71b7a
0,       4110,       4110,        1,  1944000, 2648bcfc6351c27608a1b8656b7e9e9d9f826e72251042c11f04f445c41bbfb7
0,       4111,       4111,        1,  1944000, ea2d59e6de245f77cdb54a79e85941e32e2d844079fef163adfe6751f3b03fbb
0,       4112,       4112,        1,  1944000, 3dac5d404249924875429539d04f59f652eb2fb7ea8f9f36fa637d725bffa532
0,       4113,       4113,        1,  1944000, 42ab5459176e3ea0338888eb9b1e46708fe0f245780c6012bb8abe7cf88336c2
0,       4114,       4114,        1,  1944000, 82c21354c80be53d18e3bfeb53babe5ad18f0b3dc8b17eab40fe29a5dffef955
0,       4115,       4115,        1,  1944000, 42ab5459176e3ea0338888eb9b1e46708fe0f245780c6012bb8abe7cf88336c2
0,       4116,       4116,        1,  1944000, 0a1ff88fc7640f7324ed272fcddc2e4431e3ae77256cbc289171a1af7b7900b5
0,       4117,       4117,        1,  1944000, cfd656209711716622f7cff541e1ca8ff1a3bcca318242b90ef76eb7443fe01c
0,       4118,       4118,        1,  1944000, f2e3c48d698d6050319a082f6bf8ec430c17ed0737ee4631fb2f0b434ca05a66
0,       4119,       4119,        1,  1944000, cfd656209711716622f7cff541e1ca8ff1a3bcca318242b90ef76eb7443fe01c
0,       4120,       4120,        1,  1944000, a1bd5fe61a31b77b968c4fa7be453b801d1d27b93b9c8c775145c2bd3bd52c0e
0,       4121,       4121,        1,  1944000, 06ab165c70bd6b9c592a07b8504e1fc70e5f391075e537e4257f5c966a15768b
0,       4122,       4122,        1,  1944000, 8bf6af84ac8e3a4d6d109e727f792d1c0fae3c1511e749d2e41f93923473a949
0,       4123,       4123,        1,  1944000, 525000921bab4267d1a03edffbc65e33e13599a64c4a140ee4e45ac132065fbb
0,       4124,       4124,        1,  1944000, a4ecb14c6b34ffba9806f14c15be96c9e83a6ddc00ca6c1c349c6f89b73098f0
0,       4125,       4125,        1,  1944000, 8928450db4bf832c37ddabc55525b0e065b41ca268ced670b3bb6859b7a38a22
0,       4126,       4126,        1,  1944000, 9798465b268bfb7b0c136221395e715b0d3908abf45e5b270b3b22430a49f2e1
0,       4127,       4127,        1,  1944000, 9d26b22f2a6bdab7976e14b7cc60da32b11fa1f5ff63b4d6bfd5d662dc389cc7
0,       4128,       4128,        1,  1944000, 9f78bae6ee60832331f97732c5b407d8b5c45b9ee7a89bbba723f91b9c79059f
0,       4129,       4129,        1,  1944000, 65a69077ed8937558c7d773def24ed6f0e605a80b54f8507055e358f03800f04
0,       4130,       4130,        1,  1944000, 48c4a94bf9ed9cc48cc887075d40b92fc5a2e9e962ebb29403a1445b09d912f1
0,       4131,       4131,        1,  1944000, 2b5e147e172439373cf39765e468a8d2b1d6a7aed86b71f9cf6a4f9781245371
0,       4132,       4132,        1,  1944000, 7619c6fb46d7eabc5098f7a0d23a0c2a0c7fd35951a966bad69aa2715d9bd936
0,       4133,       4133,        1,  1944000, 9d0fa21b8fba56773afa02c2e4aa1fb88715fbcda263c7e78cdeba325f768f66
0,       4134,       4134,        1,  1944000, cef4f1d965701ccece352838e123ef146f74b0f79f5f1eb8e05e7c0906c75f59
0,       4135,       4135,        1,  1944000, e9f6048de9190ce723004df4d5e536d109af03b25c5cbcdac875c4de2d50bf12
0,       4136,       4136,        1,  1944000, a1e89b83a1ff83947d146b236e0b19488a15306349975a97e73b55ef4d30a04f
0,       4137,       4137,        1,  1944000, f5ffb7191b74a270f80864db4dbf8de4edb352bb0dcbd08891ec0d2fbd3ae081
0,       4138,       4138,        1,  1944000, f5ce5da3e9458abe19152e9e8ade8df05c8b69eecc614d09ab03014984b940b1
0,       4139,       4139,        1,  1944000, e88f9fe070b54c436c634c7e111a0d6abc8f2da65d49ee99093c66cfc684c652
0,       4140,       4140,        1,  1944000, b8d9e76ba3303ed970c8ca158ba40c4f3ee18cb096799198a515c4bc80b5a5b3
0,       4141,       4141,        1,  1944000, af1f6c9915eab2e11068d32a14c132b3c465fbc3293357669852d9342113ca05
0,       4142,       4142,        1,  1944000, 93d9b61d214b60d97f4d4f65b3418344699bca19096249c403ae8225e7b5b554
0,       4143,       4143,        1,  1944000, 2394220e2821ada9eb7e614f0c842a1d87e6987bf2b7e0a139865b9f30c74680
0,       4144,       4144,        1,  1944000, 760df8db1e82b1c60e59b8b21675df5de44ac540817bea750000401ea7f1230e
0,       4145,       4145,        1,  1944000, 8ef5bbf8e1d229b1dea3b457b3ef2a430239efaa1b10066ee80544154bb42105
0,       4146,       4146,        1,  1944000, c3b8342bfb63f48fb2d5eb700d88faeb72143e77f00ab6eb65398ef5bbdf1300
0,       4147,       4147,        1,  1944000, 39a6e91aa2c7e629ef611d04ed9e8ade495e8246d14d01d209b1f60fa380e38a
0,       4148,       4148,        1,  1944000, 180afdecd061f5f932a7a8663da918d9b4b19b45e03a0839db8bf56dfba28ee0
0,       4149,       4149,        1,  1944000, 8a5e4a730ba29f9cc3d1e13ba48259e844f20d81f7e7f067058df649c036d05a
0,       4150,       4150,        1,  1944000, 8325f6090343ea42208458f99d445a1c70be6d28523ead5c04ae5bb569ccc5b6
0,       4151,       4151,        1,  1944000, 7c18a6cc3bfed19bc8e3462324b7dbe66b791fe135fd25e731e0fe6a055bfc78
0,       4152,       4152,        1,  1944000, 147d23214503d06d139be4eaa381ef4ed7f9358e92420d12be67fcf3f5464329
0,       4153,       4153,        1,  1944000, 3b0a22b48c8845eaaedd10847af041ecc05ad466980eacfb8f1285128a7d5f60
0,       4154,       4154,        1,  1944000, 5d446f40d441425aa549e2c2d2ada88180b2f9ba7ecb5fd07cbc1155e8700019
0,       4155,       4155,        1,  1944000, 832db0fbe53bd13f3ddc781eaed6674c8bf5c3e622c8e2afa3e3841ce57839cd
0,       4156,       4156,        1,  1944000, 41cadea220c051da70f04d57b40faab3cbdc662da21984adf3873a057f7ad30e
0,       4157,       4157,        1,  1944000, d18088a65c9e7bb0f91e30c459db770219d53607103e97d0edad60c5255459be
0,       4158,       4158,        1,  1944000, d7f2771c74517901a48db37526696b6d1ec8e3983e2a538008e96e3c99fe0086
0,       4159,       4159,        1,  1944000, d18088a65c9e7bb0f91e30c459db770219d53607103e97d0edad60c5255459be
0,       4160,       4160,        1,  1944000, 0e7da8d97caed299630797900d18bc5ac3c4cc1cd867a471105758520f605950
0,       4161,       4161,        1,  1944000, 587111cf01468189e0bb0e3b5e200148466d6b5a1a9424726fb74c0475f38aa4
0,       4162,       4162,        1,  1944000, 78952a227912b6995f329eea0401754222f8ba7a70903dc0bbe965643b4be5a2
0,       4163,       4163,        1,  1944000, d024ff03eb0aa9da25aa2fc6082706842402457513f0556204ccdc8594243a14
0,       4164,       4164,        1,  1944000, d530233d4553e39e29fbe3894a6ccc50d46ab8955783861f92d12ed7d91b5685
0,       4165,       4165,        1,  1944000, d024ff03eb0aa9da25aa2fc6082706842402457513f0556204ccdc8594243a14
0,       4166,       4166,        1,  1944000, cedb26f3e77f1ab58ec02bb8c5b87320b1ec9ee266daf888c5cd6c817afcab79
0,       4167,       4167,        1,  1944000, a2c717a3107079b7f419c4cdeefcb6582c5eea79a7b38c35399040e55b4f3694
0,       4168,       4168,        1,  1944000, 3ced92bc59b601fc8e3f93fc2854f383479c700fd0d0b17d819580645ff8039d
0,       4169,       4169,        1,  1944000, 8482d2abb5aa6f797cd1d57284e63ed52acf6661c96c44e7f8dae53abe4d265a
0,       4170,       4170,        1,  1944000, 6d2843a097a19510da2e77667985e50d0284cc6a24ee2d6ae58728bb0efbdd2f
0,       4171,       4171,        1,  1944000, 5c4071f75332a6116dd6a0c2d7ccb12ddd398f5ef78ad77911a033ce5f3c3a36
0,       4172,       4172,        1,  1944000, 1257c8a316a40f15c86d2708414acaae0aec34f858c1bad11d9bbe28766ac0b1
0,       4173,       4173,        1,  1944000, fd3afda266a442835dd1b6831c032fc6393e8cc104cb46de4a95390c0770afdd
0,       4174,       4174,        1,  1944000, 903408174d39210f9c003f2a6fc8d1525dae05c310873b4f59363b4944cfc3bd
0,       4175,       4175,        1,  1944000, 002a3079c50de9bc7aa376fb0811cd8d7d9083ea78a4aaee6bc113434e45cfbd
0,       4176,       4176,        1,  1944000, b01a5b62173287f747c3271632657722cd10cc9f38debb17c8c2cf4c21ed239b
0,       4177,       4177,        1,  1944000, 09bc0776d4ea30655a46d0c29a2b0032e1e909784f4c048187fda85ee5cc77fe
0,       4178,       4178,        1,  1944000, 04e56dc717efe198017c569d38cc608b593e7a719c0a901061bf7ea20f7a48a6
0,       4179,       4179,        1,  1944000, abede6dee24a8524d824344e448e8dc96bb681a62febe3e6a249794b49d86ad6
0,       4180,       4180,        1,  1944000, 205a001ae7a99a817b994ccc6c0b2174f69fa490ba4f28a98f495888a2224db7
0,       4181,       4181,        1,  1944000, 3707bacc48c720ced09e800b6aecef654a2ba7a7a94f9a6bc93b1f039396cd40
0,       4182,       4182,        1,  1944000, 70c6c17ddd8188d2031b5f4f60a9726eafd1491b7c728a1684bf4fc5faa26541
0,       4183,       4183,        1,  1944000, 3707bacc48c720ced09e800b6aecef654a2ba7a7a94f9a6bc93b1f039396cd40
0,       4184,       4184,        1,  1944000, 4a711e8278d824b4bab4c5f22ef7e19d7bb1c6d1eda4f41bf52f5d73da9ed6ce
0,       4185,       4185,        1,  1944000, f59fe8737bac1732854d1085324d1ddf3c0fe136035267c5b08c60d9b9dbc64c
0,       4186,       4186,        1,  1944000, 8c322e754fc12efde35aaed7c7c4d66c5dc09f3dba360e09ccf09fb3373731a8
0,       4187,       4187,        1,  1944000, f59fe8737bac1732854d1085324d1ddf3c0fe136035267c5b08c60d9b9dbc64c
0,       4188,       4188,        1,  1944000, f269c324b006e331e68826363140f35f6734235f3a887fc07a03ff746feef023
0,       4189,       4189,        1,  1944000, 6000ebae090f3af421f0deee738e836e89769c61369f84535dc0bedec5fcba91
0,       4190,       4190,        1,  1944000, a902af44ab8d99efd5329fc8cb2b622fc4ee8d9991506f9418d4c8f5b0cb6790
0,       4191,       4191,        1,  1944000, f644433a1cf6358207af907203b525f80b20b8630c8c13015e192dc62e19da99
0,       4192,       4192,        1,  1944000, 40b193adf34e265b5e89a43e3deb51c389864c83731b1e5b3cf3f2cd2a130771
0,       4193,       4193,        1,  1944000, f644433a1cf6358207af907203b525f80b20b8630c8c13015e192dc62e19da99
0,       4194,       4194,        1,  1944000, 4a8cfa503e31ec6ad51c92b00019fe9d6722b0bf6dd7bbcd5fbf1faae84e3cc4
0,       4195,       4195,        1,  1944000, 8c8505da410f668aaf070c4a6340d3f439ab384f5b98d152c9ade57292c55586
0,       4196,       4196,        1,  1944000, 8328346c4b777a9b535136386eba7f8e8892d82cff7d41af9a971d74cdc6a4d4
0,       4197,       4197,        1,  1944000, 743f0240b71c92e986c1b57432e88b353bfe5fbed2f8beab8a3646de1b103492
0,       4198,       4198,        1,  1944000, efb14a7d9f4921a89ff16bfc75912879a06d530e558dba4eca8a82404da1ba0b
0,       4199,       4199,        1,  1944000, 743f0240b71c92e986c1b57432e88b353bfe5fbed2f8beab8a3646de1b103492
0,       4200,       4200,        1,  1944000, 63b632675199d4d20e3de85acbecfc1c2932e5b58fe68455a6116d8c3a5ea8cd
0,       4201,       4201,        1,  1944000, 91d0c59e368e32389322eb518512b2da9c2e27891065e0e464dd4e54e68f1ed8
0,       4202,       4202,        1,  1944000, 7505d573480aa063866d412de8487856c68da815dd67576f1d0d4e7c5fefa262
0,       4203,       4203,        1,  1944000, 98e0b34ba9e2d972df7c4df7bf3c109d13998778ca54c92e3d6c2a6fc243b634
0,       4204,       4204,        1,  1944000, efacd8b206dc3e6844663c74358d26f51f715e43419bf6a9e385a0071f4f6bfb
0,       4205,       4205,        1,  1944000, 1697629a7981b9ee21c34577466d6adc1a2bc23b914f9a664e3e76e00aca16a2
0,       4206,       4206,        1,  1944000, cc4656d880d9c1a78648b3c9896b97f12cf06bb92a8b632a74b89d401dc09dd4
0,       4207,       4207,        1,  1944000, 222dd0e0b0757e202cd92d9ec6fb94f2424222bfc4d6d9f6b9e5be850981fd4f
0,       4208,       4208,        1,  1944000, e8c54a10af2416fe0504e7250ce42d04cac662e4fb65361a3fd37a4cbf22498c
0,       4209,       4209,        1,  1944000, e89d9768d816fee36d96f53c66737cc1bd4f2b82ed97e54261e00575ab4b7409
0,       4210,       4210,        1,  1944000, 1b99fb65c539417b85becc71c62e2b31943a42d5be1ede5179dd3761362d6d66
0,       4211,       4211,        1,  1944000, 6cdba95547d5793f5e7d7f9b2ec3e1c3d82be101b9bb54736df5db969cb55c0e
0,       4212,       4212,        1,  1944000, 73d3488980781dd5b5f851a9efb5faad727fc0db44802bfc6dcecf76f32309e0
0,       4213,       4213,        1,  1944000, 70c06ecbdf2258fb51693b05fc172b1c4ba7a69afdf47a0c4d8555515caa4e08
0,       4214,       4214,        1,  1944000, be521f5554c799d7dce78b9e57bd393efadbb3e099564b7f4db5ae9b7f6707c3
0,       4215,       4215,        1,  1944000, 876e39605fb5820101bec8e4ab1a0a9fbd1aa0400d515a1a177932bd21698c76
0,       4216,       4216,        1,  1944000, 303a0faedb4dd34a954ea4f491aa659f1017477de64803c2ba0ae04852c3d135
0,       4217,       4217,        1,  1944000, 688056c3485437ec7fd91892cd237ef90cd91f09c221afb5de40816e5caec9d8
0,       4218,       4218,        1,  1944000, 4ed122c440a2a033dd5ef76d9b3de62c7c777747bb75f16bbbb76d808299ab52
0,       4219,       4219,        1,  1944000, acc4d07498d2ce97d574899c110100e2bf66dc3d9f720f740f8b707e93f67f5d
0,       4220,       4220,        1,  1944000, 034946a43402a5274262374bd1285ea025b97b839274139b28b413c891b10ffa
0,       4221,       4221,        1,  1944000, bac2a2fec2f15587095b6f2d76451db89c6cac72ad34f5c81e66882cfab2154e
0,       4222,       4222,        1,  1944000, 3c1ed7a06654039f53501f93b3dd0e3ecf5ce344f8e357c9ad9405d531c35035
0,       4223,       4223,        1,  1944000, 28b8714e5ddfec402d273bcd15bd8dd8636a1ccd654f1633e585ca18bbd06c33
0,       4224,       4224,        1,  1944000, 8c0b777526926be06446ffa575a708f9fb12e310af76b1ee864cd0d24b6ea168
0,       4225,       4225,        1,  1944000, c5868d10ddafc9f8ff14010f87ee152efa643da4687a5b71e062c6c2af9d07d5
0,       4226,       4226,        1,  1944000, 21f6cf44567bc52fbffbc9b0d915139f375d730e3e2e947bd57c49f314c23e2a
0,       4227,       4227,        1,  1944000, 609bf3e4db29892d876069994a1c78c9ba3d682408c9fd44c6ea108990fbb2dc
0,       4228,       4228,        1,  1944000, 2ed0e544f0998627d0645a2ac0b5fd1c17fde834934dfa9e47b691afc4242d54
0,       4229,       4229,        1,  1944000, e959adca9df834d7cb3795b4c851665e5ce91b78795f3e2e313085948cd30672
0,       4230,       4230,        1,  1944000, 63303b983346815ce6d5dcbaaea6b59d1fbe38b90f1b7e5e4172467453728890
0,       4231,       4231,        1,  1944000, e959adca9df834d7cb3795b4c851665e5ce91b78795f3e2e313085948cd30672
0,       4232,       4232,        1,  1944000, 709d4ca16f656f97fab41c9f123164aa3f84d7c8db3c7587311096a61e17982f
0,       4233,       4233,        1,  1944000, c04a6a6a49bea47e72ef68e4eee5cbe3bacb6bbe1c1e8224704bcdc9bd1e0fff
0,       4234,       4234,        1,  1944000, 07c32eea7f2929c29293de6e3c83aaa1741bddb2784fdc63e89ffbd0eeb81a2b
0,       4235,       4235,        1,  1944000, 6224cf9f68fcce573d2bf4b156b53bc76ef1b1b1ee7891f04fc633a3ccb96e20
0,       4236,       4236,        1,  1944000, d2b879d11e223a809d3589d0c6e21999bf8b7f8e7ef93a7b2b752fe7b89fe424
0,       4237,       4237,        1,  1944000, a0c8565028c52bd28590a215febd47bda27842a945656098181b9195615671cd
0,       4238,       4238,        1,  1944000, 82466c20e4c332f99d9b4dbb2a888c8e535d457ceaccc0ffc084025f875e798e
0,       4239,       4239,        1,  1944000, 54d45b1bd6815ce80c9f36942b321e1fb6b22427773bed31c01bec82f7885c90
0,       4240,       4240,        1,  1944000, 86f237b4a6b3fd1dea9f0f2928854e067d1f83134064d254664d666e569b4cd7
0,       4241,       4241,        1,  1944000, 3270c6b76de59a3a7aed405c368405e722ca0054194d30d3e8ca111fd7330c3b
0,       4242,       4242,        1,  1944000, 8411f70ec1285cb30755a7fc43a1bddf3782148da234061c2853487df58ec79e
0,       4243,       4243,        1,  1944000, 69382afc838ef2b55d9d5291025c58330d0315d83418db0f3a1759b6727056e5
0,       4244,       4244,        1,  1944000, 7468f14498b6b4ab94864801f8664da636324bdf7a14197ad6f855f17113f130
0,       4245,       4245,        1,  1944000, 7257a0fbbb31584684cb266d0b430bef3f053cabbbe1377bc5a5191ed8ebb8bf
0,       4246,       4246,        1,  1944000, e4507c13864bb9285bff9e004e20a390ffec3805ed3dd9c19fcabdced49a75ef
0,       4247,       4247,        1,  1944000, 841e9ba127fdc96d9266738e296d0fe6aa5e11efcd096d21dfddda0de27814ab
0,       4248,       4248,        1,  1944000, 63689c0e42cd208f6d3541365ca1efd514281b5986a611b0938f22a2561565a6
0,       4249,       4249,        1,  1944000, b51882fa506e4168b0f81ef7d95d6abafa3d91a9ce46e167c176d3b78bb8d8fa
0,       4250,       4250,        1,  1944000, db7d512a5bc9baa30d57a1b58a9a066d5d75518e3bfa6ee4c9eae31b94d6ed95
0,       4251,       4251,        1,  1944000, b174bd348427ec0116fa5f32596ccc4ba02462267a9bce0de2225e0664935d55
0,       4252,       4252,        1,  1944000, 14232abea8c5417d85f641da924237c06b8e5c21497c9ea29bb5e41673e915d2
0,       4253,       4253,        1,  1944000, ffe1945c1da01552506675b6150a817b313cf1ffda0b6d0507028f8b14eff21f
0,       4254,       4254,        1,  1944000, 877b179e78cff4c9809badbed7c4fcb969bb45d44502df8573c83c323f7545eb
0,       4255,       4255,        1,  1944000, 6cd3627bcc0a7deec5e2d4ea2a6811294ce6e7b9ee077c887968746c2b5022b5
0,       4256,       4256,        1,  1944000, 066c24a4ab87d813d0819c16f95aaa08cafb2a6a3c8e8c952850462707e00155
0,       4257,       4257,        1,  1944000, f486c4b63bbe478f8d90b7b007c49b159fab406d151c8f0bb498407bbf5173e8
0,       4258,       4258,        1,  1944000, b1b0e1b660f444ebc39484fc36faa53df29dab3e7aa396161d9aa350d3e83543
0,       4259,       4259,        1,  1944000, 9f50dfbd613ea8ab11879c88ca2ae13164ebbb6f6335e43feccdb0b77ccb2ce1
0,       4260,       4260,        1,  1944000, 9f50dfbd613ea8ab11879c88ca2ae13164ebbb6f6335e43feccdb0b77ccb2ce1
0,       4261,       4261,        1,  1944000, 9f50dfbd613ea8ab11879c88ca2ae13164ebbb6f6335e43feccdb0b77ccb2ce1
0,       4262,       4262,        1,  1944000, 9e6a8473c5c36417987f64ae3c0ad4a2ff3cb92ce789d11068f3fcb712dbcae9
0,       4263,       4263,        1,  1944000, 1365f8ca1389a0096b56e6058ecba88de31b734b39974501bdb9c4ad7b116497
0,       4264,       4264,        1,  1944000, 9e6a8473c5c36417987f64ae3c0ad4a2ff3cb92ce789d11068f3fcb712dbcae9
