#format: frame checksums
#version: 2
#hash: SHA256
#software: Lavf63.1.101
#tb 0: 1/30
#media_type 0: video
#codec_id 0: rawvideo
#dimensions 0: 1440x900
#sar 0: 1/1
#stream#, dts,        pts, duration,     size, hash
0,          0,          0,        1,  1944000, 8c15f68db9bddb1aa2a951165edab7f8766c4517bdbd53b1ac695cf8d7fac512
0,          1,          1,        1,  1944000, ebedf322eeeb620bcc46f43fe79912100ffd0ca325c2a6feadeeb4a879c04081
0,          2,          2,        1,  1944000, c16c1c981c5231576fee8b28c6ea99d428d98196cfa96e6931282e7b70ef8542
0,          3,          3,        1,  1944000, 29cbca27391607f63351b2a7fbc03bfdf10cd6565d63444bafaeaa5265afea77
0,          4,          4,        1,  1944000, 45530142c5b7b044a2ec20652b63191c22903372800440c55b6cd018ef1a1491
0,          5,          5,        1,  1944000, f34ce29d0fb9693f10123ebeefa66233d69c05bb832dcefa71ec407fbafcc690
0,          6,          6,        1,  1944000, 3dbedd1cfaf5bc60086a33bcae5031c3ef38440dfacce6011f7e3776f1380352
0,          7,          7,        1,  1944000, cadcde9b1bb55805c0b1b535c59f2cfb4e9883a2a902b6fe1c9b8543d1505a4c
0,          8,          8,        1,  1944000, 521207a312169c64e89d897afb13aa2abcb8d04bbe173183f0ccbaff7ea4e265
0,          9,          9,        1,  1944000, 6aef8bed62c4437426b48c7431c510ca18eee306e18ce019ba66eabdbd3c9a33
0,         10,         10,        1,  1944000, ec3cc58d0da5a97d57657b1638e8b1a712a96b8585886a37d79aadbb4aae4536
0,         11,         11,        1,  1944000, 6e80788cb87f96577c09d5273588768b8d27c409b1433782d99d1b619066c614
0,         12,         12,        1,  1944000, 4f28f1af45b8ea1e99e6a4f5fd69f647c4ab3a99976faaa225ea4bfb5c03272e
0,         13,         13,        1,  1944000, 9cf64d54f120276b32c6045aab4f5ab9c81098602bf30aef507f0e75517805d5
0,         14,         14,        1,  1944000, 7482f4797e9d89152b88135cb312f594899a3b8b4b7d2ffa186adbc54dfac59a
0,         15,         15,        1,  1944000, fa3a4c5689098ee5b1fe0e621438c8850808a3fb288cb6aca4665c0a7f59e4e3
0,         16,         16,        1,  1944000, 2861bf991ae956446ded5e5a03a63b6c829eba8c5b5f14bd7c881b4fbbf81d70
0,         17,         17,        1,  1944000, 4300a172a73f45bfa20f7261f9c03cd45a73df78dcb038b7c9d053168d8b64f0
0,         18,         18,        1,  1944000, da4cf76014fba0a1c0fbee5cbedd56640d60d0c4d9d825c49ce57e0df50a6fcf
0,         19,         19,        1,  1944000, 108bf0613d7075d84edeec635ae2520254e5869cc222bbcd58282fe5e2a6088c
0,         20,         20,        1,  1944000, 976e8fa7a89ff7e576b87f5f0d30ef70af6d254241ef226098bfc10069125b92
0,         21,         21,        1,  1944000, bc5d3cae683549ecac9132ed93673878b2f7301162d0b965643ddad555337670
0,         22,         22,        1,  1944000, 951702c6a554ce1bad64590685112f8a86d1859fb51369c2ac1eacd474e877f3
0,         23,         23,        1,  1944000, 9d55bd17a1d57b582687f974a57709adbbb287e17f3f9a4d290b44acf363cde1
0,         24,         24,        1,  1944000, 3126d634b0a66d503913b0fef7a0cb5a9a880b8bcb3095b5f0810955695a9949
0,         25,         25,        1,  1944000, cf3e4a51047ced11ec472df9bf1bd332edeef4fc712a6162eaf4f57236bbd2dd
0,         26,         26,        1,  1944000, e2209d6186e9814d9ccde0b2ea4cce0e6f593e5cd61c02acbe6a9f37b0b46ceb
0,         27,         27,        1,  1944000, 0868cfe8fb87dcd65885b640ccd9e1fcbca94696bfa598926b07a20363f6d787
0,         28,         28,        1,  1944000, 718b0586c72fcfb4d59f7e716c98bbfd38ec47cf0b80d6aba2af3c3ee25c1ddf
0,         29,         29,        1,  1944000, b79acf987fb01fff66fc252184fc7052a9a2a62ebfe584770fd250e6ff366751
0,         30,         30,        1,  1944000, ea8bba499174c310da739dd2695773211b434fca4b7309e8929e4507bd5691e0
0,         31,         31,        1,  1944000, 5a218affa4d34e18eaaceb8cf7c6cb97ae5b368ea349159770dee9ae5557660e
0,         32,         32,        1,  1944000, d6d870c526c29c35e53dad16b868366adb4597dcd6df6478374ee23ad87ff5c4
0,         33,         33,        1,  1944000, fe57cb371c53d00c40223fc4b1e1f191ef83bce992f084bae725fa927efebf9c
0,         34,         34,        1,  1944000, f8feeb1cfdd9f0b0925740ed3bd62d8040f3f73aa451438bbaa3ac61af2d9017
0,         35,         35,        1,  1944000, 60ec07f143bd9b827a0bd2cbbea311feb7e9ce50a8d39c0ccb32a0165c9ec837
0,         36,         36,        1,  1944000, 1dbbcf71c42d5757893cc581aca43870c92196897ffd855ae25223d310a308c4
0,         37,         37,        1,  1944000, 6f59bcc6cb80b1ce6c461941d57440fa076bf0214d362b6a3e185cd6b9baf39c
0,         38,         38,        1,  1944000, 321137fba1ea2d0bb5c2002976297d280104b2e79473de59ff39d2b0b45f1135
0,         39,         39,        1,  1944000, 5bfa4926c96c18d199909f16ae4a1fa155e42b002bc54b919a54ec435976531c
0,         40,         40,        1,  1944000, a4fc6819e1bd6a49197cf0511b8b3250e09b7603b1c93edcc0c9d511ce2203df
0,         41,         41,        1,  1944000, 02647ca40527bc9312cca607ef9346776645cd77999711578cc5c3a15536576b
0,         42,         42,        1,  1944000, 609cc71be72095d827c33329f047e77ffbaa0f6dc190b21a1283cf22744d0d2b
0,         43,         43,        1,  1944000, d5030af045d6e29de118fb251457dc891861f132f38e12fade5694f0ae932f8e
0,         44,         44,        1,  1944000, 957339973dff7ff2cd0585daf12c444e23257f8d14f2ec823dc1148e72873ddf
0,         45,         45,        1,  1944000, 9fdbf6fe7de882819e85e1d0671efb69156eda22118ceb3e033df3ae4dc8d97e
0,         46,         46,        1,  1944000, 0c7df5aa52590f21334a3273f7f21710e55589428b39d193584b433ca0dfa93e
0,         47,         47,        1,  1944000, 22bb903ed3fe294d8925a857ed178a512f60b5c565249085a4ed640b7eb118b7
0,         48,         48,        1,  1944000, 87e1dded06174af0b89072a6661efd309b59d5d90d983b19a5316dc39e61eba1
0,         49,         49,        1,  1944000, 1c912ee82e661241248e97452312ea4071334ac7bb786b54ecc95b60f780ef7e
0,         50,         50,        1,  1944000, a3f41ddc45efbf0f1f22bdd2311a76750faf056cf932158920fc19b0a45e8d85
0,         51,         51,        1,  1944000, c73d5bf9b9db2cbc9e5c43c8db8ce1e755441a5ca40978f2e99f40caf9e42463
0,         52,         52,        1,  1944000, b442f37ee5c5386c48446331da7e123f907604e68871c76cb7ce4f8f3a13f391
0,         53,         53,        1,  1944000, 661a08e2e8c716742793d17274081af76fcd3894ab07748d6928b5c316d63add
0,         54,         54,        1,  1944000, 0bdf71036e91c7c728980b1389033798caafd4ef43bf05d8cef01717b033c79f
0,         55,         55,        1,  1944000, 9237274b0610778b9e103c1ea40d922a9ff3e07516f13d4f0d8a737705dc375b
0,         56,         56,        1,  1944000, dd7af56406b3a381ab85d280add5ae5ef80e542ddaeb4fc7a3bbd1549fc8d954
0,         57,         57,        1,  1944000, 1c2d3b9c4db950eff7812ecffd95b297c4cdb10f595931961b2a8b2dd2f5f6c4
0,         58,         58,        1,  1944000, 2b08d429eb09b93e304570da36106a97bc45774245288477b63709c74fe14b20
0,         59,         59,        1,  1944000, 0ef901e158ed794e85615170888d6d13a418ca272cdb4121a4b3b903570e4fab
0,         60,         60,        1,  1944000, d6c1974463268e9785d27738303487675f7df53f9861a9755070b25f764afe09
0,         61,         61,        1,  1944000, b3153aab90b25a9be9c2e9f487940b22a027de49df6252ec2cccf3c46551bb0b
0,         62,         62,        1,  1944000, fb2b242826914ac133aae808f3f8893b652a6222838d2cae06c796e873b98625
0,         63,         63,        1,  1944000, 772d0357a70fa1cf3192389c35d00eb8b07cd2f829491c7d954200d419fd4ac2
0,         64,         64,        1,  1944000, fcb9c2353de85f247b84073c11bb2a51d663bbadb930b2553a36bcb9e1567b74
0,         65,         65,        1,  1944000, ff676520bf90b5340c729ba5c05aed5bd2558f1d34fa3018d860cd9bb0d2a9eb
0,         66,         66,        1,  1944000, 8e5378224828a676652871f4b403e60711b3f061026dbaa0adba43b19cdf700b
0,         67,         67,        1,  1944000, 10374131d7283ca965859a483efcd7238c726535d386ea19997fcf41c75b25d6
0,         68,         68,        1,  1944000, 147cec787009ae4a255a8295ea632648ba608fbffd70fcaee94bb4a4a45d71c0
0,         69,         69,        1,  1944000, e49e2f35b936bc247a5428faf9822bbc86fe76a7f86a40d9e6112ba684eb97f8
0,         70,         70,        1,  1944000, fa959be4ddcf33e253d24f0a0fe7f79bae0a3ba39f687465cf18ef8d0278e36c
0,         71,         71,        1,  1944000, 1fee64b5960ec1d3720b9b0ed889e1669b76e23d4901a53a2feeb9bb4669d409
0,         72,         72,        1,  1944000, c2b96be19740b34831e8649c9e7359617ebe616034510d6c2c0f7a948e987b3b
0,         73,         73,        1,  1944000, fbe1c6b480a156ab6ccc259722d4af097e316a116df83af221f778a862c2d44b
0,         74,         74,        1,  1944000, ab634e1f3a8ec2580a2b66c633531c19c82ead69905843733582ae391e6e3eed
0,         75,         75,        1,  1944000, 70cbfc63035ac616ceb19efcb2d84794beea89532d4739af5faa2e99a4e56896
0,         76,         76,        1,  1944000, 95f61c3226b573e791b4278c5d515a7b6128f172965581ad44ff7d004e0dbd66
0,         77,         77,        1,  1944000, 1823166b46681a4d39de834e4bc177e6427ae1676b2f8909e198aa4d958b3371
0,         78,         78,        1,  1944000, ffe8c17a830b295762e0d55dde4d9b35405f891930aa437c223e3b4853938ca4
0,         79,         79,        1,  1944000, 6604182f1bd6ecaeabebe9645780940f70e82400d059bc9469d64d43319f9b72
0,         80,         80,        1,  1944000, 13cf718d577ff62a18e5d92afc241499c95c7c5fd674850ea0eda833b05b758a
0,         81,         81,        1,  1944000, 82221cd3e43266d3bd5f3cd59bafe1f12dcd78509e88a80ddf75a6fad50eef9a
0,         82,         82,        1,  1944000, 87bf482e9ededf91ef823b75f56422542f2e52ca5f825f2865948fb4aaf14c2c
0,         83,         83,        1,  1944000, 63547df94160d876dfc0b4de44095064297717f4811bfe3a3cdaa9014381707c
0,         84,         84,        1,  1944000, 16d6eff829c962f8b0786e1deac66e39f2a7ac5a960e14672f559f097bbb581c
0,         85,         85,        1,  1944000, c9764905e6a0458a9677d58f3814b853878b5efb3b88bdab76693e9e6760efb9
0,         86,         86,        1,  1944000, 91870afbb493c9cceca2f35f74ea8200931beaea4084ee33eaa2541d2da68898
0,         87,         87,        1,  1944000, 13d4b6a14a8c32ffcb764edcdcd32dbfa1378430228015fc7dda59a12b15b524
0,         88,         88,        1,  1944000, b5b40771137acfff4b493f35a8d520eda77391dee8a91fa39c88971f29630b58
0,         89,         89,        1,  1944000, 34d34cbd2df5f0b4ae7ba4593901365af587f9f82e5e6a48cff079a00704d6bf
0,         90,         90,        1,  1944000, 372dae9a3b864e0cebcce6afc67355f87b0c6f3e3a9e148d5a5571d7da094d70
0,         91,         91,        1,  1944000, 8cd0170da4a62e584f874c6c0ebe24243290d48ed8b86a48e2cdbe8518480a51
0,         92,         92,        1,  1944000, 929ca2b2b2b869e788511c23484ec92ca425993e6fd045968273f9bb0e2dd092
0,         93,         93,        1,  1944000, 04beb8c7ec44cf0b2d09eb5956db4eaad9235f0c4d105bbb4c628bec1a9b8dd0
0,         94,         94,        1,  1944000, d9d067f8f1128fac6a9b9d65d5293a1f97c3a4f7d8be3bc2e5e9ecff5ce4c60a
0,         95,         95,        1,  1944000, fca5e87e226db088b5a847b5257fea2b00d7ed1ee01e508dd28a95d9f46eccc0
0,         96,         96,        1,  1944000, 91bcc9e718fd117f0356384e5b92b61435bfc8f6d3e50e6208c17f0ec5bab7f3
0,         97,         97,        1,  1944000, 6c4e0fedc7ee3331986154e8a048767f51fd2f1461daf18d7d33cdb5f8122fa6
0,         98,         98,        1,  1944000, 595c0399be17857b08227056899a18d0d8b05ff90e71c2af5b411922fddca407
0,         99,         99,        1,  1944000, 0e8ee6713ce28cbd92f741f52dda5946fdfc3121f74d48aedb1c7ad6ea5f5afd
0,        100,        100,        1,  1944000, e4e9d37f467785ec1d2b7992eed0f6f355ba510a295e6828b3bd4b120dd16f12
0,        101,        101,        1,  1944000, 0a90424658d7cf1cd26fa33c69ac4607eee9fe32bbc6115446eab5aad0fe7bfe
0,        102,        102,        1,  1944000, 7ba0e4ef94707b917725e2b0ae6ae46035623196ae3bda59fb040b34e3cce5a7
0,        103,        103,        1,  1944000, e8d9aa9cf5fdc30f469d3aaded0a011da1469d2af1ab141a54f22517132e4c5a
0,        104,        104,        1,  1944000, 7003d2c139cf589d636d51a0027422a1c2e3fc66e1f41524a93c890d1db51042
0,        105,        105,        1,  1944000, da9603403f1bf65a4e33576543359e64d40ac4e342a57da4fbfae50656b0877e
0,        106,        106,        1,  1944000, cffd0da69582a29c0347539629f1bd6da8aceb67fde0ab4e34468215fcf48530
0,        107,        107,        1,  1944000, 51a4761040d2f73daf87c07ab540f9eebd8ca14a21d97ba3de59192d4477ca84
0,        108,        108,        1,  1944000, b26516b853b8a1e3909a23b0f3a61367b10a78bbe0bde48fdfefa021b3606dac
0,        109,        109,        1,  1944000, 3733f72c9be274cfd2bf795e29acfdbf4468edded2e752133e76e07ebee3ebfc
0,        110,        110,        1,  1944000, 49e6b3fa0ec4dc5772fecee20dc33572988beadb0bc302c3ca62f5027a02a791
0,        111,        111,        1,  1944000, 59b66f1a5bb3dd46903d1ab1adb02fa829b35a4c75ac67ed423845b44ff24868
0,        112,        112,        1,  1944000, 62ac30b5abcca2d0e836d282a335967f3f15313b26a234bc1a37015f330fa75d
0,        113,        113,        1,  1944000, 2301e7d8a9ea29a8d4d385fe23267aaec5103345ad1a92ecb862f04c87682688
0,        114,        114,        1,  1944000, c37ac77afa9f64ca8c66eb385586b6a291f0be6ee6fb9d78035fb1ac5d8c073c
0,        115,        115,        1,  1944000, a90ca69ab44c319ef99725edeb5e84d1967607d2f324ca7d643b78c76b4e8281
0,        116,        116,        1,  1944000, f36ce916d42bb8639b904130128056374bb526bbf05b17c965a054f94372180c
0,        117,        117,        1,  1944000, 60406cc82eb23794c0dc7f4f387d41ffa14cd4f0f767ec02386e419952b8180f
0,        118,        118,        1,  1944000, 0eb93555c8c731bcd7b7e61d109cd3eafcaaa6c16e729930109c11b3b4e533c0
0,        119,        119,        1,  1944000, 719578039beb1292f7d488e7a316ca436cfc5f1c27a2a2b4199111b4817c536b
0,        120,        120,        1,  1944000, ae2fc8e2af925a13b02f81769c9f9a24a4aef279aa375ddeab468308ae51414d
0,        121,        121,        1,  1944000, 4c1a886acc8065c1b078293f79348f63dad8eb272295da8bf90ccf819d7365cf
0,        122,        122,        1,  1944000, c3f8bf5dfc9834541fb34e5173956e44f51c9e615cc73081c09c7fa490b704ba
0,        123,        123,        1,  1944000, 033d1164e302961e63e2ed1d90b88b96984da030d35fd64e39fcbfd54dfafc55
0,        124,        124,        1,  1944000, fb543d952876aae04c79cf70108e10f8bc8ab702982841b49751338e15938d19
0,        125,        125,        1,  1944000, 56d17766a8694bc468748dba4bb9ac722cfee302bededfec587daadb1753c073
0,        126,        126,        1,  1944000, f23c0a04eaf55879426136883cf2d0813aa42fab39cdc3658f925b0ddece7576
0,        127,        127,        1,  1944000, 37954d25c63b0acc1514646f5d050bf14975934a763bd31ffa2802d65bd5ad0b
0,        128,        128,        1,  1944000, fc9eff4b9e9811574a6ab480f757ed7238d21be0e98ea289b64e915274336eb5
0,        129,        129,        1,  1944000, e42233b3c3ab58637837323a8bd0ad0ce15563b818a8cfe70e41e300d0a20de3
0,        130,        130,        1,  1944000, d831d4e1851c63632625d8102967a35c731958ac3da266a5cbe605d11f7761de
0,        131,        131,        1,  1944000, 72894f9252c76ac15e99c70501fb2f33c6d0a8f2b53349ed64f8095ebfd20742
0,        132,        132,        1,  1944000, 35f332ffd289b39d33d8fcc2d8819c7817a8b36601db4c619ed21e19c4405e7c
0,        133,        133,        1,  1944000, caee95c8a75d975097b842f875d327a96a25ebfbe65250a9d46c556b1aa2c2da
0,        134,        134,        1,  1944000, 95dadb618da608f140495a58abda28f5e12d6f14e825547871c4f453c902c9a3
0,        135,        135,        1,  1944000, 97e208f69039a3072b14fd858dd4ee944034c190bd75344e7dd2c2b0b85f961d
0,        136,        136,        1,  1944000, 0be2f7b4605af1b2909e9aea3c4b211a3974d96adfa57155fd28461e282c346f
0,        137,        137,        1,  1944000, 971fd30fb6546451069d6afd09dc47c8bf7076e01d9f1a9ecfb2a80977bc8e7c
0,        138,        138,        1,  1944000, 6a2d40c38c850dd7cf0822d22fc0c9c16bdd672015cb559bf903008c42f6a26e
0,        139,        139,        1,  1944000, 322f161ef477b15c5d34b9741a72ca73b947c02d937bbf0c2d92428fa15966a1
0,        140,        140,        1,  1944000, 275cd3f623bddcbc5dc34c5d544040bac8a7fbb9405003eb317c1bd85ab602ae
0,        141,        141,        1,  1944000, 9023cd0d3738997b850c3588eb3d5a84a8b353e79e2699958b9d43a35adf68c3
0,        142,        142,        1,  1944000, d76b4a15df0f521533a05f00e21cb420051420178544c0792246aa03bc480fef
0,        143,        143,        1,  1944000, d16ae37c8a5a3d1cd244d72bf965ef8e344a848f6f47292693fa0414e6fe19f2
0,        144,        144,        1,  1944000, e2574228bfb9c84e640e7a36e61b04f8a4a95c575708981f52a330d91bdda987
0,        145,        145,        1,  1944000, 9b0c31a9a1de3f2656a82d41802914e0d8354a044027f1f78a742e31f0c1dea8
0,        146,        146,        1,  1944000, 2583de13dd40579c26c24555ca5df7cc54b3ab2f12c8cd90263cccc99223aded
0,        147,        147,        1,  1944000, f0f8d48bdd9a488ea277044b85795c9e91f89c53810bcaa311e65e2dc71cfead
0,        148,        148,        1,  1944000, 689b1fcb9083427e2fd4d6b1074cbc533fb01c7a7f80a1282ef7989e70956b0c
0,        149,        149,        1,  1944000, 39c4b24139cbd115a1d3fc10e332461b2fd7c6833efdce7f4fa8745f0e120d28
0,        150,        150,        1,  1944000, d7683211ee37efe7a9cf317267c96f222fdcc486c240973302409d956b30cdce
0,        151,        151,        1,  1944000, 2e6344bfcc89408f4fc7e2a014c96168c62da956076e7e99f6aa5fa2814a6fef
0,        152,        152,        1,  1944000, 72d32665bb396938ad880b9dba7451bdea1e29d9d65b2134bd0e122117300a78
0,        153,        153,        1,  1944000, 64fc6dd78d8fc99997c4b2f2a1aa8aae5da9c39890f6be37f064dcdbef73e7fe
0,        154,        154,        1,  1944000, 6a70e534604b350e907ad2f1150394f0a658b5b53494c7f35605efc1b6058a14
0,        155,        155,        1,  1944000, af16bb575d77fe1127858700506986007a5e5ce7de1a297ab8ed12447b4fd57a
0,        156,        156,        1,  1944000, af78334ebc989730bf502914131187d4a0d673977c11f58c12371e6036da7b72
0,        157,        157,        1,  1944000, 3def122ffc8077a22625deef2f321dc09b703453206964ba96eb62b1d08aee21
0,        158,        158,        1,  1944000, 7235e20c192cd14e2f1eee1f128b178f5aca95e5d6031c837d43aca357589b7b
0,        159,        159,        1,  1944000, 83892ed478558b6e0d59123293506690c55b2c0047063d76c14b582783ec29a8
0,        160,        160,        1,  1944000, d8722016d13f666e747a86ab6a3a43d4c5ab95ba363ac4847249dad648be7043
0,        161,        161,        1,  1944000, dbdf15c8b9a08af27c3f8d181301162b88b7b0541be1ea9a5416552468340801
0,        162,        162,        1,  1944000, 5230af6889fe030da3cc913abe2abcd8aba72bf2aa0a499d130bacf151190d87
0,        163,        163,        1,  1944000, 27a575c941bb3ad79b30e548f3663639fdc0f19a53e15715648e411b0f85fad1
0,        164,        164,        1,  1944000, 7fb2439e232a0795fc0879ed37f2f2165b7a624a673682a94f9fb9f0c109dc2b
0,        165,        165,        1,  1944000, 094e98d79cc9900414a03abcbd948737f7ebd7639d1b58ae1b5f705ccac64cf1
0,        166,        166,        1,  1944000, 7c03974bc06e690c34ea341a72f17651015e7917b74f7984e0718438d88b6aea
0,        167,        167,        1,  1944000, 94dda4136ad496325955358b8c9353ec9869c19ca6d9565f06223b37abeb0f56
0,        168,        168,        1,  1944000, bb7a56d9a3cffbb366bcfc1736dec22049b8d1bff03314038c9a85fa48e82c37
0,        169,        169,        1,  1944000, bb7a56d9a3cffbb366bcfc1736dec22049b8d1bff03314038c9a85fa48e82c37
0,        170,        170,        1,  1944000, c98ec66717a82edeedb1d09cf1ca728630077b524e011f80359ab1a3d854621e
0,        171,        171,        1,  1944000, bb7a56d9a3cffbb366bcfc1736dec22049b8d1bff03314038c9a85fa48e82c37
0,        172,        172,        1,  1944000, de8edc71a8f0c3f25e8b5554f6bbd306b61e10aff4fdcfdbaf03621710524df5
0,        173,        173,        1,  1944000, 19640190350e495262e64d973b94a108a61d18e9c88d7ad1ed2a12e0895b5c1f
0,        174,        174,        1,  1944000, 6f009236d5a5a4ac2873390541ccdd2a72b9a7ee8ddef7d105def2042e10a7d2
0,        175,        175,        1,  1944000, 2a95d67c76a2526162e9becc5c3a605df4e075bb2f9680c892e6d53e32a1de98
0,        176,        176,        1,  1944000, 0811b09a33876e91b8429efc821a42b49da1fb8504ad6f50e253d64bae11a7ef
0,        177,        177,        1,  1944000, ba0800dd45c479310e4fce4d8e4ae47ee0a3e580e87f25a1c85efce663e42343
0,        178,        178,        1,  1944000, 4fa5fa273aeb8b56f6155e2fc0bd28d8ca5d2ef3d77a2b4adacbe66afb2e8d49
0,        179,        179,        1,  1944000, ba0800dd45c479310e4fce4d8e4ae47ee0a3e580e87f25a1c85efce663e42343
0,        180,        180,        1,  1944000, 3a201804365117b984d261d65a7fc5e577d4255173162b814a5c0af312e025ba
0,        181,        181,        1,  1944000, cd300873c328f35f7eda481c3c0d11b27fc86e40f6ce369ad907bd6b71a0c1e6
0,        182,        182,        1,  1944000, 327158916dee8fe89d1b5c8887643b0dc057bc30d4711315e1545e7ee6b38d67
0,        183,        183,        1,  1944000, 094f774cfcc45737bc12d07b5417f14a3f6f552ee19f8d0a9f9cfacd2ce96a61
0,        184,        184,        1,  1944000, c1cb80911979ff66b4e462e70b345e4acd10525e59e7a9ee7c727e60f3830d1e
0,        185,        185,        1,  1944000, 37f6e058ac260efb3f7e1e8bb265265df250817f2880c118badd255ab588b20d
0,        186,        186,        1,  1944000, 86dc0a7b313a05102eb4446fe608cb3f50ddba25c41e9c856cbe7263e978b3df
0,        187,        187,        1,  1944000, 98631cfd1c5492db844f378271e101cd10e1deab855844e032c183747d64dcf4
0,        188,        188,        1,  1944000, 98631cfd1c5492db844f378271e101cd10e1deab855844e032c183747d64dcf4
0,        189,        189,        1,  1944000, af7d5c6ce24dd66619599f4342c010eb68ffcec49ca20e72d5383e15ee0b47ad
0,        190,        190,        1,  1944000, 62d0acc772c3aadb83d3ac965c52ed84273683b653f74f02c38bd86ce788aace
0,        191,        191,        1,  1944000, 21e59f18dcbd48ea8e643f0e5dd3ebbb52ebd4bc6c123abf67d1d9f7ea66b917
0,        192,        192,        1,  1944000, 5881dca8a431ff9c4b8207a3e961f61a94f457fb765e8347a21498c87ee196ef
0,        193,        193,        1,  1944000, 61b708f2927de2df9c1f88dbf82ae238f7c45ef09c448cf17339a9078f5c0cdf
0,        194,        194,        1,  1944000, 78805da82250097731c2f327b0c8eb3bf9d7e3bbcacfae63ae58a4256f090446
0,        195,        195,        1,  1944000, d87503b4c520247c3246c9aaa9701ce69b5bd9e8721bdaeab73b365490cd2b72
0,        196,        196,        1,  1944000, 8bf6ee8b82e4c927bb45227ea5991289afda0d41aa3da5a46d4c3268aa963f4b
0,        197,        197,        1,  1944000, 32d9bd59bd611eccaf8b1bc901458d8666be58aed6cd13cc3dd75e2725e958a8
0,        198,        198,        1,  1944000, a621b3652e907898b9fcb4919db442d08ba1daf2bf9b166036bb0cd951dc7ab9
0,        199,        199,        1,  1944000, edc296f1aa7faec5ef6a8c72e178209912e9fc5f44d54f98cde412c0551f4721
0,        200,        200,        1,  1944000, 52e7ef00ae0c064ad8d0bf124e3c5f35104bb7eb2c937455179b212b52329717
0,        201,        201,        1,  1944000, d0a8119f7926f0ad7b117c47dc45935667d06f26d1a6cec8f7a2b3cdc46066b3
0,        202,        202,        1,  1944000, 1e66b62e1e2c1ffdd2c156fac31b9fee5624c3d33ed7f01568be1c14a7189fce
0,        203,        203,        1,  1944000, 5f3ba35e3b23b92fbedbae39f7d95f4735facd33a429e3c8980313d1d1e9eded
0,        204,        204,        1,  1944000, fa0529e436b4131bbe8eda65c1ef1f05f968516c89e494549a4779ecb485dcd9
0,        205,        205,        1,  1944000, e3a38908fefc2c42cf9f830bb8e75e7e2a437d60fcfaf0e1382752e0e1b64a20
0,        206,        206,        1,  1944000, 6fed177bd53d5f542a3a4d52ca6742f9dccf95025652bef30a2191ddacdb02e3
0,        207,        207,        1,  1944000, f7f211e922d918f51fe39e38fb3a01514f80f086f1816d989e0a7a39af681b45
0,        208,        208,        1,  1944000, f7f211e922d918f51fe39e38fb3a01514f80f086f1816d989e0a7a39af681b45
0,        209,        209,        1,  1944000, d6b35b5d8cc9d4c4bbdc46b0fb71db794ba0afa6ad53ff8609954c84023866be
0,        210,        210,        1,  1944000, 7842af9a56498d18fa4af54974827f83e637c49e31ddc530ffe40a2a3e3ea2ff
0,        211,        211,        1,  1944000, d6b35b5d8cc9d4c4bbdc46b0fb71db794ba0afa6ad53ff8609954c84023866be
0,        212,        212,        1,  1944000, 97ee39ed8a4cb18d67c70a265d963f7645a9b13712873c5dbb6e467b471748ac
0,        213,        213,        1,  1944000, 611f5263174a45f649a4e53fb015296f1d397ed60446dcb15baa7204a1e919ba
0,        214,        214,        1,  1944000, 00438642bcc5bf945ae1de2d062b91af95da1372d4a1fd83110457f31ef7f3fe
0,        215,        215,        1,  1944000, d985df761bccf276ae71732a2b64faaeeda83fddbf7b707e4d7fb583aa4ca833
0,        216,        216,        1,  1944000, d985df761bccf276ae71732a2b64faaeeda83fddbf7b707e4d7fb583aa4ca833
0,        217,        217,        1,  1944000, 5f98413570a0eec36efbe5bd2744ae68944102ccbfc062b539b7cb681b8c7fb7
0,        218,        218,        1,  1944000, 9d82054adfcf8cd9e47eb64795e78e2838dea193f30de5ffc5df5c994a05172f
0,        219,        219,        1,  1944000, 01b4c4035c04dbf8edd686f718e04abe3254f01f7be1edc6242525b09ce9c0f7
0,        220,        220,        1,  1944000, ca9cdfadca2614f5aa87507459012c9d13542a0ce95c008a190872a7f2fb070d
0,        221,        221,        1,  1944000, c61277dc98c7b895cf9d34d60a3ccccc6a8bf90a83c743b682879dcad8f40a4c
0,        222,        222,        1,  1944000, e292e2dd8f57f11a0987c419be8a0cd0a2fcb61b95d6033bd3439a0407d13ca2
0,        223,        223,        1,  1944000, 876a2c6b36dd94ae42e3fa567401df9e3352902e2094eb5ec20c411bf280802a
0,        224,        224,        1,  1944000, 87b62a6848dc50cc50fb9980a8c041a90cfac5edec8f8326c7cb41db3dd7bb68
0,        225,        225,        1,  1944000, e24eb43d4140d1fbe2f2cb03811d9a5162db12bfa9664a5eaee35e6261beae6d
0,        226,        226,        1,  1944000, 42801203c2af4763d638c0f9d8c591a4230b337b2be726aa10ed4c06f36b4be2
0,        227,        227,        1,  1944000, ff4e4bf3f03df1c82f89a18f4543c71d5d4ab44fdbb81b259063b87a37364a9c
0,        228,        228,        1,  1944000, 8006b2a85185dfacd578f50a3782ca0a5f10c5509cf2e1384728b44174383026
0,        229,        229,        1,  1944000, 2699839f6ce3d489a0bd03d23dc0391100207b55355b701679d6a1f22948a35e
0,        230,        230,        1,  1944000, bdec6582ff413a66e984f8608c22f86e7f25b8790c4928421947fae129939fbc
0,        231,        231,        1,  1944000, c61d8529345ad9dd965abed3ef33019a0bebfb41a674b1fb391ea8f543a44c6b
0,        232,        232,        1,  1944000, 9ae09dc29e7289a4324f3222e9358daaad8612717cf44cdcc69397d72a9604df
0,        233,        233,        1,  1944000, 1234c0b3051b9438089ee6308b2673fc4c57e5727ebee239ec15f9418c53e5e3
0,        234,        234,        1,  1944000, 2070e7be7baefb08692e65ce2f66346bf1587eb976941f62823fabaf4e24411a
0,        235,        235,        1,  1944000, f36820c2d912f27e90e9750121d425476027c1085b2688c8a2310db427915b11
0,        236,        236,        1,  1944000, dd4fda39a466f642417d852ef6397db3e9fd31e78327872b1a3376061bcb2e35
0,        237,        237,        1,  1944000, d45802705f1d2b8815ab1b1a657ec46c24d2cc550006544ea5232f33269c9038
0,        238,        238,        1,  1944000, 90d81c425a8550f86979b9090a1d464b331b073d17380707a67ee065f4970ff7
0,        239,        239,        1,  1944000, e3bdf42758e982a534122adb3a84a19b7853119daf2ea8f2895424113917882e
0,        240,        240,        1,  1944000, c043c9b2ec47e999be2689961445d7ba5aec1beb86da02867a6fdd7b185b307c
0,        241,        241,        1,  1944000, 3a5f882ddd4f7a343cd193c269470b6278f596c847d39a4fc11b796e0eae07d5
0,        242,        242,        1,  1944000, af06dc53f71e70dd1bae007d210809bf752109af363a9d61adca99188e5ad107
0,        243,        243,        1,  1944000, 79fb6a91c91b9651c891ff3dd2bacf2b632192528a2b4f67c0cfb66c0ebe38b3
0,        244,        244,        1,  1944000, b1d418ea88656f002d6c5d1bca6775ed24d3ca96d839382d8952ddc2a28d4fcb
0,        245,        245,        1,  1944000, e3a0e599f40d84e756ad34a14ecaedc4f328ba708dcb2d39375218205e1b7d2b
0,        246,        246,        1,  1944000, 00f279d0b00a1b04c02aec9cdda0f32f2ea271438ca3316a8c05ab9d85e2468f
0,        247,        247,        1,  1944000, 37e1d11c9197d071990a731e47ee013a58ad5db2ba3914a38b247bfdc877f607
0,        248,        248,        1,  1944000, 22113656eb8f274a1d03a0021ae9a5c0841a818cfa353be6fd13b418172801c4
0,        249,        249,        1,  1944000, 9018d51c147fb44ab6269d33c62e3eeb30adafaf543435101f1392e5b3a51b41
0,        250,        250,        1,  1944000, 4736c7b0b8a3141c3a95b72f791f988e11ecee6367672777fdc6344bb49f94f2
0,        251,        251,        1,  1944000, b345f1f7a52328a4e2ed3f66b7f7dd8f8918e901cb024b43924b15197c765676
0,        252,        252,        1,  1944000, 0f686fcdd5f847904b69cd498780e067e2c821d1e45be6a02cb864f027331230
0,        253,        253,        1,  1944000, dd270473eb25c54f8e4c76e05d36dc06a39e854353c50917b895394cdf10fbe0
0,        254,        254,        1,  1944000, 4d0c66b2318a7583bb47e9c39031f310f10f968089ce7213e59984557150d274
0,        255,        255,        1,  1944000, edc43973d41a78bfe658c963bc154e08d5c84728cf6ddf6ca022ea06d7363555
0,        256,        256,        1,  1944000, ae67c4cae1683f897fc0baecac5b546bb9dd62281ef9f0d53e56d43afe8a6dc7
0,        257,        257,        1,  1944000, 70b695c31a7406b1f47a94e2a3cfa97962d5bfb04780b57bd6aa7aead57c5157
0,        258,        258,        1,  1944000, c4c114a016ba0f01df5d800b87410630d09da291320ff4d32e67664624f03f07
0,        259,        259,        1,  1944000, c4c114a016ba0f01df5d800b87410630d09da291320ff4d32e67664624f03f07
0,        260,        260,        1,  1944000, c4c114a016ba0f01df5d800b87410630d09da291320ff4d32e67664624f03f07
0,        261,        261,        1,  1944000, 60fec46b92e1f67e429532f98626e0fec76e4a6ae4c00fdd893d35621592f60b
0,        262,        262,        1,  1944000, 60fec46b92e1f67e429532f98626e0fec76e4a6ae4c00fdd893d35621592f60b
0,        263,        263,        1,  1944000, 60fec46b92e1f67e429532f98626e0fec76e4a6ae4c00fdd893d35621592f60b
0,        264,        264,        1,  1944000, e49e3e617a3ea3d3dea7b9c0ea2b8e0c98e4a308c304037d1612dba5db7fea65
0,        265,        265,        1,  1944000, e49e3e617a3ea3d3dea7b9c0ea2b8e0c98e4a308c304037d1612dba5db7fea65
0,        266,        266,        1,  1944000, e49e3e617a3ea3d3dea7b9c0ea2b8e0c98e4a308c304037d1612dba5db7fea65
0,        267,        267,        1,  1944000, fe72bcc76de9ae3ec7abcd660774570d183623bf9a4e0af6cdb5b41a468dc1eb
0,        268,        268,        1,  1944000, fe72bcc76de9ae3ec7abcd660774570d183623bf9a4e0af6cdb5b41a468dc1eb
0,        269,        269,        1,  1944000, fe72bcc76de9ae3ec7abcd660774570d183623bf9a4e0af6cdb5b41a468dc1eb
0,        270,        270,        1,  1944000, 7c200cb35a0b5f58b9136c4df312cb41f973d478aea793eaff4f2d923dff837a
0,        271,        271,        1,  1944000, 7c200cb35a0b5f58b9136c4df312cb41f973d478aea793eaff4f2d923dff837a
0,        272,        272,        1,  1944000, 7c200cb35a0b5f58b9136c4df312cb41f973d478aea793eaff4f2d923dff837a
0,        273,        273,        1,  1944000, 7c200cb35a0b5f58b9136c4df312cb41f973d478aea793eaff4f2d923dff837a
0,        274,        274,        1,  1944000, 611b7d684da3bf71d1c6fcb395fb8a66f593109e0c33ab9d0dcef9be4f8b2213
0,        275,        275,        1,  1944000, 9e346b6b7337d61c6ff5b37bc53a7b4343267cf3c75a3d5c3b506105b66a86f0
0,        276,        276,        1,  1944000, 9e346b6b7337d61c6ff5b37bc53a7b4343267cf3c75a3d5c3b506105b66a86f0
0,        277,        277,        1,  1944000, 9e346b6b7337d61c6ff5b37bc53a7b4343267cf3c75a3d5c3b506105b66a86f0
0,        278,        278,        1,  1944000, 9e346b6b7337d61c6ff5b37bc53a7b4343267cf3c75a3d5c3b506105b66a86f0
0,        279,        279,        1,  1944000, c032b5e7a4273060d823f1346cbd9b367dcec821ed828dfbcb19031e94d89791
0,        280,        280,        1,  1944000, c032b5e7a4273060d823f1346cbd9b367dcec821ed828dfbcb19031e94d89791
0,        281,        281,        1,  1944000, c032b5e7a4273060d823f1346cbd9b367dcec821ed828dfbcb19031e94d89791
0,        282,        282,        1,  1944000, fc20e2c862f548d0ecd52672de1b8a19363a63e5c91c38a074b4b0f4c675c344
0,        283,        283,        1,  1944000, 1204cd4fdff6597d674574f815250a65ea96aa7e8e7fb0c4deded86d33642d42
0,        284,        284,        1,  1944000, 17b4da0d299061abcbd6a8bf3d6a3255dc9e46ab83dff21ca888bc22c238f1ca
0,        285,        285,        1,  1944000, 951e2808a3919bedcc09165d4265b51dcf3ce7bb3876686af2a10465c9e83972
0,        286,        286,        1,  1944000, 6043ce7af0eac9d9408d1ec5deacba2e027a20513fc3311c0b676df7cd59f7d4
0,        287,        287,        1,  1944000, c8f103852f6ada924dc503614cbe324b73609ce8c8c07b42f66eab42c9d12703
0,        288,        288,        1,  1944000, 2021cd05d3a560755acd50fc29e6fe145a0e192e09fe73684d61d31dab847bc3
0,        289,        289,        1,  1944000, 024ec3b12aa548391a10be4de0e3dbc56da376061248ee61d7c4d3bce8b07874
0,        290,        290,        1,  1944000, e0a67316cedb1ad4c2e50436d87ddcec8975bce0b1d1761b5af2e0026ef90bfc
0,        291,        291,        1,  1944000, 24113453e8bad838c09d7b4d0d39262d498ce13f57ba1b54ae1989f0ac472e76
0,        292,        292,        1,  1944000, b106bce63c156f42a60a3ca4ed24da0b59091cd61156f246cbb34641d6626605
0,        293,        293,        1,  1944000, 1eb299120973bd3b56f773be3d90882ee43488a4ea0dc78ac816df60969f94c5
0,        294,        294,        1,  1944000, 0d2c19e537aa3371c7a60fec2f3afb0b96355fcd80659c2241ab755194dcaf35
0,        295,        295,        1,  1944000, 4520ea056ada90cc0d24c0658ebabd4dd23b7c45510d8827c31be7b289e01f09
0,        296,        296,        1,  1944000, 2812bd4b8795cc7c7685128e4e38e16a592c45a929b6279d87bfe208d4ba5850
0,        297,        297,        1,  1944000, c73eda799e6062e9a0b40dddf3bbb14123b92c117f4fe6569410cdc08b29c150
0,        298,        298,        1,  1944000, e9ab42d35d86f65a5b4f21679da3f08a98884cdd58f544632bafce10e25a2f5c
0,        299,        299,        1,  1944000, cbec6b47a1360b280a6088fcb9c9adbd1cbd281262131666cc5edf742711308a
0,        300,        300,        1,  1944000, bb293c9158a39dd861f0f2a65f963df73e0d9b464b5550e37dec234394df9aa0
0,        301,        301,        1,  1944000, ac9a5265b25810e4342520e65ccb572e7120fe2d07914b9094390106802b7f6e
0,        302,        302,        1,  1944000, 252391e5168c4502aef4049bab37776bd49047a7180ddcb5cc642fdbd2b371bd
0,        303,        303,        1,  1944000, c2952742f83c5ac4e09498fd3be311085c797ef387691b50f3190d7ffc7200b9
0,        304,        304,        1,  1944000, 52e2b9b7e2e3c7618d55944f496cc398de0b7c4d6146f675e6e332f3ac86da02
0,        305,        305,        1,  1944000, 818cad0fac4acf78db1075fa9f8a1b2f46fdfc01294c869b858cab620d1d209e
0,        306,        306,        1,  1944000, 83bf1ab1e50692f9828b3dbd4c2236e6fb40bb063ef3b4c9ce5f60604d08a832
0,        307,        307,        1,  1944000, 8d27a38e502d08f84544bb3ee5ec19ca0971a2cc7827edd5d5dfad4546ab728e
0,        308,        308,        1,  1944000, b36c9cc9f16963dc4d2eb4a4b15a839248141ebcfbd2f2f3480ea164f50db965
0,        309,        309,        1,  1944000, 90d45836a438ca137be1f8bf1091bfa80d63970002b4218ce497497300cc2ea8
0,        310,        310,        1,  1944000, 4879cd0c29ed5950bce1cbf672ae70950d951ca9f3c7b1b186d5a7caa554deb8
0,        311,        311,        1,  1944000, 6eea2dc2f374a1b3759d7121a21db5044909c28d260aa4e8606076b060072e43
0,        312,        312,        1,  1944000, 55c1544d5172a3da869e96af79dff948189ce00d35ed0489dfc12c9618114eb9
0,        313,        313,        1,  1944000, cdb90fa09bb0c7906205aadad3f1cd2bc1d84060f4fe5a4f148ed677aad256ab
0,        314,        314,        1,  1944000, a2ec56373c7736ed7839851e473c586b79edb73ba60be93970e0577f7f6c3c03
0,        315,        315,        1,  1944000, ac0e842f13d3bb9be56f9cca0b25268c4ae83b8bc8c6e60bb45fa06addddd3ad
0,        316,        316,        1,  1944000, 0393a686d230de6011e8c2c01cb89e8fd83d7da327b006b683ceecfbdb5a8b0a
0,        317,        317,        1,  1944000, 69ed9031edf6261954bf54240c4abc90aefa6d705e45d2bedb31ca663f473067
0,        318,        318,        1,  1944000, 2f8d3d945edc01b94c943bded9c1fc0bc779089954eaa8ec7f4e5e457792ba2a
0,        319,        319,        1,  1944000, ea4ad861e37ab5aa8ce223427de753acccc8c77ac95c9dee4afc4bee6d7f2ef3
0,        320,        320,        1,  1944000, 50aa01f699e89f83d3600255f6c412a4eaece94f63e702727bf1d35cb0796dae
0,        321,        321,        1,  1944000, a63e990e602cb391600f0945df73406080ff407ecb480ed20c10cb317ae4ea54
0,        322,        322,        1,  1944000, cdd272597adcc886dd6376e69c7f39f1382fdbc15ff6d6de02668487b3047dcf
0,        323,        323,        1,  1944000, 29b47998fd885d84b13eb12ca6e7c922c4d0ba80df0b1cad4edc04d19cffad66
0,        324,        324,        1,  1944000, b66eddd3dc233020d78b1316f78637ee9971a7191ac670eee79dd4d25dd40700
0,        325,        325,        1,  1944000, 112992af644a1c9af0c33120cd722249fe754d108506e08beecc00263162199f
0,        326,        326,        1,  1944000, 31a2bb7d309eebcf40917d22d160664e52fe7d31b48910641fb5cd056b6eebbd
0,        327,        327,        1,  1944000, 01c88ad38a1cae25a985c80ba1a15b2a28b785b39386fc6bec20e2bb93dd3a7b
0,        328,        328,        1,  1944000, c212a9f75a2b05f12bb6c95a67e7c1c5539fb0503898fc11e3030117206c87ec
0,        329,        329,        1,  1944000, 20ec2527414320885e6abf497f54602b9e6a4b753be35cbed552dac2a617b020
0,        330,        330,        1,  1944000, d72061cada4538ae62191e2d0232a41161123a91bbbe61bbf172a705c5f17f63
0,        331,        331,        1,  1944000, 5ff4cf1cb40f8f6ad4b7a6a0419179857b4245e077101eee06ae37332428af4a
0,        332,        332,        1,  1944000, 3bbd495e1d81539e397f145e29a010c3f47e2f858e470b94f6e5874321a02f7a
0,        333,        333,        1,  1944000, 8aa86417a91113a51388f3355da37843447c27e1a7648f99ea87451bb26e300e
0,        334,        334,        1,  1944000, 0c44b460a6dd9374381966231579687aeb3f50efb6306802cf5f494977dbcf18
0,        335,        335,        1,  1944000, 8094fcda13d3ed9c2e8a6626d4deab4e6785e17337f4d3515539725371009f19
0,        336,        336,        1,  1944000, c345081fbbbeca756d15553e52af61bc408c8008ac27c85878727c3bf1dcaf9c
0,        337,        337,        1,  1944000, 1c934bfba9758503995f6cb656bb6b695973ba2c6e1e4a279967b26f996ed2e2
0,        338,        338,        1,  1944000, 88e7bff99a04e40b38160a67dce21e3be85c73519ee05b8a4d7df1cc1f1d6b33
0,        339,        339,        1,  1944000, 2df1500eff048a5fc3fe43113cbe4e53c7b64e1ee9d36c8908d2d5058f2c2d0b
0,        340,        340,        1,  1944000, 683cdbf15afb212513e9a26910337dde4294a11ae72c12c2f18e36984ebaa47c
0,        341,        341,        1,  1944000, 546e6f26943ac00d51010b338f5c0cf9847be978a216102096ab894a67eb3e7e
0,        342,        342,        1,  1944000, aef1ac89563ef87bf2825dd664c348b99f1ca1626d0823055d125e8513448f6a
0,        343,        343,        1,  1944000, d050eb09ba9848c0a7e0ddf33deb2bece675f4d3ce6f37bb9bc622df922a35b1
0,        344,        344,        1,  1944000, 0f06ea5e1ba8c02b22f3d283a94d5c931b1d7128fd3ed2e775e065c96a235c73
0,        345,        345,        1,  1944000, 0c6a7eeeccfee22bf1798c7ffc0a05bf5d1dab9df90fa0554f00fd97bb4da7f5
0,        346,        346,        1,  1944000, 86266d96efbb585dcf5c8175b26c2d7b90d210eb3861857c0e14b20ec6f24913
0,        347,        347,        1,  1944000, 44e94f916e76ac3f6a8a5bfae98327e227f99ffb878faebabc1eb15b4a223b13
0,        348,        348,        1,  1944000, 3cbf498d0b5f125ed5ea162fc132212730fa709e8ea1a20180bca007cf295d18
0,        349,        349,        1,  1944000, 24756a2ba4e70accf128bb9b7450ce55cf22d8ba14904d03b51091d06b9c69b9
0,        350,        350,        1,  1944000, 6cad5ee495573ae765bac3a55310d7a105b64a34774a59657f6b45ffdfbe3404
0,        351,        351,        1,  1944000, c52ca36377f84c7604f0c1ce163b7d9a673682ea77ee8958fa420941c65334fc
0,        352,        352,        1,  1944000, 32dc20ceae6203f6ba3072484b00c42a26f044e7a460d0413c4889fde184a934
0,        353,        353,        1,  1944000, aebf03fc2f1075b4027ef0f14d6793007faad047720a66ac5fb7ffda7ebf792a
0,        354,        354,        1,  1944000, 440573d7adac2dc483c82ff629594c44aa0784ab0340f29ec1532b6ee2c71fe4
0,        355,        355,        1,  1944000, b9a59df9ac0d33ddaff9aa29dede5b01c8bad4f73ece9ff873ccd45eef7d63e1
0,        356,        356,        1,  1944000, 61c351c2fd17b5f076ba8916607db52e9aa66fefca93cea337a5b67b4d2e10ec
0,        357,        357,        1,  1944000, 67d0c709092289e9749f6a778317f75525b6458afa109175257baa28de10a7af
0,        358,        358,        1,  1944000, c404956c111ccd418b2ecbd624cdd17e7a40b7e52d84e25868f5ca336929d627
0,        359,        359,        1,  1944000, fb172e71732ce0b5ab0bf1d7af7ecb9bae51599daac239c6a34e6531a64308d0
0,        360,        360,        1,  1944000, 33dd9e7da6381d88d87ba9cdee5d9c7750015f85002022bd2c3c2b187828f7ce
0,        361,        361,        1,  1944000, 896ad9bf291045f01d8b29c31b709aec912a525934f4017a3414a1740bb1134c
0,        362,        362,        1,  1944000, 2babf5dd26de31f0301d80a955efdcc4efee083b2e20eb7f4f8491927df31a04
0,        363,        363,        1,  1944000, b9fe2b27a065ca47c1fe667e1fa8c6e12b942389b14702b9a59757cacb41e620
0,        364,        364,        1,  1944000, 1d76cf690be02d5913496cb7aa23f86c61caacf6952419bb925d8771a77c6207
0,        365,        365,        1,  1944000, cac49d4881b45c956fb11f8858a17b4c858c7f1788478d3769553496375544f6
0,        366,        366,        1,  1944000, de784b6db90986024250419013fe7912ce4a9a3fa3f15a4cf99ff368d5fe50de
0,        367,        367,        1,  1944000, aebe98e8ad08c302abe5ffc3249699928ff65050c8aa265f5f58551adbef739a
0,        368,        368,        1,  1944000, 52d15886cea2ec7c2e16603d29fa9e9b816a618f00f5167f4fa83aee5e658360
0,        369,        369,        1,  1944000, 27a1ed2feeb7baa8a2114d57ffe45339a9cede2fafb1407117d0252702c9a68f
0,        370,        370,        1,  1944000, 6b395183871bc044beebc378e7b3aec784b5e86c03040f799c98e1912c342953
0,        371,        371,        1,  1944000, 2a1a0e95dcf64b00f86c397b0f4aa16e6771917957fafb01132368f85b59f3e4
0,        372,        372,        1,  1944000, 6df06aa0ba90a06d0fecef619aa5280380bc68cce7b7526bf087e947a6b4c30c
0,        373,        373,        1,  1944000, 5a1b74c7165da027ad1af51cb017d8e2ccd4885b9e8becea9c509eee9be02c1c
0,        374,        374,        1,  1944000, d0bf15209a0b7e7abe782d1d2f0a5882cc243fc1505f7608b9bce78fabd57beb
0,        375,        375,        1,  1944000, d1852ed6822e4f01999c11e8ffc3483cc84607632a8f259da4e2e3cc069fb325
0,        376,        376,        1,  1944000, b3ccc4f626e342f5ca3dda7de03327d5b2439f1030b6507af49e4fbb6360a319
0,        377,        377,        1,  1944000, c77e952200e3f020a5de20556911345caf8881ced071688d932de1103f36a833
0,        378,        378,        1,  1944000, 571b093d514e4ec60c9792d2974df0dfec691b923c94bcaa23b2d6293f2f22bb
0,        379,        379,        1,  1944000, 39a255506bcb4b6c38b2f25b15c1d05d21a2486ace510f4f3f6c327ddddcbae3
0,        380,        380,        1,  1944000, 5055c7b9b2fb32c0a2b68042203d35221c4b015ac4163a99fdcfdea48246a265
0,        381,        381,        1,  1944000, 8ff6c6b736a0e5c9b54db3c9b539675c2ac68840e85868a344d79cea53cb982a
0,        382,        382,        1,  1944000, 7ba0ccf5d1d3a1cc5b9d4d0f5cc8e0a09ad97cb5a08545bdf239ebf2bc84ae86
0,        383,        383,        1,  1944000, ffdcfd725fb19b04463ac8a800f63425839ce13a42f62bb10b4e8ecfcf6aebcb
0,        384,        384,        1,  1944000, 05c5bfa23236edb8ee645fa611d355d98716d8ca453bee923f10afed27780dd7
0,        385,        385,        1,  1944000, 7e8b2e484988f8b36bcce446f0de1913cd4e7b0b896def7a96df0f138a094ecd
0,        386,        386,        1,  1944000, f279a22ea240c767ba09c2a4331f4fa216beb5fca3e1a5fb4a5bdbfe98d1fa65
0,        387,        387,        1,  1944000, a7831fadba3bc9c3600db11cdc5a74f071c97579836fd40678ed9206ae3fb609
0,        388,        388,        1,  1944000, ea837d63dee560315ae4614930e9bf5ac6664a6aab0cded80087a459a1fad215
0,        389,        389,        1,  1944000, f845f21ec5f8764ba6a88bd68923474506cbec4874b561f4cc2c16d8b10c85dc
0,        390,        390,        1,  1944000, c4d18dccd9ad71d55a720830136dccf22bbd8965ef2fe8e0c6b7a9ed28a4d7f8
0,        391,        391,        1,  1944000, 2d1039ca7cdf1fb628d7b4fc5947377726795f6e4fa5530c4998f82a5c1c6759
0,        392,        392,        1,  1944000, ca25bf3ad103a714a08c22f1411e59f5088b6ea3da7fb2eb6ede540b049e165a
0,        393,        393,        1,  1944000, ed49c5ed4fc4c00cb3dcaa1d0ac6a039b304a4a963033d061e3da7244ac7e848
0,        394,        394,        1,  1944000, 0bb2d53541de905bbadf46d4724da7e611087d4788f9f1a735a39af76e52f74f
0,        395,        395,        1,  1944000, 0e08c21cceec08b1b5f213dc1a88f62ce6bebd38f55ffb35a9ee9596420f5a73
0,        396,        396,        1,  1944000, ebd019a047fb7fdaf1e3087ff42d000064b143e23c26be54211259e0a282f3e0
0,        397,        397,        1,  1944000, b8c792557182ee9dba04009011ffc735b55c07230c2a8c6d337b14a5f4fd09c0
0,        398,        398,        1,  1944000, 1ffc8ea1de6b2b88fb2318c205a5ed76da7098bcfc0bc4209c4d941b453e8ded
0,        399,        399,        1,  1944000, 379067d6f38cb1a911f0cfeea14ccf192deffd0a0a85eaa11684b816ba3147c6
0,        400,        400,        1,  1944000, e599937c6ccef4fcf2867a504db82fc9b2f51438ba3eb1598f33cbe4bc053e86
0,        401,        401,        1,  1944000, 12c46acfaec9944e35e1b951400b7a1028545736b001efdc0c1981d373525542
0,        402,        402,        1,  1944000, b6eca153e6bca5e6383784590d26be9ea92febefb5be667583adba74b987f109
0,        403,        403,        1,  1944000, bb912773cf504d76fda6fb37156eee46a76c7dd3ade23f67f126570059b5465e
0,        404,        404,        1,  1944000, 6c76c4243e4bb699e8ab1678cfe0fa2e8314146c29429cd9671c917e6e9d2a13
0,        405,        405,        1,  1944000, 5ccf8a068dd8189c16c93d26dcac46f471e50d191937294053052c70e2452a5c
0,        406,        406,        1,  1944000, 2ce41c02fad3281168b9a62fb4c39f1e61078582d6d33a53e32d3760d55e794d
0,        407,        407,        1,  1944000, f91afd4f50794200af9bc98f5a383606a7d64e8a8783b4748800a2ae3bf0200f
0,        408,        408,        1,  1944000, c25c8d339cfefc79060fbb7e2940c79c9a88cfc17e90549a0da505e2b3a9163d
0,        409,        409,        1,  1944000, 544c487fddd7795f52846101dbbfa7c7caf60fc0d16a51ea1cdd4a83c0289ef9
0,        410,        410,        1,  1944000, 311f2cb300f93b22da142fc486a9c49eac810e1ea334648a6ed3f62f5863e3c0
0,        411,        411,        1,  1944000, 6ff1a715ee430bde54b60af9910996bb559f83777e74d4ef561c3471cfe86b55
0,        412,        412,        1,  1944000, 2bed216333b98e3111e541f22de8299898914b34417543428548590398547256
0,        413,        413,        1,  1944000, 84400018d78d7318a21566752e23078926165d3a0a750e4fe850f7bb5b721041
0,        414,        414,        1,  1944000, ef0488097dbf22f328139101d5dfb96dd695ed29c2a9f4529990d92477d4d0b3
0,        415,        415,        1,  1944000, 63bc010a0ea8cfe0aadc7676a4d95898f0a70707d468e751b767588da23a1789
0,        416,        416,        1,  1944000, 297804cd57f1e986c2773afe7a6c37addaf5d627a0d2a81344a0f07f556f9675
0,        417,        417,        1,  1944000, 39f4226b09aedf7e3e3718c744b556357f080b5b048bf5a864c360f9bf49aeff
0,        418,        418,        1,  1944000, cdfc9ec071d6addb940574168103815603d534ba15575ffc736dac41d26f0707
0,        419,        419,        1,  1944000, 27359c91b4f19d53db8796bf26cbd49a89ba22d346febacecf50290a505401a7
0,        420,        420,        1,  1944000, f274b187cfa4609af2899848ecd14a317b56f144c9e3e24b6f95feae6d0f1a39
0,        421,        421,        1,  1944000, cc726a031393619bf2079a1e5e1e0a5220c5db285c731107cfc2f5a224a2bcfc
0,        422,        422,        1,  1944000, c3746f9779c483843f97340540ca702722494576f06df2051dd4642f23ff342a
0,        423,        423,        1,  1944000, e6c71a71e0e04f3fc4d62f1e4c6e6337671bc61718cea9fd277635cbe3d59ae1
0,        424,        424,        1,  1944000, b779dd155ea7096612a2ad02f2554ad6348697a994ffdadeb7dd53c1da4dea9c
0,        425,        425,        1,  1944000, 9a30bde3677591fce22748abbdc1c1c6d46529106feb2e91fda3abbefaaa553f
0,        426,        426,        1,  1944000, f53f56e7cbc591c1a059e07af869699707124a91217d30b9b78e91498159d77e
0,        427,        427,        1,  1944000, 45fd6c1c35b16ebb4a1b87b282c483a15422b71a019e888729e152f9165541c1
0,        428,        428,        1,  1944000, 423aa29011fbb757616e674bf7a6d35e5729ef7f7d492b55597bf35b5a84742a
0,        429,        429,        1,  1944000, 51192d84129596b63568f51288cb512c1515a469f0c9fa67cc9e0426d90ed252
0,        430,        430,        1,  1944000, 2d5e5f7a4532f19220a2055a07dfa52ac00eaefb1712753a2e7274d086b9a014
0,        431,        431,        1,  1944000, a67edfed66c75678c2a3ae5fb5e0fbc558825a49ec6e1e2172515daebac416a9
0,        432,        432,        1,  1944000, 4d7f4cc95a26e5cd708bfa9d10f45c0b10fba54c6a380f8d40640ae2b23a92fe
0,        433,        433,        1,  1944000, 820079a3c591d46c61474e9e5a6a7237e6b0ca904e7c1624f2122918b7217253
0,        434,        434,        1,  1944000, f91b74dd25d87904d32eeed1b6f212dc39789da86b762b72538e918ac7a1a2cc
0,        435,        435,        1,  1944000, 69df4bdb19d8d2f9755050c21bda4647de93300fde95714816311aa904785d73
0,        436,        436,        1,  1944000, 969c30fcf14263c16dc50113ede0038dd8dbd00a05fd257e864d962ca7217f88
0,        437,        437,        1,  1944000, bf8ef29abce79f68ba8b44a1c9d301bea40e5a3e9fee31e42d2ebc5b54939112
0,        438,        438,        1,  1944000, 0325c02268316846aee5813aea52c462b922fbc2d96e95d29f9f3590fe57b72e
0,        439,        439,        1,  1944000, 6d647d58cceb7bbd72057fa1eec2ff2f6c7556f902f6d3e00f1dddb4cb04b9e5
0,        440,        440,        1,  1944000, 36b4aa5c998f615019bdc9828179558c0900beee56a7fc80b68864e34c8f0b14
0,        441,        441,        1,  1944000, 76ef0437057ea46f0494277f93789891e6624eeb653614ef321ef24d05c854b6
0,        442,        442,        1,  1944000, 7067f1697ad17eb1e94c0d9989fa32b93fe59c76325d7d30a4285277484bdda2
0,        443,        443,        1,  1944000, 7f95a85f7c0a27ace22b9074b2c94f400f9fa6b073b3b5be6f3fc752dee062eb
0,        444,        444,        1,  1944000, 03d8ce25d63ce8f5f32d672053d984e576e6da9d2f29e600e825784a2d103797
0,        445,        445,        1,  1944000, 898cab7a5448f5849e97c5d4a6dee069ec3a00f6e9f9357c6c5e6a1b3d319ada
0,        446,        446,        1,  1944000, 7e3245941950413200b83f132950be9c77ee0188e7f5de4943ec2016fc80632e
0,        447,        447,        1,  1944000, a05c43ba4e969fc15a3e8a4c0367f1832a0c8bf061e580c2dcf61d745781bb2c
0,        448,        448,        1,  1944000, e14b0f401eb1ec04f9f3a0ff6c0623d79aa2773d22566538c7d14480ff4416b8
0,        449,        449,        1,  1944000, bd4fb275069c3e0509bf86487cfa78d85eda1dc0a13a6cd1af0cc26ad045771a
0,        450,        450,        1,  1944000, 8a2c50543c60249cfe6f0f876892b36ebff12989246e3fe763310b4e5a535c37
0,        451,        451,        1,  1944000, 9634f1136c50954a6e432d1f96a7070f9144dbb638a4338d7410cae70e2e2a01
0,        452,        452,        1,  1944000, cd47f68b58f3653b59d87dad12e02de2961c989e63bae949716ae60b8949e2a9
0,        453,        453,        1,  1944000, 86b5747a4ce81ea6c0602d97533af8cd5d151def33999703999c18b58ee4c351
0,        454,        454,        1,  1944000, 124cb20c0a0089524179ced55ec5bd00d0d2bf299127eb2db2b810ee9f3546bf
0,        455,        455,        1,  1944000, fc71c414c826f29f267cb483359782782b2af9656a922c2db413a71dd06a06f6
0,        456,        456,        1,  1944000, d9ad3c5b4ee36b24897622e018af14e021a96230f4f07a6d42e15122355a2e9d
0,        457,        457,        1,  1944000, e338de4524277b11a5e5984b97fd6f84c30ef12f2d12c813dfb53faf35fadf35
0,        458,        458,        1,  1944000, dbe60a3fba08015c7ea585c861d35892f1e1acb226702fb07862be637c410c7c
0,        459,        459,        1,  1944000, 4e37c923db9a37f615e3a85f6253b59b65e1304aac5691f8439bd2cc035f1381
0,        460,        460,        1,  1944000, 6b1c1100b9379e0409a3941bee57aa1116b79f32a2e2006793d44d560a2bd12f
0,        461,        461,        1,  1944000, b3ef61bced805e0e615fbb83136071c941b7df60e1f06aae98e095eb0b63ca8d
0,        462,        462,        1,  1944000, 48bee02502790a13f39452a5cf730f783ad09c394407022a4a6b4591d517dec4
0,        463,        463,        1,  1944000, 4a3d224e8cba1cfde3f982889ffd932942b6ff74a3e9168e84db28d2a47517af
0,        464,        464,        1,  1944000, f363b429f1a31d1fbbea7d81ff61940fcf7d5c16fb784618097791cff28e4b15
0,        465,        465,        1,  1944000, df81786a0d12490dd8a58b11920bd5fc70f7972615cd0825d2386059770e993d
0,        466,        466,        1,  1944000, e0545f20cb3f19641f3448aad65fe3d2616b6de5ccaa05569b06e654242b36a6
0,        467,        467,        1,  1944000, ebdbf22a32a73802f8514d74ed5bb575e6651ce5a91f42112315015939e5dce2
0,        468,        468,        1,  1944000, 52af3e0604770541397680c24b863b66a41f43c9e8b70ba8963e6ef614b2887e
0,        469,        469,        1,  1944000, e2e35830fabe0c6b43f9a27c6548e677e8f2f7b7f4c8ca26c0e0c60b70ed37ce
0,        470,        470,        1,  1944000, 39a6be23603e1c2529790024f113e22ab07ab94546b3f5b35fb83095e0ac59ec
0,        471,        471,        1,  1944000, dd52193ab58b8c7f6e107c7a127e5d431aa4625035e9fc937c0a3c6903354feb
0,        472,        472,        1,  1944000, 68df67d0c477ed37ad84e985402f373786e459e7a23fe9cca5dcc7f5b0988f04
0,        473,        473,        1,  1944000, 9aee6533d6d7197dbd262efd2ae1823564fc92f80b2baf826e6200d1b7fe06e8
0,        474,        474,        1,  1944000, ed05dbbb4e947cb5dc9d880516532eab408a5bfc5b05cddff824b85a9711474f
0,        475,        475,        1,  1944000, 8b9c6f3ce8e895a09af4362f96d01516a37f870f968dcf1b8ae7be8e30ab9644
0,        476,        476,        1,  1944000, 4c83c843bf0b246bbdcb2bb3a97acc5f92777552b7c07ca7be447277be1e96fa
0,        477,        477,        1,  1944000, 8cdd16ddee10dfab7656c62dfb45d90681a4ec3248a455ed817b0dadaa2b63af
0,        478,        478,        1,  1944000, 9a8ee7cf63ba3e55c2666dc80d2441e9c1044a9909b4fa08d4fd164a6199a3b4
0,        479,        479,        1,  1944000, 66fc4b07a2734adde5d6e27b4769288d328ee03c767646c69cd9087c4b79d907
0,        480,        480,        1,  1944000, 005a3480756d3d8c1fbfe79543fe81fc641669dea1c74e711694ffd1541ab8e2
0,        481,        481,        1,  1944000, 1e4825c8783c35f53004c5d132dabaeecaf2538a0dda1a4529b42f5a5b4b8ff5
0,        482,        482,        1,  1944000, 36e8f61b87cb00f654ca12ecc9064fa8a17d4e63e007684dab45d149c49bd99c
0,        483,        483,        1,  1944000, 4c0be9e30d6b3f51e382729090f5f5dd97f2023ddca24e6657d9871ad9e9c077
0,        484,        484,        1,  1944000, c65de4bc9697a5570efc778a3f80574a5470b90d3eb82b23ce087558dac9da39
0,        485,        485,        1,  1944000, 7605c2ade359bf269d593c116af4582ebd03178156f7a5eb072f2436c38c9f36
0,        486,        486,        1,  1944000, 549f7bce3da1d04c95f5ee6c0c0e2ec2ca1abbb2556913331795b17571395762
0,        487,        487,        1,  1944000, 79d815815d648923b5d6afcc59a4e74da243045966c135356b6c6768d54df2ce
0,        488,        488,        1,  1944000, d9f71d64debac12615661d7c076f36208b268bf6d0e30e050a50f64ca0ce2d3c
0,        489,        489,        1,  1944000, d3dac4b95e4172aae41b56f620a608509b24e8b7823a7d242ac0ffc3850dcc8f
0,        490,        490,        1,  1944000, 6557747ffc6c0497cdcef0325db66337b1c9c51a709073e71be7cf71efd41bae
0,        491,        491,        1,  1944000, 1ceb8dca763f650fbe850679788ce3de7b4f59919046cce0f0006c28c392d298
0,        492,        492,        1,  1944000, 6ad7be9cc1b49cce133cbd1bb88346d3d2bde2ee7f23ded6feb299a2a99af379
0,        493,        493,        1,  1944000, 673eeec84338984828018483b7f2c88fc1f18ed8abbe0c393c61e44e6f97ddc9
0,        494,        494,        1,  1944000, 7a7ccdb991bd78e10c81e432d09521e043911dad4ba27d7b3fb7b509312ca82f
0,        495,        495,        1,  1944000, cba5bfe682f6ec340da37b8c671f6d7252857e516dde913204179175f44397da
0,        496,        496,        1,  1944000, 9f61b844d6c3b8e70a926c0c074f30422a9b715f4856d54cdc8611b4c5d5b1fa
0,        497,        497,        1,  1944000, 60fd39d887c1654c1f5b69205896e517d25c5068e0e8b5dc372cbf19b91d6b8f
0,        498,        498,        1,  1944000, 55d9a3024fe9c710c58c25bf75222c4b163a947525f72241cb06a002ce8ebbd9
0,        499,        499,        1,  1944000, c72232915e91086970d64fa6ecc591970fe4e479f8f0c53d8a71157e06d7f4d5
0,        500,        500,        1,  1944000, 72fc9c625bb432c127f7e6eeb5f1032818e2844b96043f6a2f4030bed4fc698c
0,        501,        501,        1,  1944000, 3fe6057a703973eadd6a5aca45fa223b38c27a4dbd46a587b23a321a89a78a98
0,        502,        502,        1,  1944000, df3fee828ec714f77b8a5ad338fa2b89b019693b28024dcd566cc43f99edca51
0,        503,        503,        1,  1944000, 78b610b70d31eb63dd21d05ae92a744d9727e4f6f65407ac9faabb516ae3cfec
0,        504,        504,        1,  1944000, 6f81d0045895996e0420955dd657682e34adc4294a57723d8579f4c9480f6654
0,        505,        505,        1,  1944000, 6d5872acac4dbe9efb533a7d8d35281b6874b67ba84ca63cc73b4ed66b90d4ac
0,        506,        506,        1,  1944000, 1582c4929b89b11b0e109438d6687f6c9872dab0978064912d507f8dbe4ab442
0,        507,        507,        1,  1944000, 0c70315fd34c014f6215f489974ed550585cdd9e24482a4e0300e6710c0c279d
0,        508,        508,        1,  1944000, 0516db469ed78dba69f792e267e1c09ceeceaa8ee0513604b1338fe07ada9e9b
0,        509,        509,        1,  1944000, 8d32c5d8eb791dffe47c35f4eeda38ee9f410030d05bcfcc6a00a8243dade147
0,        510,        510,        1,  1944000, 034d0eae82a9a19033ed37ae8cb8d687b92131d7c9a7852ab5e07ac678b596f0
0,        511,        511,        1,  1944000, 74af96b04209744b016af1af536725779e9a703255d89ac6c12a2212ba0b870c
0,        512,        512,        1,  1944000, 3434647498943b1e91ac5416635e5894c8e420d72627f17a9ef8165de71d0cb3
0,        513,        513,        1,  1944000, 74af96b04209744b016af1af536725779e9a703255d89ac6c12a2212ba0b870c
0,        514,        514,        1,  1944000, 36a8bcbe032668989cebd6c2869b09c7ae29c7922a00b1f8244bfaa21b05b96d
0,        515,        515,        1,  1944000, 6885282dbee62f3e17c9e2f2e2ae185788760e9ceba1fb10085ca6a988866f84
0,        516,        516,        1,  1944000, 632566021409dd78575da5ea008cffa60689c33abe638ca75763e93085853a47
0,        517,        517,        1,  1944000, 54b713e79e747942d8cde4673b42724758ba49b3030301b2a007143dd99e1046
0,        518,        518,        1,  1944000, 70ce6f749c540cdaaf626907a8a2f2e8b5c0c7d738dc1336c8a4f6c86d8298c0
0,        519,        519,        1,  1944000, 31b8aad2b9f21ccdca4d9fb419b7f5edda3552d774b032690a86165743e77008
0,        520,        520,        1,  1944000, 83d2dd4391000c3321c542715093584952085ca6ebd0a0a0f712ce2d7217c46e
0,        521,        521,        1,  1944000, 10d6406bb925d41259d0ea34b870909e491b2b213cd2639e91bdada3baf8a008
0,        522,        522,        1,  1944000, e1f3ee442fda416b46d335277f956a81a370032a9b03b9a106edaaf34f4e0745
0,        523,        523,        1,  1944000, 7a6138af7a6f0bad35ea568461f0d380076070274fda5e5e903f0bfc46c88b89
0,        524,        524,        1,  1944000, 954f1657aea7c2537b7a2b3c827322df610f807158f212d24d0e4a742750424b
0,        525,        525,        1,  1944000, 797297ae16395e91afe9ce8c6c2e352895347db471bbe602792ac63ea61b25a9
0,        526,        526,        1,  1944000, 4a064d295a0c3275bbb0ae51bc31ea599825fa442be0a6947481785102d280cd
0,        527,        527,        1,  1944000, fb2cf5f544ac12efb2b2d12dca5ae264a7698f427b5a76618bb76f673b7a8312
0,        528,        528,        1,  1944000, 9935cacd77f4b6a138e9e7832b8097bc79f4de07d1622d200c4b6b3a7e9cdef3
0,        529,        529,        1,  1944000, 6a99b587461cbe50390c0f696a2f3312a07c682aa0a1b4239e6862e97c9f780c
0,        530,        530,        1,  1944000, 9c190abc585b609dfb322b1fe1493bdad0cb184fdf6d928e06b6e550f9511e28
0,        531,        531,        1,  1944000, 87485a0b94e33232f07b073917c70dff6bcfb2b828acb8b7b3880902ada54851
0,        532,        532,        1,  1944000, 87c5abb5b1ae66f5e4e3d5ff946987e799cdabd1964c3853aef81b5bb71fdc66
0,        533,        533,        1,  1944000, f03d33ac8740e134683cde67923c290c6430e641942f93ac975a4313ae0114a4
0,        534,        534,        1,  1944000, 5db35083b51bd741f30a882b144779bd02b6677de020dfdff8f9da9210a05a8c
0,        535,        535,        1,  1944000, f03d33ac8740e134683cde67923c290c6430e641942f93ac975a4313ae0114a4
0,        536,        536,        1,  1944000, 91590f441e6bf2949eccfc655b77bc6132965bb23fd95f20141259ab682f868f
0,        537,        537,        1,  1944000, 23e0189673f00e851ba9bf432cbc6c9ede41f56fab4050997ebce2aac331d89a
0,        538,        538,        1,  1944000, 42d95bc294f7bfd68e748c898889db7f30bb605330c1525e992238b06246682f
0,        539,        539,        1,  1944000, 18f8899a2effedca59c9239b73712720caf8e75acec71b9088f0e272e7d37ac6
0,        540,        540,        1,  1944000, 5aac84da54837ba7cad4745d05f32c992bce2bb6fa9f4ce4e1fa4ebd6b43d59a
0,        541,        541,        1,  1944000, 5d75c450a9c91508da28438fce41c0c8a15ef7a7dd806537c4dba24abb141823
0,        542,        542,        1,  1944000, 7f5b97d85f422319256e80c4a9e449bbf87ed11fc024bdeb0e3211a6a640ac1a
0,        543,        543,        1,  1944000, 5d75c450a9c91508da28438fce41c0c8a15ef7a7dd806537c4dba24abb141823
0,        544,        544,        1,  1944000, 205b50c2986005946e23e0d66812bb9026a3aa2d8288b7365cde891bbe62d958
0,        545,        545,        1,  1944000, 2d94d50658cad696c95dc82e3ccd636ad205c7e3f5791acff97a130d1611bd94
0,        546,        546,        1,  1944000, f04745c92da2bbc4d192fda035185ada7db99a0b3ecf782584f88066ca6cf0ac
0,        547,        547,        1,  1944000, 2d94d50658cad696c95dc82e3ccd636ad205c7e3f5791acff97a130d1611bd94
0,        548,        548,        1,  1944000, 1062fa5bd7884dc127625fb3922ed876eb21b447e9509a58261d111ddeaa3779
0,        549,        549,        1,  1944000, 11f4bde9c506c8c20994901b426cd92253621bb4014c6da6fbdd246f18fba377
0,        550,        550,        1,  1944000, a91226a22666e552cc4ca5b3eed867cd4bb3d01ad7e9a46d4d0e5fcb000fbfb7
0,        551,        551,        1,  1944000, f20c1fd3144883670e9596b004638087148004f8142e5ebc5902b0553ed90cb7
0,        552,        552,        1,  1944000, ddab8082d7f91755f0388ee8364c7ca8b4b9b381fa4d13b75a51aed0b949bbda
0,        553,        553,        1,  1944000, 8d1c00fe5de5c96961c87757dd7ec9e5227868e9a26fce0cf8f6d1c9d4b9048e
0,        554,        554,        1,  1944000, bccd3b66a6391f7d2f63f12e56d4948553f943f847518f976eea1c55cdc1d9d2
0,        555,        555,        1,  1944000, 43f10a0edc652f388c3dd9f074067bb981f40663f265e22914c1fd12ea3c8e3a
0,        556,        556,        1,  1944000, ddcb61518873bc508f0c52faa4ae7149ac7c89e5ef09aeaac76aab3c7c71129f
0,        557,        557,        1,  1944000, 38e98c78e588ff585c0303cbcc103c8eff0afb1c68d0559bff5afa115de24be2
0,        558,        558,        1,  1944000, 7fb9d552874f6dd65178b17d819cd66af76a407772cd06fcfb2cdda2d2ce81b4
0,        559,        559,        1,  1944000, 38e98c78e588ff585c0303cbcc103c8eff0afb1c68d0559bff5afa115de24be2
0,        560,        560,        1,  1944000, cd65ecb9f7105ee43f2e9a1353bf1af93899f79ea974d51c4e5d2c33d908a666
0,        561,        561,        1,  1944000, ac85fa58970e2587dd0f5abadbdfa1664e57f471c0b0fea0c7be4862076d6501
0,        562,        562,        1,  1944000, 890bf946f00dd3d26669656ad244664d78d3fad5ed27746618c60468eba9690c
0,        563,        563,        1,  1944000, b96f983c32ff3f308a66933b1efff3e22f91d6edec227757e2f9c08240ed9788
0,        564,        564,        1,  1944000, 9e23fbbca283bc4ab1a7664841fd91ad19e8cfd4ee4cd652768f492adf1123ba
0,        565,        565,        1,  1944000, b96f983c32ff3f308a66933b1efff3e22f91d6edec227757e2f9c08240ed9788
0,        566,        566,        1,  1944000, dc0bb348b68ede39b12393fbe4bbb9d4f0b5c225d99a8ae3a9ac0a5f9ba1da6b
0,        567,        567,        1,  1944000, 59245e37c3e67ee03ca73ef91c25126ac4b57e15ef660f7c060b43a6eaa411e0
0,        568,        568,        1,  1944000, fadc447a7132b24c3aa18e304623c6f89884784bac132bf791d487fc6b6c3769
0,        569,        569,        1,  1944000, 12b0f7cdfc5483e4bb76f1073d10c99dd77a833c96668ce3e23aa5f6e304a839
0,        570,        570,        1,  1944000, 9a35aee633108e438ed71576ce848e988744fc7617c50669373de49224855177
0,        571,        571,        1,  1944000, 12b0f7cdfc5483e4bb76f1073d10c99dd77a833c96668ce3e23aa5f6e304a839
0,        572,        572,        1,  1944000, e54268da025bdb82f7d34ff3d6f4b5dc9eb770e1f36782e12fcdb905acc65502
0,        573,        573,        1,  1944000, c213076c54a390e5d042f659a58454be0755ed80af199034079a54808d349ed1
0,        574,        574,        1,  1944000, 8b78c60422df70618bd775007065262e8b344699bf07c98c42900064c13dd52c
0,        575,        575,        1,  1944000, 9281bcb004df3b57d86c0c8f485b0f340f984f7ff1d2935fdec9bff07addbaf9
0,        576,        576,        1,  1944000, 3a446b24d524a6c656059638bdebe7a1558925dffbd4312bd289597506bc6dbd
0,        577,        577,        1,  1944000, 9281bcb004df3b57d86c0c8f485b0f340f984f7ff1d2935fdec9bff07addbaf9
0,        578,        578,        1,  1944000, 34e2d03db68099ac88d85d91828451d63b66875f7bb7d70325f381d0c593a2ae
0,        579,        579,        1,  1944000, 6a329c6755600e4ad11bd20b58384382eb6d0ecd5969211cd416c135979ffcb8
0,        580,        580,        1,  1944000, 3af40d05377cc164a1a7ebfca04548453ef992326e7b9f4ab93539d56272ff1e
0,        581,        581,        1,  1944000, 63d0cce9bcf8c89d13f5a55386ffe7eb56d8aef9a8c345d0ac4a9d9618c1f53e
0,        582,        582,        1,  1944000, a05da9ad3bda3a370af66900190ceec89f5910233ccade0f6a580d47322fccbb
0,        583,        583,        1,  1944000, 7856ac4f3da6abff71de7b441c9b1554907f8eeb13f7c51b7607d89449dad6c8
0,        584,        584,        1,  1944000, fca69da9471e3a10fe9e4c35356a5818e833468d01041fc7a928cc8e9e9a1798
0,        585,        585,        1,  1944000, d98a76becaa3c53acdcde8a9a09b6f028d0903d3b59449aac079230344f798b2
0,        586,        586,        1,  1944000, 05f4f470a897528dd911ee15a125aaaafd12cc9e417913addb7113e32416ad26
0,        587,        587,        1,  1944000, 5fdca7cc4ec6879960ce3ce933a558b8452b4b60742dd7da647898cb212150ee
0,        588,        588,        1,  1944000, 5fdca7cc4ec6879960ce3ce933a558b8452b4b60742dd7da647898cb212150ee
0,        589,        589,        1,  1944000, db219d4372d724c5429c3bb0e28778dc62624c6f3efafe71d79e41c23099d1b1
0,        590,        590,        1,  1944000, 84582af3d361732e57a0d86c7f7c2bc20dc63b50926c4082e6528c898843d331
0,        591,        591,        1,  1944000, d5976a2786c8b94f0bdafd943a77d2dfb7b90d5ccd59a7bfdb6cacf5655ddb3e
0,        592,        592,        1,  1944000, 7304a84285020862dd3dd6197365bbd52d4c01330b55162b29ba92441b00be76
0,        593,        593,        1,  1944000, 9edca3fbb15f58b19d283ee44866b3e2a5430d17ca6cac1f486bfc9e41f7f3e7
0,        594,        594,        1,  1944000, 2effe0ca2b5ea4880dce2b83fe154a3306b8dc2ea446c91c228e78ed53c48898
0,        595,        595,        1,  1944000, 9e9b7ae0c35d63ffa86d11c72d3900ee7856a8ea02568ec1f58bab9b336a1b99
0,        596,        596,        1,  1944000, 317d916a11b64ecdf31bbb88084b74d8e1f275362ebad7b9dfa7e4a492b649c7
0,        597,        597,        1,  1944000, fc9c7c086168c4bc4b657ab26df84b5b27cb27ac4bf1a315f0c79202ab6a6070
0,        598,        598,        1,  1944000, 680a3fd7be0ac81b2326347bf7651d4a0e49c2753aa4cd1511b031abed6f216f
0,        599,        599,        1,  1944000, 2207b687234db38a738644b9a59be0f17fe4b2918e17f825c8d81f850c5ef2df
0,        600,        600,        1,  1944000, f7de2d0c08a9dbca37ee68fa27758f4b767d9445da2b3e50eb542c2e8fff323c
0,        601,        601,        1,  1944000, 9695254bc5d6d8bc35ebec6aa4e50fba7c74b90b53b4ddc26ca8026e8e7b5d08
0,        602,        602,        1,  1944000, d015ae97173f8b8d5b3f8b9282cf3824e368bf713c217aa8438885dfc99d93d9
0,        603,        603,        1,  1944000, aa84474e6d628e96042aaa3ef99ee16b633dbe3b5a8a7e2055b063f5b3e954f2
0,        604,        604,        1,  1944000, 196688037e5e73842670353b6e7ae69cd0b355e64cf570acc2a34681202fa3c6
0,        605,        605,        1,  1944000, 8e9fbb1ff22b1dcb04ab870d28a08f4790e1e34133f06881388ead7c52fb7b68
0,        606,        606,        1,  1944000, 5480a6134ae845879ae3054b9a04ce549c05c5e9022a826d9d579d0d5852d3c8
0,        607,        607,        1,  1944000, ca715ff839bec88718016d04f47789fa4902f30a9145a90da70b0e53dc52886f
0,        608,        608,        1,  1944000, f587d03a7ecf0e06ba3ac60922d2bf2511e164ca0f6149bafabb7b42e1325844
0,        609,        609,        1,  1944000, b36bde65ac6903bfac7be026a5910a33c600ed6c54bd01d2b685205b0fc47ada
0,        610,        610,        1,  1944000, 7c47846f48116b5a9519a2e54e5af901131c334fb2a1a18169aabf5da7ade22a
0,        611,        611,        1,  1944000, adf5eee437140048ee56073f215b21828eb5a70d4e96d5f4eeead61d70c568d8
0,        612,        612,        1,  1944000, 7e0992a54739adbbafb0d3586e849b0b87a30d3ad824955955ea9c7d505befcc
0,        613,        613,        1,  1944000, 34e13eaeeb172c4b3324ee274e974a2df6e3d5791d04209845f1a3a2838dfe5b
0,        614,        614,        1,  1944000, 1aaf961bf361b4f07c4c83436eb1eb423556bb68bb2a8301daba414b1a79ae34
0,        615,        615,        1,  1944000, 035288561a90f03a2430fcc807bc3444e2ae6d5be785ff5cf2d6dae3ce9f18dd
0,        616,        616,        1,  1944000, 4ed05a3671b1c986c7f84e523f191f2a0be48e8410aa72d14f21469b833e7f81
0,        617,        617,        1,  1944000, 6feef38d845747a9cc215fc927a576069809e46899d8e142d3d9cc8da46852dd
0,        618,        618,        1,  1944000, 86971331f7c1be82ba4783ee829e503f2c4651a28723b8bf4a13bf65228ca9be
0,        619,        619,        1,  1944000, c98312245343f65889c793d6bdf84f422ce9bf64d63eb09282edccb3231319e9
0,        620,        620,        1,  1944000, 64a2971ad8ae27c509a019c53efb0746260bdb3f89a59fbdf39700881e33881a
0,        621,        621,        1,  1944000, 35ddabdedd5de72513f936841c53435641a411b744ea73e19c140977f14504ed
0,        622,        622,        1,  1944000, 7ae5e520049f9626b0f138f5f84af052f30ddf761e112b027667c6184bdc0071
0,        623,        623,        1,  1944000, 2d4a64f3c8b70055cbed0142c02fe031bad2617850ada891ad32976dd7b885c4
0,        624,        624,        1,  1944000, c8e51def15d72d90b92f8841ec048d5447248ff074d4d65fa38f5e108451bdff
0,        625,        625,        1,  1944000, 00baa6e6a6adc9470ab439edcdd5c1e651f426fda474fe83e65c861dde4e546d
0,        626,        626,        1,  1944000, 792be9fcc9005e0ffb198844a981347b5eb3891cd2604fb59739b123ed24679b
0,        627,        627,        1,  1944000, d49f46b6aca00cd0faaa67e7c942cf4eaadd316bc5d7e48d549f2f46a0f9a722
0,        628,        628,        1,  1944000, de031898cefaa421e0a03f413888d9c19a30f4d973e076ee894a020732ef7dcf
0,        629,        629,        1,  1944000, 58c9736e236114b0cefbc53d4ec615f06f740e64c807eb7efd07ea14467dd31f
0,        630,        630,        1,  1944000, 7920ed267581a661514536a7fd779655300dfd7604a1840b5b85665ec449d90c
0,        631,        631,        1,  1944000, cd3bccb3963cd43359e1a4b3d0757e8dc32b08f8f39791d51ccf1ae7aafe7b5d
0,        632,        632,        1,  1944000, 320a729d4c946ef1521e2a539984a6e5bf4975068f3399bc05f4c47d8ce7eff4
0,        633,        633,        1,  1944000, 00492aea38e369552a46b4aaf841b0c631867a1cb5150e1f497b9c1bb390a2e4
0,        634,        634,        1,  1944000, 43790cdf36ed22ebc4b0949a4143a6560b3ec4de2d57a7b4b4ee09056013778b
0,        635,        635,        1,  1944000, 43790cdf36ed22ebc4b0949a4143a6560b3ec4de2d57a7b4b4ee09056013778b
0,        636,        636,        1,  1944000, 68abb3c8e7ed3e12f9e9cd2a5b90c700d3d736ed701acb878583f48e484f2d1e
0,        637,        637,        1,  1944000, 6665bb6f5c033419406dc401a90b09520662477ac3d0f4503f659b2a8a97cba4
0,        638,        638,        1,  1944000, b373c4b528bfc013e39fa84a92e4501370442625b788ae697803028210b92bc1
0,        639,        639,        1,  1944000, 7ce90ea88fa03a1b0535725d61aa5311db88c10e317a8c27da607df8e29f9375
0,        640,        640,        1,  1944000, 189eb1a617eb1c34d4764cb854b8097211aa2e0f26a799958e850d97c174ea27
0,        641,        641,        1,  1944000, a9df942c027dfd15e80dba7b05d019cd89a4eb170416299c7b05f159385dcab2
0,        642,        642,        1,  1944000, 5a9ae5ad5657372b51f5c5840a3ff3b7e8e2e7e153951bed187cecdc9c7e7737
0,        643,        643,        1,  1944000, b29f12a1b6b5451eb2a987ccc7a86c708b50ee25dc62def24951200185e633c0
0,        644,        644,        1,  1944000, 578129756e72a04f428691dc72fb9ffa0cee10f1e7b052586c6478a33ad49455
0,        645,        645,        1,  1944000, e15600a1a4a1a8703a91744345a6aa0fce0a851c755a20e202bbb17593d0ee9a
0,        646,        646,        1,  1944000, c9b71127ee995eee8140853564157ef9e6f29b911e7eab7ca22028d384bd6ef4
0,        647,        647,        1,  1944000, e8f70967494973369b89c72ab80c31ed1cc459c8edf8990edc44d607dfd035da
0,        648,        648,        1,  1944000, 93dc8ecb8ee9919ad40f31c484a6b87cfb3e70dedd5fe0bc6c69017b5de61138
0,        649,        649,        1,  1944000, 84114e223c653dde192a199b6b1a5259f812e5ed2bcad7ae408478261ba5e829
0,        650,        650,        1,  1944000, 9b9e4b45fa19a3b7ed53fc001b6c1eb13aeb8f3263671a2d3986a23f11d7cf5f
0,        651,        651,        1,  1944000, ab0dc29bb69196159cc163fd4bd63e0269f910b5badca1bbbd96a6ce9b225cf4
0,        652,        652,        1,  1944000, 0a7f96d2d848932a5da76e5c11d7f56420c9cb5b53dba4edb48cd1abce514686
0,        653,        653,        1,  1944000, f9b89ff30d3668e5c9423150e8f99f0fe8859ae08b36c13a8e7013fb1f1fa8c8
0,        654,        654,        1,  1944000, e1c7b552df037f88015f7462d91c332ca9823c540a2d4258bee448860c6e4640
0,        655,        655,        1,  1944000, 6a13d5fd03b95595a10423a2368b8a13e34db2aa9f9dcdbdec059d92922832e0
0,        656,        656,        1,  1944000, 590e436a6068cc4b87ae2d2a1767581b25d91215db19ea2d020506837b1257c5
0,        657,        657,        1,  1944000, 5f5428f80f9f4fe651563be5b5e0626a02fa537873e9f4116441504ab45e8f66
0,        658,        658,        1,  1944000, 1bcbcab0a94c126b9525e1427c88c9b8fbab8a854699f3ca6131f504bf5a8ff1
0,        659,        659,        1,  1944000, ab80004c2784a3afd1909892bc8aaa041f14be080469bd1a15a3ccdb07d81de3
0,        660,        660,        1,  1944000, b63a9bab999e5f64cf15342ee2fa73e38944ba84c17ef90eaf08af8bd0f71d5e
0,        661,        661,        1,  1944000, aefb925ba058daaef4495133ba86dc04feed63eefe098ad9b4b777b41763e278
0,        662,        662,        1,  1944000, 0b60cba5e9de6178466dd7e7f9f7bdcc818bb69ec320141bf20184ac5325c9d0
0,        663,        663,        1,  1944000, 199087cf0010933c8cd7bac5fd5b131790726f17dfe58f365117c12ca059ab5b
0,        664,        664,        1,  1944000, 675291f25b1fc39cc8df5126ab48a4059a582b379620ef1fdc268096e60718a4
0,        665,        665,        1,  1944000, 3374d9ce46db45605f3539ecd25270524f5d1bfbb2f4aa0e3da5ad56a652e6f9
0,        666,        666,        1,  1944000, aba9ec1ee9112c9c4984a8825d093ab0d139265d9b56223c46e5f467fa475e6a
0,        667,        667,        1,  1944000, 67b65ae00a4a08c0fd7af22293003f61a13184aeb3390482ff08661930a27f2c
0,        668,        668,        1,  1944000, 2695ee7eac134c0107bdde7f3b4cb68fa2906452321708d2ded388a9f60596af
0,        669,        669,        1,  1944000, a9543c21aefef2deb7e87ac3d00ee89cf60f2441dd0124a04e2f8c531bff70a1
0,        670,        670,        1,  1944000, 353a55ceb265f33facaf8c4ffdf91a1fb5e1f78cc2121b4a2cdb4f00e3ea74cf
0,        671,        671,        1,  1944000, 930634c88aa8144971485b68ac13b4fdf1e374a7379e2e5c1bb64779801bc7b6
0,        672,        672,        1,  1944000, 97e92592b6f55be9a52483d3b549357934aac7b0922c308fb9d571b8fc3816ad
0,        673,        673,        1,  1944000, fadb3bdf88320a9c0c594ddb387dc4fcabb7a86a90daba0efe5d3e431e175402
0,        674,        674,        1,  1944000, 55140ad394bf46458ff00eb9e1dd6dc50798663d68035e7036354f559e68a904
0,        675,        675,        1,  1944000, 15f438fc9680ee02c027ec5af1cc76b410bdd514fdbc37c0de301c9edba9cd72
0,        676,        676,        1,  1944000, b75dd273e16ae64d690efe25e5f36234f3f1bee3f20bd000c8e55392dbfc632b
0,        677,        677,        1,  1944000, 57ba64886d45caddcfd3fa951a74338881f09d677dced1aabaf6ddeecfe7a940
0,        678,        678,        1,  1944000, 1363216a00ca5a44fa82dea716798251732c9d6dc927e779d980429bc6c2a94f
0,        679,        679,        1,  1944000, 92ef06a37b80758e77b72ba3053c9476d0c900f2b618e8fa7681650935b5d2e5
0,        680,        680,        1,  1944000, 74886c4faee430da80ef3275261f275cda2ad09c3570b34ceefe3949284ee383
0,        681,        681,        1,  1944000, d1e41bcb6c7bbd4b53ea8fef5779a7867fd984791875d96045cedb08545010d6
0,        682,        682,        1,  1944000, 0afdb35a4fe5116ea2b93e329491597e70ba74328acb0c9db08f778dd728ca3a
0,        683,        683,        1,  1944000, 6656fea52c58d5135b2645716ec9c2727a9ef47e1b9d5d621c17dba6e1dc2a9b
0,        684,        684,        1,  1944000, b0ac91f953c5ceb4c26bf2c2d08c03095bf075d62abdc63b10ec77ea072f0d02
0,        685,        685,        1,  1944000, dc972bbfe2267bcdcef8145c1afe8b9084a8ee7510560e26355c4df2219dce1a
0,        686,        686,        1,  1944000, ce5bdf9e81bc0ab73429e04f85d37360e5ef8aea029743bc4c4ec32f8dd68505
0,        687,        687,        1,  1944000, fea7c069d43f685376e47431f9bb34ac9d844fe59179bb6112987c1d9de6decf
0,        688,        688,        1,  1944000, ab6b9c8447937b54733802831d2c7d5b2388fc550ca011ec210a4c39c2b85d8d
0,        689,        689,        1,  1944000, dcbdfdf8a4f4dccc408fa42de94eb173e5a1b6c2882334b480bf02689897693c
0,        690,        690,        1,  1944000, 3573ef34507fc46f64c691a115319c1cf45cd794b412965cb7417b3a30f93f1c
0,        691,        691,        1,  1944000, b6deb45cc8f8eaec3f85b339859806367b4e2cd9c100bd786d40ef35ccd655d0
0,        692,        692,        1,  1944000, 7e0fbf8c4791c9088ebd0ff53698f251ac4b173afa7f88a430c39e53cf09b3ea
0,        693,        693,        1,  1944000, 4d7b356c916baf1625f2a357796399bc550dcb96b98fac39e7545a275619cd5f
0,        694,        694,        1,  1944000, 552779528d7171658fbf75f1a120570b658ab6de099cc4bed6e2c3c585e68c1b
0,        695,        695,        1,  1944000, 1b147312812be4ac237fd6cf7c61e8274df0af5dacc8a4ab251e7bf91ace46ad
0,        696,        696,        1,  1944000, 0aafd2a877e86aee533903259bea5bf7b48532b8eae1d0f274f5f9ddbaca4dc6
0,        697,        697,        1,  1944000, b55c0fb759bbe4fb3de0cb6802bc5c9bfb80670d28b9a603e0b5566ab0cf5816
0,        698,        698,        1,  1944000, 2819d868a9d365e296b2bdde6706ab8805840770fa1290b505342ba504c6caad
0,        699,        699,        1,  1944000, 686b155dbb5c057dfd1913b43d4ae100a93a14925b7bcd1fc1ad06e2ed7625ea
0,        700,        700,        1,  1944000, 870a5499665456ea690541424216deea14b35944bd685c38ed5a78644655df12
0,        701,        701,        1,  1944000, 47b10dca45367f26cf69943b58ee8a5df7274f4b25c41b9bb9c2aad770d2d5b8
0,        702,        702,        1,  1944000, ec8a680adec8208bbea4443cf3a21c2dbae6440df5fb4adc0d77e81dceff6ed8
0,        703,        703,        1,  1944000, f96353662cff34047baf0b94d14941c2657150b6a0a10371a33106eb950d8491
0,        704,        704,        1,  1944000, 5e728b8bcba63a396706d3efcc3556c4c5b770c00f48e72b09be666a217d7b5d
0,        705,        705,        1,  1944000, 54eccbc98595b7b5f3cf0a5f05197938e17346a97ac1d362914ce87b2a307af3
0,        706,        706,        1,  1944000, 55e38fef72a79b392458f554056e1d3fe1a3d689ddb62454f4e7d808ca831f99
0,        707,        707,        1,  1944000, 3d09d9531f0b925127e5456b8fe1d1c10721a55c5bef05728accb4bf55f03e82
0,        708,        708,        1,  1944000, df239f483fef6f27fd6312bf3ab9661f21bf4433ddb08c1c12a79df251bf2c55
0,        709,        709,        1,  1944000, 3b9e5cfea5ac6c457214c160d8cfa73982ae80bfaaef0ea113648e17d330effd
0,        710,        710,        1,  1944000, 48facb89e2979e82c37b4f2698314c35a3fb4bb480133116448c0f45ce0217d6
0,        711,        711,        1,  1944000, 4ce13068116cb4bf573b298f2179e34580fc0ff9212f1c45b1e4e8aa117cde70
0,        712,        712,        1,  1944000, 0836a9ed4ae022f9b05b62065cd0ae9c41e022b300739419a858c30db4ca5efc
0,        713,        713,        1,  1944000, c01bff648a159dce1c9c356cc6d1f14a2894751a2a9eeac60a2b40637a18767c
0,        714,        714,        1,  1944000, 026eec3f3701527f98e09f44ec8d70cc6f3df1edd650d477d23ea3c7fed6a35e
0,        715,        715,        1,  1944000, 297987ebbf932f23cd585fe1e670c113f60a893426cbc6946679f86311880b90
0,        716,        716,        1,  1944000, 7781b65b0e135a4cb38c0bf3ad962b58932b3e5bb076c77cb45cb372901dca82
0,        717,        717,        1,  1944000, 152ae6d6c55deb9e051d01c9567dc2c217534a7d973a6ad3c8c23cd01533420a
0,        718,        718,        1,  1944000, e0b5471bad44b4be17149fcfdfa984032beda4f5f00a081121fe4d6851b84dda
0,        719,        719,        1,  1944000, e614c3887ba63fe03578339399f21635502d6048c77340a90ae30311e2a62578
0,        720,        720,        1,  1944000, 2910608fa8ddce5a162461f7c8f7fa1dbe1e3295afbfa4db2bd6573a56796a51
0,        721,        721,        1,  1944000, 0efe2a6fa935889a7e4231f4aba751de0ff6a4f9a01007cfdf4cd106e3b7922f
0,        722,        722,        1,  1944000, da6dd820de30ac6c32db65967f8fd760ce22610513be85b506a1251d873b5380
0,        723,        723,        1,  1944000, a8d586acc0e9e2e161006ab4ccc41463ad5dca5e88ce53ba3b0dd845adc4cd01
0,        724,        724,        1,  1944000, 770d32155274b9fc67cf0e464fc1add552e1593756c96b744d759f73ba9faffa
0,        725,        725,        1,  1944000, b90aa34df51c760b6805e0e7b2fab083c3f99258c7f362973c3d413d7adc8352
0,        726,        726,        1,  1944000, db9364c575b38f14235eebe20ace712cdb32130a98e68419583629dc2d8887b2
0,        727,        727,        1,  1944000, c15fddada253012472a1b9252996c57d633749692e71a7f45b924641c28a8a94
0,        728,        728,        1,  1944000, 1084cd68ed07a3718c1a627fa0b44816d7b1aacf333e675d2ae73ad8f852652f
0,        729,        729,        1,  1944000, aefe0ca5dd9a81c4cc87f15aed5dd0b8aaaeeeb1c8a70146a4558e072be4d8d0
0,        730,        730,        1,  1944000, 2515f5603dc51b0cf3f906a4b486395626f80a6862dcbf92a49573eb9f5cdb40
0,        731,        731,        1,  1944000, c8a7e54204c05adb3277da636f68098e87d5584b7f73f054072e854023cc2b44
0,        732,        732,        1,  1944000, af66aabf0d9855601886ee1457a46dadd474b45e1d1322e122eab46f55f36477
0,        733,        733,        1,  1944000, 09749d52fd812a16341b2306ef1fead1aa212fdf8f9990cbf825aa7f89bd15aa
0,        734,        734,        1,  1944000, 059e0cca7fa4c4a2f9e8bfc7d1cdbd74050c8b577220f27a0b2ae030b567e62c
0,        735,        735,        1,  1944000, 1ec587d61c002d1a5ddb5a4d51e1e71eafb21adb4e6a48d1bc67aac6ae2bfe50
0,        736,        736,        1,  1944000, 2630d7a5a2b4023bff94416fe2789563b87a3230ef95ce9a48f94a4898bd892c
0,        737,        737,        1,  1944000, 55699d07f5d599c083fd015956deb4f2d2b11c2d6ebcfbd4b221b7a4caff5817
0,        738,        738,        1,  1944000, 8d7b5a696be4ea9ac4ef6fe01e8f2e856eeb2c68cd957ac21e6886969fd993db
0,        739,        739,        1,  1944000, 7e571af3ae80251806c6edfb7b10eef0aa249d2df89a4597c6dd5749a3346c22
0,        740,        740,        1,  1944000, 69da1d5f5910061730782f7ddcb1f92c703311953507ba96444cf85eca8c5a52
0,        741,        741,        1,  1944000, 1290c1e2b3f88fde9ae821b2cebf779b39f9b2e650806f7d9fc679f4a1859c1b
0,        742,        742,        1,  1944000, bcf344b302891e36470a3b07c83edb8b14139297e97f346899bb661713f8fcf3
0,        743,        743,        1,  1944000, 5fa40e1cc377e2f2b30779e121714e672385c4975178e883e2372a4e7559954c
0,        744,        744,        1,  1944000, 2777262f0b15d4c58cde2b0d072ca3e82aee84805f055f8c14a2c1595149734b
0,        745,        745,        1,  1944000, 98530782c13d2c6f95990ecabd602b3a64c9d97bb8aae015b3fc3d441535034d
0,        746,        746,        1,  1944000, b3dd55b222478b1aed4a822f1e11d2221fd7e0b092d5f64dcfed9c028eef7ff9
0,        747,        747,        1,  1944000, 6444992ffbe677faa0137f6ec4c89190f7ef9025866db85124ef889fa7f257b2
0,        748,        748,        1,  1944000, 12739e1b0f7e9b1a9ba3dca73dc87bad38e0fcaaf37674d28d827142dc6014c6
0,        749,        749,        1,  1944000, fff10829f4cb2f0abc155995e6ef911c9a7c0735f3c5b89cc9d674353ce42daa
0,        750,        750,        1,  1944000, c64429b845cae70507e6515533d207fd36b997d510c2b6f9c7562650c2439a77
0,        751,        751,        1,  1944000, 7f6b7b7a325d2851372a5858066900a35fcf0bd12963dd5a10f2423529c4d189
0,        752,        752,        1,  1944000, 43c362e1f04d5efd10ae9a08e54fa1d08052c67520dfda6804b863f7f389cce5
0,        753,        753,        1,  1944000, f898644d70f04477f83721f7164d63c77804e012d487a3cbb780302ff7edd189
0,        754,        754,        1,  1944000, 1c6ec2a52b9d02664a97b99a663d2059b9b428930f6348b396cf179560b8fc16
0,        755,        755,        1,  1944000, 7c906a12ef3600a0421936d4dec615fc7a86dec5b0558f7497647aa92b8fc097
0,        756,        756,        1,  1944000, 243aa7b03a52d0cb61e373f5042730cf3dd1d546e66469f103b6f46b686ae9e5
0,        757,        757,        1,  1944000, 0c99a2a210bab259aebe577ce69e43aa62491a788841cd56b3ccf18e4c4d758c
0,        758,        758,        1,  1944000, 7ac508a36646318ef14c0bd12bde8738bccc2bcdefae51344ab4a61d83e53b38
0,        759,        759,        1,  1944000, 0f49f5ecffadff5731df0a1b2ea8f7747fe3680f6ae2545d266bc369c3a0810e
0,        760,        760,        1,  1944000, 637d488bfb7f29c7dbe183f1ff65d6157703e4c490a8cbad91d41e1e9ccab33a
0,        761,        761,        1,  1944000, 148593669531d78966cedcdc3473ce316c839bab1e0c3b98465c4e09ad570cca
0,        762,        762,        1,  1944000, 0d7fcce5ff1d9354832ade19c10e5f0e514230eef17ce7d255ca43981fce222c
0,        763,        763,        1,  1944000, ba9d41eb37fe35457762738cc4693845bd4c47e22c739a29e8c79c823f2438e7
0,        764,        764,        1,  1944000, c38fbde5e614f8f77bc4784624d18a1e146018d99d55e6e9049869c813ce416d
0,        765,        765,        1,  1944000, 6e1a55f2163ac01b38f73069aac4f4931c682f3db2c4e986f61fde0450a15d32
0,        766,        766,        1,  1944000, c0539f8b09b220c4791e3936f2c870d19d1c6eddde6cdcbd2663aadf411723af
0,        767,        767,        1,  1944000, 34154ecb933f050b511b01cbe6b935ed716db485f5172a3bb0bbdd7a6a5c90c2
0,        768,        768,        1,  1944000, 4faeb8477df97c531cb5053e2bcb020bc82a4e61643c4b226b7bc60cf9401905
0,        769,        769,        1,  1944000, e1eaf516911fa642df9d2412d7be38b7b21fc7ea200f151ad0ce539e8f0e9dea
0,        770,        770,        1,  1944000, f7a09a7f5d2d2fcbea7150d71effe0a16aff59e0fec6817bcd9765afc2e34206
0,        771,        771,        1,  1944000, b158b727c8815b4c7cf8ac695ce4c749de05a73d0664f497fd6a2a4e30f6763d
0,        772,        772,        1,  1944000, de5490b43f03fbd1e9ec2416c31d43e5351c5ff9c00a0fb21fa69b5ad6513223
0,        773,        773,        1,  1944000, f2207ece1246618ae3b81e1a760da6b037a8e2d7c54d30d5696df0b96ddc3449
0,        774,        774,        1,  1944000, 9f627225d2d5b19d8502b2e9313294f4a25dd8be50a71e96b769f2dadd0df43a
0,        775,        775,        1,  1944000, 62220a68db487b27c96f7c3816b4910a7ff5c3499f1dcd703c86228f7a23c2fd
0,        776,        776,        1,  1944000, a3146e56c9a2240eba701e7469933324ae0eaa7786b8f03278693e0e36bca5f4
0,        777,        777,        1,  1944000, c7b4a8f0b4e90eb7db8ebb5b1afe471a85c03bf4855e47fdfa9b0a749a1555bf
0,        778,        778,        1,  1944000, 00ae0f992c964d6149d917f7657a336483e3a4041808e04297c47b430be7ada2
0,        779,        779,        1,  1944000, 05238280224d41ead9aef6b69bd8ba1a2b7ac7f326f833e481490bada1c1d4d8
0,        780,        780,        1,  1944000, 64bb653271fcf460a00e1d3e9805fc7c2b01a109e6d629f0b0186c7fa740ad38
0,        781,        781,        1,  1944000, 05238280224d41ead9aef6b69bd8ba1a2b7ac7f326f833e481490bada1c1d4d8
0,        782,        782,        1,  1944000, 554a16f2c9110033d5e2b367300e9078a496da54c0a891994af18ec31cbc7cfd
0,        783,        783,        1,  1944000, 9ac5c15b7c8f51e787eeb0b25f99f36ba2fecaf58a537a2990349126fbd72ee3
0,        784,        784,        1,  1944000, 24e2fb92c1bf2721b7e02f8055559c4bbd0b031c1d745cb90897e8b9ca509cba
0,        785,        785,        1,  1944000, 76bb7ada9abc1d0ec880b321d4f900b327698e2c369331b449ccd925835b9601
0,        786,        786,        1,  1944000, 1573f2ed6b8fa348d8f249afe221e1fe44bfea14cf1312cdc7b30baf38c64008
0,        787,        787,        1,  1944000, f9923a6a0dde76accb02c6d4a3a59422f5f0a7988d4d5778cad2e5cf971f9dc9
0,        788,        788,        1,  1944000, ebf3610f82c371dfff68a08b01657f0c7a97fb0d5eeaef0c233c7fb38fb5bcfb
0,        789,        789,        1,  1944000, 265b325701c3d6dbb602eb9b7f1b36efedc7b1b567f1ec91160dadce2de02c56
0,        790,        790,        1,  1944000, 3c02a152070b281d2853884b676f62747a3c46a7f467d46c533d4906e1c3de23
0,        791,        791,        1,  1944000, 01e31b515b061de13d3737f70527c242edb9d8079ee2761ed7e258c5bb0e2d2f
0,        792,        792,        1,  1944000, f67a6692dcec9ed74b8922ad09362a631b713579e2028aeab1d5daafed007478
0,        793,        793,        1,  1944000, 26e833892ae765f984a8550692a58f83d84c8efb44d5f838638d7556b0e7f75c
0,        794,        794,        1,  1944000, 89d377901bd1e1ec02818abf8c2795cd54115ccf05f37dc2d0bfbc51de916017
0,        795,        795,        1,  1944000, e4d22d1211550ec4cee707c2d9b8e8e134f6466f8f37371cf8064cab66cc9c87
0,        796,        796,        1,  1944000, 51b34531b68f1a372c0f6d8987272f3f24bac806f44c8850ce42dccb4d4ae30b
0,        797,        797,        1,  1944000, ce05ccce9b29c7897d74aebbcdd41fc201382d264fc00d9dd12048ffca9940e2
0,        798,        798,        1,  1944000, 94f390edb4026bb66aa2fc4a19dd5aa2ed817969ea74a977c6278d78f561d6c3
0,        799,        799,        1,  1944000, ce5eece919a3501b4d7d80150831681e3d3ba7dc43a82d92d0cfb5c55dc244b4
0,        800,        800,        1,  1944000, e8cda8e9952f54acf569630da28e6891750ea45dcf690b638f37efe0b8ad0e88
0,        801,        801,        1,  1944000, 87af300040fc89ed1244390c2b7497404c805e3e6338e52744cea80bd8d6d450
0,        802,        802,        1,  1944000, 896a8b35e379a4cd26ad41fa4e1c3b340480f00879d12508a0c8d5d9b59089c1
0,        803,        803,        1,  1944000, b79a8e78b81a8ea1d25a5cc20e5a22756689b738a011ab516c3b4062cc6206d3
0,        804,        804,        1,  1944000, 9afd988b38fc2bab809e3099f11453f30c5ca17c97b124accaa35d8de74b3c52
0,        805,        805,        1,  1944000, fe856f9573e36cbf6380d7ad719b0bc8a714e761d4289ebf08a445d031b5da10
0,        806,        806,        1,  1944000, 695cdb45d2f87dd0e30f8a65e32a0dec1673a98970edb468f362c9c0fe78d983
0,        807,        807,        1,  1944000, 83050d1ec490006521a3464e642529aef7455f734a6f51a20e5a9123151a4c3e
0,        808,        808,        1,  1944000, 4fc22ca8381c6fe1024122292face6d03e0a9990d568e0e8ce02f382d52db2b1
0,        809,        809,        1,  1944000, 64598a0eb4e123173dff5d75a02fbe437de23115cb3f290ef07daf3455faeeee
0,        810,        810,        1,  1944000, 412d8e6316eab5729002a70df1dc9d04f9644cff8be0f0140d6e2747d670af39
0,        811,        811,        1,  1944000, 8d1350015836a087a4802bdcde2319d5027e7f105a1be3f8e8a16d251c09f254
0,        812,        812,        1,  1944000, 5b327977b147344353e3389bf461485fbdff0e3643d10620fa00a7dc0571934f
0,        813,        813,        1,  1944000, de06187f5fbb32b724c3c3e98e10bcf0d1db1226378f477492b41dc736ede22c
0,        814,        814,        1,  1944000, 029a4b9732d88f046c4ca6fbbde729f32d50603a154f9e3e7b61112522ba2244
0,        815,        815,        1,  1944000, 8abbd6ff4defbfc4f849c9f48f8bb8cd55199d38a6bc4caf119328b83a9d3662
0,        816,        816,        1,  1944000, 9ebc591ac95b44e5072b64dc32a1a6a3093f6e8ea859320b79d78207566223ea
0,        817,        817,        1,  1944000, a053871a539648bb64f2c73c41c0b93a0c230cf3c9d74ae601662cdfffa10cfd
0,        818,        818,        1,  1944000, f6df3f5f1e273600ce75c16db4e76ffbdb5d3c900699f2c2d0a262b0188b032f
0,        819,        819,        1,  1944000, 3b5a967d84b0e3f499c94d6d4e6b6ccada00cf91b02933d491d0ef9d1eac8e28
0,        820,        820,        1,  1944000, 856a0e956cd9b0bfb9a0d6fcdbd83467b5f1727027b5745453356e1e032564ac
0,        821,        821,        1,  1944000, e949f63205a8fdc0c4394001f05bee160a5708e39fc2728eccbab1f4cb74d697
0,        822,        822,        1,  1944000, 84e5140ebdb87f1107cdb86a418b2482cd5f01b6d2744404e8e425ca0adca0a8
0,        823,        823,        1,  1944000, 38129e3d76e3bb3cdcc1924a4de3f2d3f7f5ca8126ca865bd7f323f5834ce3d7
0,        824,        824,        1,  1944000, cb327be6d282eeb920715e34c0a43ec1f7afbd7f716faf9c102e99302813dcdb
0,        825,        825,        1,  1944000, 2cd1deeb816c8333662afa6bc582a3e461e1233048860aa9ff0399807350b594
0,        826,        826,        1,  1944000, a8a834fb01e15e608d6707e15e7816a4d053fd8b46974540f217bc97c938ec48
0,        827,        827,        1,  1944000, b73a2594eab4448ca8cf41ce4d887e5d190942515d2bd918650114c2cc598b34
0,        828,        828,        1,  1944000, 7c81ccc6e1ab757bf1f3ba1e10a8920957b4da3cf81d8913fdc3a6259f91ae6c
0,        829,        829,        1,  1944000, af4bd93a2f7f443a7069465299925d0298968d9ab5682bebe6f9e749bb961200
0,        830,        830,        1,  1944000, 16b9fdf3c164e46cea24627886e2414d1917a331fb61315e803a79d8b67e4001
0,        831,        831,        1,  1944000, 6222364344cfa49979044f5622b0ca1895a72ccc539b751e699c1aefeebd8c1a
0,        832,        832,        1,  1944000, c73328600243694a10666c039c97b769df798b3eaf1e254ca9c9cafba444ab0c
0,        833,        833,        1,  1944000, 70550e8e431a52384f71dc893ce6e262b245af377ceb7f7a4fb6aa7852d4af30
0,        834,        834,        1,  1944000, ae3ffc59cba1b4f874eb9a830f42dbaf846dd7d4123a8cc3f2a2a4248114bf13
0,        835,        835,        1,  1944000, 20604e55c8203d1a6bacc7608ac307458a588ebeaeb68bdaadfdbca29dcba953
0,        836,        836,        1,  1944000, e9e163e569f41bdd964655c40d404c516dc83989b671feb81c1a412cbad6bccc
0,        837,        837,        1,  1944000, 74397fd323c50defefb9e2a04e261d6a33c729755dc842b36143b085c7c900d5
0,        838,        838,        1,  1944000, fa5fa4fb4c3d9a8ddbe267a1a475b788362189224d7072faf92591407c1d62df
0,        839,        839,        1,  1944000, ec2191de7a9ed035cbf873b460e1492d171bded172afba84ef985e89c256570a
0,        840,        840,        1,  1944000, 0373c21b6a765344b051cfcf57f9b24185fb3c2b15a274e8b621817dc164d415
0,        841,        841,        1,  1944000, 5a7171f037d41464ecd645661610c9b0281e218d6f76ba3f75ef2d7a4a407cfd
0,        842,        842,        1,  1944000, 4ff5a08d76466546ac3a181fefc2638551e687ced81498f97efb885dd027fca0
0,        843,        843,        1,  1944000, e1cb770890fc2351690a4a030fcff20ba0af53cbfb15d5e78cacb2f595b640a0
0,        844,        844,        1,  1944000, f4de981fc72bc12195e56c1680f242d9fcb3ef0570ec8d425b0a1bd0257da084
0,        845,        845,        1,  1944000, 90341b99da08df09a5126e6d8671c79f3b9f554c16c923b184acbb525c4985a7
0,        846,        846,        1,  1944000, bdd5845db7bf59ed2eee92d1561d7fa5cfbebf7f698b78a4852e18fde29b8ad2
0,        847,        847,        1,  1944000, be44a0b6482136d251d8ad25a7e98a4e1ff4eff22dae86f40b8ee008255cc816
0,        848,        848,        1,  1944000, 949515b806e302ca5c9735b2d216565808b4d4595c94b3b56f9fd6d2a603ee78
0,        849,        849,        1,  1944000, 25824ebd4cc1b940badd8de6934e8771fb973f52aec05b9256327ccb7566a86d
0,        850,        850,        1,  1944000, 5d16620981fdaec250585d01b8591f60ca4bbc05d24705d3d862ed54e51b478a
0,        851,        851,        1,  1944000, 04c965191671dce5acbdb09fc7049d152717bea673a898dfac3d988d93522863
0,        852,        852,        1,  1944000, d8363bff488634b1f892693cea6783e2ca05f53f204c9ab21f4283e7eed88209
0,        853,        853,        1,  1944000, 04c965191671dce5acbdb09fc7049d152717bea673a898dfac3d988d93522863
0,        854,        854,        1,  1944000, f6839ad8e02a9db9e83a4071cff0ecf2643baf8b0e2bd9f46a17cdeeeea2b0e0
0,        855,        855,        1,  1944000, 0e14108fa67ff563f7606338a2ff28d187b8d9add87ecc4c49886b60447307f0
0,        856,        856,        1,  1944000, ac73422a7f516507a1b4582d4776cb79c961c7824132c4f8938f1fe123eddfee
0,        857,        857,        1,  1944000, 891ca1711863c88a6581281c60f77f19cb44442bcd8dc7fa4cf6f081c86a29c2
0,        858,        858,        1,  1944000, 69249e55e604f6a6015cebb398ecf1661be907b81f619bbc78dae6636caf4d69
0,        859,        859,        1,  1944000, b96742a711645cea6466aed565ba9e6ab512a083cea6cc632da21748e0ebaa80
0,        860,        860,        1,  1944000, b05ef873cf2ad452353af61032fde6a8baccd0229e835eee8ba6f11aa45227cc
0,        861,        861,        1,  1944000, b96742a711645cea6466aed565ba9e6ab512a083cea6cc632da21748e0ebaa80
0,        862,        862,        1,  1944000, c302a596668a941f843d3f4b8dddd151896a0b012e338bccda6af4abc6b6307c
0,        863,        863,        1,  1944000, 9e6441bf8f66e8813db4c82f20eb6ad99709bb167bae4676f84b1bf309dbc3f8
0,        864,        864,        1,  1944000, 2f5296348f6e6dda90ca3efda22808ffa22c1179f0fda6e9c7c3b1bcc32cb661
0,        865,        865,        1,  1944000, 8ea9ce971809e9901a19eacb1cddf5706e936b2e7c173a5c4b7b56a1771df9dc
0,        866,        866,        1,  1944000, fdde500bfb3f1a976500e041a75c26aec2cc0100bda09d488f4eb1e3a935124b
0,        867,        867,        1,  1944000, 7f05491e3fc1c8398ab2259a0abba33cc186342558c26346b20a2f81372dd9b1
0,        868,        868,        1,  1944000, a0a95b69d9541f3a46ae49fadb64cfe63883763a18167dfcb75fca457dd9b5ec
0,        869,        869,        1,  1944000, 8d36b4d37fbfb0a1abc390f1c5190aa69eaa15c7e602fb6cdfa8557627bbf8e1
0,        870,        870,        1,  1944000, 9ec636526cb247e5ea7318c7b5d969df79a7ff3c2b4de25d089eb96f301ef688
0,        871,        871,        1,  1944000, cbdff035da912dae68842a333987135def492459e43e50556ba8889ac0aa0cd1
0,        872,        872,        1,  1944000, 26caf4bfb6da8876136ecb5c17d70ba49eb44c5a775dcb9e9b6c30f7cac30bcd
0,        873,        873,        1,  1944000, 6702bcd19ca27e24868fc317085a00ba5ea8384b2a35e75abff3070649c92a6a
0,        874,        874,        1,  1944000, 81927a6dd01683f5b9b08f9aab79d4a74a57a4c34122103da891975571bcba44
0,        875,        875,        1,  1944000, fc186239a586922f0e30f50ce3117468fcf67cabf9eb92597eba117d6135304b
0,        876,        876,        1,  1944000, e2a141f267f28316b8cd4ed67a1d75fa5deeb4cef37387fc3b11ec43db9d490f
0,        877,        877,        1,  1944000, 059dd1448114b31ea4b71f5ef4fa8fb6932387dd0551b8b222eb33ca4f25fa73
0,        878,        878,        1,  1944000, 413e0d45fa82fa5f1aac23c50357ad593fba5739d408eb8d3d27b62a6ff839e5
0,        879,        879,        1,  1944000, 6e914d5ad5afc8e044329117ced8abde6c8e98a036ac6cd6f1ea7c34ee3967c4
0,        880,        880,        1,  1944000, fa07f7d85fde0725ab61d95a14c1ca17e0a7ee8616be18d50ce649d5625aa1a1
0,        881,        881,        1,  1944000, 38051585ccae11e24ebd6c21af55fe522daac7c32846a2b2d088656d37b42a43
0,        882,        882,        1,  1944000, 521bf9ae15134af6e29711be50be2e38b166d3403ee83bdca4272640557f847a
0,        883,        883,        1,  1944000, 68233e3d19263da59837e0fe1d09d366f47a1902f23057b1f1d42bc691ccefbb
0,        884,        884,        1,  1944000, c9f848f53c84a8ad49a601d1ad720d61254f6e84c8d0a26be87f06d77525ef04
0,        885,        885,        1,  1944000, 383dd4c08a2a31f2585c3a08dd205b1ba22b75d9e10d9a5134e93e24106fba38
0,        886,        886,        1,  1944000, d74456e1ef603a8593b5063b5ab0dce97519742f438d701e27f5124a574781cd
0,        887,        887,        1,  1944000, aa73c2481c37e2010b34e30fc5ce78f0a98ec08fd41b5491367fee44d69962f4
0,        888,        888,        1,  1944000, 1499091ffdd2d54248a0ab5293fdf6855b124a7e55d5de97649e19f136843e77
0,        889,        889,        1,  1944000, aa73c2481c37e2010b34e30fc5ce78f0a98ec08fd41b5491367fee44d69962f4
0,        890,        890,        1,  1944000, 2abff6ef5890a3da9e1862a3161dc758a04f836eab0d98c0ff0bc472fb237169
0,        891,        891,        1,  1944000, a83c2a3d33531615bc2e9de840b54bf99233e44cbc686b4c26f63672e22712cc
0,        892,        892,        1,  1944000, 0f16830bb07ac06a98c5e1de7d2a47d655fde76f975335800f8e0b2d9fa802f7
0,        893,        893,        1,  1944000, f82d0f014645bbe821a44cdb659c9f796920fa37f294aef374661eee16d572d2
0,        894,        894,        1,  1944000, 761d2897b20890c2fba28fa9807528c6519a0799602dacb990f10dbbf46923e3
0,        895,        895,        1,  1944000, d3dba1eeb9b510ba3dfb9148b3b636c16c288bbbc7c874b7963d1335b52904f8
0,        896,        896,        1,  1944000, 8a9799b8abc0be813c990e5732e4740f981ff5c2ffdf97aa14a9c683a3ec3c57
0,        897,        897,        1,  1944000, fa17d4c255063a8656f305531c36a15f984a88f18f6e900ada1db8a47871ec11
0,        898,        898,        1,  1944000, 8db526d7fa69e81c29e6ff457d05fe640fde8c047b3ffa9260c0bdb9c0c3ed7f
0,        899,        899,        1,  1944000, 59fb5a6e1f36d50b600cac36f244b4915de891a7fef1551e5b6b50a79e1dcd0e
0,        900,        900,        1,  1944000, c821aba3411105e518bc6ea0305aa0de87265dc22c34de08e44de71aebd5eafb
0,        901,        901,        1,  1944000, 4468624c8cf2a350e9815b765c4a4e971b1fe2db35267573e24451f9b2d17806
0,        902,        902,        1,  1944000, 480ddca2b84b80f30a7a68cd931f179692a076e63859f5c17c717168a6fdc13a
0,        903,        903,        1,  1944000, 2282886a7a96b2c98159df6b290504da98fb0d52797f599a5706d2945d217cca
0,        904,        904,        1,  1944000, 7d2b16ef8336272d21501fe76ec3ad358f7684d2a31a709ab1f1e1d3b6b04ba0
0,        905,        905,        1,  1944000, 4420bbc8f50a27ef25dfa86d014f900250a76b1458f51830c0485bdfdca87e88
0,        906,        906,        1,  1944000, 088f3b943a1d9c78c2f57826a76da9f3deac50dfaef35634672793229bd53918
0,        907,        907,        1,  1944000, 72b787cfa8eaef17cc2b4ba05803b10c702d645e8325317639ba27f5889e65aa
0,        908,        908,        1,  1944000, ad78552cf431d177421418bbce56e4e8f6b233b4da6011741e8b2f0b04ddb355
0,        909,        909,        1,  1944000, 2ff0e0cd88afdbb24b4e27eea09caeafcdcf5557aee67d478c31d6cf15ab8095
0,        910,        910,        1,  1944000, 9f3acc27620d71cd36325b285626a839c83a76d62e218e3f3beb28548eb8ccc3
0,        911,        911,        1,  1944000, d156b4f3beae86157306fabcc096df8aa4ed08d5775f23c944feea75a59632c8
0,        912,        912,        1,  1944000, 3e35cdfafb6ccc1162ccb6e79fd380d82b4f3c0e366781f62502327fc256dc1b
0,        913,        913,        1,  1944000, e7ac665911a387da6a343435bcbde8a58e33074e9f69ed4cfe99a286068e1c00
0,        914,        914,        1,  1944000, fe8061e307ab5a1ece4ebe6939bbb64981a769db6b9a01c692c035491acb1138
0,        915,        915,        1,  1944000, 99097e93d0b8f5a80a3111004b02c04428c39410ac3d5c825925bb9426e99198
0,        916,        916,        1,  1944000, f3e268737debbfcf6fa7e809200d8fc96bba267925fe2df6926a7fb3a0e19400
0,        917,        917,        1,  1944000, c1a0d05f1f58186fe74011a8393b473921663ce9f1cc4d2231d02b9aeca41c52
0,        918,        918,        1,  1944000, 114dcc7d1d443bd9d5082ab25b5f705ca1f2478446d35e9bd96d2c6f0e74f710
0,        919,        919,        1,  1944000, 72f0b908a86f2e66a3c4ee15545db2861124609d125db20f2345c3f450e6778a
0,        920,        920,        1,  1944000, 51a667aaa8c99dcf6a63cd377b4e689135a5345ecb924ec5f366a55e094d20d4
0,        921,        921,        1,  1944000, 7b8ca8c805493686f5111e276c2ff30ecf71916914122a64902278eb6ac07c73
0,        922,        922,        1,  1944000, d6e19eb2ec7798feb90b2b4a6c288c3cf1c31f518e9c841fa292fad915f91983
0,        923,        923,        1,  1944000, 2ea9f207cb94002a6ab1f43b9127eed42b6ff938e8b3405d794b3cf9a9384ffa
0,        924,        924,        1,  1944000, 2175aab3a2394a3491c1bfd89cbba56173b9941dc7a912884e4a897d78d7d5d5
0,        925,        925,        1,  1944000, 920bdb2526beed64e7c90fa52001eee9c9cbd69b03160ac03d9a8e98ee42f4fb
0,        926,        926,        1,  1944000, 72fcd2ae4202e97f100aff7a800c4f658bdc2bf0469e58ff6e1d94117794ce2e
0,        927,        927,        1,  1944000, 47a201d2be56ca8c06baf55d4861e245ad4a8193aa4ebf486b27ac5e41084978
0,        928,        928,        1,  1944000, 96a34a9bb38a5643d4a26e70b2204d78a0d94c7faa46142fce9a816b5735c307
0,        929,        929,        1,  1944000, ab12ca1fc9c63cf1baf184929e71b3cc991645ac370eefe3e3982cc5f471138e
0,        930,        930,        1,  1944000, a03e53d86be974ff7ddf615a8ee2e0ab7344f7bae7e0a1582369668d7c07d8d3
0,        931,        931,        1,  1944000, e6e8ca38d80af39575e7410968d355aaedc94df812279db556c1e9ad4e01e87a
0,        932,        932,        1,  1944000, 25ca5ae15207ce2fdbd40793d34a30904571744597bf566be71d58311b6f1127
0,        933,        933,        1,  1944000, 05d176d1df3db21c975a7dcea72adf95728dc0313a73170a5ee61027d2c4514f
0,        934,        934,        1,  1944000, 0d8fe10ede81f437ff1af5883ef0e64803e3598a3fa14933217fe0ea59191194
0,        935,        935,        1,  1944000, ba4adbeb8ff6c8876eff45b630a29af7f40de61cedc39435e4c41bfdfb3f3c4a
0,        936,        936,        1,  1944000, 658b46da4ca7cb0e0fba4e58b7032d9439c140192807a5b2f53caa006f30da7a
0,        937,        937,        1,  1944000, d469d43491b281ce77708e02c40748d3083401e79ec487aae7f6ec85b9283234
0,        938,        938,        1,  1944000, 9151060c1886309d10d5d724eee5d3874322aa4279cf967688fc9a62c33b415a
0,        939,        939,        1,  1944000, b5a9566fe71208558f9d63cb04cc6d94b992339cdce2a79420d932d281b2321c
0,        940,        940,        1,  1944000, 643e8db47c2a105bc9df16049715e729dc3ff96073f779af5ce862128f63a663
0,        941,        941,        1,  1944000, 0064e4ca68072b8db5dd89d5c500cf7874a76b60b9e641988008ec4f26af0e90
0,        942,        942,        1,  1944000, 673be70fc395882a4414fe28f538f65131a3a922fb7446d98e84044061ade869
0,        943,        943,        1,  1944000, c436cb48f6b5adf7f081040f411360703a2c58a5170d6646c344a897736c13c0
0,        944,        944,        1,  1944000, 6b0fead528962d3e77b510d5d6f5bfcf269d2bd65667f61a7a1872cbc39ac07b
0,        945,        945,        1,  1944000, b6c6f3ddd6d2ac7f570ef57c01182f15cabc34d33d708efa6ea01a9980088b7e
0,        946,        946,        1,  1944000, 69c2e08b114f652a571eb5bdaff9e00eb258551d4efad08401243b5e018ab3ae
0,        947,        947,        1,  1944000, 3431bf60a9ede98259b8d82da3ef60843a23e4ce7117477a358df6e1ef9d3f6f
0,        948,        948,        1,  1944000, 198ba5b4598e9b21a1dd339fa0f9edcc9739043b46fa2d134f5d5dd6cbe394a0
0,        949,        949,        1,  1944000, 198ba5b4598e9b21a1dd339fa0f9edcc9739043b46fa2d134f5d5dd6cbe394a0
0,        950,        950,        1,  1944000, 92e2f0879e599128ca7f77d7ff84b521e19d36b1a2bb32c3cc6b028e17a0b430
0,        951,        951,        1,  1944000, 09f926ef6cd3fdaabd9c653fa2e88e6f581a3f945990336cfd549891d01ef7e1
0,        952,        952,        1,  1944000, 09f926ef6cd3fdaabd9c653fa2e88e6f581a3f945990336cfd549891d01ef7e1
0,        953,        953,        1,  1944000, 8c58d4f08248f48ed9fddc3345a36b682390f28abf4b14ec7c53b7936e82045c
0,        954,        954,        1,  1944000, ea6dd88cb9935f49c2ba55c247904e846eabbcacfd83968d930ba0de82807a1d
0,        955,        955,        1,  1944000, 66f5e0ebe0026f80f29c705c174109a55f15d73f37fce234db6fe21393ddc1ef
0,        956,        956,        1,  1944000, caf182477f549b5deba86889db56526ad15ca8ae24763a2b1615c5ce07612ddc
0,        957,        957,        1,  1944000, 8e14d6f3a73dd371ce438c5e74caa021b6b083b43d67bac478298e3d202467ba
0,        958,        958,        1,  1944000, 7c2583f281a13c1919ba94bb2cafaf9c7f6832c41fb6fb1be0368888fcb566a1
0,        959,        959,        1,  1944000, 000a670dfb4c63209e27373945da9ea45bbd16099a398661a380772e719995c0
0,        960,        960,        1,  1944000, 000a670dfb4c63209e27373945da9ea45bbd16099a398661a380772e719995c0
0,        961,        961,        1,  1944000, a4d30176508877828c5c18f692a32e660bd16052a08fb968a2fb219d0cde7bd4
0,        962,        962,        1,  1944000, 3a8e0feaabcf0526b8a7c7484312481be91f0685482f7955c716782c3b121484
0,        963,        963,        1,  1944000, ae147cac80e62e7c27a482ab353c599179e8dd59c839ebd2deec3945ad11987a
0,        964,        964,        1,  1944000, a5a0c7134b351a1086a9032aaac082ea0c79781bfee624c644a49c83b75c25cd
0,        965,        965,        1,  1944000, a5a0c7134b351a1086a9032aaac082ea0c79781bfee624c644a49c83b75c25cd
0,        966,        966,        1,  1944000, 4ae6504f9c308a78c5c1b8b40ae8c4ed6195b0a86acf8872ea10e851be0af33a
0,        967,        967,        1,  1944000, 11ea6dff4e981b2e8e4da4717596d951fb26cbe48e662dd834e763d8c80d2206
0,        968,        968,        1,  1944000, 7137c5aea19677fa0ea0dbaa474242900d8f1e458de1fef5eede7388cc02cb55
0,        969,        969,        1,  1944000, 0c9939631064c343d546eeae64b7c7b1ae42212693be0a12a5a56299a6d10f71
0,        970,        970,        1,  1944000, a10493d31b35848ba59f6802d84625e3b73af66141fcfc8df0c5cc9f14c827ce
0,        971,        971,        1,  1944000, 60eb4c90104a5bf3a18da08f69354047ebd1cf12ae9e5f5d6ef1072cd37d0579
0,        972,        972,        1,  1944000, 7196d8861fac3e8df17719ff9ae41120951edcc5e7e8b058a597d3c0f8b5be9e
0,        973,        973,        1,  1944000, 59959fd7dd38d37f7296619aca9520705dec4fc7f80acb9d4a0e7aab316f94d4
0,        974,        974,        1,  1944000, e8d10049ae95f985cb06dd63126e57975f596e449bf7710d0fe392c6c8b4101f
0,        975,        975,        1,  1944000, 5903d541c8a7377e14ce9ec495bc564e6d026280a86fdc04148b780af357db02
0,        976,        976,        1,  1944000, 42adb2568eaa86d324520b5100715ad530c896587e834afac45a4b55fc2a8fcf
0,        977,        977,        1,  1944000, f36132812f763ac6039dded6ebec4c4ebfe6a01c1763b0098e6d8233050924e5
0,        978,        978,        1,  1944000, 218003fb993a5641516f97ee24d7e8cd4836f16718f9563a791843115bc4f74e
0,        979,        979,        1,  1944000, fc8139dcffa73165a2a74a2e0956504ff5b8f051cbfc39da915c986a0b1600e4
0,        980,        980,        1,  1944000, 5d921a9a8a1cd197a4e58c55d42ad24a82b563ef91abcf11f720f589f4e6d22b
0,        981,        981,        1,  1944000, 3f8ee45e1dd55dd4d96687f31ac9ae041f4251b9dbc1063617a9bbe575192297
0,        982,        982,        1,  1944000, 29b8d7c4404388081456beff4fb1e86ad3fc32db3997b511a473661dc5ad7c89
0,        983,        983,        1,  1944000, b796dacf9e9a504104f876ab5a61649e996c9cba546236554087a7cc058f1fce
0,        984,        984,        1,  1944000, f51790ae60c02cb2d31753ee96d39a6ad614e2e69d8254d4ed7e2829c68e3306
0,        985,        985,        1,  1944000, 757212528d13c4f83f596fd5e113e3902a250fa0a3ba247f9f3be3225d75c37b
0,        986,        986,        1,  1944000, 6fb476bf4aada1e8bbeaaf4734d6436b295df677a87ca233fc779e2f8d6f64e9
0,        987,        987,        1,  1944000, e20172c0e8404ba67a1e8fdc5d7daeb59c1b91ba085fc72fd1d0ad1f1b28afde
0,        988,        988,        1,  1944000, 9a0df4b2f9f622105551ec5977e46b7a67bcd38b4c4637b24319189eee30c1e4
0,        989,        989,        1,  1944000, 0c6021cb4b1168ba652bc9c84f576d8d2d34418e866739a6c814e44c066ef645
0,        990,        990,        1,  1944000, 21001399abc092cd27e40495dd55ef743a9291ae8d0939dce15254194778a6af
0,        991,        991,        1,  1944000, 785c52f076aa16d27dcd98c58dd0dc8ae36db620273dcead7fdbac92403aa3f2
0,        992,        992,        1,  1944000, fbb7c389038b38447ef2a36c40c22b342a1b1e1df954d2187495f892a5d23c3a
0,        993,        993,        1,  1944000, 61464d910dd34a7080e0c13f6638b2dd342daffaa934a4e4f59e019ceb4d0fd8
0,        994,        994,        1,  1944000, 28f3b68be97437b041e6477aad61e99c8c18c3aaf9de561d571e821f0f10bbf8
0,        995,        995,        1,  1944000, fa2d8b0f2227865b09db810d8f986054bab710f54091bf138eeabe76da4524cc
0,        996,        996,        1,  1944000, 82975c0b0d487980c16621f3f6d37d54f4a2a94f74c0b4aaa5862fddd0b0d4eb
0,        997,        997,        1,  1944000, 698e81851846b918c1e8f5a43fd5096f69721f5ce78a425d62a8efff99b606b2
0,        998,        998,        1,  1944000, b23ce192dea056581d328ffb9e8e5881eaadf9020039f4bfdf55f5cee4a28aa4
0,        999,        999,        1,  1944000, 6f14176d433e98e394ce57d5fcaa3ced6bd20ab78266aa037009aa2e6a89d2a8
0,       1000,       1000,        1,  1944000, 9bd1295f83ace013c10f11bcd0c46d378e17913f213aa24ff021038060b69530
0,       1001,       1001,        1,  1944000, 3f8a5b0ce773a34ef2f4747ac5f564fe110bb3db1e2a23ab06e3323aea48a403
0,       1002,       1002,        1,  1944000, 3f8a5b0ce773a34ef2f4747ac5f564fe110bb3db1e2a23ab06e3323aea48a403
0,       1003,       1003,        1,  1944000, 2d1609b3e26da8b4c307944ea2e609d59c90be507519211ee493cc27a22215b8
0,       1004,       1004,        1,  1944000, 31669c6697982b371c471aeff1df70d43a29237228a7c9be5613590fca7e84da
0,       1005,       1005,        1,  1944000, 411181d6ac762aab247c954f4ae7908dce7b0d2246db093769648adfe769e2c3
0,       1006,       1006,        1,  1944000, 6b4a874513415e5d471eafd579ad77c2a52b5ac49d30b0579bd46e2fefabe02b
0,       1007,       1007,        1,  1944000, 6b4a874513415e5d471eafd579ad77c2a52b5ac49d30b0579bd46e2fefabe02b
0,       1008,       1008,        1,  1944000, 5eb0fa6b60d2cc0a8c3707b7af9bdf8520b491d591d65279ea7a42000f3fa69c
0,       1009,       1009,        1,  1944000, 6a9e2b18e8d5e612b4aacd6cf299812ef722bb6db88252201d76587479f59428
0,       1010,       1010,        1,  1944000, 3c11750655303541ab015526ee29df7f4b0de249f81da1999e5a679dfc80b6ec
0,       1011,       1011,        1,  1944000, 6031f16458af8311b51aca90530ebd5b8135a48b0b460e8ad80c4837d99e1435
0,       1012,       1012,        1,  1944000, 6b8c43f9ec8c88d56268dfcf030c5163af88dcb069dc46389e71c2c2e52c9512
0,       1013,       1013,        1,  1944000, fc05f3689c5b6dc1865d2b2a8257958f6bb0c059cf3903d2d040edb1c30e64d0
0,       1014,       1014,        1,  1944000, fc05f3689c5b6dc1865d2b2a8257958f6bb0c059cf3903d2d040edb1c30e64d0
0,       1015,       1015,        1,  1944000, fc05f3689c5b6dc1865d2b2a8257958f6bb0c059cf3903d2d040edb1c30e64d0
0,       1016,       1016,        1,  1944000, d9519c0adf1e1fd9edf63532222b4e719b437d29905605ddf057ef5f452da639
0,       1017,       1017,        1,  1944000, 4a4155cbed6061fdb03eccb9cf779670f98692007db4d343cc8e7b4a805f434f
0,       1018,       1018,        1,  1944000, df891966b1ee5d378ea29833ba39e84565788d212d6ca1c0041226688a835e5d
0,       1019,       1019,        1,  1944000, 324a4ef1c002ed601b315e5294e9577fc3d10cc22fc0c4756a02c15e9a95b81e
0,       1020,       1020,        1,  1944000, 521afa59d30e9b63002766e9f10b32003fb671843a52bff163945a854f69f707
0,       1021,       1021,        1,  1944000, 324a4ef1c002ed601b315e5294e9577fc3d10cc22fc0c4756a02c15e9a95b81e
0,       1022,       1022,        1,  1944000, 324a4ef1c002ed601b315e5294e9577fc3d10cc22fc0c4756a02c15e9a95b81e
0,       1023,       1023,        1,  1944000, e4ba2233f20e0ded4c7455615fc07226bf9887c3e380c85b04b016beb0db9115
0,       1024,       1024,        1,  1944000, 8b0a139ec61d9415e339f17a594321c5d986c89a447468c937daea6d65220fe6
0,       1025,       1025,        1,  1944000, ae5c5db210a29a54d5c485e3ddfb32dd728c99f899d1af6158126d16c5eadaf3
0,       1026,       1026,        1,  1944000, 158b86b81e5e2b360daa4d3f3d7bfaa406e4b0d6dcb2cd0dd866ec06cc8fff42
0,       1027,       1027,        1,  1944000, 158b86b81e5e2b360daa4d3f3d7bfaa406e4b0d6dcb2cd0dd866ec06cc8fff42
0,       1028,       1028,        1,  1944000, 3a4d9e091851dd3b6b4893153fad08030b5af3a30ddc1f818ee220a40b064fe5
0,       1029,       1029,        1,  1944000, 4f9c7430a5f7819ef08543d73b84f55ab8defafb5b507ca3a41837fd968cf9ee
0,       1030,       1030,        1,  1944000, 1b1e9d2ad0e08fa684e2ee14f3f26621246ca446fabd824953ec3b0d7ebb5e77
0,       1031,       1031,        1,  1944000, 1b1e9d2ad0e08fa684e2ee14f3f26621246ca446fabd824953ec3b0d7ebb5e77
0,       1032,       1032,        1,  1944000, 721c6264d6f82bc83021b899e64e79a9a73deebd41a421b9b45434824b10a0fc
0,       1033,       1033,        1,  1944000, 8af42c71a8e1fbae2275c892803a2ad75718b5cd31e4848b29d8b3d9008af715
0,       1034,       1034,        1,  1944000, f720141dff00956a116465bd2d47dc63e4201c9bb983578b818e22a3fe1115c9
0,       1035,       1035,        1,  1944000, 8af42c71a8e1fbae2275c892803a2ad75718b5cd31e4848b29d8b3d9008af715
0,       1036,       1036,        1,  1944000, 1e0d3ec875dbf598c2e79b18c241ed342a2ff2a663d8c3cbe7f024e4b418fa36
0,       1037,       1037,        1,  1944000, 854f1eae183581f4a5d9237fca9a2e52abf1e3b6222f1cf7460d0de932240a5e
0,       1038,       1038,        1,  1944000, 854f1eae183581f4a5d9237fca9a2e52abf1e3b6222f1cf7460d0de932240a5e
0,       1039,       1039,        1,  1944000, 854f1eae183581f4a5d9237fca9a2e52abf1e3b6222f1cf7460d0de932240a5e
0,       1040,       1040,        1,  1944000, f713aeb5dfa9aea4110c1040aa9f1ed7b4ba36db326fb9fc30b10532caeb3777
0,       1041,       1041,        1,  1944000, e83d63923e39940dbb45af31d75cf733d6ed22c1ec1d9828e16b5551ee576bf7
0,       1042,       1042,        1,  1944000, 2ac969956a7c02e7829792b5e086132994eb48184169d70956f5fc1ee55dbefc
0,       1043,       1043,        1,  1944000, e83d63923e39940dbb45af31d75cf733d6ed22c1ec1d9828e16b5551ee576bf7
0,       1044,       1044,        1,  1944000, 743288e951567c93b356be39494587dde5a84a3d3b3d491cb0297485eaf47675
0,       1045,       1045,        1,  1944000, e481df3d92edcd493e343731edbb39e15ee930dd4ca1740ce7565bcddc11cc3a
0,       1046,       1046,        1,  1944000, e481df3d92edcd493e343731edbb39e15ee930dd4ca1740ce7565bcddc11cc3a
0,       1047,       1047,        1,  1944000, e481df3d92edcd493e343731edbb39e15ee930dd4ca1740ce7565bcddc11cc3a
0,       1048,       1048,        1,  1944000, c05353d166a905efb1a486f92734b52768f0b9d69fd6d405cdf6a1657f884472
0,       1049,       1049,        1,  1944000, aa21b38695dd0b2be9418980ade659a1b204732fddf580cb23214e62c4b514f5
0,       1050,       1050,        1,  1944000, fa83eb27cc683c1895a8bb84357b97103301e97bbe4a077b3afd6e0773c8f315
0,       1051,       1051,        1,  1944000, fa83eb27cc683c1895a8bb84357b97103301e97bbe4a077b3afd6e0773c8f315
0,       1052,       1052,        1,  1944000, 7387e251d5a912fe58c142064f1aeed8539f59c12f87a377684e710bd34819bf
0,       1053,       1053,        1,  1944000, 34c02aaccd8e50a9bfb669f092a87920cfdc247de0d9a11aec3a64250099e357
0,       1054,       1054,        1,  1944000, 8cf7239c6f7bb6373cfc1ec428cab5613098ebf92eb0bcc38927ba7ad44a238f
0,       1055,       1055,        1,  1944000, 850b3dd06b4fccad97839c83235398f956286fca6ca4dd64c8d803734bbbab9a
0,       1056,       1056,        1,  1944000, da105cef5439d9df246bc948b25f2ac31518198d698371c1ef10317ed30c1717
0,       1057,       1057,        1,  1944000, 6cdd87c238782b6f0c954fa76d373315b6bb22e5b76b0dcb6570d4c3a5c0a482
0,       1058,       1058,        1,  1944000, 4e78e9ce7659750758ae6976cc01695da2c0b857987cd19d9be01eb175aaf41b
0,       1059,       1059,        1,  1944000, d00b551d4e86263f6cfae81494ea3547356031a9c1644847814ed3044255600f
0,       1060,       1060,        1,  1944000, f7b306d8e274904699c1c7cc01c791848a72ef3b1105a68fd8d5a659b1d1d36b
0,       1061,       1061,        1,  1944000, a16b85dcd87b72a22a5fb0ea09a561baa85ea616c8457579078e92f651ea3f83
0,       1062,       1062,        1,  1944000, 2089364d1f92feaa970f5cf55a725f76929d9f9329740053a9d1b6192ab5cd40
0,       1063,       1063,        1,  1944000, 18600f4366ffe2b23c63972a4204f34a8c1bb09ec68f7c0855316a6a05e9946f
0,       1064,       1064,        1,  1944000, 95dfde5dfbd571119abbbb6d76f66c55293dd1d992813b693c7874b357888556
0,       1065,       1065,        1,  1944000, b286854716ee45e3e2a60b4a3e7d74a339a3d6c3b3fafef88ea5719d4a53b704
0,       1066,       1066,        1,  1944000, c2f4873a6532626592c5872874cdc4c4002d17fa1358408f8fafa096089ce1fb
0,       1067,       1067,        1,  1944000, ecd19c55a4f28cfdf532300fce3e90a3b9837ff738f1d279c1e1e54294f6a4b7
0,       1068,       1068,        1,  1944000, 551a8d352e4dac98311f8cdabf4e471b5cdc6772ce4955a3ee66498e11f3d32c
0,       1069,       1069,        1,  1944000, 38f0f112c718f581d061c00acaf632e84baa30adb19f7fcba28c72f1de0572bc
0,       1070,       1070,        1,  1944000, df23eedb619e9885a425f1cf25ae01c71c98fff5346a631c34bc540b78ee271c
0,       1071,       1071,        1,  1944000, 202b39dfde41f126bc3e31f7979356ef46ed9e12405623a32c689ebc376d8ab1
0,       1072,       1072,        1,  1944000, 2b2d6a998c16a17cc7b014fe39009c04db74b60c8122819c03b666eec9c6bcd0
0,       1073,       1073,        1,  1944000, a113e7e4c2bfb4d6e67bbcc2b9979b9bf8bec5aabbbed5647f53fc84fea5e046
0,       1074,       1074,        1,  1944000, ed418fa0a129b20bcfb53b40e4a9f7b2571ad4ce9ae24781cdbb25e9bc8f8d71
0,       1075,       1075,        1,  1944000, a113e7e4c2bfb4d6e67bbcc2b9979b9bf8bec5aabbbed5647f53fc84fea5e046
0,       1076,       1076,        1,  1944000, 7bc0ccba0ea14dcfc07894b4f30d44e18a5909ff16b60b7cdff2c035db5d3a8d
0,       1077,       1077,        1,  1944000, d14c289063bf299a0ec273cdef199f86254d05f493d7eb7dfe127a5663db4df7
0,       1078,       1078,        1,  1944000, 1b71890cebbf2229db934b54ec621cb11a359d0cd99c9ea7e0b4deae46019f39
0,       1079,       1079,        1,  1944000, a89255d11f4562c530d2dff29e1f05b064b972e97c070ee78a691df4ad77c043
0,       1080,       1080,        1,  1944000, c7446c178ee30895ee15daf6b1a696f28242e96a0b5384a44acdd61c1212e776
0,       1081,       1081,        1,  1944000, b50800aa3e44afe47e7e1c0b1312a28eeabdc9bae2324f8f13b7011c8c24f296
0,       1082,       1082,        1,  1944000, f8453d261075bda8ea57e01a236e6a37a0e292827812412feef068970491c3d4
0,       1083,       1083,        1,  1944000, 1077d5ac6150ed88f0d4438be03ba41d565929d1ed090ab363a8b0782eb07321
0,       1084,       1084,        1,  1944000, f2e5bef27cc63d32f30a31fec1db31c2d3fbc4ccb0677f3686ac4d9123cbc3f7
0,       1085,       1085,        1,  1944000, 48615c746fd4610348b679517e56dd0e34aaac286548ecf611182efa2395e6eb
0,       1086,       1086,        1,  1944000, 083ab0b5046c233a7f43b81962ad61331ce86a46cbb8fe90494afdb5e9c44e67
0,       1087,       1087,        1,  1944000, 152a48849a0ede1c065fa1fed95acb5f8987532c71f9b3605ce64a07fb5eefef
0,       1088,       1088,        1,  1944000, 5f3f59f289e6c6b2678750cab554417fb2140f56cfb0424840dbe9872a7b04b8
0,       1089,       1089,        1,  1944000, ce800d389d41621d473012167ffad49d33d0c55285c448ebc9dfd29b55b01f08
0,       1090,       1090,        1,  1944000, e98a97120dbf63724767613bbc444f3e9c9f08993cc972cfe1f4c777e50a886d
0,       1091,       1091,        1,  1944000, 8d1fc946efaa2d9c37b0fb4c6b1b1cb5c7a96f9045eb1eb533e1bb66b68e6b0a
0,       1092,       1092,        1,  1944000, fc9e970b1971dfee179eae281153db027b95c1605d232e2dc4a9070bb255d396
0,       1093,       1093,        1,  1944000, 117fe7e86ac6616dd4e6dcedf8abbf35390f8b79c250b3e545dd33022a11edff
0,       1094,       1094,        1,  1944000, fadf602eb312a8aae9a70c127b4e6a8f37ad4b6ab8502563f03c7217e2d6286f
0,       1095,       1095,        1,  1944000, 205f7878b5b2e002ad83ae6770e62ef6e0f6f354c3fd83d6ba1ded5bab65d5ee
0,       1096,       1096,        1,  1944000, 435bde370becc03da6e186dc523aebb41705105536f462dee138e8e956c7c350
0,       1097,       1097,        1,  1944000, 5a9cc80b04482e484157be4742f6c637f7a56b5db24de2202aa384e5a6e7c8af
0,       1098,       1098,        1,  1944000, 3c625ef3b6233d9e17d15e649854d63597e7c938c243c32ae4adb66d39de9c69
0,       1099,       1099,        1,  1944000, 9ccbf0ab8b921b9a394b0da11976582ec78377a9d160bdf3181048a6b05c7325
0,       1100,       1100,        1,  1944000, 0a6e761fe6436a3054403dd3a06711fc6af1c3208f00837a1d85b21b2d08c188
0,       1101,       1101,        1,  1944000, 871074a30920abedd49a085266617a01fe9b6ad5c1a4460a9357c3136be49bd3
0,       1102,       1102,        1,  1944000, dfd4666df443e3386fc7b7d72ef7c05fe3e09b2f5dd74e70609b55034a83a6e9
0,       1103,       1103,        1,  1944000, 19ad97270dc016eecdebe6655800db15f6ed996b6f87ad556a2b425121fcb7da
0,       1104,       1104,        1,  1944000, c236207e8ad691f62a90e026422513eb390e73a5332d0e8097b8cc7355dd8040
0,       1105,       1105,        1,  1944000, 70a2761355bb89c6e7db8b7d569ff261d4c3c8f081b8d8ca05d65f3124af1aa0
0,       1106,       1106,        1,  1944000, e0d32c6ea5983e301ee27776ecc8e7f3157791020d64a0259cd483e98f757502
0,       1107,       1107,        1,  1944000, e0d32c6ea5983e301ee27776ecc8e7f3157791020d64a0259cd483e98f757502
0,       1108,       1108,        1,  1944000, 4359a9b7b379b9da364036a1603d1755c7ec54a192a893c1c2bb2efb566025f1
0,       1109,       1109,        1,  1944000, 367cea1bf4a37458aceb7ac8ae7a59d8cf081803dc2ec8d0d843b13dc8318771
0,       1110,       1110,        1,  1944000, 367cea1bf4a37458aceb7ac8ae7a59d8cf081803dc2ec8d0d843b13dc8318771
0,       1111,       1111,        1,  1944000, 367cea1bf4a37458aceb7ac8ae7a59d8cf081803dc2ec8d0d843b13dc8318771
0,       1112,       1112,        1,  1944000, 0a580429b49104b0188ba4acdf756cacebbb35af5f908dc0b612bb84d888e7e1
0,       1113,       1113,        1,  1944000, 5dfe964c4ee81a3fe611c9c3ba985073db5a2cde8c7ddbdd334110436034cba9
0,       1114,       1114,        1,  1944000, 18d5450c9ef8e34c5cad1db1b6d13b1c66aafb3015bf7a3f336477af42a1a292
0,       1115,       1115,        1,  1944000, 5dfe964c4ee81a3fe611c9c3ba985073db5a2cde8c7ddbdd334110436034cba9
0,       1116,       1116,        1,  1944000, 5b59394855e9f20d46c79fe709641bc8780a6b0968ab1cdd4d8eab016ceb0722
0,       1117,       1117,        1,  1944000, a1533c449a3845b6196bc8f0dffccb956aabdc49400bccc4ec1bd045f0a90a47
0,       1118,       1118,        1,  1944000, 36622f60075cfdcef0d71602a387402a65281264ef4a4e1f2efd1e474eaeb47b
0,       1119,       1119,        1,  1944000, d646db5bd4c48b733d7b5d36edf5e599658c4a7bf4533c477ac530ecfe76c645
0,       1120,       1120,        1,  1944000, e6e53962a2c03a5a6f08561d5072c22751a2f3966d680d4f879c5924b29b08cb
0,       1121,       1121,        1,  1944000, 43661a0160ba5d791d528f3df8689d8849d6cb6812bc425768642dd27f720582
0,       1122,       1122,        1,  1944000, aeb726e1955cb584e878c9ba52f2dbf8709df87a594248b0573bde2b65a71498
0,       1123,       1123,        1,  1944000, 4c582b5661c9a6be7c6393421b25233fc66dcfebe88cbf31d203679684292268
0,       1124,       1124,        1,  1944000, 172d9568570b057d852b8bd6c0a6e647d10e7fae76c2a9ab487ed5290a774e44
0,       1125,       1125,        1,  1944000, 5712d4e898c970d8061d5f8b9ad38035c100d2070598fb66f20e758ca2b9a104
0,       1126,       1126,        1,  1944000, f324b7075acd4e24b6051cb22a7214db5db7b10398431703f3a3f9806dfa1f41
0,       1127,       1127,        1,  1944000, 607d64a967e4ef3676bbff4bffd3898534e5529bebc0c7e3465e6e3ac2430183
0,       1128,       1128,        1,  1944000, 642ced4525600da136123cc87910220571b76750076fe2665774dd4b28839b4f
0,       1129,       1129,        1,  1944000, 4dfe0795dfb8ac14278b65f40535c3ea14558d875795600d65148abec6996a73
0,       1130,       1130,        1,  1944000, 6c7fe82a5203e78ffd9f2f3beeaa4ace8c97583b6bccb76ba53455f15f902c82
0,       1131,       1131,        1,  1944000, 21f52bfd56e0eb73635298b03b9067260fe6ca5899dc1290a192e1c918792e38
0,       1132,       1132,        1,  1944000, a9a49783657853b52dfa3b6b7f65ef7fa5b77cb806e6fc87057cfd968d8329cb
0,       1133,       1133,        1,  1944000, 457ab8366359febf3075e263efee1866aada73e80c564b1ea74ea71c07165621
0,       1134,       1134,        1,  1944000, d329caa04b109610962a639ccf78a7869bdebf9a159a1e0bed6d5e89e7b2c4d9
0,       1135,       1135,        1,  1944000, 24303055105f433a66fcf6f68a8379d7c4b95e1773eda69298e71b9f434431d0
0,       1136,       1136,        1,  1944000, b884645590f50d105ed5b49ee14858ef4895b3b4f806cb2e5d9ee8de01dc89b4
0,       1137,       1137,        1,  1944000, 1059f98a8c62b5979f3e21588893b75bc49d634eabf7a7a8863a06aa2701527b
0,       1138,       1138,        1,  1944000, 1f8e9065f31bf1ca69252a428f1df268deed0a741cdc53b78713d9077de484ed
0,       1139,       1139,        1,  1944000, 8bc4426a323543f4484e341029f6e4744d4bebf9449a7a2b19e9aa76a2c9b69d
0,       1140,       1140,        1,  1944000, 893bda346d32030d461162ba07a7d405cd50bced378ccc33b4c0fb0d0c6b6dfd
0,       1141,       1141,        1,  1944000, 8fa198d9db98078b4d53b90b5f3c8a62e371df2623d2cb9a66803982445b4bdb
0,       1142,       1142,        1,  1944000, bf3b37fc94dc7f68002b16172cf45ae5e77b5ccc7826a05c54fa8419e6bf9f2e
0,       1143,       1143,        1,  1944000, 3a3562e73a1912c6b4c0203e3b4cd5470b04bf7a185c2c5b56ac1e7dd286ede2
0,       1144,       1144,        1,  1944000, 1dbc54da85d98df8897ea647d9bfa759608009a8a6b268eced4adfad8ec102ca
0,       1145,       1145,        1,  1944000, 96c32393117a15b87ae07b89c82b6bd03d2f6b3a97b6d4d3c497dccaa32658fa
0,       1146,       1146,        1,  1944000, 575471c7b577fc7c34f24d51daa193357641cd07c693730e62da0752bf9f6d09
0,       1147,       1147,        1,  1944000, 846fa21e2f58e3b196a23d81734902052c6971009b6ce286e53e0bc9c7cdd7f3
0,       1148,       1148,        1,  1944000, 8dd1bb624f6b7c2a8b5bf9d172922c9b0512c893aa9559b951ed9461eb886fc2
0,       1149,       1149,        1,  1944000, 9b43266bada7d3d5cccf732ae61e9f138dea852300b0b67de2641094b41591e4
0,       1150,       1150,        1,  1944000, cc97dfe66604df4b20529d8c0fa34bc1d27e8b4b34555bdf91975797eaf7b53d
0,       1151,       1151,        1,  1944000, b8404788a7b253a7edea5acf0aadb70e645be0cfdb9a0a4c25d8cbcc59769554
0,       1152,       1152,        1,  1944000, f55eaafda76c35d34caee988173cab9cd8217d8d7f0d6e3665c71f5d10b2cd4e
0,       1153,       1153,        1,  1944000, fd086d822465b9ee856aaae6a0f7aa50882224e1192c3182a033b6658dc3da57
0,       1154,       1154,        1,  1944000, 0ffee274f37e7cb8626ab51be71e4d545bfdbabf7d4fc4b7026071cc80fca7f3
0,       1155,       1155,        1,  1944000, 991b88f50c3013dd0dfd9605c99a0a1034f358d308a9b1913a63ab949de5a557
0,       1156,       1156,        1,  1944000, 76af1681ccec82f4778084b69ccabaf864ba2971d0b858796db88ce0c8071928
0,       1157,       1157,        1,  1944000, 850f977e7daea96a0eb27b32ded84f20b1390f6c6406c075ed5aaa439a9958f0
0,       1158,       1158,        1,  1944000, 95de74b4f50253acdcc97ac55ecd1a8220ade9618f02b55713dc7013be66d61e
0,       1159,       1159,        1,  1944000, fd9f2266a718f97605b1ecca71af73dd3eff9735ab89ef1ba4cdebea7ee8b7e5
0,       1160,       1160,        1,  1944000, f343ce8dfd705139be1d589141c92f1b387b82ccebe11aa459c9afad50bb08d4
0,       1161,       1161,        1,  1944000, 8ae4232ab01580b9c0f2b7d7531b635d4a228afc8a3ef0d07df2c87d6c48d42f
0,       1162,       1162,        1,  1944000, b94aa0661e0f7f260229d3fe70221b209fe736d1536a36cac5db58151e23d74b
0,       1163,       1163,        1,  1944000, 51a133c67c2569bbc1e296c0c6c02fc244c5aef4768af40c56e922e88fa67e32
0,       1164,       1164,        1,  1944000, 1e5c0ec2f8b84af45b48afca94dbe0d9e6b8bfe9cab2c90402682fb348c8eda7
0,       1165,       1165,        1,  1944000, 7425db7e78ebcf92d67816ffddc51d0a63b8d70e8cf0998666b2b4de1aa8ebe3
0,       1166,       1166,        1,  1944000, 9893d33f035ad1b2f02550007bd5915b5d8302b7becf38d7a0163dc80e6537e9
0,       1167,       1167,        1,  1944000, 6ff64a8f50ae262bf0f63fa066501d7cd72eaebefd2f453e2218fa7a78f41bcb
0,       1168,       1168,        1,  1944000, 837018ecaafa9ba51343bd3c87718054893cd8ede6453ee0fc7665c37ffdddad
0,       1169,       1169,        1,  1944000, 9e90c0e55d8cde224f05be0ddc479dd8c960d70dd763576ad8ed28acdd8da79f
0,       1170,       1170,        1,  1944000, 03a7155b8821ae510d5fbeb253ee1b9d4656f74fb29b254b81aa647a9066c6e6
0,       1171,       1171,        1,  1944000, acd64901ffb893d9e1b6f6d77a4791521fabcb0fe4a705e2919235910186b7d8
0,       1172,       1172,        1,  1944000, 423364c7c3b362977d54ebc9273324c7aeba6b905cdd61e7ba0427ae68d5964c
0,       1173,       1173,        1,  1944000, ca3c16432d2ff758d95805cc8d37bdd537a601cce5cf33732d9222bdee7ab5d0
0,       1174,       1174,        1,  1944000, 50b069a0699c88a6becf00b25f8a8252f0c38863aabf49f0fc8aca0c7a8ce659
0,       1175,       1175,        1,  1944000, d460f28d8f196be0aecdd513edb248bb5db392462408fd609afb7b53bf135a54
0,       1176,       1176,        1,  1944000, 89a8c41f63ea7984a1efaa4afe3e6a97de24c64002105fed443a5da993a38001
0,       1177,       1177,        1,  1944000, a22fbc0fa386142e22daf3aa9398815884f820e3cb31f007e99d93dddb1de4ff
0,       1178,       1178,        1,  1944000, 89a8c41f63ea7984a1efaa4afe3e6a97de24c64002105fed443a5da993a38001
0,       1179,       1179,        1,  1944000, 1de77fc82cc0a771007ed12d078cd4e9fee0922b5001308b71bd6bdd3825da39
0,       1180,       1180,        1,  1944000, 603d711dd588d22056c5ac6ebb62363c54e6a10ea3212b06710ca357ea5c61df
0,       1181,       1181,        1,  1944000, a6a7c578a1233d7068446ef9838c174811e3e237fc8c1e9fda0889508fbb73ec
0,       1182,       1182,        1,  1944000, 603d711dd588d22056c5ac6ebb62363c54e6a10ea3212b06710ca357ea5c61df
0,       1183,       1183,        1,  1944000, 5663030f632bfc917cfd6f08a22443769b3f6af4b553a6f633ffc39e1a1561dd
0,       1184,       1184,        1,  1944000, 05352a47e290d103112c688bb2311f35682f3823401be6aa46cba75bc3878b3c
0,       1185,       1185,        1,  1944000, 0170a55f0ad07879229a18f3b5f01109b639c030ef51dd2e04f48d2e27d9fba3
0,       1186,       1186,        1,  1944000, fe82e42596a5ddf349c4d5a55cd44ac59b6c151b97f2510ad343d4e5912f5bea
0,       1187,       1187,        1,  1944000, fd6fd4f7f0dd764b972d3142d9cac427a31700adc6c0a5c3e87aba98a14a583c
0,       1188,       1188,        1,  1944000, c90da7d609c3adc11f10d4005072cc43ee490e33f22d0f91c1d3263c71b16565
0,       1189,       1189,        1,  1944000, 3ca6cb78d216c9ea0ce95a9b761437d6965b4cfa1e4c6211c14a7f47e5db9ef4
0,       1190,       1190,        1,  1944000, f5d0046827ec84216b0831503c9770f6f63985db24efb33012907525fcb76fa4
0,       1191,       1191,        1,  1944000, 1bcfc1de199b3990a1e9db5f9eafb12f513f4a9efcc40967a1ab90780e373a02
0,       1192,       1192,        1,  1944000, 7a7c44dd1404fac32b32bbf2ca4d70a656a947c5a77b26643495dd27e332cbb6
0,       1193,       1193,        1,  1944000, e58bb25eb41e303ad835d485d73eefca8f981b178b95eb5736fef3890e033c33
0,       1194,       1194,        1,  1944000, 6d9788176152898e7dfae804340e0b2fce24d534e85b711ebd56cd3b55344b4c
0,       1195,       1195,        1,  1944000, ae337024d7f1a92724b21d7eb6d5a8dd8575f387945ba73ba9574c07b406f3d6
0,       1196,       1196,        1,  1944000, 50baf8320f959a1c37d0c486c30ad97fe026e251bd45ff8e9f88e1e7e1c2e225
0,       1197,       1197,        1,  1944000, bb5d5a9226fa93c71f306fe17e26ed6bac1cc418b873545d343da13a91d7c44d
0,       1198,       1198,        1,  1944000, d190335942d097987bf2622b61caedbc550841c2aa0749ae5e08d81c6e6dfda0
0,       1199,       1199,        1,  1944000, 3e697697126cf7eee2c592bdcf9de896dd9fd3489053d6cd1e79cb672588bbca
0,       1200,       1200,        1,  1944000, 0e6dd351696579f4a7b9fb27a30c77aa1b1d4489e3f0323141591a44e3cd4df9
0,       1201,       1201,        1,  1944000, 96f0caae0bbb6d0a85c16c2e083f4ceddf2e589009672718fdda9abdde1856a0
0,       1202,       1202,        1,  1944000, 3cb5aa2c213200eef8fff4adc7a845378eb5b66e9af7e4a756013a8f2e64d1f4
0,       1203,       1203,        1,  1944000, 8effb89567c2d3e1e29cf0fd9d9bd39e8a61177e29665ef7183a88974e01f31a
0,       1204,       1204,        1,  1944000, 1ce317210cd64e64b6b4ddbe1c92f4c465587797dc92e1c1d197b62200c0c112
0,       1205,       1205,        1,  1944000, e956cdcbafd6f79a47882d55a10e325f1ad566e00150434113c20ab974f4bc58
0,       1206,       1206,        1,  1944000, 769e7d1dca88272d900b63d811182dc77f93031a94ba80c9c757c575428bed67
0,       1207,       1207,        1,  1944000, c0064845c36333f3964df9dcd8ed1a113e909b3aeae8bfb9d162495747b21419
0,       1208,       1208,        1,  1944000, 1b1fb910b80d2cfd7af6c85cbcbe261164aa00281ba78b4041716c5cdfb5fef8
0,       1209,       1209,        1,  1944000, e25da736ba1bc7afe84033a1c3422db499131677a5007fca2371614aa2dcf817
0,       1210,       1210,        1,  1944000, cbc679126588ad094f65d66c51d34fd06d816c05e5e9617afc822f89f27569c1
0,       1211,       1211,        1,  1944000, c00ad48d825aaf4d4ba5f8573de03bde8aa479dad7ac67c45b6b041af9a031e5
0,       1212,       1212,        1,  1944000, b5db993d77a9bd6a137bb2e5076ed2ead7657cb06ba109da878b879247b2e7e4
0,       1213,       1213,        1,  1944000, 7ceb9a58129900e648aa53726ce6692e45ceb5a7b36a5fa5e778a8facf554dbb
0,       1214,       1214,        1,  1944000, f214f738cc243b7507832ae89cc316ad4190566d3ff366f933b76e012f272091
0,       1215,       1215,        1,  1944000, ef1f91da7c2150936ccc1f61aea6a334732df515f2b7f800dbaf19d99e6f6b1e
0,       1216,       1216,        1,  1944000, 299c164110462d0fc92d52894fb97dffd89c6e33b9920ab94c627bd257eabafc
0,       1217,       1217,        1,  1944000, 1710cee262777b5e52480f126181961ac58f9400da60dc644c520ff8cf9dd62b
0,       1218,       1218,        1,  1944000, 2fb2b88b3b093fa869fbc36681786a1776af338c59de0274867c534453ae1afd
0,       1219,       1219,        1,  1944000, 6a813921e138b472cf2ae8f0d4ef26b6a07cc5d4411d3f5fb387edf3bddf2e2a
0,       1220,       1220,        1,  1944000, 2b436feab836ed73894492aaed21ead3d496b43389760a43a904666228efb3f6
0,       1221,       1221,        1,  1944000, 74e1c130ff622a5b5fefd1c932cc67551c3a53dc2bb8b7237c2a38d72b333464
0,       1222,       1222,        1,  1944000, 544779f0060cef6d1bfff8d742e4a0a1129fdd87105d4836da316fdf9a7c8e16
0,       1223,       1223,        1,  1944000, ef23fc2a30bd4f3d1c543f7292fad6bb020e50550a037c34913dd74218c6b47b
0,       1224,       1224,        1,  1944000, 36b9fcda392d7f25b91ca527408cb055023fcfc2d364a2cfc23595f01ce338b4
0,       1225,       1225,        1,  1944000, 970b93d000580dbde98be08950fce15d73032c87851e21d57a80d6f689f1bab6
0,       1226,       1226,        1,  1944000, 18807c0da156c612f3f05fef7c64da5cf0ea4063f49aa65c1fd463ed53d7de2a
0,       1227,       1227,        1,  1944000, 6d4d00d541d4da614210b857b5a98341e3d2b17e449bf88bb6a6a45dd6d0e36e
0,       1228,       1228,        1,  1944000, 96b61756416803fb36683d839446ffe16ff4c221565c41275277a69c621a7cfc
0,       1229,       1229,        1,  1944000, 70f232857bd1dd7ea2a142a5a60c5d904ffe71648ce3268163a02fa7a05b6a4f
0,       1230,       1230,        1,  1944000, a084e172c3eaa334ea11813b983994880f20da8f5ffe29710aead671bf1db12d
0,       1231,       1231,        1,  1944000, 16b6c22012f2b90f4998efc9df4bec2c9f7d91be5dae3d26f26ccc2e0168aacb
0,       1232,       1232,        1,  1944000, debe84447e82e451b0e0a53a79ad3721be986d01c9c85d8af5445604fa77ed71
0,       1233,       1233,        1,  1944000, fa4b00aa72aabd4641f4b80485a56087849c595459554102a2487bddfaa47035
0,       1234,       1234,        1,  1944000, 19ceeda641d3b343d61417a0619cb8c41966d81a7a2fab410f9ac9b8bf738a2a
0,       1235,       1235,        1,  1944000, f3f076d4d3a6b15087fec3b47b0e39bb81665b8b4bd954f598093e20bfccf346
0,       1236,       1236,        1,  1944000, e46f8ef47dab3d3cc6e9529b40eb392c744846bf9131b96b1f2bca60542c5178
0,       1237,       1237,        1,  1944000, e264645c283c19fc5dea5caabda42bcd040c9691692124798691eff1c33cd139
0,       1238,       1238,        1,  1944000, b972a2c289a1ebb570bf2e766f98f84397048e562002602844f01ddf7c48a40d
0,       1239,       1239,        1,  1944000, 38e28f19e9eb71560f265623b811a4ae4e23d1b63138c2de92a9d2bab71458d7
0,       1240,       1240,        1,  1944000, f8d241c1269979b6464425a4dc29b0077f5f16c21ebb2f9c9afebbf414017d7f
0,       1241,       1241,        1,  1944000, 24547791a491f2a68b6b7dd20043416460e50f5e12eeb17cd9c37f42ed5c165b
0,       1242,       1242,        1,  1944000, 58227c965591cbfe7e9999a3979973e4925e54a0dffecdff59e025c3a3601611
0,       1243,       1243,        1,  1944000, 0389e82fa83ec868947a0a51e9b360786b444112c34307251bb115c106c51df4
0,       1244,       1244,        1,  1944000, d32ed19342dd69f02308d10ee2db44228c1d1df4cfc70c70b7aa03ab25916801
0,       1245,       1245,        1,  1944000, 59de075c69f8dfaabae5f40bdf97524657d88c21064f8e635a377b04e4be3750
0,       1246,       1246,        1,  1944000, 8e4e42eb96f2831e3b7b51f64e6ddad040d112fdf9ccd634bf85526d0e5ea091
0,       1247,       1247,        1,  1944000, 134f356d78c90859d30a8626e3e7de6196bf451af370412d4e84ce65c00f11ae
0,       1248,       1248,        1,  1944000, 86baa9e679787e2d2ac60abcc325adcc6e51f708212d4fecd346bad38bbfe841
0,       1249,       1249,        1,  1944000, bb9dc44a136fff8bed5bfbf7a6a07f61f26a9d0be5adcfc9870010429bd62c75
0,       1250,       1250,        1,  1944000, 8e06db121baf41eba9d4c1c5ce8b71af04fa0e44ad24d19c8aa634bf1861ccfa
0,       1251,       1251,        1,  1944000, cca25eb5ac23c6a76af67fbe55dde330f71dd00797f6093af8f95e6e2a8977f9
0,       1252,       1252,        1,  1944000, 5bb19a701301b17e8d34e4e04a23396012ecb17be58145e6295cce4b011c2a95
0,       1253,       1253,        1,  1944000, 457fbea8f48282fb9e62bc4a47d825e4208f3451b42b0d0559d72274af03210e
0,       1254,       1254,        1,  1944000, 7fa389fa59d7f002df8cd0fad6f1a9a65c62777ab13114df5db5d4aa28ab6550
0,       1255,       1255,        1,  1944000, 73f2f20ab340fe35df79fba51a7778bc14512b975ef0769aedc1133cbe88045c
0,       1256,       1256,        1,  1944000, ea657ac7f1c1d71d08b8d89a7a9f81d549d5f7ae1f58c19aefd895da72ed249a
0,       1257,       1257,        1,  1944000, 33eed085cc59f3d6fb38fabbde28bc0a5a2658d75483db4048ac5f74f5322893
0,       1258,       1258,        1,  1944000, b5e4aba5fa659a7d83dccb4251f710e3b415cc05bfd99f23e2ac548316cc78cb
0,       1259,       1259,        1,  1944000, 13b81eaa8bafe3af2f1e4361e06eca794c2fba1f7a669deb1cf3b797bf5bd7ed
0,       1260,       1260,        1,  1944000, 75ffabf8c71b5d8ddbb9e8b5086dc1de576adbea0b2c5fb95eeb647204982401
0,       1261,       1261,        1,  1944000, c65fa38e2d6fec67d2d22f402dbf642001d3990a3423e3fe40d03aa5bc279fb8
0,       1262,       1262,        1,  1944000, 3abb79e7ff33461f86cb28ce4968229b55af616cf0e5873a524ec0f760ebcdcc
0,       1263,       1263,        1,  1944000, 94487de72db11f280af5e8bc44ddb4804a739d2ea8575ae6188fbd3635166208
0,       1264,       1264,        1,  1944000, e9e2490b4451c2aae38bf372aa9c0b945ef02738f66b1abddd259143dd3405d8
0,       1265,       1265,        1,  1944000, e9e2490b4451c2aae38bf372aa9c0b945ef02738f66b1abddd259143dd3405d8
0,       1266,       1266,        1,  1944000, 7fdf466318c4dde6e2c750361e8280e31d3a4e67043c404c4b6dc5e9a77eb2ed
0,       1267,       1267,        1,  1944000, 489ec6c5bfcd7a1ba4b018683e0ed1d1e30068a2abb359f7e6680cbf74411023
0,       1268,       1268,        1,  1944000, bff9c2dbbf82af255d18e89017073d44b413b6cca357c128ecca880c898125c8
0,       1269,       1269,        1,  1944000, c5d049c83d38f9c979ee5675f338227335cf55bf1c1d53db95d267945f15e609
0,       1270,       1270,        1,  1944000, 5f59c95ed515bfaa88eac52c516c91f8dbf697af167ab1e0853d86f33e2e367c
0,       1271,       1271,        1,  1944000, 2967c0c006363b3d6b6d85e8c124c3fcc11c5391f90f051fe48257b8de96f67d
0,       1272,       1272,        1,  1944000, 0d34359e9448545cea066f1fafb0f171114fd7a20f0601d4143e518957e4abd3
0,       1273,       1273,        1,  1944000, 7122d940761cbdf8f1c2e6b756976846ba23b36267b5e16ccc9d64ef49a99946
0,       1274,       1274,        1,  1944000, 20df543b332bc17e1f00943c482df1fd1164f6adae153adbe662175c8c54180f
0,       1275,       1275,        1,  1944000, 980cc2ee3f6192b8abc0b26d2b2f686ef801f5c74d2357eadb5907d3accd073c
0,       1276,       1276,        1,  1944000, 980cc2ee3f6192b8abc0b26d2b2f686ef801f5c74d2357eadb5907d3accd073c
0,       1277,       1277,        1,  1944000, 980cc2ee3f6192b8abc0b26d2b2f686ef801f5c74d2357eadb5907d3accd073c
0,       1278,       1278,        1,  1944000, d27bb8697ab003ea62b15b121d52502c849c625c667b2e391be196b7b9b2a90b
0,       1279,       1279,        1,  1944000, 980cc2ee3f6192b8abc0b26d2b2f686ef801f5c74d2357eadb5907d3accd073c
0,       1280,       1280,        1,  1944000, 980cc2ee3f6192b8abc0b26d2b2f686ef801f5c74d2357eadb5907d3accd073c
0,       1281,       1281,        1,  1944000, bffdf645f8c760ba7b27995c44970e50100ff52b52eb97c8d71270a151e81e7c
0,       1282,       1282,        1,  1944000, c7f720d84270e03dea04492c51a95158db7c569db367ee6f228d2c8a5e853691
0,       1283,       1283,        1,  1944000, f7842e69d973fab49e57b505da13008630e5d9b152f9f64ed800f5ff32dd61a8
0,       1284,       1284,        1,  1944000, 3d9c35911af6a4fddc90663ad5921b5fe0791e571f4ed6f0c4c6674966bd5dc1
0,       1285,       1285,        1,  1944000, 3d9c35911af6a4fddc90663ad5921b5fe0791e571f4ed6f0c4c6674966bd5dc1
0,       1286,       1286,        1,  1944000, 8cae8f3ad1f15bbde88b042ca8afca4289e8e88807b4feec4769349242d2e55d
0,       1287,       1287,        1,  1944000, c6a820a668b9f4cbe255dd2a9b7f0b8dcd0b0e0a326b1229183f6012b4ab0c22
0,       1288,       1288,        1,  1944000, 5c1181209c5e30ea24421dbf66a46668c4214e8adf94217ead93310448603edd
0,       1289,       1289,        1,  1944000, 5c1181209c5e30ea24421dbf66a46668c4214e8adf94217ead93310448603edd
0,       1290,       1290,        1,  1944000, 702c727583d3900db539e48ee15469dee5f85e78f505af6f1d525ec808914e46
0,       1291,       1291,        1,  1944000, 405b37e5b8dc6170df3915f7bc7df320bde03a6243f74620529c34fc16b7aa81
0,       1292,       1292,        1,  1944000, 68b4aec7629ccf58e17eaeac71a0f654035b0126b80ef16bbc23143472f2e773
0,       1293,       1293,        1,  1944000, 68b4aec7629ccf58e17eaeac71a0f654035b0126b80ef16bbc23143472f2e773
0,       1294,       1294,        1,  1944000, bde469c1ca8eba4f621478124af4b5153866703a33feef4b6154d258a8508dde
0,       1295,       1295,        1,  1944000, e443aa2583f5160b4d27160d4ce553953ec2011fd603ed807c68b63b813d11c8
0,       1296,       1296,        1,  1944000, 426084426fcd61ba554b911774a30c87f86ad63cf2555f25b983c82d6dc22d9f
0,       1297,       1297,        1,  1944000, 426084426fcd61ba554b911774a30c87f86ad63cf2555f25b983c82d6dc22d9f
0,       1298,       1298,        1,  1944000, c103f5f82b0606a4b56c868967f932141f65470ac41e7df2a9983f3153f8c005
0,       1299,       1299,        1,  1944000, 5a6173ed6c23b32a9406ec773398a08b98cf7d3efc152f267585d6513d6ddf65
0,       1300,       1300,        1,  1944000, 197b13d27cf35a267a928efa364d0ea75b90b76825649f10f4a4e4f0841117fa
0,       1301,       1301,        1,  1944000, 303f4578c96e6eb1b3106cd0e0f181abaf2558f04fdd2dcc1ce62eb119460577
0,       1302,       1302,        1,  1944000, 04b84bf46f215019955f2986f7ff7eaaebe9792adcdc67ca5bdd803dc0599ef3
0,       1303,       1303,        1,  1944000, 42838cb514ec5623b7e5485e5ade1478ed51346f494181f9764b8fcf64fb04ab
0,       1304,       1304,        1,  1944000, 4a4cc8f2c191d880f1bfecc6a2fd05f9b8442d329ea955d3bd795f5607121d12
0,       1305,       1305,        1,  1944000, d874db035d1835f72fbcdc04e6548082e28aaa62d961c3363853132d13659bf0
0,       1306,       1306,        1,  1944000, 2a8bb453367981157bdc968505ee15db0d286357a43842f671c3a70e386a508b
0,       1307,       1307,        1,  1944000, b094451fd603fdb5ac662a8febf5f379bb95105071e9e708d95b112dc9aa84d6
0,       1308,       1308,        1,  1944000, 51cbdf8775af6431a97c735b347154f291c053dbcf7e3927fa148955449c61d7
0,       1309,       1309,        1,  1944000, 0ff2f34d31f779d8c0127c8060597967ea83773a288e1389daabbf52063df37d
0,       1310,       1310,        1,  1944000, bfd695b142d0c91ec3a0985aa94713f9853df4c63bee380b8fb9bc51dd867b5a
0,       1311,       1311,        1,  1944000, 01e27c768d11e28ff1de5c8e86138ff17ebe8f593c5f8a85235439124ee6fd70
0,       1312,       1312,        1,  1944000, 34df1148f0029a6da282737b868cb5ba215c20838163d7c1ed8ad69fd4657b15
0,       1313,       1313,        1,  1944000, b955d9c1203542f647427de8935a28c40f32003ff40058d8f6c73f7d41a8809a
0,       1314,       1314,        1,  1944000, 8c9dd956bb4e0dfe56747de7b0090ddb4e5b5d157b08c013d48ecb7dc1708f01
0,       1315,       1315,        1,  1944000, 6d7001ac05aabadea160a18a2ad63e86aa6073080bfbd282080348a663d88952
0,       1316,       1316,        1,  1944000, 931281207cdd52f700ba92e13fb5f74934172593b936c8ed91b667c0f4f34dce
0,       1317,       1317,        1,  1944000, 969c6492300365f87a2e7c6488e284cd8e2f54f66ea7bd5582dbd3f2182c4011
0,       1318,       1318,        1,  1944000, f90755b6260bfa7d7422eb6344e12aadb3f202893bddad268f002ed92a66b987
0,       1319,       1319,        1,  1944000, a2e5e5e96f9280d4e8297d742ceb16fdf5146ae0d0ee69a9c07b357f4b55b5ef
0,       1320,       1320,        1,  1944000, 64e493c3453db4ffcfc3addbb7a5fec22da78d387000f0bd6d2e758ed6daa116
0,       1321,       1321,        1,  1944000, a2e5e5e96f9280d4e8297d742ceb16fdf5146ae0d0ee69a9c07b357f4b55b5ef
0,       1322,       1322,        1,  1944000, 6760b8f554eb26e05685ab8404bbd5a0f28da9a127e980ce07b4104e0fb5db19
0,       1323,       1323,        1,  1944000, 82103e5db5c1104392d5be0e391b973a28289755fcfbe15b101c1eae7a896041
0,       1324,       1324,        1,  1944000, 18ce83f5f71a744820a2f30096cb982d4899c0808232f29efbe5407815f3736c
0,       1325,       1325,        1,  1944000, bf197b6deb7c38b2a6bb3dd4369e49900175e5a1ed1aebe7d86aeb2551f60e6e
0,       1326,       1326,        1,  1944000, 05d29f34c22875f328f9c567e86eb91ac296a651fa7c8ebe8e7a76be6880d404
0,       1327,       1327,        1,  1944000, bc2e9f9e6b5512980dda25fc9e748f5e1ebd224038fcf2cb239d3a0546189a91
0,       1328,       1328,        1,  1944000, c499873a31a9aa250c884d166ce7334f1dca9c018c5fa999cd3714cb40367bc9
0,       1329,       1329,        1,  1944000, c499873a31a9aa250c884d166ce7334f1dca9c018c5fa999cd3714cb40367bc9
0,       1330,       1330,        1,  1944000, 4d9a83d5bc0f370d33aa29557fa9dabe5094bb0a18d7529e34e76f434987cb5a
0,       1331,       1331,        1,  1944000, 32b5e7f180c1ba597a087f6dbadb5084a881d9f30ef1c41dbc467b67575db95a
0,       1332,       1332,        1,  1944000, 32b5e7f180c1ba597a087f6dbadb5084a881d9f30ef1c41dbc467b67575db95a
0,       1333,       1333,        1,  1944000, 32b5e7f180c1ba597a087f6dbadb5084a881d9f30ef1c41dbc467b67575db95a
0,       1334,       1334,        1,  1944000, a9d77e7850bff4a2b05c3fd691c785cf37cc323b3d5885ecd0b9102c8e8d2a66
0,       1335,       1335,        1,  1944000, d5a402caf306a74baa03ddd1206d9044b9c757acb9efa156bb1f3420df420f55
0,       1336,       1336,        1,  1944000, 86ca0932f32a1476198b8da83744b1b697736b552af7f07167c960d3857e5c13
0,       1337,       1337,        1,  1944000, ada73b573ffed6be2df4f9957e4c878d7a674084e5908daca161ec7cb370d4c5
0,       1338,       1338,        1,  1944000, 2dc97b633b846dc06d90017a0017160ecab76986918fa7270e402631cd341357
0,       1339,       1339,        1,  1944000, 9cd0b8fa5b21509cebef0ab988844868d77d7507c6d41c6ba8c58d407387077d
0,       1340,       1340,        1,  1944000, c7b68435bbd6add72084943a62dd97ef1cb2ec0522390bcb6054bcea8f0dc7de
0,       1341,       1341,        1,  1944000, c7b68435bbd6add72084943a62dd97ef1cb2ec0522390bcb6054bcea8f0dc7de
0,       1342,       1342,        1,  1944000, b024fe6c8ec005d7df3cc702bd43c9da1cec885aff32edb3870857f9f8ea00eb
0,       1343,       1343,        1,  1944000, 677f192ef9187ebbb80a5a48a1016f28d71f9fc1135956c276e065cafcbe8d67
0,       1344,       1344,        1,  1944000, 677f192ef9187ebbb80a5a48a1016f28d71f9fc1135956c276e065cafcbe8d67
0,       1345,       1345,        1,  1944000, 0c9da24ceb681703dbaa6dc5f29d75835698b0ba787f69edd17020dd408a93c1
0,       1346,       1346,        1,  1944000, b6c929b46f709a900a63b2784481f57647b9e415de88d0b55a9bd4895b1c361b
0,       1347,       1347,        1,  1944000, a515ffa9512e113e7f80ba0348437c646dc53944aeaf205cd44d0674e9e4e522
0,       1348,       1348,        1,  1944000, 36000b741d23fe7078ed80742811e0aee7c63bcb5512b5b095751937765b141f
0,       1349,       1349,        1,  1944000, 465c8a222b7ea7726a119d04bbf6a27ac0cb0742dcaa8fd88dff9c86fdab9710
0,       1350,       1350,        1,  1944000, 0fd655aaca8c82f80fb7304ce2450eb6d77152e34e6519b5b42f08f3b68bd804
0,       1351,       1351,        1,  1944000, 465c8a222b7ea7726a119d04bbf6a27ac0cb0742dcaa8fd88dff9c86fdab9710
0,       1352,       1352,        1,  1944000, 465c8a222b7ea7726a119d04bbf6a27ac0cb0742dcaa8fd88dff9c86fdab9710
0,       1353,       1353,        1,  1944000, 62b18474430888133f13104fd07295fc7c53fc82309d710ad84e48d136b60e65
0,       1354,       1354,        1,  1944000, 0cf62b85564ca3981c0bbf9d9397044f09ca7a12cd44345736ddec23784d8cfc
0,       1355,       1355,        1,  1944000, ffcaac1527d2a1acc59fd3939ceecb60ebdf97d198ece9e27a80dbd80caabed3
0,       1356,       1356,        1,  1944000, ffcaac1527d2a1acc59fd3939ceecb60ebdf97d198ece9e27a80dbd80caabed3
0,       1357,       1357,        1,  1944000, ffcaac1527d2a1acc59fd3939ceecb60ebdf97d198ece9e27a80dbd80caabed3
0,       1358,       1358,        1,  1944000, 06423c64a4529211d4af50b0e8d4670a916a79f97485733f01b083c7a2f8515e
0,       1359,       1359,        1,  1944000, 2d314b151a48fd640f7906b02f7d4601df286db0ececfd8101c47b067b7f7f54
0,       1360,       1360,        1,  1944000, 390495aebb6e375f1991cb4753c226de3114180734d8085408b21ba6f31a90d3
0,       1361,       1361,        1,  1944000, 5980a2684f14593ad9499aee523066af4875feafcd74f6ab3a985b556388afbb
0,       1362,       1362,        1,  1944000, d6f90874a619a85c281f7132609cf40074c383d61653c204aea9ed025c04286c
0,       1363,       1363,        1,  1944000, 2a77c50430948af463089d4a8bc7c239b87ca941be317325cbf3f254edb7a7d9
0,       1364,       1364,        1,  1944000, 90690d2ebd99d406f54e102e9c6eba99430113e0fa25228b496ac699c38509cc
0,       1365,       1365,        1,  1944000, 5d958aa5dacdc59e3e7a73dfea48500f5e2fd838199db736e90dd5cc2d11e37c
0,       1366,       1366,        1,  1944000, 020c6d08814666e0b3ec7f94d239abd6ff5b9bc946046aaceb73aa81b53a1898
0,       1367,       1367,        1,  1944000, c66eaf18eb15cac6999879ccdf6c63641dc7e23f2aafb7eec52735f33ee52d7f
0,       1368,       1368,        1,  1944000, 31c23ea92bcf326a04e3998508b9e4487df4f81e0c83aa41d79e4636321296a8
0,       1369,       1369,        1,  1944000, 2831fc8b274d3bf72a77a62c273e420848b36c6ea667d98421aaa4c6ed924a94
0,       1370,       1370,        1,  1944000, c07d39da9a8eab64e37d48728bdb4a778ba0601868fc40cb26a465f2e2ad9524
0,       1371,       1371,        1,  1944000, 68b4f9a80e712e3b4985d735959fab0c94c1a54df7500ab7dc698382818df69c
0,       1372,       1372,        1,  1944000, a9f978f4d9194666550251f7dc9af2713a6aa501682cecea98618bf81cc8521a
0,       1373,       1373,        1,  1944000, 59715c81cbc0e702fdbde0edb4bea8fd89d6d1f94c4b06459c664e73b8877554
0,       1374,       1374,        1,  1944000, c8f5755d350d1baf095df4a56c64ec92753b3b74d3af6b6c8384197e10c2569a
0,       1375,       1375,        1,  1944000, 6088f5584965c81a2685c2597972c2ed3880dc35a0c4611664588677e8821d1d
0,       1376,       1376,        1,  1944000, cb21bc41cba900ed38b55c6d70284e6f95fb1a05b3e994d2571564d5d0b7276d
0,       1377,       1377,        1,  1944000, e03ca245e9a21cc3cd1ddc53f6fac68594cd681cd427d60e8c9fae7688a25b84
0,       1378,       1378,        1,  1944000, 832d7fbf3a2e9661b8bd4ab25946ba96cc029a315d79baa7dd0da178a972a4ce
0,       1379,       1379,        1,  1944000, 157e03e3b56e72a29fcb6adcb593d7f1bf17af02e41c70677eb22a176d643144
0,       1380,       1380,        1,  1944000, 3dcc83a408846e308850c6bd466df168285ce5c7c06ec4cbceee1eeaf1bac323
0,       1381,       1381,        1,  1944000, 016c783bdde5b1fc689a0a172d21146523510241956ff8381789fced463c7a03
0,       1382,       1382,        1,  1944000, b5bcbb62f7475ad5f2df1194c27f0c0ab8137182bcf8ad21e03709e0b2bbe2b1
0,       1383,       1383,        1,  1944000, f5903d213a32179464a0dd9c2d695bd39d0561512d78d72515f4f9eeddeb2b2b
0,       1384,       1384,        1,  1944000, c33d951598853a9f030da68682a951a78b90652caa742add1c170e214cc341b9
0,       1385,       1385,        1,  1944000, f5ade402019f31411db31ce40b79b1fc40b03cea5b78f3f75eaac4fc62b1c60b
0,       1386,       1386,        1,  1944000, f8aca234a30f29a4eb94e593f3d6bbb546577ca8578320291ce09bf1bbeb5be8
0,       1387,       1387,        1,  1944000, e1ef740862250a355b1635993dd8997b7a86055c5dc0af16560b8825ca4e879a
0,       1388,       1388,        1,  1944000, 1bea3e93f82038777f2c607dc623663604dfaf3958c41a53455ce517dc148518
0,       1389,       1389,        1,  1944000, 42f2065e2e32a0195008feb57486c5dfa00d7c443053ef8bd54dda9af3300746
0,       1390,       1390,        1,  1944000, ba92f8864403f5c636a54decf5d67d4de3065345e4b0f1d6214cd0432cbf922f
0,       1391,       1391,        1,  1944000, a01caa0aeda72a11525e91f6f17ac9b9ec2df5d6a18b81732b78d8035da29c39
0,       1392,       1392,        1,  1944000, 78c8ec4f6b1ad6e548fa7877f82a6cd3da2efa86a92d43689145303b3e182307
0,       1393,       1393,        1,  1944000, 6671747bbb96bfa06ad5c3d1ab0b867ea3baead7600d560e476ebd2f89d7cb23
0,       1394,       1394,        1,  1944000, 8ac2530d5273b468ce6de189650eacba8b84d9cd65f5a10f14276ad69fda9047
0,       1395,       1395,        1,  1944000, 8136590288cb9f6e260f198a7012866058c60667a6888ccc7e8e817ddf0b33ad
0,       1396,       1396,        1,  1944000, 3b7119301cae2f14615e3210a4d7ad798fc48cd83f5b37131f0dd04f83bcc63b
0,       1397,       1397,        1,  1944000, ee9ea882fe525dfbf6c42d32e545da6a12c42103cee740b4f9df8b03cdbbe376
0,       1398,       1398,        1,  1944000, 3ca227bc1df00fb897c50fc82a0cb8411cd2d9b35fd3ffd6ce33c27b5712b2fe
0,       1399,       1399,        1,  1944000, c599a89716bb11f7fb64ba9e15799fd448952978f7fbbd1e411fd3a3f2d8ba7f
0,       1400,       1400,        1,  1944000, b60b8e9835b28211a8138bc19951b8cc6d17ce48b9f7421180fc05b181cabf62
0,       1401,       1401,        1,  1944000, 42a8c130c23e32bfecc324023f4b0a1028652983e4d0e397004107055c2e2e82
0,       1402,       1402,        1,  1944000, 84410e57f81af5eba2677c4c2d05af160ef259659b12b61dbfedab4758f06252
0,       1403,       1403,        1,  1944000, 4a3d6d6e9874ddf69d067fdf8215c1a941b61118a27900d509ef98ce1112428c
0,       1404,       1404,        1,  1944000, a982f8129b71b02386e4ed1a144ebdeaea6f58d2da05b2e1ab28eaebe5e529fa
0,       1405,       1405,        1,  1944000, 156480b5d24a6a67e5286d12331d25f7490ba03b2d6b36b0868909f1429d1336
0,       1406,       1406,        1,  1944000, 908db8b533f85486a8abf62983e54814892fdd9a3c3a13a6ca32d99d0fa90b9a
0,       1407,       1407,        1,  1944000, 16d6dd027c071f332f511b9e4697312256c74d1554c6223544279854e310ffe4
0,       1408,       1408,        1,  1944000, bca03d05587b24f34f0c74c531d8b1b67d3d6785ba8dd8a8e4551acef8d91651
0,       1409,       1409,        1,  1944000, 2a92b8ae821c97565efc8e6476abb718ca6edef3f6074d9dbf7642bfadb0d2f5
0,       1410,       1410,        1,  1944000, bca03d05587b24f34f0c74c531d8b1b67d3d6785ba8dd8a8e4551acef8d91651
0,       1411,       1411,        1,  1944000, bdb664a0e2002ae56793158a3c0529d1f6182d74d28d88c34d6d6e89f4e96246
0,       1412,       1412,        1,  1944000, 0d4b062073dca0c81ddaae698f267833a4ebfa0b05b5c65dab05e830ccc3c64a
0,       1413,       1413,        1,  1944000, 4f57f7cae41b8d0dcc8e1988372c16917a819313612fda53cb5485917550580b
0,       1414,       1414,        1,  1944000, 02e208bf10cd91596942511e513878bffa0dc69dfe0ff100f3d1be97edb2dda6
0,       1415,       1415,        1,  1944000, 9668fc80f2ac3348015ee6ff579547d26a7608098f2333939d5521c51711cde5
0,       1416,       1416,        1,  1944000, f200f76abb8770d5f4362099e0064f30f3fd675efd70ba4a08adb0c4c12fbbff
0,       1417,       1417,        1,  1944000, 25c7e941d0860ccb07241fc2a534d423212dadd13c1e02c9557a5af15ce68b9d
0,       1418,       1418,        1,  1944000, ab61d5b13318ca49239ac47ba32b8ea978fd4276212ce9dbda54a7258544f23d
0,       1419,       1419,        1,  1944000, 1430d59a778185b1e65e71e4679febc51fe48effd6541a29082840a9f56a2545
0,       1420,       1420,        1,  1944000, 83825468d6b8d1f40086d5fded8b53c531a9bb33bcc430b6813eb4b2094666d9
0,       1421,       1421,        1,  1944000, 8e343e55b48f6f672064051cef2063282464dbde915004546a568234bf9b1d4b
0,       1422,       1422,        1,  1944000, db2c17fa71c6d3cbd376b63133bbe54c51ce9335bcfdcd7cd8132cb6682d651e
0,       1423,       1423,        1,  1944000, 3aec4c9f28cea77115069a2617ab5930ace80f23f8a18f0e1a65952c624713d5
0,       1424,       1424,        1,  1944000, dbf5a3c0151f04b0a9d13b9da6fb9261f64d005b99a324f8ddc11254ffa270f4
0,       1425,       1425,        1,  1944000, 0c2fcd6854066e3f7393db3518eb90615ccaefeb67ca277db0f6df595127cd86
0,       1426,       1426,        1,  1944000, fccc5f30a65423d3b782f242a501b78c903dae89ea3a99606912ff7392b95664
0,       1427,       1427,        1,  1944000, d14bf2d3addae19ab4d13aaecf542f84a11e8d120279b2c3551606a08f5a9c4d
0,       1428,       1428,        1,  1944000, 931d4c44bf12e419bec0154db26416339f216daad3e082c9045ca256a29f3893
0,       1429,       1429,        1,  1944000, 3d43bda81917fff9600ef7e8d11410d9390a761fe56e679625861d58097b0a34
0,       1430,       1430,        1,  1944000, f3fe43ac0f7e4b1a79f2e6633d0e8a63af4190033ee362d43d95e817ee560eb2
0,       1431,       1431,        1,  1944000, 2ae5db894989800f3a9891eee37de9bfc5e2546e930ea9d7367bad45ca638ac7
0,       1432,       1432,        1,  1944000, 0d4c645353924d5694fe60ebedb9f3151542591c914e0adbad5327bd99c2f4de
0,       1433,       1433,        1,  1944000, 6343a61089a4926c360cfa6f4823e2df755642b5164fac528002de1359fff563
0,       1434,       1434,        1,  1944000, c466825ea38db0804b7011f13a2a36565f7b243ccbdb32af24e9eedea0e054fb
0,       1435,       1435,        1,  1944000, adc2188c0e37c86642ef250eef3ebeb321797f230f15c469d9c1ce51bf4b7bf4
0,       1436,       1436,        1,  1944000, 001ac319fc8b3b1f672d5570d8395a9fa5e10145644789abecf8fcc2ad5537ef
0,       1437,       1437,        1,  1944000, f463d392af5254db14c7558d707b818d26f5562b22f29f76a1582a92a7464dab
0,       1438,       1438,        1,  1944000, 354f677542007b119ccb825aa49b924aa98aa7f8ac9a0d7ed2ec8bfab0f8e6e6
0,       1439,       1439,        1,  1944000, daf289aaa56503c40a3b4c371a54f7951a7ab8501853403791d929ca4ec3a539
0,       1440,       1440,        1,  1944000, ddcccd992fe429c895e15f1366f7af8e7b9b16c31348b3445d6c8b184a7f669f
0,       1441,       1441,        1,  1944000, 5f61688335e68952ebdcd951934abb1924f8893ab69ba6ed969ecb218f94237f
0,       1442,       1442,        1,  1944000, a00a831c3026ea46e0f3b004961ce29c2e2f24d775afce41fabf45c55dc89fb3
0,       1443,       1443,        1,  1944000, 875caca343feea0878f465802f521ec2bbb53bfff5c2ca1717b321b7684b1326
0,       1444,       1444,        1,  1944000, 7774cdbea64ce7b3540ced2340bb5d2c3d1b9bfbb0fe1bef15500d65f472bedd
0,       1445,       1445,        1,  1944000, 80efec52f3feb7011857774751e8c4c5d4b10c555e03b7252e5e8fbf6dcfdcd1
0,       1446,       1446,        1,  1944000, 15107be3a9b465a415f85355d81738fe044e98c0eacb64dba6d229d5ef5b9c3b
0,       1447,       1447,        1,  1944000, 43d5272a9e0e423b278b042ae480a859c528f193cf3a9b8ca183db81926748be
0,       1448,       1448,        1,  1944000, 831f361246308deb6b4c1edadd23a0b25b09006464aeb31f7d1be36427860a9b
0,       1449,       1449,        1,  1944000, 29418039716833acf6a2be98bbb153a0d9dde9805b1487161c54088b22da6244
0,       1450,       1450,        1,  1944000, 62ee82b1753b890f9af19cd7940ad677c4455a96115b9026c1a45ce37fda1fd2
0,       1451,       1451,        1,  1944000, a7aaf3b3004a236a071812b2cb19f33df4eeb46e6c845d6611e381bb26976b05
0,       1452,       1452,        1,  1944000, 7258d59b73df4eb3d2da92e3be151c522e37ceb0ca814a633631b9c8b0ffd406
0,       1453,       1453,        1,  1944000, 0b3dfab53137c45faf8e40f1e3e6ef8607f49f930e5c28dd2b84b4addcaa9dc2
0,       1454,       1454,        1,  1944000, 515af8c1e7ffefee32cefb87d03e7a52432c08b0c9cb29673c99cd704ac11db6
0,       1455,       1455,        1,  1944000, d6e006484f3262db34464539461edbe3dae682787820a5386075788667457644
0,       1456,       1456,        1,  1944000, 7762dbfc0291a2d79889c58752bd72c1bb09939b8f03cdff27d46897c349a8b8
0,       1457,       1457,        1,  1944000, c2b7935ef0be5e0d6a3df43b6d16077b2d6142d07c462ea07adab74aec4e3609
0,       1458,       1458,        1,  1944000, b3c882c2a36f20ae4d574e6bc562081ceaa942ab500b63b354f39539b945bb3a
0,       1459,       1459,        1,  1944000, 224ca7a8d8cc833f6bf949df3b230dfbaa59cc73937671439b9b70fbaf5900ce
0,       1460,       1460,        1,  1944000, a880f03bf088e898f78e14e0e82f85d8b6edb38192e2f843221d59b3ba579a63
0,       1461,       1461,        1,  1944000, 49fbd2aaeb9cb3f2b9f9da8a814b054e126031f6c1a9f5095ebccf78c51f0595
0,       1462,       1462,        1,  1944000, 83970dbf536ad2dec2a8eb84b99bc1548c0f5be9055a73212eb18507489fcb37
0,       1463,       1463,        1,  1944000, 96bc0dafc62f7292cfd022228556207ada9a5bd832a573d44ff95854d016721e
0,       1464,       1464,        1,  1944000, fab180af536e29a280c5a3472f0de853914aa611a1b14243fa875eba1a5f3ab2
0,       1465,       1465,        1,  1944000, 2ab18e704b3c759bdca1ef870f1f5c0bde3d4624e2de06dbdff95287da1418c5
0,       1466,       1466,        1,  1944000, 66657ef3af1449f186fedebe34f5f8f48327bce58576babe0af8efffada7f66b
0,       1467,       1467,        1,  1944000, bcb91e1963de02b3bcc84c8d790e6e2a130ba8fdc1b54fff7cf23e9427766711
0,       1468,       1468,        1,  1944000, cf09c7de2f30b60a7ded01d2c62d0947b36b1a558975c280f7debc899ed7f4b9
0,       1469,       1469,        1,  1944000, 5eedf959fa1440d38e0c0d272f5341d88715f6a164c1f2e6b36117435df7fda8
0,       1470,       1470,        1,  1944000, ebef096ad8f975fe04fa98e7e478c0faa0b97c0ec999ee446dc51839071e2dd8
0,       1471,       1471,        1,  1944000, 8faa9509b0dff4178f75fd8d60f7e7fa303457daefc0f93d837b67fc5c873860
0,       1472,       1472,        1,  1944000, 26581925fd4696bb1ede29f01e00981eca5a88a895a0b5a3c0f3491979d6dffa
0,       1473,       1473,        1,  1944000, 51dfce626531570d753e7f67907a6c8a9cc524af842e8bedf08cec11282c9e85
0,       1474,       1474,        1,  1944000, 9d5a15a033ccf6607805520bab0499cb62ed57af20694ec922e35ab3cf70c27e
0,       1475,       1475,        1,  1944000, 0f2a7eaf34f06d4320f1178d5e8c8f9f524e85392355fd9ffea661c7d19ae427
0,       1476,       1476,        1,  1944000, 047a7266d369bbffaa1b57501e45a3f34ce51feea2ca2407ea5ffade4bfca7c6
0,       1477,       1477,        1,  1944000, 997a05bd3adf0de3c99acb84a9cf200eb6b372eed0a3a54be2b08fd36f2c6300
0,       1478,       1478,        1,  1944000, 051ee10eb17c19aa7e2aefc2339e3c8db514653e555d783c08366238f35c3c50
0,       1479,       1479,        1,  1944000, 0a3919042626dbd65c7602838058722bc1d7e213717b266b386e33c3035c6cfc
0,       1480,       1480,        1,  1944000, 37a03e0a5a51687c5b007e8707c115afd0d0a5a7e4963597c7e9f4c21b58093b
0,       1481,       1481,        1,  1944000, 22a2e29d8beca56f12f732dc86b139ac9e3cb148ff116b4856213f38aedb9583
0,       1482,       1482,        1,  1944000, 77de98b74dba52a93874ccb23fa9800faa42f5cad57d5fa5cac9ac025a768a2d
0,       1483,       1483,        1,  1944000, 2931e153c311bc2255426faf3c69cc77d6aa04939e1dc0972c51616e7deeda86
0,       1484,       1484,        1,  1944000, b03b68dc54aa7d3a2ebe7f92518a8c4f0f41d3eec664720db872272cf1cb4d80
0,       1485,       1485,        1,  1944000, 576f8112ae3fe6a9cca7f002bb201aaced1940328c6e320516f5931edc761da3
0,       1486,       1486,        1,  1944000, 26d37049f9ffbf9759b3c20abe9aa32b72d318419a1c85ff3fef88089c4de987
0,       1487,       1487,        1,  1944000, e8035a649d2bd69fcc289eb52dd07aed43b39f602f4d580079d2fc14b2be819c
0,       1488,       1488,        1,  1944000, d8810527c45601892bb73364fcb8b887e4791fefb410ef0876cae08162a0870c
0,       1489,       1489,        1,  1944000, a2fd145335939a5c8d2be37fa27a2e5197ef709bd551f6a0dccd892c00e340ff
0,       1490,       1490,        1,  1944000, 055b0e394875a07f633176a05b6a875064f9de44088ad9d05d384acbacf53e13
0,       1491,       1491,        1,  1944000, 0c5987a03014dd7e9c5ee52959210cb506be4459aba131608d0945f432b90e79
0,       1492,       1492,        1,  1944000, a3dde58726ccdc980776858fcce53c1e7c13396f0b687905ae0cf6bfa9a2eed2
0,       1493,       1493,        1,  1944000, 8a5a8c6e41d68ef23dd9849528983b1845c0bd0b3b1102ddf7a450727e8533d4
0,       1494,       1494,        1,  1944000, 8e15289cd773c63e8dc898934ffe353b15adcd0314ab6f22b96646b329ef9146
0,       1495,       1495,        1,  1944000, 1469cda610921311e7d44043cd6a0be838af8d89557552960d37b324eea0b3af
0,       1496,       1496,        1,  1944000, 5261d4598d9c781f93520fcafb120d7493ba303b8215c854eeb4c5441df05d0b
0,       1497,       1497,        1,  1944000, 1fa1408d01969bfda19c01621eb7716103dbf20a4bf7d90c597b5ce9c6d6199a
0,       1498,       1498,        1,  1944000, 54e966fd9163bbcb2cca6b892ae26eae35eae9f6f393025ae8c68e94812d828a
0,       1499,       1499,        1,  1944000, 500deffabdc490679b1a9ff859291e7873cd4a9ff096a530d522d8753bef770f
0,       1500,       1500,        1,  1944000, 98fb935a83b049d133028a8cb5609a8ba388a768fd17394b765b1913bdd3bc1d
0,       1501,       1501,        1,  1944000, fc04841d936fcfb9a539aedf1bbc90b118c8a59339ae7bcfbc60a1428db29be7
0,       1502,       1502,        1,  1944000, c8ac947ece3c9c6b9737664ef7916b006dc206a8627b27801bd00992d1d6bc65
0,       1503,       1503,        1,  1944000, 50e8856462975d9acc09f0fd2dbf0e54d4f07db6b5dbb00e05483e624771cff6
0,       1504,       1504,        1,  1944000, ed4cc415db9e1f6a237ddfd0712ac026567be980927c36867b4fc2796f4a33e6
0,       1505,       1505,        1,  1944000, 695b9d08486b9a32ac5af083b4147dbb37baaaa5654972187cbf9fb0aa4db26b
0,       1506,       1506,        1,  1944000, 29fdb74c909bc4f94569c2e0c021b89ce2bf49640cc7f494019fca3ac4470ead
0,       1507,       1507,        1,  1944000, 7f56aa863d2ceedc590a2b6267503424ea2a52339fa8ad27ee6d3188a305fde0
0,       1508,       1508,        1,  1944000, db4c69e46a886b7dcefa38277dd81eae48198c349f108ec47c977e93a97c9fb0
0,       1509,       1509,        1,  1944000, e00095352015c12a2c918f28279e3f5378f298e4ed6176a3144924f37afb7d5e
0,       1510,       1510,        1,  1944000, b93ddd63c51d601656bf16153697e81f14a605e1dca3ef4a673ed109745fb476
0,       1511,       1511,        1,  1944000, 0b2853932dcbab61194a9faaf40491477c1643e74040037d1051b91332e32797
0,       1512,       1512,        1,  1944000, 7e8024940c9f3b7f8dfaaccf490726786dc99a50117199a6e2ff99bd60134c1e
0,       1513,       1513,        1,  1944000, d26e262e925c2cdea1df0905fac4e09c4aee23f1f59157533489c45476d84ada
0,       1514,       1514,        1,  1944000, c2f9e43d8e529604aad38a66fabadc4443128d012387eb11bdc8da782d4cd123
0,       1515,       1515,        1,  1944000, 8e078f6368379315e047d8b2dcdf8fce4292174daae94858ed34668e029cee9b
0,       1516,       1516,        1,  1944000, 2bd165b6a9eaf96611ad55181d5f789e4351638e0bcd489499801dcad8b4c0c2
0,       1517,       1517,        1,  1944000, ce580d24c4d9766efd55ef725bbc77d531cef3c63149a621545d4b2650cdd831
0,       1518,       1518,        1,  1944000, a487221a0a63a4a5515929ad513be8ad0d62b5a599d86ca4f0277eda9f578dc1
0,       1519,       1519,        1,  1944000, da642cdc58f982497a07f420480f4aea3df2c30480ae052bad7ae21e31200177
0,       1520,       1520,        1,  1944000, 75835b38f993e5c4d55af3a798b6f7f739017c1da3c92829d6e0432facab76a9
0,       1521,       1521,        1,  1944000, e5ab7307b6efb28354dbd53b07120f190537c54be9e8ebdd591e8850fef13804
0,       1522,       1522,        1,  1944000, 15278d096bfd12bf69b102f0cb56bdfc373b1034ceb62d8e43c9de8f6b00e542
0,       1523,       1523,        1,  1944000, 3b51f1fb339e7173467787426b9ca024fc931370d29f324fa687d67d4f73b580
0,       1524,       1524,        1,  1944000, 49d95539d313a14d7c1cd9353303466c252977155ebd54d9bf497b1783aee8ce
0,       1525,       1525,        1,  1944000, 096349e07e5b3aada52868e7faf9e1e7a8e8889260298c5dbab6d894804b9cb7
0,       1526,       1526,        1,  1944000, 66dcfc184e3ab93f8836f6d3e77563589476d66cbcf338f93a2eb864945e3bc9
0,       1527,       1527,        1,  1944000, c7a25f4d4484d5aad411b539e658ce78906be32c6298103361d6a166ee3c3170
0,       1528,       1528,        1,  1944000, 50e86decc01c2a65adfd3c140112b4961f06a9ac1ce73934c9e2bc75b221eb82
0,       1529,       1529,        1,  1944000, b8d35a05825483194f33b8e6f5f6c5c061732cffd7f11922252ed165fbc21663
0,       1530,       1530,        1,  1944000, 09ea543b544d4ca34a10bf016eabe619576775f7684288b8f400079183e698a0
0,       1531,       1531,        1,  1944000, bfda2784534a2098f2ee8a3456e754eb88cd8af8571c3018dce43d5f3b2f1303
0,       1532,       1532,        1,  1944000, 4e43a1a5d06245a70502356df6771f75d3e9a31316cd6cd10f8c484cf4317299
0,       1533,       1533,        1,  1944000, 841cbc2daf8a1bce728fcb4c4cde3d7d5433b917f3f650e0da4ecd694ae68f90
0,       1534,       1534,        1,  1944000, a66e1dcc1bff94ce050da8d8577d5b3ad0072c7eb8b7768af7f872fb4db05260
0,       1535,       1535,        1,  1944000, 84b6056f448eaa4772258929f5f25847385cf84a17171a2669d1a658bd04f2a6
0,       1536,       1536,        1,  1944000, 05cd71d07424d06ebe59c4f4093410c6d54bd62d328fdf0eda31e11dec5eb123
0,       1537,       1537,        1,  1944000, 5e74aa58390f6dd88347ffd0d4e514c68db11180a15f7aea813e87637a8a1bf5
0,       1538,       1538,        1,  1944000, f8e41708afa3ed9fb29830d8d15efb8e057613775bb2c19444ea43ab29f3588c
0,       1539,       1539,        1,  1944000, e86a29729f38d3ad1eb7d82fb87cc87685721b1ee5e2c1c0ff26f85b9a516399
0,       1540,       1540,        1,  1944000, a2d68c8ed528a3b3155bef71ccb6c1ada823f0004c52748808868fa5d365525f
0,       1541,       1541,        1,  1944000, 524e4b0314f4f83cd158d68c6aab61b9bd722106719a332e2b4136d69c02ccc6
0,       1542,       1542,        1,  1944000, 311829d8b6b9c9a820eb1aa9924751526b671578e15ccf421a89ad9a664714ec
0,       1543,       1543,        1,  1944000, a51b4d27cd3661f8e62f324a6005bfc5dbfe609361e91333d63d70f06ce6bfa9
0,       1544,       1544,        1,  1944000, c813c636b29960ae3ded4d3272a426d9e5ebe8207276aac9e87d8481be4092b2
0,       1545,       1545,        1,  1944000, 3806198b9aab552309dcde91ebb4d3d0c5dddfe72517d79ed248f9c42b22e01a
0,       1546,       1546,        1,  1944000, 3806198b9aab552309dcde91ebb4d3d0c5dddfe72517d79ed248f9c42b22e01a
0,       1547,       1547,        1,  1944000, d09f997db12fa9933c011e29b9760d71cb2124dc09bc20c5c5dc7e9a906d15cc
0,       1548,       1548,        1,  1944000, 02d750a08e1d115285dd82950fa0b9b6cca0748d634f1e04e584a9b836743552
0,       1549,       1549,        1,  1944000, 65d9282498e3ed9b17edadd70945e711ced1ab9ecabf2b4a3610880ab56eb570
0,       1550,       1550,        1,  1944000, f95a71e66e59fabb72513f954882f0a8cafa9962be4f3163a1b4c1edb74bed10
0,       1551,       1551,        1,  1944000, 91fe96b0d2154877cf92434789b278ca7a3ff93794fd68d7c02db8d572750507
0,       1552,       1552,        1,  1944000, b0ccb55dd923c5c32ba77189b29eebbc679332fe10ae51b0f803ce336c2b6da3
0,       1553,       1553,        1,  1944000, aeff3eaa78e013ffec4d5bd2e2afe867af49dd5c867d03492d4f38f95fece3ca
0,       1554,       1554,        1,  1944000, ffdb090b5d3d083be6ad5b9e25cb3a49996e30e5ebb415e2767da39c71396373
0,       1555,       1555,        1,  1944000, ee6773b932b389e26246628eb12bd8163a6968d80465ffbe5d611f88358dd9c9
0,       1556,       1556,        1,  1944000, e0fe60d3a5be0f24ebd6087ad0aadcc065da7b969f9dc5b68d3cd2cecd0c6f2b
0,       1557,       1557,        1,  1944000, 2d7919e67fad970d16ce46d32bc66def7809a0c475f3bfe941ee4289ce203a60
0,       1558,       1558,        1,  1944000, 9408d32beb3a5564d3af86d4ee6976fb1128d8a7ab738fa7d7e121ce48c1bd2a
0,       1559,       1559,        1,  1944000, ac4dbaa50a38a27535d1adddeb356140e85a842aedd4c41aa1c53d4ab52073ce
0,       1560,       1560,        1,  1944000, 32973a6e1eed9b15d28d0096a6aa4936a04c0b102cf38d1dcbe9e9fd0e449085
0,       1561,       1561,        1,  1944000, 76e2c1843110a4f02617b2525ae121efb501bae003e0ac6a5062ec583a52adf3
0,       1562,       1562,        1,  1944000, 0b489bc3eeabdd662a9299953fa9b945ee7ba2cd13e067e1b711e7f7a435dffe
0,       1563,       1563,        1,  1944000, 7070fc3e75f3cdf4377992e1db3db49db7dd02e963e02c70f3354961204b1f09
0,       1564,       1564,        1,  1944000, 135f8af2c96b74a50f877efc41f1d1f65985727e03d5ca0c42b478cf8f4bf8cf
0,       1565,       1565,        1,  1944000, 60986877ea721b360e3a0934b483b18fc9825b4fe944bc56e0618697a1a99cf7
0,       1566,       1566,        1,  1944000, 3eee525ec40274d3b473a617190114698c316f56d7f6ed0acb7f68635eb2072b
0,       1567,       1567,        1,  1944000, fed8f40466fc589da52093f8fa756ae86e814ed24a545eb1fca81c2c2952cbf7
0,       1568,       1568,        1,  1944000, acfc5b83af4161a90e29c0838704522491e07de18f37e10e8cf328692929b5f3
0,       1569,       1569,        1,  1944000, 8680f14db56a44346e9ce532607b588fe46b2007f9577d47b3b9f94464355412
0,       1570,       1570,        1,  1944000, c2603bc9380bf2870ea18b9edcf33f7535257d81e169a3ccedc9643c2879a79b
0,       1571,       1571,        1,  1944000, 31b8bd2eaa9ab1446390fe9e5e2db01df70f29da3379afe699e9c1d913ce97ab
0,       1572,       1572,        1,  1944000, 4e2e7908628550d3abec5843f1214f69efc553df4416647774b5a78830b1961a
0,       1573,       1573,        1,  1944000, f75e8c01350eb6bfa3e9635fd7d0d803d1bf65148a7c58f8c66d15d67634df40
0,       1574,       1574,        1,  1944000, 8176c4d4fa48218a6b2c3bdea66cddabf0f4e5a7b0f715c3235d3d29efabcb83
0,       1575,       1575,        1,  1944000, 5251ff83c3f63f0d045354858fc4c607adbbe49d140e14725311bfd36fb07347
0,       1576,       1576,        1,  1944000, c486a0406d609d52dc28fe9f1f77aaf2979d4fa7c0c199d5ec6159f3e345e832
0,       1577,       1577,        1,  1944000, bfd718190342c01bc98d4bf9b871f596ea8112e902fd9c63306fa3259b417730
0,       1578,       1578,        1,  1944000, 5425cf2cc20ad1cae9ae7a8a068ec533f0096f747adad383394159ab3475a3f9
0,       1579,       1579,        1,  1944000, 1012868dadaa2a235c2ebba12b4d1b2f7d8b2392de0fb2e4909ab457bcb522f6
0,       1580,       1580,        1,  1944000, 139d98583b9185187e2faec49809bee328380f50f70fcc5bb3716432d35aece3
0,       1581,       1581,        1,  1944000, 5bc9b6f575160d7371d849f199eda3d6a086cd02494c89318427da6dfe54f860
0,       1582,       1582,        1,  1944000, 66ac63a63b433d0ffbd54340c0a3aee5eacf7a3671d66c90d12376b8b8215cc8
0,       1583,       1583,        1,  1944000, 66ac63a63b433d0ffbd54340c0a3aee5eacf7a3671d66c90d12376b8b8215cc8
0,       1584,       1584,        1,  1944000, 52e128d1f3fb23de7419c3ebff36eed7df7d006d296276d70e337b59dc1d4d24
0,       1585,       1585,        1,  1944000, f471ce7ddc761dff2e428600468d38305a819df0a6f9652a5ddba9db38475704
0,       1586,       1586,        1,  1944000, 3130b73d0953bebd683085b91f937e9f29cc73970f8c859c16aaeb6ed66469d6
0,       1587,       1587,        1,  1944000, b9d76ecbeae25f8d1e93ace54b485625798cbdb7570a44fef0ec4c039cc41d80
0,       1588,       1588,        1,  1944000, aa2de6dbbd883aa8c2ea9f64a71976b2a75ccd0fb9f5021ce78fdabe539f0897
0,       1589,       1589,        1,  1944000, 9ef8201b4577098102b1e2394ea9f52283bfb4741f47f7f95795afe955ae2aac
0,       1590,       1590,        1,  1944000, 8b64d855b04921534f811abc64fea466da13679cb0cd4ab8327b2599a4539bd0
0,       1591,       1591,        1,  1944000, 8b64d855b04921534f811abc64fea466da13679cb0cd4ab8327b2599a4539bd0
0,       1592,       1592,        1,  1944000, 8672da98f137267c52aeacc46e44124fa3106ebb4b901c878b21039b81d042dd
0,       1593,       1593,        1,  1944000, 1bc49e5abb5eb47418073b644f30759c569560ccb2771fed5f02594498ae1827
0,       1594,       1594,        1,  1944000, 0da376ce7c6da116303778949b8a7f5d9c1a1eca7b15477cbadeff13da069065
0,       1595,       1595,        1,  1944000, b14b71da3edc09243c02c0e6c7140d69c222c22cc77d0c58838b6946ccca121b
0,       1596,       1596,        1,  1944000, de45582cc897836ec6abb06770c0fda67dffb6d789123f669f80d656f9d0db20
0,       1597,       1597,        1,  1944000, 5ef9206b2816c662009875d0740271001eeae2003758b4b510eaaa76e0836c82
0,       1598,       1598,        1,  1944000, a2a472eaceb70ba59821b4d31bb25019e7f75127265d2890ac485b50e9aceffc
0,       1599,       1599,        1,  1944000, c4cdaddf47a46ba4c6ac21290f1c866395cbe390e581777e2e1d183bc7829ab1
0,       1600,       1600,        1,  1944000, ca4a5fcbf22d5cf7ad5edbbba10f66e6a037064495341c4ac2bc684ebdb1f8bd
0,       1601,       1601,        1,  1944000, 3c6529c1c76c980ec7853220cf46e2f8349d6894c9c72e0d3bcf7002f3307c4a
0,       1602,       1602,        1,  1944000, d9e050254b52f5e9bbb1aea028c61c247e25b5bb5b0e4596326b94252cc5a2ab
0,       1603,       1603,        1,  1944000, 833baf15ea559127d6330282f8b0c380eb05a4cde72ec0515229af4666319e9d
0,       1604,       1604,        1,  1944000, 11ede82552a7945936c0827da70ad86eb7f0fc25a58e33bc2e432fdbd5a7042b
0,       1605,       1605,        1,  1944000, b40369ac16204660c86189b9c388e5bb9b81ad60e9b55c1a297aed3c66e43f2e
0,       1606,       1606,        1,  1944000, c1aba1fcb4336cd6b2e3ca5a8ba4588138d4be715ac0d371507bcf2ddf048505
0,       1607,       1607,        1,  1944000, 2306aed7bbe4e348fb8e8b6e06a683ba4cabf9880437fd8d385925e6a70f3d2d
0,       1608,       1608,        1,  1944000, 5071c88d1b6c9e1fab2113cc53855912f30e130ef38a89184429a5a5bf58e275
0,       1609,       1609,        1,  1944000, da4e39694c8f300a45be1f1fd61cd4deae0e8cb52c1344cca6eca1bd02127582
0,       1610,       1610,        1,  1944000, 3a7d132e8dc82104db42697b6f3ec90b7c19d49da01966f53be6b3a2ada0721a
0,       1611,       1611,        1,  1944000, f7b8cfe44279affe5dbfb85556716045a28f1b188a2e720c9b625128512e84ba
0,       1612,       1612,        1,  1944000, 8f2c27d93537ce502fc55c4783aca248c56aa2f4512623e7a8de16568e410444
0,       1613,       1613,        1,  1944000, 00fc6dc8d04d0bb2beb701922655471e8bf5f24f9d104fc7e0f65512f377f5a6
0,       1614,       1614,        1,  1944000, 2313be3af94d70beac9dd542f0062493371c6768684debdedb39d8711ab05d60
0,       1615,       1615,        1,  1944000, 137a79f3e6c63c2c8883c2a20f2434a22af37793b420692cb2a973d7c4c48797
0,       1616,       1616,        1,  1944000, 4001467932a65125d04c20b38b7dc287c29e83525614646a2143c61b62f6e0e0
0,       1617,       1617,        1,  1944000, 4001467932a65125d04c20b38b7dc287c29e83525614646a2143c61b62f6e0e0
0,       1618,       1618,        1,  1944000, 7a090a01c178d7c37c1c8b1f4ae1106d92db75a14ebc5cf87bd543b734a55db3
0,       1619,       1619,        1,  1944000, 7a090a01c178d7c37c1c8b1f4ae1106d92db75a14ebc5cf87bd543b734a55db3
0,       1620,       1620,        1,  1944000, 93776970f7a214c24addfeba607f65b35b562b3a3bd3dff38ba45a422ad57853
0,       1621,       1621,        1,  1944000, 93776970f7a214c24addfeba607f65b35b562b3a3bd3dff38ba45a422ad57853
0,       1622,       1622,        1,  1944000, 067738b1f2bc4ddc5266c79f739280cd4cc3d3de0785b2fb7658f70135724d88
0,       1623,       1623,        1,  1944000, 4ec40cf87865427dcbb64fa90cb97b56c1b2f1d1a0bc55a98423d6d48e7da027
0,       1624,       1624,        1,  1944000, 1c29eecf41ce5e4adf69996ce701389245af0311b0af264a565192f9720dbbe2
0,       1625,       1625,        1,  1944000, 701e2e192ddede3401d265f829d75846251427823d436f281ea5063ce342de6e
0,       1626,       1626,        1,  1944000, 701e2e192ddede3401d265f829d75846251427823d436f281ea5063ce342de6e
0,       1627,       1627,        1,  1944000, 701e2e192ddede3401d265f829d75846251427823d436f281ea5063ce342de6e
0,       1628,       1628,        1,  1944000, 2266cac719258b966ccc28ad75f08745c6ea5c25d82ac52280827911f13c4c3e
0,       1629,       1629,        1,  1944000, 1ca933d4911ed07808d642146ea7381fce9b7ff97f3017d9d54bb081ed268e4a
0,       1630,       1630,        1,  1944000, 1ca933d4911ed07808d642146ea7381fce9b7ff97f3017d9d54bb081ed268e4a
0,       1631,       1631,        1,  1944000, ac6f4b52530dea9cbdf2c574476e842e6fb691622112a7fc18e5418ea081e222
0,       1632,       1632,        1,  1944000, 0b6e54a0fb29bc765e7b6556a87545b7a17dd8be13e5cb0a80b24fbb2289cebc
0,       1633,       1633,        1,  1944000, 0b6e54a0fb29bc765e7b6556a87545b7a17dd8be13e5cb0a80b24fbb2289cebc
0,       1634,       1634,        1,  1944000, b5a6be819826c74b8b53d38db7f96bfad26bcc8c0c4b90201d099cfb0d68aebe
0,       1635,       1635,        1,  1944000, fef3a9f40ed95744dfcf2edb9ea647ac316f52cce1ade98148155d0aaa808784
0,       1636,       1636,        1,  1944000, 8991c48587b74a9b843c4e0efdddd833b449f1961cedf87d82afefc2dc19c3fa
0,       1637,       1637,        1,  1944000, 25df96d1dc1358ea71ada022bf450d2a929013ccc58706258f0425d3ea0e9d23
0,       1638,       1638,        1,  1944000, 7436a846b377454d7cb1605aab83d0aeb63a08eb1e07abe48235bc967f5b9ed1
0,       1639,       1639,        1,  1944000, 0b4cf316a39622aaab6dd676d414250ddef630c841f7f9088eb694aca24a743a
0,       1640,       1640,        1,  1944000, 4bed6ec7a3e194d4e46c5ab1d3c1f6a71614e8d2ae34ee2a22467f6ee95b3ae6
0,       1641,       1641,        1,  1944000, b9552600e58bc2e6c42b977321afbe68d7cd2ef078fce07089b4a4eed6775804
0,       1642,       1642,        1,  1944000, 9f7d0c33bb87d2a61fb47ac1764d2dcd2922937512bba29a3eb3d59bf696818e
0,       1643,       1643,        1,  1944000, 81149705b9253dd5f453b4c70ae61030f6478800dac71b476bbd1a7aec6267ae
0,       1644,       1644,        1,  1944000, d22b0e3871e3ee1d8384f71cf1fad68ebb30119c2c0f3556bb7a890f8d69b315
0,       1645,       1645,        1,  1944000, 5f2ee4e3e51f1ae4f05e69060cffe7666e404d792b81e6dcf5070187241e05e2
0,       1646,       1646,        1,  1944000, 5f2ee4e3e51f1ae4f05e69060cffe7666e404d792b81e6dcf5070187241e05e2
0,       1647,       1647,        1,  1944000, eebc17d701d23b970ba87db230d660dd3262facfe4870bc81a27e52921b30559
0,       1648,       1648,        1,  1944000, 19bd62023e00379d58fb60419ab32d35a4763f5e3bbfb59a970aeb6397f681d1
0,       1649,       1649,        1,  1944000, 8fac0ee1c8072ceb0ceaaff38182a9b594b0fb0dce3c8a2a5c175835a9d140d4
0,       1650,       1650,        1,  1944000, fc5fa79074f370cd9a37e3e75a787b63a4443d88cc565726913205c8e8bf9cd9
0,       1651,       1651,        1,  1944000, dbcd505d5a93ea2a6a2c1bb5711b263d2184d8dcb98fc20d78bcbacea2163338
0,       1652,       1652,        1,  1944000, edb6de0bbdd2c807e892dd6283d65e4488033963644c42faad14fa8522e527df
0,       1653,       1653,        1,  1944000, 04609bc6f3b398b8ebe290f34612bd83d2be1252d51e32e8e721e99c4a8fbb7a
0,       1654,       1654,        1,  1944000, 04609bc6f3b398b8ebe290f34612bd83d2be1252d51e32e8e721e99c4a8fbb7a
0,       1655,       1655,        1,  1944000, ccb7a4e8b17c9ea4d9331787e58cb432e7b25fcf7c1a618d2e6bf6ab34e4ed3c
0,       1656,       1656,        1,  1944000, 5cb2368cda0fb4ecb709dc3049641c8e3f40fadfa82647423b2df6baea4056dc
0,       1657,       1657,        1,  1944000, c407ac85108f3f8b73479adbba35f6bcbcabd0cb4ba846964a509ab0fa791189
0,       1658,       1658,        1,  1944000, 2be95cc7805cd3a36c1e149cd49fc3a5ee5bce78d3f390bf8655ef8bda819af0
0,       1659,       1659,        1,  1944000, 09e4d2a7601792b1605e9dd16d653c2682a92efa0cc96bf88da4c9fe9aae2d21
0,       1660,       1660,        1,  1944000, d27c9ff8ede64f8e3ec809bd48e67ea22a3080c25afb258ab16daeb3d334d88e
0,       1661,       1661,        1,  1944000, cb4b4289437425dc18d2ccdbdf1022b68b2d56d03d99a77d5d8fa869491a1187
0,       1662,       1662,        1,  1944000, 300ae3277f638b090ad2102cb013c62390320d9c676e30b39b33eb8146ca9acc
0,       1663,       1663,        1,  1944000, a9da1a8bc0b53a5e2bc95c8064857f496f35cd14bead7c5ae12fc17a569285f0
0,       1664,       1664,        1,  1944000, a9da1a8bc0b53a5e2bc95c8064857f496f35cd14bead7c5ae12fc17a569285f0
0,       1665,       1665,        1,  1944000, b6437507452ee65f14b10bd6b18a11538aa891426dcd7476fb5a8ac8fa0d82b3
0,       1666,       1666,        1,  1944000, 86fa172680cd7d459e8c9686a6649e5bc3c1192ae9b5fd8e0ed34595e66a3a06
0,       1667,       1667,        1,  1944000, fffc6f02cefaf993883362de2cfa07c642961e19d2b7a05b5f12a0726bae4d42
0,       1668,       1668,        1,  1944000, c62444b32665b861ee97ce32e0ccd99e6e25e7341dca7809891500499d20e493
0,       1669,       1669,        1,  1944000, baf19075336c3139ae6e957083200c95c6cb216aef1e47be85ab34a7fe371192
0,       1670,       1670,        1,  1944000, bcf32278c8bb39f7ac069e160d9f01d5dc60f1d73e25c709ad36e6ac7bcaa53f
0,       1671,       1671,        1,  1944000, 467b75f684965dc7ca7f35bd723c75251ca08d63a8cff40c46873753869f89fe
0,       1672,       1672,        1,  1944000, 7c4aa3f70e92e104f688740503805bae159a9ec73cefe28cfc687a3b0ec4f34a
0,       1673,       1673,        1,  1944000, 95b30c0b8ef62734a9eb3c72840fa08d72a5ce5caef6be0aa01e8e2a5a3cb2b4
0,       1674,       1674,        1,  1944000, b01d86a6b1013312f4408672039b7aefd7e70f0d265ac50a90fbc9ac6e7fa56b
0,       1675,       1675,        1,  1944000, f903f3eebd04e122fd869fe1db1ba332b2b55231998e64eb6e5b8ae12c6c6444
0,       1676,       1676,        1,  1944000, 48fc6c987bed908d73bc4537a956e3e320233916d253228eb99785ac1a235c76
0,       1677,       1677,        1,  1944000, d2653ffde7c838eba7bf477ab3360d1e329cfd0816ce6346d0e9a5e772829131
0,       1678,       1678,        1,  1944000, 5a31d36e5deeb0d542851036143edffb4fa15636ad605dd2e5dba7fcb27bbf9b
0,       1679,       1679,        1,  1944000, 4288bf6781e038afe70b928b5a9f6785c124e99243812e09f8a25a46da8c12e7
0,       1680,       1680,        1,  1944000, 4e43f4d97c5c2e07e37fac7baf48075d1ec54f19a493cbb3127e5e0433a677b4
0,       1681,       1681,        1,  1944000, 0ccc184d1b59187b4e01aa9ea17cd966445a48eec35d9b250ada9767f0ec88e7
0,       1682,       1682,        1,  1944000, 1dd96fedcd46ea392b0c439c97270eccfcf757a83baf5968bbf8a4c4a39d88fc
0,       1683,       1683,        1,  1944000, 217f50698caee8385c65df96c6088e6ab19c0da7145950eb42606a267966d3e3
0,       1684,       1684,        1,  1944000, 824923804e452314abe5ad9f0f610cd80c43f54487609e3d199363f0938fe563
0,       1685,       1685,        1,  1944000, 8721e696c453fa71c1c36051a910f6897ac35f21d4e801b8a61f62d17cc32918
0,       1686,       1686,        1,  1944000, cc5b1152716733cef2afefb2e4a5ded33c5320d18b6611e505e08184867ffa73
0,       1687,       1687,        1,  1944000, 30789503c258994ee5226dbc2ebe028cacb354a8e8b9902d1aa836479a02a1ae
0,       1688,       1688,        1,  1944000, 32e09790c2683511bc2852ed141046f34e58cd3e45f2c62f3a72e7b8f3862562
0,       1689,       1689,        1,  1944000, e40912e8eccaf800084a9aaec8e335b45bebcfe658bd294ac9bcf0a71b2ee6f6
0,       1690,       1690,        1,  1944000, ac268543553e43747b5d1bbee826277b8fbee34a06cccb8bdc1e51ce6cbe6aa3
0,       1691,       1691,        1,  1944000, 25f2d80ff3897684be24b03b82a92b37a0458e4f12c752aa9f4b0393f6dcf3d3
0,       1692,       1692,        1,  1944000, 261a4ab9a574388caba6267b79084358bd19906360250a34830f8ed3fc80a2e7
0,       1693,       1693,        1,  1944000, 1c3b843d4092550d603555deddab296a2ee380835ff3663d56a293d7daaab0da
0,       1694,       1694,        1,  1944000, aa8e48c977b4ef0a6275242bcf803710fb7f8ba5a8c46aa688f3bfc16235974d
0,       1695,       1695,        1,  1944000, 00c9c7e86b1af5d9ade5a9d765aad26b7d1e8299471db75280126ae75d7a29d0
0,       1696,       1696,        1,  1944000, 5223bf77bdec63b28d0bb213ee9bbeed7175cdeb4504720f91716f95e826e0a8
0,       1697,       1697,        1,  1944000, d7b1dac45be3eb93e877e7bac31465d68febf326b9a1a91733b036f87f0b7f0e
0,       1698,       1698,        1,  1944000, d2eda3b60f111572ba644d805f2ed613969de51b4fc66d28c7744a6ee0712f87
0,       1699,       1699,        1,  1944000, 2b815a4358ef08312b521f3e60cb52235d3b843237781ff09779db17d8842a21
0,       1700,       1700,        1,  1944000, 0fb09c466446b3a28d9047b2b7eea5653cbcf547715c45e85cfd87cb8751ad7f
0,       1701,       1701,        1,  1944000, 1db17a6ab750359852fb76c8813ecc147780eca4bd7c50f08d1c29598fe78095
0,       1702,       1702,        1,  1944000, 7904eca411423352e25481990ce71702bd2c43a13f6f431e7d8b3fb96d243c23
0,       1703,       1703,        1,  1944000, 3eedec9302f6248d1f0741d5ccee2f6a760ee81a99b811df4e9e64a63fbb1ded
0,       1704,       1704,        1,  1944000, d2425d8aa249bc78e9fff3b704c73ca82467054e8eb1d33e207dd000e73cea44
0,       1705,       1705,        1,  1944000, e8c591ab117b9a6a90e231bd59144c7811342556f751593617bfcee70cf313fa
0,       1706,       1706,        1,  1944000, 652b8073c33dcf9c25cf0a9374f49632bf689ec34e1185a16fda17d593ead85c
0,       1707,       1707,        1,  1944000, 5adee0998a006c4134441475b1c1e35bc942e83a3c1491b4fd71c17b5240860f
0,       1708,       1708,        1,  1944000, 3e3b2b239a6baf9e9cd66d774c0e8045803999344a3e68d08815129f0a748fd6
0,       1709,       1709,        1,  1944000, 24d0f7aac37d0b2a5bf7493dfd9413639e0cc0a0c1bbadcf0c95e0d2f13af06a
0,       1710,       1710,        1,  1944000, 645c12637f3f9699e8ed31c49cb4981d215132855b2dbcadb9f6e40a3cb4eafe
0,       1711,       1711,        1,  1944000, 645c12637f3f9699e8ed31c49cb4981d215132855b2dbcadb9f6e40a3cb4eafe
0,       1712,       1712,        1,  1944000, 3ab64fff9ca1d88c2b08d4746c62109776e309da71e8119e10258544ab41c1b8
0,       1713,       1713,        1,  1944000, be87ca8217cc58277c13282f33f1769a18d88ac895e20a0879afc413ce20a0f5
0,       1714,       1714,        1,  1944000, 74bde1b8ba3a628cbf82655780752ecddd321872655fcdfee5564eba90a20d22
0,       1715,       1715,        1,  1944000, 5f371933af32dba09fcdf489929935a2ea2a94a09dd3d94e8a98227c0ea50204
0,       1716,       1716,        1,  1944000, 488a18aac13430a4f5bafc34d90fb2620af78f68f8aa7505e82c5ffacd1910dd
0,       1717,       1717,        1,  1944000, d8d6a22f9c202ce671754896eb864139565b76b3437f517819992d9845aa0153
0,       1718,       1718,        1,  1944000, 19dbf370a20ac5b31fbf9794336081826586d9088c44e8e9aa74468c682ebf2a
0,       1719,       1719,        1,  1944000, 6e78ebbf70d1a5e3ee2d4a24a6ca2de290c96be5fea92587a11f3c78b9754326
0,       1720,       1720,        1,  1944000, f69922475d20ef4b02887e6af145ea8bc8e34c7294b7ebbc9df16221d8c48591
0,       1721,       1721,        1,  1944000, 58351d6e82ee7ce0825cd8182fe9213caa99ad12c9bd86ebb082e5c751c6f012
0,       1722,       1722,        1,  1944000, 41af1931090fd9e3e164989825804ae68d07311b45320f229924fd007e100cb5
0,       1723,       1723,        1,  1944000, eb3cd5a6daa586a47da402e89dbc114c08ae4141268ed99922b385c6e6659669
0,       1724,       1724,        1,  1944000, a6405c6d562f291b7ab03e688bc93d3ac1ef1206560cdb72ad2aebbc324bf86c
0,       1725,       1725,        1,  1944000, 62b7a22dce7712580f7ecb5016967835cc08dcc6e917f138fe83c91c561b3d4a
0,       1726,       1726,        1,  1944000, f54d9fbb81731a47b2b8dd1ee6475714bfe63fa4eba983c75df91087bf7f3dfe
0,       1727,       1727,        1,  1944000, d6737c8629fcc8153953f34cfca8649df3749c4d83adf851fd517704f3f1bbfb
0,       1728,       1728,        1,  1944000, a56f8bd35bc4e8d7bd119871a5e07529a8ae23edf79cf31c6b27837e81d14969
0,       1729,       1729,        1,  1944000, 4d3aed08d26c4b551c9c7adc1f65bed14f626a22383f519611328e9dad4b32f3
0,       1730,       1730,        1,  1944000, eb9752241589d6ca36e9f1c2d647e514547fca6ace48449b3377fde235b3fb75
0,       1731,       1731,        1,  1944000, eb9752241589d6ca36e9f1c2d647e514547fca6ace48449b3377fde235b3fb75
0,       1732,       1732,        1,  1944000, 18afd20b54c1c11986ff4f9893a134316e925e80957293987ec5ed94482b1e6e
0,       1733,       1733,        1,  1944000, 54291a37021a6f7172b27d3a9de0c76f65cab41393d8b771b26f17bbffd88993
0,       1734,       1734,        1,  1944000, dd38f6fad557905807e30e3fff4b8b873d3bb8dec7fd4b08809c6a2746f8d1ad
0,       1735,       1735,        1,  1944000, 382611d00f6543331fcda07e0db64e3a5ab95437950ccffc09792690e3febbea
0,       1736,       1736,        1,  1944000, 0732580fe713433abf2a2e254a0944b7f07fd3ff1ceaa6387c126013c09bd0d1
0,       1737,       1737,        1,  1944000, 8a0343ea0544e541182367f7befa851611c1f5cded7f7c191a20afe38c503e7c
0,       1738,       1738,        1,  1944000, 7381beacff8cdcb5006eed6742bb44f0ff8f5f212ca17c70d2d9a255b5a2e16e
0,       1739,       1739,        1,  1944000, ce410a17331d8a0cc210c8dcd09a389075b5abc6e00cd73056c054d4aa57a275
0,       1740,       1740,        1,  1944000, a10383219e1195d0397ddcc2ef1b5fb38c360c824a865f827d4d7475e35047ae
0,       1741,       1741,        1,  1944000, 705fac04a9500ceb4036b763284fcda502daabd11dd54604b0526e2135033819
0,       1742,       1742,        1,  1944000, 1cea68eddeac04c431e2a6615a242794c8b3fedfa4aa2931fbf85be9261d4e06
0,       1743,       1743,        1,  1944000, 005525f6cee4a614ba214acf52bd31b8650281a59c64fd234b62e47b1e88628b
0,       1744,       1744,        1,  1944000, 665e156f460ae09ca2bb6a97b8829c1f66c28a66465d55150228ae796ba762fa
0,       1745,       1745,        1,  1944000, 46812a903fd07c051bafe619f3ad69ab4fef0b6607d48f5e5fe32410c06f5897
0,       1746,       1746,        1,  1944000, 5a5d2374bed8e41cc2862483aa50319ff7828328d8a45c83ad622e11e4efc83d
0,       1747,       1747,        1,  1944000, 8da360f8ea78085726bef53e3ef5243d836945ab85751ad20d33a1cb25254afd
0,       1748,       1748,        1,  1944000, f88db3bbe6deefc0f391bb810bc0eece072b9150da156014ac73dfe28db632c6
0,       1749,       1749,        1,  1944000, 7a82fe32d795286a10c5ac8c825d452aa4ee2a1bc7d6934be3e209e077998042
0,       1750,       1750,        1,  1944000, 64e2eb9f4b5b37a01071336673b69207a1c3fdece2acd1e8a05ed96dc4f03ae4
0,       1751,       1751,        1,  1944000, 3dc50ee77d594f1a16b4867a5cd8b9a3b2d6f868df5b2903a2fce251257459ac
0,       1752,       1752,        1,  1944000, f23075c4113090bc3953e548f252246d126fdbc843b4ebdb8537019d0bd6be50
0,       1753,       1753,        1,  1944000, da6b8d8a652c1deac7c6b0e89bce11a51deff8fed312f79edd1a7b8a1d032b8c
0,       1754,       1754,        1,  1944000, f20375bb0e32a8e50cb19084f17c5bcc1d09335f19c5555520a582d2b63622f7
0,       1755,       1755,        1,  1944000, 6a875076184a400d2953faa8c1fc2eea34bf20f3c0b1650682cd4446d7dadbb5
0,       1756,       1756,        1,  1944000, 6a875076184a400d2953faa8c1fc2eea34bf20f3c0b1650682cd4446d7dadbb5
0,       1757,       1757,        1,  1944000, 6a875076184a400d2953faa8c1fc2eea34bf20f3c0b1650682cd4446d7dadbb5
0,       1758,       1758,        1,  1944000, d6f8a3e5571d90f3012dc9b46c0898f6d74a94718564d7e5f1e1c303c4c10a06
0,       1759,       1759,        1,  1944000, d6f8a3e5571d90f3012dc9b46c0898f6d74a94718564d7e5f1e1c303c4c10a06
0,       1760,       1760,        1,  1944000, d6f8a3e5571d90f3012dc9b46c0898f6d74a94718564d7e5f1e1c303c4c10a06
0,       1761,       1761,        1,  1944000, fb04bf1a558751c0de2d44e23f7e774445d2c32b2de9993da7290083ad91cdcb
0,       1762,       1762,        1,  1944000, fb04bf1a558751c0de2d44e23f7e774445d2c32b2de9993da7290083ad91cdcb
0,       1763,       1763,        1,  1944000, 43e59906a0ed5b0ea9119339fba167e14ea52dc4893c35db53b563ac9753f2b8
0,       1764,       1764,        1,  1944000, 43e59906a0ed5b0ea9119339fba167e14ea52dc4893c35db53b563ac9753f2b8
0,       1765,       1765,        1,  1944000, 43e59906a0ed5b0ea9119339fba167e14ea52dc4893c35db53b563ac9753f2b8
0,       1766,       1766,        1,  1944000, 43e59906a0ed5b0ea9119339fba167e14ea52dc4893c35db53b563ac9753f2b8
0,       1767,       1767,        1,  1944000, 9a16abd72ca54894e25310b9f3b846d4f9c7ac4b42e4baeb1cd33314185f6992
0,       1768,       1768,        1,  1944000, 9a16abd72ca54894e25310b9f3b846d4f9c7ac4b42e4baeb1cd33314185f6992
0,       1769,       1769,        1,  1944000, 81ac6f87b24af7a0f2a7f2da636456d9222d7ab08e456469f61c8bd466368101
0,       1770,       1770,        1,  1944000, 81ac6f87b24af7a0f2a7f2da636456d9222d7ab08e456469f61c8bd466368101
0,       1771,       1771,        1,  1944000, 81ac6f87b24af7a0f2a7f2da636456d9222d7ab08e456469f61c8bd466368101
0,       1772,       1772,        1,  1944000, 81ac6f87b24af7a0f2a7f2da636456d9222d7ab08e456469f61c8bd466368101
0,       1773,       1773,        1,  1944000, caa6e833081d6aeb56959c6871053cca9d6f819db1101e39dff3a735a12efdff
0,       1774,       1774,        1,  1944000, caa6e833081d6aeb56959c6871053cca9d6f819db1101e39dff3a735a12efdff
0,       1775,       1775,        1,  1944000, caa6e833081d6aeb56959c6871053cca9d6f819db1101e39dff3a735a12efdff
0,       1776,       1776,        1,  1944000, 32fbd5eda0a6926865425e11878f4dade919abbdefb00aa688cb14bae9fed300
0,       1777,       1777,        1,  1944000, 32fbd5eda0a6926865425e11878f4dade919abbdefb00aa688cb14bae9fed300
0,       1778,       1778,        1,  1944000, 32fbd5eda0a6926865425e11878f4dade919abbdefb00aa688cb14bae9fed300
0,       1779,       1779,        1,  1944000, cc2eb4c825ae71c97c00d20c8cae1a1eb4f74281faf0ebba861e8891288b7843
0,       1780,       1780,        1,  1944000, c10b7575a67a95cd0aa3d5145708b23cbd34cd9b5f81f06e35ef1bae9f163dba
0,       1781,       1781,        1,  1944000, 713fdcc76ab6eb21e7a25d52820aa206179829339d279b5cd4d86380aead6672
0,       1782,       1782,        1,  1944000, 1e9c0ce302df3f06b21fbb2fa22be0623a226f17b2a097e23bdf6647ac46fcaf
0,       1783,       1783,        1,  1944000, 1e9c0ce302df3f06b21fbb2fa22be0623a226f17b2a097e23bdf6647ac46fcaf
0,       1784,       1784,        1,  1944000, 1e9c0ce302df3f06b21fbb2fa22be0623a226f17b2a097e23bdf6647ac46fcaf
0,       1785,       1785,        1,  1944000, eca484589ec6c7ac036808427cc236f899688a5b3256722505ef30339c1e49fa
0,       1786,       1786,        1,  1944000, eca484589ec6c7ac036808427cc236f899688a5b3256722505ef30339c1e49fa
0,       1787,       1787,        1,  1944000, 64e3c7727e5c6f216b2ac04123c4cc01fd341924eea036c820d711c343ea1c5e
0,       1788,       1788,        1,  1944000, 68a559cc73734ae733dcfb1eef583e46777f376b6c30605f31954e855c6394ed
0,       1789,       1789,        1,  1944000, 68a559cc73734ae733dcfb1eef583e46777f376b6c30605f31954e855c6394ed
0,       1790,       1790,        1,  1944000, 734dec5a14dd5fc357b8d2fa4ec7116debba2b8cf41a9dcf66a0092438d77820
0,       1791,       1791,        1,  1944000, 8a84a17de1d817c179855b7394e19ea0f7b63b129ae989051e58de9841c7aeb6
0,       1792,       1792,        1,  1944000, aa8ccec6e7c92a77c1819b13edf1fff2ec9f2afa05b56745c2ec404a987e720d
0,       1793,       1793,        1,  1944000, aa8ccec6e7c92a77c1819b13edf1fff2ec9f2afa05b56745c2ec404a987e720d
0,       1794,       1794,        1,  1944000, f491ba00ad1ec140aca35fb9d47186d2f88accc4c5b5b13c1a13f236158363ec
0,       1795,       1795,        1,  1944000, f491ba00ad1ec140aca35fb9d47186d2f88accc4c5b5b13c1a13f236158363ec
0,       1796,       1796,        1,  1944000, f491ba00ad1ec140aca35fb9d47186d2f88accc4c5b5b13c1a13f236158363ec
0,       1797,       1797,        1,  1944000, 855d8e68ad3f9447e3d90499f81f6def4d45fb0d6b628b32cd32213a974820de
0,       1798,       1798,        1,  1944000, 855d8e68ad3f9447e3d90499f81f6def4d45fb0d6b628b32cd32213a974820de
0,       1799,       1799,        1,  1944000, 855d8e68ad3f9447e3d90499f81f6def4d45fb0d6b628b32cd32213a974820de
0,       1800,       1800,        1,  1944000, 855d8e68ad3f9447e3d90499f81f6def4d45fb0d6b628b32cd32213a974820de
0,       1801,       1801,        1,  1944000, 855d8e68ad3f9447e3d90499f81f6def4d45fb0d6b628b32cd32213a974820de
0,       1802,       1802,        1,  1944000, ebe0ea6cc5b38d9e5e227a230269273e3e254b2a78212e56f71a9ff901b6b5bc
0,       1803,       1803,        1,  1944000, ebe0ea6cc5b38d9e5e227a230269273e3e254b2a78212e56f71a9ff901b6b5bc
0,       1804,       1804,        1,  1944000, 9c5e3ea4d35d1a01f96b533aac887bdd7f4d7ffa2b1268afbeef1aca12dc050d
0,       1805,       1805,        1,  1944000, 9c5e3ea4d35d1a01f96b533aac887bdd7f4d7ffa2b1268afbeef1aca12dc050d
0,       1806,       1806,        1,  1944000, 3d7c3b387cbb4d786ae820bfaede1eaa11355a9166401dd3be53645c540bd947
0,       1807,       1807,        1,  1944000, 91845f672f003ab7b4b7a9157545fc5c0e2f6fe3300c9bb8640c1f712389d097
0,       1808,       1808,        1,  1944000, 91845f672f003ab7b4b7a9157545fc5c0e2f6fe3300c9bb8640c1f712389d097
0,       1809,       1809,        1,  1944000, d103c8e46168873e38903450809b9fa99fd54733aa8512aa72ad68d707d47054
0,       1810,       1810,        1,  1944000, 534648ae96a51f85ecada51240b23f8adc8352a9eb69d803a09ae9ec6c12ff1b
0,       1811,       1811,        1,  1944000, 534648ae96a51f85ecada51240b23f8adc8352a9eb69d803a09ae9ec6c12ff1b
0,       1812,       1812,        1,  1944000, 185bb9ffaf6afd7b2664c8b02addafda718f5ed489d70019236b3d8a7d87ba13
0,       1813,       1813,        1,  1944000, 185bb9ffaf6afd7b2664c8b02addafda718f5ed489d70019236b3d8a7d87ba13
0,       1814,       1814,        1,  1944000, b8e11d3c097c4ee9821ca32623fadfcef14c2e171ca0c01bfa3972a2e8a2c0d3
0,       1815,       1815,        1,  1944000, b8e11d3c097c4ee9821ca32623fadfcef14c2e171ca0c01bfa3972a2e8a2c0d3
0,       1816,       1816,        1,  1944000, 40bb1506f8a3b8c7f64e02a7d7d1e8dcd3cc71a0a016b46704dd2cf56087a114
0,       1817,       1817,        1,  1944000, 40bb1506f8a3b8c7f64e02a7d7d1e8dcd3cc71a0a016b46704dd2cf56087a114
0,       1818,       1818,        1,  1944000, 40bb1506f8a3b8c7f64e02a7d7d1e8dcd3cc71a0a016b46704dd2cf56087a114
0,       1819,       1819,        1,  1944000, ba3dc0b0c529279bb37babd4b54eb969a2ad92634a2bf970e1bd6cb80331d536
0,       1820,       1820,        1,  1944000, 53517aeccf69d8c39ec709260d6b16599ca2c78ac763791d54b0503ab5d686dc
0,       1821,       1821,        1,  1944000, c623a6328efb6fc581c41401432d2fdf0cde064d4c259f57c5db0f5beb1737e1
0,       1822,       1822,        1,  1944000, 0382ba46cf602af7b3f5a38efbee4462a636fc52a730567c3bcba93c9d8d6281
0,       1823,       1823,        1,  1944000, 10dc996a5f706cb31f1af99f6485592fa99b1fc943be52bb6ca5b2fbaddd3f69
0,       1824,       1824,        1,  1944000, 3eec6cd971e97cc70633a5cbab26ec375d4280cdec630bba6fffcf082c32b695
0,       1825,       1825,        1,  1944000, ed91aa8b7e14e48cda4850559aa8d3d3a4803481d2f222f3b6fb6fa1bf4e9fbe
0,       1826,       1826,        1,  1944000, 35e52395b3a89ab52588a9351242339d9337060fe9235f08b5d2ee34a12c92ae
0,       1827,       1827,        1,  1944000, f84efbe6bdb70aa76d4c9067273dad9c7bcddfbfe3e5ccd74350d461e3a442e9
0,       1828,       1828,        1,  1944000, 1310b1b84f94c6a48c833507348190c9e423f4d8205164da09a0b01241468d75
0,       1829,       1829,        1,  1944000, 61e7fa529fc25f492a542daa87cab67f93e2b93fdfa3777e03840234a6e19df1
0,       1830,       1830,        1,  1944000, 1781c32116399dd877ef672460c97421d50296b6d5543ec73bb1347bbdf9cb19
0,       1831,       1831,        1,  1944000, e47247b34062251323c5d3a8749150d6ecd5eb56f65a2183714e42ca7df05d87
0,       1832,       1832,        1,  1944000, 46879942c83736329f82ae4b486ffcd8f780d426e68fb949c74a265af583a66c
0,       1833,       1833,        1,  1944000, 8291b8f5114eef1a1bd6dd3d816cf20f79bde7bbd2fd8db7745f7ffc8cc58b77
0,       1834,       1834,        1,  1944000, c505637118a0232a19ffa8dd7b32e984580ff7c533e6ca83146bb8913133a97f
0,       1835,       1835,        1,  1944000, c8cf45652ef7e36afdf631af90d024f9f606f60869ca5850a6b5ba4f2ecd86ba
0,       1836,       1836,        1,  1944000, 957f71f3ef3b2e033e7dc5833a25603014c5d08b61e40f0cb200be8b2197fbcf
0,       1837,       1837,        1,  1944000, 7751253637b3983290ffe4f637c0f4b84c7f0224e4a6694e9077b089225f88aa
0,       1838,       1838,        1,  1944000, d87c34bfc884f6a2be843ff5734366571a513505a125a4213f58344441732342
0,       1839,       1839,        1,  1944000, a57923673eb009cb7b5608cb39598818a4f1f869f9d477f1524132c23311aa4c
0,       1840,       1840,        1,  1944000, cd61212ccd8557680d32d087031946b4ecb5a6cd8cf87c89a60801b41283ac01
0,       1841,       1841,        1,  1944000, 434040369f2c06d0e213513439b14b735de095d24a1e6911c657a9299903fc59
0,       1842,       1842,        1,  1944000, cced586b4c30cff23e26fea670ea300ea46c9de6fde6e5e570fa3aa00d53f3f6
0,       1843,       1843,        1,  1944000, 1b80448740c96d7292ee33db686a55d167406defdd1bacc6783cb909a974fdbe
0,       1844,       1844,        1,  1944000, 3e3c2a8c0a6a089736e5debcba393612870d2538500acb888765eb077fe5862d
0,       1845,       1845,        1,  1944000, 9d2a61f4743fe7afcc9f848e81409f475c97a92805eec81ab81f81856a3709c1
0,       1846,       1846,        1,  1944000, 8b9e5e44dd8157e276a9a6eb810fae5d82a27a69da5628060116d6167ca5150d
0,       1847,       1847,        1,  1944000, 5acb58ec36c17e39da88cacdeb371c48b1e859248a27dce97fd381194b1d824d
0,       1848,       1848,        1,  1944000, 1a268bd89a6a71231ea06a0922320784d16738177af7aba2e8fa542615d30ecb
0,       1849,       1849,        1,  1944000, 5acb58ec36c17e39da88cacdeb371c48b1e859248a27dce97fd381194b1d824d
0,       1850,       1850,        1,  1944000, c5a257d0435185f0125752aee55570ee63c3169a490581a4da018525faffc8c8
0,       1851,       1851,        1,  1944000, 2652e37e5dc024f631e1c08e3c8cf50490f603ddf8f76dcb1e699df5cd51cca6
0,       1852,       1852,        1,  1944000, e5ad51cd3af280505be9a13e4af06cc4d51c32fbdd44150934a18dc9fd565a6c
0,       1853,       1853,        1,  1944000, d1b413e5ccb715bc69849770266587851c49d2ae24aa8e8f1e2300249a3cbbd7
0,       1854,       1854,        1,  1944000, 54aa53e04ed99d5276fd08e9b89d31d77e3b177a01fd8a2ca18b642502104b58
0,       1855,       1855,        1,  1944000, fa2c04a37c8c255abf08217a504fa4c646a6b02013b223973c5916e27495e163
0,       1856,       1856,        1,  1944000, 6dd783148509b04510249d4e0bddace5c7d09d6c4a5d6508744cc350851c6ec0
0,       1857,       1857,        1,  1944000, 3d3a6174143e79f5cdea64f1eeacfe4913c74e6d36f87dcb4422e353b0b382e9
0,       1858,       1858,        1,  1944000, 2287ac63cdd4ae5d1771d82d3510f378e3544c7c4dd02e54964d97ccd53779f9
0,       1859,       1859,        1,  1944000, 85dc271d87aebfa7c47c391ace18b7ef7da9e85bcf1b2a59cdffe0d8f9fa63e2
0,       1860,       1860,        1,  1944000, 023b49088772988ca31456f79a92b146ec6c30a0b843287855360652b3793d50
0,       1861,       1861,        1,  1944000, 85dc271d87aebfa7c47c391ace18b7ef7da9e85bcf1b2a59cdffe0d8f9fa63e2
0,       1862,       1862,        1,  1944000, 04bf21e7bd5a5b0f1454e6e93247083cef84001e1115b4a59948cbc1ef4b0d13
0,       1863,       1863,        1,  1944000, 59fcbe2341890c699ca5348b6fd7678d04dd29ece5e9bb153a10c184675f654f
0,       1864,       1864,        1,  1944000, 6e194b43ee5db9c845008a3bfd3969fe9869519ae48f912b2e2aa8bce2e88c42
0,       1865,       1865,        1,  1944000, e98616e039d3daf20054157bbbd65551115cdd0320ac9c005dabfcf15768b6ef
0,       1866,       1866,        1,  1944000, 84b572b4aa8ad7f69ec923d7c4714a9e40618527e2ca4810ac8d61a7748a14d7
0,       1867,       1867,        1,  1944000, 757287261cbae937fb211a99036729616a079d5c44b6b24a66fccddfac8bd14b
0,       1868,       1868,        1,  1944000, e37fa5c02686242407685b134bad0ba73b8b8034a69ddb54ae3a9bc084039737
0,       1869,       1869,        1,  1944000, 3b3e38f6461057551e6e0946416410106cf20f0f82d50651f3baba403395efa5
0,       1870,       1870,        1,  1944000, 91e1c288670a039daa89b8a79f3d3c63106d645e13f96a21c341482f97f75b7a
0,       1871,       1871,        1,  1944000, a55a67375a04f3da485b0320e5a6a34753876211a1be861548040b14782a5de7
0,       1872,       1872,        1,  1944000, 66ac485a566b17751a465753aff4cf48f27b097a80dd2a56376fbc6745e0735b
0,       1873,       1873,        1,  1944000, f8ec632ae0a7eb39a132f2f393048e0327ec91fed7c81e2136f6de99448e0c66
0,       1874,       1874,        1,  1944000, 1c5670204ee1d28f27dce04217ee9478b5779c1483c71f48e5050e9f142c3759
0,       1875,       1875,        1,  1944000, 22d6776e7e92e66b9d325ef1bdd0778c671650fd135b5d5c29236a2e0f743dfc
0,       1876,       1876,        1,  1944000, af557c341ece58ebba5788a319d4c1125ca6a0b8e9544054032ac1fe6808cc81
0,       1877,       1877,        1,  1944000, e82b39b3c87431779503f4d9f50018d922e4da999addf6b5535967044a6c93fd
0,       1878,       1878,        1,  1944000, cae08d0d75941cc0bce581778bc52d411b99ca586aed688e3e92c45f78096ace
0,       1879,       1879,        1,  1944000, 02a8ccd345dc7213e31ea80e06a47a021d511909f043ab20765839892fc05f26
0,       1880,       1880,        1,  1944000, ad360deb1fa2b4ac07c10951f83ab075fda62d605c2afbfe418158111f47e5f8
0,       1881,       1881,        1,  1944000, 4685f41c8556152bf69f4374adde455794f70b18c91c4733b4e7360cebcdf54a
0,       1882,       1882,        1,  1944000, aebb905025b5ba726c93354551489158bdfa61c3ed702d84bab2e2a4ad241ada
0,       1883,       1883,        1,  1944000, ef61f4407d0bd64cb68d549fe5a3393994f774fc0aaaaf52cc8929e38e9c2618
0,       1884,       1884,        1,  1944000, e97c8b0f07ee4833e26f5528128457c1be6be3b25318f6a9b77829dccea1c695
0,       1885,       1885,        1,  1944000, ef61f4407d0bd64cb68d549fe5a3393994f774fc0aaaaf52cc8929e38e9c2618
0,       1886,       1886,        1,  1944000, 74184bb69cb20ed383a96ef4a9b42c8dde5bf8152603572cd1439e82475233a2
0,       1887,       1887,        1,  1944000, 192d1a998b0731dad4f13693620741d71ea157d078577885da5120b8d68a3568
0,       1888,       1888,        1,  1944000, 66ec843a39e2c79f40ca08d7092800dc1f7579ea760cae29e5b23e98584b7ac3
0,       1889,       1889,        1,  1944000, 192d1a998b0731dad4f13693620741d71ea157d078577885da5120b8d68a3568
0,       1890,       1890,        1,  1944000, 34770d02c82dd6d6257b82277f257127db244dc9fa038a737649730a18d8dee2
0,       1891,       1891,        1,  1944000, 36982dec0606c01d289a36e233d727c30ec5d562f6476821e9d1f52576e031eb
0,       1892,       1892,        1,  1944000, e66ae9c943faea3456fbb121bdc285962cb745397e76b3e55ed2e1290b5c656f
0,       1893,       1893,        1,  1944000, 36982dec0606c01d289a36e233d727c30ec5d562f6476821e9d1f52576e031eb
0,       1894,       1894,        1,  1944000, a86812f1bb209ac988c4275238ba94b065ee08527437c2067545c6c355d1d3e5
0,       1895,       1895,        1,  1944000, 9749685ecc8ead399f36d8bb490c6b31673e8a6bd949c561b73e05ca56ce91bc
0,       1896,       1896,        1,  1944000, 2710c7b6adb83dcbb15b23f7b43a77e219f10f14909b543fb51abd0aa94f06ae
0,       1897,       1897,        1,  1944000, b39ece293c7d8ab56879da307ec53c65ab18b9960c0305331963594dbfd110be
0,       1898,       1898,        1,  1944000, 6bd501735d9276a25708fb9cf9cbbdf582042cc137dd1cc8a1703375e3f74952
0,       1899,       1899,        1,  1944000, e69388db3edc8b40b7761758b3cd594bfb94868d043b4ffd3e88db87645af18c
0,       1900,       1900,        1,  1944000, c5ea522f26da4bb10650317cbb11e5bdc6b9c2b7c24358beb32b88de7eb546ec
0,       1901,       1901,        1,  1944000, 2dfbef1dbcff956a5739d57d52ecb7e95c2a5ea7197c957a9d5ecfa4026943af
0,       1902,       1902,        1,  1944000, c4b80ce5356d235438d208dc0ec88cf30e44f6fac572edcccfb1bf4d0249de07
0,       1903,       1903,        1,  1944000, 3fa55486b8aa2798195c154b22c3c8e468ae95ed4992bb2a9cced6db765e72c2
0,       1904,       1904,        1,  1944000, d6cc12d7d4037fdb74562d2f29dc7098669fd9ebd6dab8bccdb63fecd55e8ee6
0,       1905,       1905,        1,  1944000, 5e959c8fb0af46e55466a37f606d81db09d5615c798919e31605cd6f1591f835
0,       1906,       1906,        1,  1944000, fa03742dc0e72d2752d73d9401e6cbae2cf252704b02635678e9a63aa465be94
0,       1907,       1907,        1,  1944000, 4d150907074cf900a761bcdc34db360b244c4a057d84c4713717ccadfa67956b
0,       1908,       1908,        1,  1944000, 26ab6246a748653fdfa3a95b3c50bba907b0194c4c63bfe7a2ceaeea7a77c7df
0,       1909,       1909,        1,  1944000, fc5fa7a7e3a2e2af57d5c81e76ba48e88b835ab6dc023587233466c99d54fadb
0,       1910,       1910,        1,  1944000, a48d7979b4ce5bc3a199ceb1fd7e580669ec59fd3383b8b98980ff925307785f
0,       1911,       1911,        1,  1944000, 945214449adb62411795eb2c6ba0bbb54bcdbd776c2d1bb4dc693192a9c31698
0,       1912,       1912,        1,  1944000, afa4002c3c7fd66cc0be1df4a392ac02bbcf53b8e4aff9b29618346553b75229
0,       1913,       1913,        1,  1944000, 3f8bece280680484b957feaf4d94c9688b6d38d831cd8cc38b5c397ca6bad0b5
0,       1914,       1914,        1,  1944000, 9a54584e5437b66215e118a2176acc74968b51f5a7dbbdde7ee4c8dd6e3b259e
0,       1915,       1915,        1,  1944000, c9c761bec45848dc5a85c19485e1e1b23404292aa80c783212bae0fbafebe920
0,       1916,       1916,        1,  1944000, b1463a69782e13334682dbc1ec80f3ba8b730b387de8147e1341438817faa7cb
0,       1917,       1917,        1,  1944000, c9c761bec45848dc5a85c19485e1e1b23404292aa80c783212bae0fbafebe920
0,       1918,       1918,        1,  1944000, e852e2ef0b56e62b5cafff3f8a78181d7d58f0eae48abca23a53a68360d9c216
0,       1919,       1919,        1,  1944000, 8072c20a9674acf1d9b0aa7acdf9295cb65098a368c0b9e92275a319ce0b9a87
0,       1920,       1920,        1,  1944000, 1624723c14ba9b771ab38478d4b00d64caed510bbcccbfcc2e8ed598b396b32a
0,       1921,       1921,        1,  1944000, 50d96a53d84d426093e79a373a4291d4adf2e439df615dd4838cb06e7fad5b8c
0,       1922,       1922,        1,  1944000, dad30182734349f19f896303eb4ec111edc8fe903251913b084a81a38ac8d9c5
0,       1923,       1923,        1,  1944000, 40554ade64ef39c765bd2df87b67feabae45552dd91d1b79616d724041e475fa
0,       1924,       1924,        1,  1944000, 51b2a94ca9f63c933556365418b6abe52326e8ee9d7a2de6f496d4cd0a348cd2
0,       1925,       1925,        1,  1944000, 6fec00d975359a51152af74370692c87f97d7ef75162b6a43ebe7e9e17fb83ea
0,       1926,       1926,        1,  1944000, df935064518b9f25051af61d24a3d34a398c692923357abd75950f30679a11ec
0,       1927,       1927,        1,  1944000, 0883e7bc49042deab2aa54692b9ec6bb5892008507b525918ad36f503a3da914
0,       1928,       1928,        1,  1944000, b75066899c7fd5425bfa47aa20dbe046301264988fe35f9a9b706807fbcbd33e
0,       1929,       1929,        1,  1944000, 30904d5cdb26926b5a468d87827353c076fadd8bf19cd98108e3dbeb6c7f304f
0,       1930,       1930,        1,  1944000, 3f09bf03f56f3ed3873b1830b82ec481381c5bc62eef16b26b5280ec7a3b00c4
0,       1931,       1931,        1,  1944000, 92cb78761db818a1f3370c5191d59bd452be95ff52c2d56b5cc780d77f418391
0,       1932,       1932,        1,  1944000, 1314cd6253e56823f329c1461b3fad06db059a1c77d9c9cb0f69129f361809e1
0,       1933,       1933,        1,  1944000, 413f7990834578c3b85edeac8205da3e22b2a5bd226b3e273e4e6ce3abab86ce
0,       1934,       1934,        1,  1944000, c389f54404fae73655edb3a5b529cac8c562dbe88eac7f8cc466c8f6f3463bc7
0,       1935,       1935,        1,  1944000, fdffa10154f5dc67aa91b8b0067159ebcd73f0c1d3bbaeb3aad481bbd28a44fd
0,       1936,       1936,        1,  1944000, c40de41f5005406802a31e17d003d8d6b878fe54eb4d40492ca59f10cd8314e1
0,       1937,       1937,        1,  1944000, ce5b4a14cc1bfa6435c51a26e544c2c9f3a46fe9bedc010d9ee99c1a55b29aca
0,       1938,       1938,        1,  1944000, b85ad34bc11ef039614803dd66c42cbe4e3af8cd9bd65f971aa8f5f1a907742f
0,       1939,       1939,        1,  1944000, 54c708373893d8cc3aebc41ab3b7d92b62d5ec585ac0341c8c9e09d6f5969999
0,       1940,       1940,        1,  1944000, c75111bbed647cfcb907a66c1feca04d3aa3696f682b234bbc87bb56c8b79c36
0,       1941,       1941,        1,  1944000, 0e9c16bfe46b8c4c8a558c630befb257a15ea68536c24b6726869fee25e41654
0,       1942,       1942,        1,  1944000, 211ee24d4e77f6ff200392f3e96bb1cda765f5effd37e779ad7ddb473a9c180c
0,       1943,       1943,        1,  1944000, b1be30876140cc375d08d15111a7aa92fb0324b989876c575c5996381fbfe4fd
0,       1944,       1944,        1,  1944000, f489dbf80478779ae281b851265dc38e28b121d118b40cfdb3a785162a05add8
0,       1945,       1945,        1,  1944000, 041a17edb54c8090bfce7e6ef503032197eea6718ac560f000f39215c83cafd3
0,       1946,       1946,        1,  1944000, ea5db315b3f1933363e10afb3ce45520fdfd313a34448b41fdd6b565a7c9bbc5
0,       1947,       1947,        1,  1944000, 92640488c56c7162c29e454cbc3287f26589a00e3bc200a22125a5a12a86e55a
0,       1948,       1948,        1,  1944000, 50b55fd8b74b69f77903104d9b15e89bd893405565f65b083e3a19d44c7a0a47
0,       1949,       1949,        1,  1944000, 8416575bd08c596d7e29778e36881c83faf1574ffc802c7cacc12afe84e974a4
0,       1950,       1950,        1,  1944000, 9b3fe478567aa2e465d755d1a251f5d835679fb65636a438054c0e6d37b7d527
0,       1951,       1951,        1,  1944000, 0c5f5a65f21ba8ea98a5ad946387f385f953dffe276e2b4d29b9b8d882ea95ee
0,       1952,       1952,        1,  1944000, 094e1b905e6b7126cf71b98abf7edf66fcb908cd4ea5d38ce93161a6770e7b76
0,       1953,       1953,        1,  1944000, 73959069c674b735d145261327a1bc53313df108b74ad44abd42cca6f8876acc
0,       1954,       1954,        1,  1944000, 31ce68163d87dc8ecb857de018de88439d678c56d6878761e36702362a68e0bc
0,       1955,       1955,        1,  1944000, 1a42c1a85515fc1f5fc2999bdcb4506ee122e6b1d0eb07d0c3bf2048881518f6
0,       1956,       1956,        1,  1944000, 92449328e04788e3be856b3b884600e1c2f269340a02c3f9c85a69f254044a62
0,       1957,       1957,        1,  1944000, ac894d9e79e1a0afa984f4cf5321c324ff29f9dd39fa20b65fd0fa2f9fdbe56d
0,       1958,       1958,        1,  1944000, 4ab91d33b1db55a175ae53fba69e4f91c3d5cd99fa7af0109de136a2b101e5f4
0,       1959,       1959,        1,  1944000, af43c4f58b7adfdf91724140b32e0a4f22cb19e758bbbef73fcbfa8327c91f53
0,       1960,       1960,        1,  1944000, 915eaae577daa4d5295e011aa96c4c28bf08cafc638d2cea945e45c2eedbcd7c
0,       1961,       1961,        1,  1944000, 38bdf7fa0690c36333e6378523855c80aa20b09bd36a21a940a03f540254e7b4
0,       1962,       1962,        1,  1944000, 42dbcbf1f874d733a57ec7e8609100ddbabc9ecc9ca0e54988a4a7e861679cf8
0,       1963,       1963,        1,  1944000, 4c477c90f60c592dbb2c08a1b279393b8b577cca1a68e4914f6a56cb7035d977
0,       1964,       1964,        1,  1944000, 336604cf874d77dad230794f72392bc04d9647ea05bd48df4e481e95ec73c8f8
0,       1965,       1965,        1,  1944000, e93c23bb568c04ee398d9fe772af9fa46f3f6dce459a3d2f7c13c39688e3ea04
0,       1966,       1966,        1,  1944000, f3bf8db0891f686bcbd150ac958e07b87beb9cac12e05e650b627831bc15b249
0,       1967,       1967,        1,  1944000, 2feb7ef3e7771c8c985f25f2f476de4793dd1aadd2289ff910e5ceba32f4a27d
0,       1968,       1968,        1,  1944000, 409328782fce190c838cc6e7b95bec57ab6f103c07668f1ace875d9526d4e9ab
0,       1969,       1969,        1,  1944000, 6b01d303a5543a408276421bf1a5ba20ab79f1916ed9db4efc58bc44a87ec554
0,       1970,       1970,        1,  1944000, 243952ac9d0f5a61d55c8cc5ff3beeb9bd29cde45be66419d99c744622c1179d
0,       1971,       1971,        1,  1944000, 89ebc4a86835159b9ecdf55c6d0f1e7e764d24e25f506ef27bfa87a80edbdc31
0,       1972,       1972,        1,  1944000, 99e25dc43b7a9834b19d069a19e57deaa84da27d133138959f540a19c9c6bbec
0,       1973,       1973,        1,  1944000, 9cfc2d5a042713dff9a6b177a28a978fa53f09591244aaf2143146690eb7eda6
0,       1974,       1974,        1,  1944000, cad31dc40fe347035bce9b390ab3396766d165bf36f5908617ba5da340bec6d3
0,       1975,       1975,        1,  1944000, a6543c1dcb4af4c6d4dfdd1867e053ddadac23ddc1a0a8e0e46a6190d85e891a
0,       1976,       1976,        1,  1944000, 54ed7e2fd30e24145f08af9e46eb532ce7ffa87d1b8a1e69df52e828ac7b9451
0,       1977,       1977,        1,  1944000, 12d4e162aca4721d5d62396322abd8f19188a667788fcd0cf15d4f98057cd4cc
0,       1978,       1978,        1,  1944000, 618140d84da50973c66ed82ed89cf0696fda01f91c6a66a3151c67899fb03ed3
0,       1979,       1979,        1,  1944000, 4f097e2048b2869df63609da94489f75fe21895f81c3984c47c90807a7860741
0,       1980,       1980,        1,  1944000, 94616d0731a5d37249dd35b51b6e16c6e409371b4849509c66768791dc069381
0,       1981,       1981,        1,  1944000, f5956d083635c8dd06e167288fc6487cedeb4e6704e17b5268396877acf03c1f
0,       1982,       1982,        1,  1944000, 3dd674fccf2639d27a453d73d6ea5fb22fe157411fb51ad62258e4b73e214c07
0,       1983,       1983,        1,  1944000, a71d195bd235e2737027a00460e021c5a297fc54ad2772376a0d82d991cf27e0
0,       1984,       1984,        1,  1944000, 4c53b9391b965b3dc381470ddac2dd0fd49508d3e42790e1a98469312a652234
0,       1985,       1985,        1,  1944000, 64ca28fc95b0cc9ffb67f91e16a776648869f1f78f1ac471fef9b8fc3a050d38
0,       1986,       1986,        1,  1944000, 2869e3c14e064614b55c4ed884b0845538e0383bd60646387567e829282975bd
0,       1987,       1987,        1,  1944000, a0e79f29eca3ccc21f654d7d43016be94838b4089e412a6fb91a169bd3e4e832
0,       1988,       1988,        1,  1944000, 9db494bb42451e97caaf516d505be789b3cc0ab63b0c48fd3c261e16de9abfc1
0,       1989,       1989,        1,  1944000, 268b5cbcaaa9c8e771d6ed5978e1fb3b599870308349cd6bc578b8e37f6a77f5
0,       1990,       1990,        1,  1944000, 7ef3729773d9105eca290980f4271ba6589029d3a89c75b5addeb23600c03fce
0,       1991,       1991,        1,  1944000, 389a298178e837cea4d7da5c4c0749ff2dc7f9f6686aaae236e6231cd4ed8952
0,       1992,       1992,        1,  1944000, 60fb6cf2b9436beb1ed3ae599faa7edf3f6cb8152cfe61bbde46d022d4e8f5f4
0,       1993,       1993,        1,  1944000, e6e4976338d973c47693daba092be4ad09633c4c7d1306d779b1fdc2d121c138
0,       1994,       1994,        1,  1944000, 2bcde2e46a26bc995f953141428709acffc423097e286dbaba6c0f98ae71a884
0,       1995,       1995,        1,  1944000, 71e3cd9d6c21a3d1c7912d7000c33dd33c4383e9e21f9f3115a82a5111ac06ab
0,       1996,       1996,        1,  1944000, 5f4996c7d7cb3914ea795c3e0859e0c9b0bf81b41c0e6aee49c76518829e8fbe
0,       1997,       1997,        1,  1944000, 3f2de18a80c77ea9bc87ad4c257d2ddfad35c1c5a98d14f203ddad38f466bdba
0,       1998,       1998,        1,  1944000, 33a1cde1ba121a1cdcefa66e8e195ec00a98564fdfa6e21e9528c374046fedaf
0,       1999,       1999,        1,  1944000, 00075614a05258ec837a1ff79f052fb43a3de96785c9475a4df6d64cbad93d4f
0,       2000,       2000,        1,  1944000, f77e81ef2411debcd3c03d6fe7ad80a9549d5aa3125fcf85ea0d975a4a675bb4
0,       2001,       2001,        1,  1944000, ab2e9256f7e0fff5ca7d799f26e159bfafd261b0f3e80743d4eec8c89d8ecf07
0,       2002,       2002,        1,  1944000, ab2e9256f7e0fff5ca7d799f26e159bfafd261b0f3e80743d4eec8c89d8ecf07
0,       2003,       2003,        1,  1944000, 1288cc0464e776399ddf60519d054cf43dd0728b326478bd0de320d424cd4e21
0,       2004,       2004,        1,  1944000, f791cb11973c2d8e0e63b6784a17d8a2ea9114cc9e519f29bab5ceddc3b3521e
0,       2005,       2005,        1,  1944000, 7374839d7e3ec15df801fa207baa5b3a2ffeecc34b9306830f300f0e76497189
0,       2006,       2006,        1,  1944000, 40a9573cc0f7f8796620274072cc481bdbae319a31fcf35bdad52130fd84fd18
0,       2007,       2007,        1,  1944000, 0495bb87738539435ce153d30fced82db7e703bfa517eed211a7944c42ec751b
0,       2008,       2008,        1,  1944000, 314fcfbd73dc86839084c784fa02e1514844b17a646714231703647994debe68
0,       2009,       2009,        1,  1944000, 4d9af43eb5a1fe9aac91dbb7c0893638b07c9f52d575522b50944bf405647e87
0,       2010,       2010,        1,  1944000, 4d9af43eb5a1fe9aac91dbb7c0893638b07c9f52d575522b50944bf405647e87
0,       2011,       2011,        1,  1944000, 4d9af43eb5a1fe9aac91dbb7c0893638b07c9f52d575522b50944bf405647e87
0,       2012,       2012,        1,  1944000, 4d9af43eb5a1fe9aac91dbb7c0893638b07c9f52d575522b50944bf405647e87
0,       2013,       2013,        1,  1944000, d65529471f5228cf62137dacf67fb1e5f5532d310abbc2dcc5bd7f3998a114a6
0,       2014,       2014,        1,  1944000, 4cbd6d39cd3b0b02a148ad069836d9893958b4279177b7e96fb5e80b9ce314af
0,       2015,       2015,        1,  1944000, 9336d527c853bfe11a35506180d4daeb451d9e34e7f0ad2c675374683aac875d
0,       2016,       2016,        1,  1944000, ff771908f42c9708492a0e7e8dabe976c6de459d461547baa46e43121dab0b58
0,       2017,       2017,        1,  1944000, 0ac1c11be0a6afe319cd6bc7f6d4578204e4759942c4f3e386b4a6e14d21aa44
0,       2018,       2018,        1,  1944000, c553fbed60f9b91ce819b505dab89ff823c221f6d76957f31fe92b9f76a19616
0,       2019,       2019,        1,  1944000, 6444f8baa11ec0bf5ae136b8e3f504865573c94251ee788de2a18d9bef9047fa
0,       2020,       2020,        1,  1944000, 0596e41c4f89eed3c9aff17aef4867b13f4b32be8c889a5157697a825a212c2e
0,       2021,       2021,        1,  1944000, 75835dc41d1fb3dfdc9e5ee01d89653611c1161112fec9b0fe54257fd3980736
0,       2022,       2022,        1,  1944000, c59815e176f8d7fd1ecd9eabd59585f6bc0eb909167baa8919b40a90de0eb7b4
0,       2023,       2023,        1,  1944000, 9e837f0686947c5cc4fa04c69f683cb3c0a853ca1d8fc0ffe1593bd2ba4411e8
0,       2024,       2024,        1,  1944000, 25bd472bfe4d420750199e2ba3b4c7a22a49755b4067f03e40af5c0becd89dfc
0,       2025,       2025,        1,  1944000, 822328aacc438fe1d60870fa48b39a9f3ddc184e4ddd667500c965bff18f051d
0,       2026,       2026,        1,  1944000, 702676d0742e36ca2b4f62fd5147fb798aa0272933641536998798060cb9d638
0,       2027,       2027,        1,  1944000, ba3f27c1a342cfc50053f9901eb724fcc764168248033254e3f122367bec7e7f
0,       2028,       2028,        1,  1944000, 8cb53180422254e859c6de067c96842093a982ab408a3651d17c2bc807e53778
0,       2029,       2029,        1,  1944000, 8cb53180422254e859c6de067c96842093a982ab408a3651d17c2bc807e53778
0,       2030,       2030,        1,  1944000, 8cb53180422254e859c6de067c96842093a982ab408a3651d17c2bc807e53778
0,       2031,       2031,        1,  1944000, d31fc303a1d0c9e36d2c4c94c8791eda0467906b68643b9fd569c7bbfa2b6645
0,       2032,       2032,        1,  1944000, d31fc303a1d0c9e36d2c4c94c8791eda0467906b68643b9fd569c7bbfa2b6645
0,       2033,       2033,        1,  1944000, ef93965707c63542093803b309ada88fa6e77b6ffca5f3dc4845364a01793baf
0,       2034,       2034,        1,  1944000, e5e38c92f5b6f0204badb0ac5363b931637706a487b6843ed2d04ecc31a8fa2f
0,       2035,       2035,        1,  1944000, e5e38c92f5b6f0204badb0ac5363b931637706a487b6843ed2d04ecc31a8fa2f
0,       2036,       2036,        1,  1944000, e5e38c92f5b6f0204badb0ac5363b931637706a487b6843ed2d04ecc31a8fa2f
0,       2037,       2037,        1,  1944000, 77f79b03bdf7086cd1981f395fe406b1701fefaeff95b1eb385fbbaed79a0cc9
0,       2038,       2038,        1,  1944000, 2848df1684a4270e80a1758da530e0898fe424b80d89f3496a75e498f62652e1
0,       2039,       2039,        1,  1944000, 2848df1684a4270e80a1758da530e0898fe424b80d89f3496a75e498f62652e1
0,       2040,       2040,        1,  1944000, 7a5d78ffe904a61d4b7e490cc274cf1940c680e21a739b62aa054f8d644ea4ff
0,       2041,       2041,        1,  1944000, 361307cf376ec7158287aa0a7b77791775fc98a36b2354f0fc8957cff07382fb
0,       2042,       2042,        1,  1944000, f1176590e8ce90b3b6bb80ce6f1df21cd6a83bc3961d0ca4fb638cb440dfa924
0,       2043,       2043,        1,  1944000, 361307cf376ec7158287aa0a7b77791775fc98a36b2354f0fc8957cff07382fb
0,       2044,       2044,        1,  1944000, c59922a6e3189e1c8ca021747bd5ba854a5a537ea6a5dec5a407bd84e47c9651
0,       2045,       2045,        1,  1944000, c59922a6e3189e1c8ca021747bd5ba854a5a537ea6a5dec5a407bd84e47c9651
0,       2046,       2046,        1,  1944000, 9e9d9774c89ced51106a0ecea29fe3c2a6cc407c941f1d615f577f95b282a433
0,       2047,       2047,        1,  1944000, 9e9d9774c89ced51106a0ecea29fe3c2a6cc407c941f1d615f577f95b282a433
0,       2048,       2048,        1,  1944000, 9e9d9774c89ced51106a0ecea29fe3c2a6cc407c941f1d615f577f95b282a433
0,       2049,       2049,        1,  1944000, 4f83a67340a956b79c13d2a70eeb88caa516831af7c768b3ea53aa8470f14a01
0,       2050,       2050,        1,  1944000, 5216e3e0f566bfed41bd5b485da672e39434613bc3ce2c72188599eb7b9c0f51
0,       2051,       2051,        1,  1944000, 759ab2673f426782ab871f83bc0cff7401ea45d42dc5f55066364809a592fd7d
0,       2052,       2052,        1,  1944000, cd4c852fcd834a14c8b6e75f08879ac4c3574497adccf6311d62d1d9f73dd893
0,       2053,       2053,        1,  1944000, ce3798a04d3edd0811e3086f77f418d5a40c89a002e5b1dbf953913b3afcd412
0,       2054,       2054,        1,  1944000, 7334ffd53ddbfe704e8f18496007cb1e853a8356c26312d4472b8a080deff2c9
0,       2055,       2055,        1,  1944000, 1128ab9e6230d60045a94863d5b41a43e1db6acd81819655358d863e2b4e4795
0,       2056,       2056,        1,  1944000, 77de272d6720b43707ef6b906aa434c0088401df2060ca9592bb02761b744777
0,       2057,       2057,        1,  1944000, 096861d805953caee2a7b81746bf3c4bc464ea03a3face54c15be73164ac30ed
0,       2058,       2058,        1,  1944000, c1c9b191e086c93708131e4183c54a46d1caa5b3d7267dfcba0cefb668854035
0,       2059,       2059,        1,  1944000, 3b016187f42e7e388dce2449051a618d55cd26e1655133922146db5618394abb
0,       2060,       2060,        1,  1944000, ebfe984563418f9cc00e0d828d96cbd152d0a309412e9a6bb2536aea2f7717b2
0,       2061,       2061,        1,  1944000, 0453b89ee85b28b05cf46e85cc0e2af19343b4e734ae87314ce5cafe5a124595
0,       2062,       2062,        1,  1944000, 31f263ad31a3e4c38873a8abf8a60e685dd454c0165c29e37da1814e31f79b11
0,       2063,       2063,        1,  1944000, 31f263ad31a3e4c38873a8abf8a60e685dd454c0165c29e37da1814e31f79b11
0,       2064,       2064,        1,  1944000, 31f263ad31a3e4c38873a8abf8a60e685dd454c0165c29e37da1814e31f79b11
0,       2065,       2065,        1,  1944000, 31f263ad31a3e4c38873a8abf8a60e685dd454c0165c29e37da1814e31f79b11
0,       2066,       2066,        1,  1944000, 1b0485b8148a3ecbe06112102031f6b5aa09b244821847029cc310acbe98701f
0,       2067,       2067,        1,  1944000, 1d88921c5262c6b822d0c0feff7a5b8d4cc1b5c9c561f2e81c7ecd8562864e7c
0,       2068,       2068,        1,  1944000, 679dacde99b03486fed5acba847707cbe6baba8c74e6c1b9009317f2a4497d36
0,       2069,       2069,        1,  1944000, 396c5408baa462ac114a11b45e11dc18f4db4d6ddc578f75f6d528aee7e9d10e
0,       2070,       2070,        1,  1944000, 396c5408baa462ac114a11b45e11dc18f4db4d6ddc578f75f6d528aee7e9d10e
0,       2071,       2071,        1,  1944000, 396c5408baa462ac114a11b45e11dc18f4db4d6ddc578f75f6d528aee7e9d10e
0,       2072,       2072,        1,  1944000, 0ddbabf6ebee99f33b2ae44fb841903a3206de6f08a6eb4d10cac91d127e2b19
0,       2073,       2073,        1,  1944000, 2e92d52ae995431e4ced3debb2fdee304d9e7bfde97708c100b42e586075898b
0,       2074,       2074,        1,  1944000, b2eadafb280ceae1f3fe775bfa3e777541702508a427729217ef1a5c37f1dfe9
0,       2075,       2075,        1,  1944000, ffdf897677489cb9fb5e083fa462380ea109ab2a7e1ba46c9a8557f0d1010066
0,       2076,       2076,        1,  1944000, b2eadafb280ceae1f3fe775bfa3e777541702508a427729217ef1a5c37f1dfe9
0,       2077,       2077,        1,  1944000, b2eadafb280ceae1f3fe775bfa3e777541702508a427729217ef1a5c37f1dfe9
0,       2078,       2078,        1,  1944000, 653ce79085abcc89c4790d39055b462b04cb7acf590e5aedd158acb6573615dc
0,       2079,       2079,        1,  1944000, 653ce79085abcc89c4790d39055b462b04cb7acf590e5aedd158acb6573615dc
0,       2080,       2080,        1,  1944000, bc393bcec6f3a88cb2c6ed50133d5bfc15f1562405ad832eaa9fd84301611b60
0,       2081,       2081,        1,  1944000, 4306bf0735a2b990f0831dad987181cf6c93ec1613db43cba26d30eee0cb34d4
0,       2082,       2082,        1,  1944000, 0ede93fcf27692fcf6cc32c823e4a3450b38dec2e8aeeff47bd065f34b419042
0,       2083,       2083,        1,  1944000, 0ede93fcf27692fcf6cc32c823e4a3450b38dec2e8aeeff47bd065f34b419042
0,       2084,       2084,        1,  1944000, 3869eb51c6389a3a4205bd2254f9deacdd7665c093e8b66452f3b73f03809bca
0,       2085,       2085,        1,  1944000, 7278d44573dcf5935cdd99317393dcb10da384c3fccd46ed4db198ebc1d3eae4
0,       2086,       2086,        1,  1944000, 7278d44573dcf5935cdd99317393dcb10da384c3fccd46ed4db198ebc1d3eae4
0,       2087,       2087,        1,  1944000, b08ed15eba402f0872ba55f662f96bcba7b0f7a52e2cfffc9e669696024fb97f
0,       2088,       2088,        1,  1944000, 8fb68cb1316c50e673c3f4763e6ba6b90a3de2a0f269964d639c588cac7d5505
0,       2089,       2089,        1,  1944000, c89a612b95fdfdb0dab9a9e5913eb4c98080ccb09c51b502b76ba62bfc4f3be8
0,       2090,       2090,        1,  1944000, 9b3c37be75c6715d5bc95133d9af084b54e2b8d0a9277368b68dfb922d967ff8
0,       2091,       2091,        1,  1944000, 9b3c37be75c6715d5bc95133d9af084b54e2b8d0a9277368b68dfb922d967ff8
0,       2092,       2092,        1,  1944000, e990c573e5a473a23a036a7f62f14741e2c028a517144d8aecf9fafc4bda2520
0,       2093,       2093,        1,  1944000, 27fb78ddb86e6ab1850699fa8f0aa6bc8ccd8b575d514d14e11eabcd6f732e17
0,       2094,       2094,        1,  1944000, 27fb78ddb86e6ab1850699fa8f0aa6bc8ccd8b575d514d14e11eabcd6f732e17
0,       2095,       2095,        1,  1944000, 27fb78ddb86e6ab1850699fa8f0aa6bc8ccd8b575d514d14e11eabcd6f732e17
0,       2096,       2096,        1,  1944000, 5f47a88e975bd5241115fe5b1482cec837262f71263f184dcd4a5b0569cadd4d
0,       2097,       2097,        1,  1944000, 4e3ac314277be1b5d3b83d2733953fe0df66315bb19c77cb18856f830237050b
0,       2098,       2098,        1,  1944000, 4e3ac314277be1b5d3b83d2733953fe0df66315bb19c77cb18856f830237050b
0,       2099,       2099,        1,  1944000, 14d3a1e43b632becc9cb8daaf3f34c82069ecab8047abd0b65de2b76f24d02de
0,       2100,       2100,        1,  1944000, 9eddb599cc044a3370e087da057ba534b0cbb2e0679330bfcb52a5f7bf7fbe88
0,       2101,       2101,        1,  1944000, 9eddb599cc044a3370e087da057ba534b0cbb2e0679330bfcb52a5f7bf7fbe88
0,       2102,       2102,        1,  1944000, b199454f08bc947cb8047d0fbe95b95b05571662d6a1397853768951c29a396b
0,       2103,       2103,        1,  1944000, b199454f08bc947cb8047d0fbe95b95b05571662d6a1397853768951c29a396b
0,       2104,       2104,        1,  1944000, 6d1364b10553efa2c84021c0f68d71cc9edbffba757a56d3f000e1fd6c7546aa
0,       2105,       2105,        1,  1944000, 1a74224bfad46daa93f587919145311484880ad1a4d991e73dd653c79323f9d8
0,       2106,       2106,        1,  1944000, 1a74224bfad46daa93f587919145311484880ad1a4d991e73dd653c79323f9d8
0,       2107,       2107,        1,  1944000, 1a74224bfad46daa93f587919145311484880ad1a4d991e73dd653c79323f9d8
0,       2108,       2108,        1,  1944000, 1a74224bfad46daa93f587919145311484880ad1a4d991e73dd653c79323f9d8
0,       2109,       2109,        1,  1944000, 052dea7405c0190a6d5ded16a94d8cd021a079ceedced2b67713bdc7753214fc
0,       2110,       2110,        1,  1944000, 65326829da5aaf4c396e53705a32cf57dd14ecc02a39640680dcb20ee9daf680
0,       2111,       2111,        1,  1944000, 3af6149e08885b81c3d64188618ad61abc8fb6eb5fe34c4c53ca8f2b65c2cb2c
0,       2112,       2112,        1,  1944000, aff55db1d8dd316016dbb3c440a9b4817de7a0ae6fa42794968fca0bf2ed55e7
0,       2113,       2113,        1,  1944000, cac37c85d7f0f548b8e88f8d78e7909b42ff2288078bfc9e84d336c17c1b4a2a
0,       2114,       2114,        1,  1944000, 729ee771102685c90925b2c78ca13a327ee3f72bdd7e77b88b19a3a5a83c5b7f
0,       2115,       2115,        1,  1944000, 6cca2b8ea13b116627407ffa9cdf9531012cb793e1cf57f7a06ea02dca4ebeb3
0,       2116,       2116,        1,  1944000, 09b0a112f8ee9f1980b98d1945ccb34f63ca7a736f00fbee79e20d7fcb3aa76e
0,       2117,       2117,        1,  1944000, a4956b25f946dbd6cd44d96bcd4fa49b7ca427528170f48046e75a4ca237e954
0,       2118,       2118,        1,  1944000, df1966b1a2abe6bd568849975d4acfc3a7f380c516137769c7657eddc0885904
0,       2119,       2119,        1,  1944000, fc09ad94677ae0f36fa415196edf86c0c8b1c9be26a287c086eba0af15e50231
0,       2120,       2120,        1,  1944000, babcb08dd766ce307bee837e291489808be2a3048d8c9e78b2d5d8a10f98c5e5
0,       2121,       2121,        1,  1944000, c494533e790a7de2b75c21782deab9d8467e5d034f82223d69db860f41143a15
0,       2122,       2122,        1,  1944000, 67913e88c7fa600a25eaa3a38cad30c7b387b4227cbe2669cf00b697b5add96e
0,       2123,       2123,        1,  1944000, 67913e88c7fa600a25eaa3a38cad30c7b387b4227cbe2669cf00b697b5add96e
0,       2124,       2124,        1,  1944000, b2f07e79e575be719afca132aa1907a625e4482c560cf196c6c0c36c75fa826e
0,       2125,       2125,        1,  1944000, 18985781c093c7adbcae5732d5b219d4718113a400f0b9830c00d5fadfa664d1
0,       2126,       2126,        1,  1944000, 88038da6264b8c4fe6b788dbaef56172813b6bf341fbb59bfe5497985bdb54b0
0,       2127,       2127,        1,  1944000, 6942597362c42ac467ad28c48a051cc714902c6da3483f3fb9b4392687db2f06
0,       2128,       2128,        1,  1944000, 6788018661303788bce814979ebb320d92cbefb6c821e6b0600d195f0475795f
0,       2129,       2129,        1,  1944000, adf90d4032ab94ecb9adeb9f3c775ec82b42cd439b5a9e588760c11e0c0bb098
0,       2130,       2130,        1,  1944000, f87e4ce6e0bec7c05f9632ba99a2e315123b2e1c7ea157d53ebb1e254c719ebd
0,       2131,       2131,        1,  1944000, f72dae53f86055ca3b4eb2dac72335be745943b96000e0da22640e269292f2aa
0,       2132,       2132,        1,  1944000, 3ec864c2aeb39add4c3a784c9e1b367aa1378c0257f0169e6f13a1ae8e28d13c
0,       2133,       2133,        1,  1944000, f6d6e274435c05bd46c8ed0ca2c3ef5d27ea2fe2dfee11c1dd7093a749e9103b
0,       2134,       2134,        1,  1944000, 61f5a07b6c603c87dfe1ad153551bd3f8c9903b982914bc31a976905280836fa
0,       2135,       2135,        1,  1944000, 0b1025b70ea32b478f74f6d87afb5b51368127762d767c6745276118126caf70
0,       2136,       2136,        1,  1944000, 2d3abe2b827719351f50724d4292155046c68f7430f3e5294a354ec028d88cc6
0,       2137,       2137,        1,  1944000, ca791a3ceac0aa48e39bc4a33e00112687561609c199339e3cf491d59fcd31cd
0,       2138,       2138,        1,  1944000, 4fdd343f5730f60385ee8efbbe59175d6ce839c1355596b9928c0f4e948531c9
0,       2139,       2139,        1,  1944000, fe40948e174e2bd56934ae444245a82e56092155bbb054018cb676bc0942713c
0,       2140,       2140,        1,  1944000, aa8ffcedabd5eaed8229aaa7168124bdad764d100c346c4e7495e0859b3cff64
0,       2141,       2141,        1,  1944000, 6ecca58d555afe2f5a715ce9f974e15959acd908f413b3d5b78a129a74b9ac1b
0,       2142,       2142,        1,  1944000, 6a3681f544782e696b28968829b193088a229db70e744a53c60eeede92261038
0,       2143,       2143,        1,  1944000, 4e4000e2cfadc501ed306b419337e1aea02a71dd18072187a37a279ba44e62cd
0,       2144,       2144,        1,  1944000, be5733024c105d424b9ba55f863d8e36bb03b3e4e91f1291a36ba4d78404a267
0,       2145,       2145,        1,  1944000, af63648388e631886b43b35d906360143348079af3bcbd928ed7e1c6d45da27a
0,       2146,       2146,        1,  1944000, c56f4ec525c30ec1fab3f9add49c7acafb7b615be825bd9943ba779363938ff0
0,       2147,       2147,        1,  1944000, 6c374e9aef6ce5182a9835f567239a6efb389bf082076660783bfcac596c8864
0,       2148,       2148,        1,  1944000, 15c994e23a0d5c18df938d774f4042f2a82a8da99e124b33350b797ea1f020b1
0,       2149,       2149,        1,  1944000, 43310d97fe35b3492c3cfee64aed4a5e2a825d9b002bdc247d6184ec262adbfc
0,       2150,       2150,        1,  1944000, fd1f77957e5b83ae65db47831c775b61008a9cbb9706ed592a939e3ea7b9b7fb
0,       2151,       2151,        1,  1944000, a35440b73cbc98b98995924b56e6ad2851512b4e311a4f4070c509f2e71f15c9
0,       2152,       2152,        1,  1944000, 5336d7f2293a11b69418a693598c1a74cef6bccb30e329fd16dd45a384b7361d
0,       2153,       2153,        1,  1944000, 02f6a8d61c687e9ef8ed4db8acf76970f1f6ee9a9de518ac5f376dc75b2f06ea
0,       2154,       2154,        1,  1944000, bdee9935f3d2638b0c4fe9e79b3077580a21bde4e5220471ff9820eb9772d05c
0,       2155,       2155,        1,  1944000, 3db0053eba5d0a01d4adc112b63c52b3d44ffe2cc9055716932253bc84e690e5
0,       2156,       2156,        1,  1944000, 6538d0dd06ef977ed42b0bfdeab771431fb7be56f232233e623d4040dd49be3a
0,       2157,       2157,        1,  1944000, 11b6f660aaa699563018cff7e637505d83b0a1dc6396932a03689502ecc03a04
0,       2158,       2158,        1,  1944000, 1dcce3d579a825795ae1ca7fbb31e096e2844402d8c0fe70418f3d4b42f2dc98
0,       2159,       2159,        1,  1944000, d24000d6a83ac935fca3eb44980d4bf208b98976e9961557d61dc71441835c77
0,       2160,       2160,        1,  1944000, 43ffc84d817034db364aef38567bef27d884e230eda9b41e734633d1abe15f5e
0,       2161,       2161,        1,  1944000, 5658d5bc248cc6ca8a9752b1d919a45e1035c67ee90df689aee12820128962bf
0,       2162,       2162,        1,  1944000, ac6105a952e0ef4addb4cb6ba8020a4ddf8dbe581fcaadfb8f35c81c0c154cb0
0,       2163,       2163,        1,  1944000, baf5e5ac4054399243ab10408106fb35dab90cc93fb9c14f2c0183243da71680
0,       2164,       2164,        1,  1944000, e3efb6221061ac513418e64ad5cf9cc860a3d4e8beb86db891792df92b09e83b
0,       2165,       2165,        1,  1944000, 97439893e8ca9721e2ffb82dfc5b0374da0057d5599d65526c60c1a93d1e0e34
0,       2166,       2166,        1,  1944000, bd799700a8d681b5dbeeebd6ebcdf983bff9e3d056d7e8dcfc3f26fc9d296ee2
0,       2167,       2167,        1,  1944000, b6daa5bb5f5e175bc41a7bd3d9c11f80cae723be574a814aa01e714d9fed386a
0,       2168,       2168,        1,  1944000, b4b06d4af3e1b34cfbccae5a61c9d1437ca8b2784c5ac53e3658c859e8163acc
0,       2169,       2169,        1,  1944000, 983b57c8e8615f7c8e85d6010b13f73a61cbe9316c9f5a47ff7b739fef2b10d8
0,       2170,       2170,        1,  1944000, 62c0e6257b408542783e5fd874a88d6c13be6017bb1791fa3d1d67c835bf6d16
0,       2171,       2171,        1,  1944000, 345d2c60f8f2f3921c2ed872f15b827fb793c4689b9575ca3c98f2df83c594bd
0,       2172,       2172,        1,  1944000, 9e674008bbf0a69619cd950dd7460d0772ca738700c39ac7dfdf7a08c6fa7fe4
0,       2173,       2173,        1,  1944000, 3e88cb54066e8151af0279dbb43ed3be7d5fc92fe1b382d7740f755ba6c73e5f
0,       2174,       2174,        1,  1944000, 82a4f890e75c1ccd903fbb1e771c9c426abbfe07659b4f9464e867c61a5f06c3
0,       2175,       2175,        1,  1944000, 6dea7171d4e98b10620894d66b35e12719e253e0e691defe9808368beb5d760b
0,       2176,       2176,        1,  1944000, 0ab494717c2a97b0853421194365d992b8db66e2e54dd8dbf95adce46106b684
0,       2177,       2177,        1,  1944000, ec216bc0d935de8b428bbeb2252b71bac6ebdc05bec310bdd7c219643d61e0be
0,       2178,       2178,        1,  1944000, 4e095e573f6eafad92ca83fec859eafe940fda06fe522d7ea0a46d888081e028
0,       2179,       2179,        1,  1944000, a580f9bdbe3688d2d0c2d6119a6062e6fa4b825ddb134297d0f208a1ac73e15a
0,       2180,       2180,        1,  1944000, ccef93db429fb6f7cfa268c41275ca5134835d2e58f00083119529368b054b14
0,       2181,       2181,        1,  1944000, 51927d7d5d1be2d3404a82f72987704b8063d353adaa334e1690eae4447ce7ca
0,       2182,       2182,        1,  1944000, a3a909644060abaddae2f101cc6c877ffd3215c38250b4e8a68f9b705d6cc45a
0,       2183,       2183,        1,  1944000, 71d84336e6ac29dbbabe812726b42080d52e89a8ee6204dc53062f656c5a823b
0,       2184,       2184,        1,  1944000, 42f761d0669d7e2346d1a834163f242b74f29f31f5ceb1fac5926a4680b52d82
0,       2185,       2185,        1,  1944000, 62c019af9fb608ab092001340b6828ec6abe04d45d914dbf462800a05303dc3b
0,       2186,       2186,        1,  1944000, 63a80f5eb5004ef8678e3a00cdb81ba9bb648789e0b14fd4e3fbf54c3e3a0d36
0,       2187,       2187,        1,  1944000, 9616aa8dd7c8ab44353c1c8f88bc95145f83e7af5c32fa7c5331cc657212aeaa
0,       2188,       2188,        1,  1944000, 2120e2cd921ea3856b6dc0c65e74ddfaf83b78177fa73a74a6ffec159ccb08e5
0,       2189,       2189,        1,  1944000, 7412cd1570b350746d0b19ec21aa6a479b2443474b3a37fdd5aca488f94ad68a
0,       2190,       2190,        1,  1944000, bab0c060c02929a548e01d730f9f7ddd7af7cd0e7d7c658823845854abe7a2f8
0,       2191,       2191,        1,  1944000, 7412cd1570b350746d0b19ec21aa6a479b2443474b3a37fdd5aca488f94ad68a
0,       2192,       2192,        1,  1944000, 960416b823fdbff095e2b33045a2377b144e87f5a4b9e08e73ebef6e87bc401b
0,       2193,       2193,        1,  1944000, 4051b23429d1717ac8c98b8f1d5c32d08648eaf81d9661cb15478713c9ecfd8c
0,       2194,       2194,        1,  1944000, 6ef0a2404cafafe4fe4b54f51f676e9a20ee753aff6168aeeb6176659b2592df
0,       2195,       2195,        1,  1944000, a654da3756684e7300cee96ad508d85e71783a5c4a8bd181d34bcd7f47c75e52
0,       2196,       2196,        1,  1944000, 13e790a776fe4df0f301b24570ec71682118a78f935f25a76eebe980e2ac626e
0,       2197,       2197,        1,  1944000, cc8f35b431c2cf2ec2961e4570f6807392a8bba0201f9fe45fcc7c71c636728a
0,       2198,       2198,        1,  1944000, 10a432a4ec790c930f0c725fcfdaa5a6fa386b39a8da93f1c93e361d050ff1ff
0,       2199,       2199,        1,  1944000, f8a2f075f169d580e46a2e123f61204d44db365d9dabb0ad3e00d6fceabacf44
0,       2200,       2200,        1,  1944000, d72aefd137bda3d01b95b8ccaa665c4127e49ce005b52178149c4ea8a0491441
0,       2201,       2201,        1,  1944000, 7a348a29a96e53b5f867deccafe1256e617eff49a506afefcd37653400c33e92
0,       2202,       2202,        1,  1944000, c34a7e5985e076e1dc6dddca4d3b014d06a4d7b5da063530ef9b9581694c5354
0,       2203,       2203,        1,  1944000, 7a348a29a96e53b5f867deccafe1256e617eff49a506afefcd37653400c33e92
0,       2204,       2204,        1,  1944000, 0e4b2d0b6683231cb949e752db79084002338964d42a0b586e10688540a31396
0,       2205,       2205,        1,  1944000, 213b23bbc334d463438617c5541bbe08cc1db0fb54cf7f8eae90da22157c1c7f
0,       2206,       2206,        1,  1944000, 9da90f3ca02c241918c512cb13c44ee2c6298d14c6876655a5ca26a7d3ffee1e
0,       2207,       2207,        1,  1944000, ae8cb553df125e1dcd29c05b6a64c4babe5bb15c5cb00a9f156a37ebfef303d5
0,       2208,       2208,        1,  1944000, 96688f5490ddaa1b8a4e9e75a082e824ca90c395f2c01585f92ce0bbc9f3312a
0,       2209,       2209,        1,  1944000, ae8cb553df125e1dcd29c05b6a64c4babe5bb15c5cb00a9f156a37ebfef303d5
0,       2210,       2210,        1,  1944000, a081c6bf52f6c01421927cdfbd675d20afd91dbe596906314fb8da237799bcbd
0,       2211,       2211,        1,  1944000, 355a1cedf7bc501a87b259a30af475bd6297c843c3133535903fc7231df1609b
0,       2212,       2212,        1,  1944000, dd3e323e84f78966febf61beead6d05e9abe3e45522f8300bf6d4e56cce83015
0,       2213,       2213,        1,  1944000, d45a6e6bfef98ddcbc284dda6f47292649ea2c49d4417ada3e83aac9494e0d57
0,       2214,       2214,        1,  1944000, 61baac58006f6905f44d3a3e1ddf69c480835fa94aeef5aae95a5931e0251132
0,       2215,       2215,        1,  1944000, 05fa36f5b5144a31bd4d83279181655ed7804cdf74b2d8823982a016ed854166
0,       2216,       2216,        1,  1944000, c78d99078ed8761944a6c10977170bdcc3bd457655b81cdc3caff29e68a8a137
0,       2217,       2217,        1,  1944000, d0a0329e47deaf5f256e02d6666c0cc9e2f15f8a51cffb949fa283fe3aaae7cc
0,       2218,       2218,        1,  1944000, 955ec5f8104d2fe54e6b01a56a0e4ad68e5b4c71bf0021670375931df7b728a7
0,       2219,       2219,        1,  1944000, 15516612234a47483ffee1775885c89053f0af6044b7d7b6b0f1b0c642405c7a
0,       2220,       2220,        1,  1944000, 7ac8aa447a2726a5416ad67818d6a75a90bcc1b6003b39a0fcf66cea797342cd
0,       2221,       2221,        1,  1944000, 71cb5e427584d4a50c8dbb30b64a9cb78a926e7a254d25be0c6480c4f0331d46
0,       2222,       2222,        1,  1944000, a9c4a568817e1d42e04f820295d1f8cbf43d0dd3d95d273d1057832a8d7d8729
0,       2223,       2223,        1,  1944000, 7e4e8f96d5d005bfff57d17092b2e6982c9164b5cde5531054c2d70fb92417ec
0,       2224,       2224,        1,  1944000, 2db21581150292c8d559fb41c0bf7f31efd1f5be7597f5ba7fa37785e45e1d04
0,       2225,       2225,        1,  1944000, ae0ca51633f8c6c3b1dba90b1c7c559bbe10b52484cc5ea94559770f592b81bc
0,       2226,       2226,        1,  1944000, f56108afb0bc779e725d047e1f31fb97f7b788462f27aa2459c50ee929413a37
0,       2227,       2227,        1,  1944000, ae0ca51633f8c6c3b1dba90b1c7c559bbe10b52484cc5ea94559770f592b81bc
0,       2228,       2228,        1,  1944000, c34d8323e56770593a176f80f62eb346d8d6789fdb40e3fcba3d26b0b8682b9f
0,       2229,       2229,        1,  1944000, d4a4a93b4c628add84020961f3b5fe7484be55cbd58f8cc2daaadf0bbe572907
0,       2230,       2230,        1,  1944000, 1cb0b4b3d705216bf7e1c28abc4b4171cc2d67531077d8e6ec3c008bfc085c04
0,       2231,       2231,        1,  1944000, 59bfcfc188c312b60f71d5543dfb725ea135b659b847cf3aeb3a037ddf7ac5c6
0,       2232,       2232,        1,  1944000, b8a4f614da769d6ceb19b22d51fe13e86c4de7537c46cb44b6e5c3c0d6419b25
0,       2233,       2233,        1,  1944000, ec92239ddfb2e4bb2ecbe8b98b7a5c1d0dc7ecd25934cd256288f1a6e46b0114
0,       2234,       2234,        1,  1944000, 8aa235d2d7ac8f135bc9714bc37f6ff5dd5706c631e852aa213c21d8005865df
0,       2235,       2235,        1,  1944000, fe1a0013425d53880bca5556a5edc73732653c4efb31bc35010d06b7af2d4692
0,       2236,       2236,        1,  1944000, f1b3f52534ae20820602baf8663934f7aad4db00c5e5a29e678967c9ba7bad56
0,       2237,       2237,        1,  1944000, 20c02a201c71bc505f04b203ddc35fe4fd901b155c564813ee0814d718fce412
0,       2238,       2238,        1,  1944000, 005ad88ccfe46c126dc07362856461ca85dfc1369950caf88725eda5a204f2f7
0,       2239,       2239,        1,  1944000, 20c02a201c71bc505f04b203ddc35fe4fd901b155c564813ee0814d718fce412
0,       2240,       2240,        1,  1944000, 5105e81e9f9ceeaca2cb3c5637ed7c08653f1c89d3ad1ff0276f37c62533eee0
0,       2241,       2241,        1,  1944000, 51384931c05d3f1c1c35fb909611e9fe084d716624a1220fcd1743a7261e8e21
0,       2242,       2242,        1,  1944000, 5227caa482e00370d3869665284146f2085032b4a92eb67d1e0f41e5fb6c1d3f
0,       2243,       2243,        1,  1944000, 51384931c05d3f1c1c35fb909611e9fe084d716624a1220fcd1743a7261e8e21
0,       2244,       2244,        1,  1944000, 136da32c635c95d09dd0698c935e22339fb84ba4dc8f817ca00529ebf8e04754
0,       2245,       2245,        1,  1944000, c74d3a85fa9abefe3fb03273499cfe461ebaaeae75516cf369c39e99ccd2a259
0,       2246,       2246,        1,  1944000, 10b55e2bac305c1d0cfcc2396ab6c8cda0182ebfdc99f93626a10f0b6299098d
0,       2247,       2247,        1,  1944000, 9d2e8256fa63a265b7de3e093887be128004b8564e6b031d9f1b3451e4c89fcc
0,       2248,       2248,        1,  1944000, d9cf525ae3137f667872f828bdc690d36ad675d4bed23976a5c5ddc0ac4c05c9
0,       2249,       2249,        1,  1944000, de9f03d85bdd1b26f5058a33ce370975e9bc959127d757989cb22773239c8cc4
0,       2250,       2250,        1,  1944000, b9253d3432c551fcd225bd52cdcb71a7e021bfad9863819c79b33f360bfac135
0,       2251,       2251,        1,  1944000, 2a86e7d6c864aa816d4a38d25b2c28505dfb43a5f47bbcad7da32e6f99956a04
0,       2252,       2252,        1,  1944000, e54b79c6690e88f7c06ec942d74785d5dfbbb98bda85cedb1359ed9a8bfd96a2
0,       2253,       2253,        1,  1944000, 3bebd752893bf2c8ec027bf18b02fd1c56c69e3201cd61e4f268a8d36e0b8d18
0,       2254,       2254,        1,  1944000, 63a9cf093f9061397ab16e0ad983fb2ed03fb2d1438730d0beb788f515b1e9da
0,       2255,       2255,        1,  1944000, 63a9cf093f9061397ab16e0ad983fb2ed03fb2d1438730d0beb788f515b1e9da
0,       2256,       2256,        1,  1944000, 5f81341b3a0e9afef91ba92312ff5369a4b66471f2dc86f32801dabf6d7bc77d
0,       2257,       2257,        1,  1944000, 5f81341b3a0e9afef91ba92312ff5369a4b66471f2dc86f32801dabf6d7bc77d
0,       2258,       2258,        1,  1944000, e2f952c1bf7ac2fd2133e1771b9b64fee059c3ac1c10374fbcc2c341cabfcf11
0,       2259,       2259,        1,  1944000, c598099c32726bb84a3b83d4d0b730093b45774db4e6e6a3d2feec1244dd2c9b
0,       2260,       2260,        1,  1944000, 5a8863a75af9d3c79b707411e35b441a5c2aaa1db08c5cad3108795f1f3e44b1
0,       2261,       2261,        1,  1944000, d6cc019335f1bbf29951c9e69735711203e11958e271a34cc85936996355ca0d
0,       2262,       2262,        1,  1944000, db50670639f3e4917b8e7df789155f8a8e8b2e13becf49cf3f506a271f1342e9
0,       2263,       2263,        1,  1944000, db50670639f3e4917b8e7df789155f8a8e8b2e13becf49cf3f506a271f1342e9
0,       2264,       2264,        1,  1944000, db50670639f3e4917b8e7df789155f8a8e8b2e13becf49cf3f506a271f1342e9
0,       2265,       2265,        1,  1944000, db50670639f3e4917b8e7df789155f8a8e8b2e13becf49cf3f506a271f1342e9
0,       2266,       2266,        1,  1944000, 9a7ef18738ea282e30922c009033f62cc71d8e13640406a5925a43d8e78e9adf
0,       2267,       2267,        1,  1944000, 42c8818ed6b5e28d264aebdb467f29f84a6a1448d85e5e039d5db4623274f4d0
0,       2268,       2268,        1,  1944000, 42c8818ed6b5e28d264aebdb467f29f84a6a1448d85e5e039d5db4623274f4d0
0,       2269,       2269,        1,  1944000, 42c8818ed6b5e28d264aebdb467f29f84a6a1448d85e5e039d5db4623274f4d0
0,       2270,       2270,        1,  1944000, 77c6ef1bf773e7196a60ae7aeadcebe99d85ae2bfd1582b279b64396430c1741
0,       2271,       2271,        1,  1944000, 77c6ef1bf773e7196a60ae7aeadcebe99d85ae2bfd1582b279b64396430c1741
0,       2272,       2272,        1,  1944000, 3521c011419052ea54f47d5d7883c353e3857cd82518dbbfbc75d0dff207cf2b
0,       2273,       2273,        1,  1944000, 3521c011419052ea54f47d5d7883c353e3857cd82518dbbfbc75d0dff207cf2b
0,       2274,       2274,        1,  1944000, 29a4bb1c301c43c0161e6622d0784de59993212a8cacc37fa6d868fd2c640323
0,       2275,       2275,        1,  1944000, 29a4bb1c301c43c0161e6622d0784de59993212a8cacc37fa6d868fd2c640323
0,       2276,       2276,        1,  1944000, 29a4bb1c301c43c0161e6622d0784de59993212a8cacc37fa6d868fd2c640323
0,       2277,       2277,        1,  1944000, 29a4bb1c301c43c0161e6622d0784de59993212a8cacc37fa6d868fd2c640323
0,       2278,       2278,        1,  1944000, 577f0eb9fba992e45f2596bddd7db5ff330144b5732fe20c539749f994df9d82
0,       2279,       2279,        1,  1944000, 577f0eb9fba992e45f2596bddd7db5ff330144b5732fe20c539749f994df9d82
0,       2280,       2280,        1,  1944000, 577f0eb9fba992e45f2596bddd7db5ff330144b5732fe20c539749f994df9d82
0,       2281,       2281,        1,  1944000, 577f0eb9fba992e45f2596bddd7db5ff330144b5732fe20c539749f994df9d82
0,       2282,       2282,        1,  1944000, 3fa31fccb8740e14a95033b6b1035cb88f429e2907fd67341fb6f7621bb04ec6
0,       2283,       2283,        1,  1944000, f1e139ee31ffbafb04acacbf1870d781093195b4021d638d63ca8afdc51ee5d8
0,       2284,       2284,        1,  1944000, a9b630301b4883452c33d530fc1cf42eed6656b1d38b7e9061bdf2c5ab536f5b
0,       2285,       2285,        1,  1944000, 40d13aeb7c1134159b2b5f3bbf3bde53ca7347e1b8ebbf3fe1e7893e0e54bb27
0,       2286,       2286,        1,  1944000, 14c07c3be3ed47915225ef18ba95a3de42346f5e58601c442a4a6566644d28a8
0,       2287,       2287,        1,  1944000, 2a447fb254f51d53c574f951cdc8f3872a4cca7639a8a51a2e466efab0d768ea
0,       2288,       2288,        1,  1944000, c1833b95836ef96def7947209897516cd4ff1a670fda59ca1c5a774c679d297b
0,       2289,       2289,        1,  1944000, ceb439da4c5386a38d316d091a22a22a5286f26f276643bbb445c44db2294486
0,       2290,       2290,        1,  1944000, eb8284ec0cfc1305b0d79b5b780caaf6e8fec59aa00099fa68e3b0efc6394ccf
0,       2291,       2291,        1,  1944000, 655e6561bc0b52e9796d84e76b5c9befd1de426070693ce1a8bd3ab6b191b20e
0,       2292,       2292,        1,  1944000, 5b69098f2ca463165988afa02941760a4493ac88ba567dbb6bf6202a09e20add
0,       2293,       2293,        1,  1944000, 67c024a891d8c85850c553384c8d89f92e0b7c931b4fb9ff042023551829599b
0,       2294,       2294,        1,  1944000, 11e4550c3b4afc3e8066db847d139e415446f5faa8a1191cd4973bdfa24e9799
0,       2295,       2295,        1,  1944000, 32bde764205f47318e90ebe904df0a63c76c5546efc2898f031d00b6b6362329
0,       2296,       2296,        1,  1944000, 8bf8aeb0c9b612c0a8a48d1b5dd699f9906fb7f2bd601a2b08099b9f20fc5b2c
0,       2297,       2297,        1,  1944000, 4fd337a5b187d50bdd053093188b9b6d8ca1acc692987b578b313d27ea83c3be
0,       2298,       2298,        1,  1944000, 0751fd5cd356d4ed7e8588bacb84fb9d5889378de66e96a35316f8cbdce01e1a
0,       2299,       2299,        1,  1944000, 4de6185f1072c9ab996a1441f4bf35a2a000714cbedf7b6d852a13ec36736ec2
0,       2300,       2300,        1,  1944000, d2daadd7203e3e0b6229caa3df7a8b28a885ce1d93d7b8753f979cd678ef7052
0,       2301,       2301,        1,  1944000, c18fc6c9689660a430f7ae0a7de8ed554e66a9e30039295f83e7b3711e50c7e5
0,       2302,       2302,        1,  1944000, 88c07ef95478e2c935122ac7461ecdacef7fb20e373b1c58ba1145d1df47ebcc
0,       2303,       2303,        1,  1944000, a10a9aded75fff00d508bee418c36bc178c62ca8c4f6f129582e8f4970301d7a
0,       2304,       2304,        1,  1944000, bf22858c9d0255157a24ffceebcd2f78ec78880dbca33d5fb24f823c06990054
0,       2305,       2305,        1,  1944000, bb9ca5fcfb561c0702e544666e45a3e74815085923a1e4ff7609029af4868f4c
0,       2306,       2306,        1,  1944000, bb9ca5fcfb561c0702e544666e45a3e74815085923a1e4ff7609029af4868f4c
0,       2307,       2307,        1,  1944000, e340974857613f3ee6e6a28c83f623a9069a552ee95a6ead34ce2352684fd66f
0,       2308,       2308,        1,  1944000, 2196ce771b8dc603afcd99ccd78fce2485ce27455acc4be69c4677374291ce91
0,       2309,       2309,        1,  1944000, 9119f5b748a8e05031216d013e190ce5327301e8a4b265cb1be858da6afa966d
0,       2310,       2310,        1,  1944000, 35380cd49a895e6b4836b6b452eb90c5c67197dca82e9eb9c7e12d159165f917
0,       2311,       2311,        1,  1944000, 3416eedb42b2d01951ba7c6185f9880c015ef526b88b9b1dcaab7717ceafe973
0,       2312,       2312,        1,  1944000, 9ee4b6dce230153e2aa2fe9d0a25f492ef4fbbed820b091a93f227263945d673
0,       2313,       2313,        1,  1944000, d81e19476fcf4d29b21b7e7e05069611944f7317867ae5aeec858afa15cfa684
0,       2314,       2314,        1,  1944000, 7c677d74347f07ed3d19f1f7cbc0d3e8eb0e3a8dae3989adbb906dc72d3e97cc
0,       2315,       2315,        1,  1944000, bb7ffb92fb9b4674e537f76b67cfb083381a477016ee0d6fed240b66f5c7544d
0,       2316,       2316,        1,  1944000, 8c0f82f44f14f1de73085ea099f52863456bc62a3d597eddcf1c8c48b585f525
0,       2317,       2317,        1,  1944000, 279172bd52670ab09e7a0f02f0fd86fa9f171274ad8e36cc747474b7de7fbf17
0,       2318,       2318,        1,  1944000, 96206dc310effab6672e36d374a8a19c8b9f10c5912639d3059a5fa4b15cd88a
0,       2319,       2319,        1,  1944000, 983a325bb1c1f14471c04dbf7314a69047402e6617205fff5ef47cb5d9a38fc0
0,       2320,       2320,        1,  1944000, 813e390f71dd363d780219dc1b65445181d397b47eed3c24afac84a49d5573a6
0,       2321,       2321,        1,  1944000, f1a53334578ce6505a57541e5688988b6dd63e9c543415bd4a1aadaf3ab94da2
0,       2322,       2322,        1,  1944000, 007a984a8501f9e06e390c227c301b13e0636d27c56797e5f9b797f1705dd20f
0,       2323,       2323,        1,  1944000, 0300442542d027a7168c99b020947ca15028094f7cfa70acf8f78e8e423b3dda
0,       2324,       2324,        1,  1944000, 5e393c80866781983f28f2835e639505ffabb6eb9f248133595de9fada28a7d6
0,       2325,       2325,        1,  1944000, 0924663f0ae64235c0994d3f5339e770278d59452916d1510d446f4856f4e47a
0,       2326,       2326,        1,  1944000, d56fcd09f1a5889a4d8e22a3997361bff3cdc889b3ef7ba7df99d65c0cfc21e5
0,       2327,       2327,        1,  1944000, c7501130e2d9bb9a1ba81b7dcbdfc4488086b2560edf7e84b6ccfe9db9bf6aec
0,       2328,       2328,        1,  1944000, e48088c21b4ddf8069305f3ed3c4a72a6ba70356299a6d19f36981483938e91b
0,       2329,       2329,        1,  1944000, c764de65ce81a13fdc1ad7e10a6fa32eb08a668a12b7f891720021120c541cff
0,       2330,       2330,        1,  1944000, c6bbe76eae17c0e283e3d0e05ab7c10bb5f1457bcd02af2d8d58573608508531
0,       2331,       2331,        1,  1944000, 1af62616708da20798697c8eb83e2649d8ce87f21a342aee736c4247ac278d9f
0,       2332,       2332,        1,  1944000, da4040e98f53a0b84314d4f47b413bc82a01747cb66bf6581734bce50d0f6930
0,       2333,       2333,        1,  1944000, 6d95f070c8e544b8b56642ce1189bd9cee31b7f0b3971a4baec6a711259a8318
0,       2334,       2334,        1,  1944000, f34c544ce818c964c380b06b0e73043159953a18f8334d21d6dca8de23cb3f80
0,       2335,       2335,        1,  1944000, a33c7af83a234dfcd59b0635987586329741a7ee6b6ce6b34a07656412d514b1
0,       2336,       2336,        1,  1944000, afbf390c3aebbe68aee194b853224d64ea8d69a5a7fc61348f1a6fc7e5c1f415
0,       2337,       2337,        1,  1944000, cee900f71e18bcab7165f2e25a01509c3ff7116d46b0eb1bba3e9252844ddf4b
0,       2338,       2338,        1,  1944000, dba857ed460d9846ce78386630903be62279d4916ff487f30717fda62dc067d4
0,       2339,       2339,        1,  1944000, fb822993fee010e45966bcf0067d309fbe583729d2c5c36a76a6782bdd9bc127
0,       2340,       2340,        1,  1944000, 1eb904525863d866e0ee7ab28d6c8a9d29ba3a89ccfe76e6e27fcbe6ca7bffa4
0,       2341,       2341,        1,  1944000, d297e0207943a6349d62c9c00647971821e66e76f3e05598d2ca942531fb0a1c
0,       2342,       2342,        1,  1944000, 8183442d283af0c5b69312d804f95e9ab18cdeb75a5a724684897ce06ccb7b11
0,       2343,       2343,        1,  1944000, a042830ff7ded18f55d739b3c553be4c49b355356c4e541c398ff380c633314a
0,       2344,       2344,        1,  1944000, 8a2f836a4841a6fdde5c681ac0a656f128680f19caa731c5a4d118929a3517b1
0,       2345,       2345,        1,  1944000, 4820a76e093c3aaa1d4bdb61569a89027b2b0f8048d2bafe11e42da56e0476e0
0,       2346,       2346,        1,  1944000, 1b14990939fb764b84fb553625022df31d329c590911f7008b6ae5fc674c0e0a
0,       2347,       2347,        1,  1944000, 776a31f8a7a96a380f725b4fdd7e760944b7069e6a34805c24343b17168e07a2
0,       2348,       2348,        1,  1944000, 12d9d9b57d54ac84e13a3b58060f2f281c273d3f085e7d89fb3d547faa1b7349
0,       2349,       2349,        1,  1944000, d0e3d4b183d4b92a9747b77251b2d5b14d526052bdd24e0bf0caecd020d05f9c
0,       2350,       2350,        1,  1944000, 461d16a759a392404497b49d58cae8dbd853505ffbc9cb901e73602940fdbe4c
0,       2351,       2351,        1,  1944000, b23d3c344520faa0a40cf8d66533c97d537f63df2e53c98d5b9f751e20049b1c
0,       2352,       2352,        1,  1944000, 034ea60731326620d6e0b3c2c6130fe85df2428502e94a76d791c6c9de7e96ed
0,       2353,       2353,        1,  1944000, 70447c9c0c47775fc6924ded255558372ca7b152872707a7d4ba8d6a088a9535
0,       2354,       2354,        1,  1944000, 0278b5aa580d595c58e52241bf5de2b8d7f8dfbfb17fcfe24ee4ad307cfdaf5a
0,       2355,       2355,        1,  1944000, 7bbe4c442ab920588c352e73700a784eefd24845997a2b8ac360e9b37e52e1da
0,       2356,       2356,        1,  1944000, aad22ed6b355d3f242b73d2a80b93e399b95d4c963a42314754e8e34b57663b3
0,       2357,       2357,        1,  1944000, d8e9240da0f258f9eb204979917a1bb76fe136764f7410fe8d44495850814ac2
0,       2358,       2358,        1,  1944000, b8d4302ed510f8b429fbe83f70b9390f8607b14bab9f2645d5ce31a8d7a1502d
0,       2359,       2359,        1,  1944000, 430a2e57552bcaaf773d6759b120fed1132e4e8a84ccf5865748401798942da1
0,       2360,       2360,        1,  1944000, a4248cdd9b36cbf4cc642e6c92249badb161064f277cfe63e64da9470bfc4341
0,       2361,       2361,        1,  1944000, 39437bcbf9784e2856f1bf37b2dd1de6505a0393062840b703a384340b916ca1
0,       2362,       2362,        1,  1944000, a687ff8c8033cb46a93916084477c247b075179f60b007e912a491b3e1814fb4
0,       2363,       2363,        1,  1944000, b6698c755b0be0019440bc4d01ccedfda47e223f4df98db68392c1f15aaeacef
0,       2364,       2364,        1,  1944000, 85099804bcc4ffb59ba19e5be32c6acd3eeb8160725316972aeda24010e8397f
0,       2365,       2365,        1,  1944000, dc876bf6a3e83cd77975863ca6f2f47af63c113bb5e15191c18f95258cc14d16
0,       2366,       2366,        1,  1944000, 6ef412074f3bff2864a271d2790c70607e567b07499ce445701a8c09b50590f4
0,       2367,       2367,        1,  1944000, 465ae0bc36c3b440a246b19565d23a6543d30e072b9119ea06bbf1a988c1a229
0,       2368,       2368,        1,  1944000, a057b27fde75d087effad722f1db964faab01662d4a3db0080e879d72e864a73
0,       2369,       2369,        1,  1944000, 2cf43c021a97d2a042b3cf8bef4c39d99219da51a188e57ba523162e44cc76c9
0,       2370,       2370,        1,  1944000, d93c6cb073736a7512e56eeb3fe341f279ca60ee6dec748efe08dc6576dd4c21
0,       2371,       2371,        1,  1944000, 3d408f2c49d0bfe036d7826a5ccffcfa3a7fa0410f131234e8f296c659fe70a3
0,       2372,       2372,        1,  1944000, c2f3ef18f0ef5e46f32f4fd387a994b01e1f41bb635d3d41ea92ebc3375ca84f
0,       2373,       2373,        1,  1944000, 6c53606e6e60652fae23fec006a9c1d75b8c332f39f59f3f3a93a5f6e8744620
0,       2374,       2374,        1,  1944000, 0996fc20abf49a0fd02b7789ac170bc7276a557a108292c4740e41e42b34b7fe
0,       2375,       2375,        1,  1944000, 3baaeab312bed2e637a7963b34f15b6d9b85485ca88be0bd186f2e5ba0b1354c
0,       2376,       2376,        1,  1944000, 784c1879297dbe71eca9ade75110da9eda2fd971d756a9e93b5876d00ed55261
0,       2377,       2377,        1,  1944000, 36457f7cd3c2ea123c9a5edfcfcb3302a4a3f3300c5080f7e439ff33c76b3ace
0,       2378,       2378,        1,  1944000, 2fdc6de453d4c0cbfe0372dcc156bce785c13d7d26f754e85757503d4fb5a25e
0,       2379,       2379,        1,  1944000, c4272736cb2934bd1e9b1f6b57157cb8198eb0484611da4d4dafcbbc9fad783c
0,       2380,       2380,        1,  1944000, ce3ea3908ef97c300baf5c266784b30f1e61631894d3e13cc0f46a3c06308667
0,       2381,       2381,        1,  1944000, 622ab9fa6f72e4db1803ad7c9dffcd5a50d0e4d6219e687c14e56f6f194b7c60
0,       2382,       2382,        1,  1944000, 86e6fa933c2ad4ab01f9d5df1de223a03cb702cf94cd962f026fccfcbf5e4272
0,       2383,       2383,        1,  1944000, c8a2730f25546abb9381feb00d4a3b650b79c03b57fe7a8bfb6c524f687318b9
0,       2384,       2384,        1,  1944000, 98ae9e0f3a9eb0d7d2e4e30e2e7c86b354a2c1ed6573ea6c1017ce11732abbb2
0,       2385,       2385,        1,  1944000, 836411a99955c33ef16051aa72cd1360135dcd4c4dd662db1b314f93cdcda45e
0,       2386,       2386,        1,  1944000, e4d919faafffeda18b0069df8ccfba27d5fdbc684dbdb6e4db9319eb5eda7250
0,       2387,       2387,        1,  1944000, a51b2618972efcba84a60a43fc53d2b0cf3c380f89feb389c451ba58a69c734d
0,       2388,       2388,        1,  1944000, 3ca89298c9973c199257684453ebb1fcf10f692f2e04f55b2f895eacc2f1ef08
0,       2389,       2389,        1,  1944000, ce9b0a90406b9a3e407ff25343698474c0e3af4fdc04db13ca93324f9e8e6955
0,       2390,       2390,        1,  1944000, 3ca89298c9973c199257684453ebb1fcf10f692f2e04f55b2f895eacc2f1ef08
0,       2391,       2391,        1,  1944000, 0c7bb19f6516be5b2f4c3388d450129bb8c0abe22785e701a2e17b4691d032c7
0,       2392,       2392,        1,  1944000, b6d21841955581e49ed399e4e5e423852249db31ed15dc8d98b3c7216ca37453
0,       2393,       2393,        1,  1944000, 567758839fcb4145eb313ee5868e441a709feb70c62d61046d238e039c7a9556
0,       2394,       2394,        1,  1944000, b6d141bccca271135534d0ea2956c360ed6d2792c3dc2a993565c2eba1a5f69e
0,       2395,       2395,        1,  1944000, 0256be7e0016153efced098d7b6b5e11451dabd9d665648f70f25a949b73acde
0,       2396,       2396,        1,  1944000, 557ce0ce8c05ecea417b40a146f063445749eb4b536b0e2f4ad82ea5563b65cc
0,       2397,       2397,        1,  1944000, ccdae18adf3effb297732c5e26e135617bab2cb85b6ee766a9495ad2b587de3c
0,       2398,       2398,        1,  1944000, f0371e81a4dbb1ad1e912550cde5949a7ea2663e1358edd2b82eda78ab4efab8
0,       2399,       2399,        1,  1944000, d230dc8b988a3b56aa33817def9942e4cd8271052f6e8588df4287c7302c8a49
0,       2400,       2400,        1,  1944000, 647afc36c15b8c42eabbff2c12e90554cbe14272c4f452620ff428ab0d26d146
0,       2401,       2401,        1,  1944000, b8dd0979cb1f0967a6a09f197e93d6e341c517c5f9d4bb838aee909d123fbfbf
0,       2402,       2402,        1,  1944000, 647afc36c15b8c42eabbff2c12e90554cbe14272c4f452620ff428ab0d26d146
0,       2403,       2403,        1,  1944000, 1383861571a27895447522d8a3186ccb787708c2fe7b526600b54e45d157a1f8
0,       2404,       2404,        1,  1944000, 84b311a905ccd291453fca93e94f8479a29233b0e406d1b80a4540529cf942f7
0,       2405,       2405,        1,  1944000, 3a0e95b5c4566a192f3b0d35f471d17c7238e8502bb30eb74ad5fd05f4eddcff
0,       2406,       2406,        1,  1944000, 8772d85e9db3ba2cb22e8477243dc783b2abeeb3a7acbe1bee8acb75d5576417
0,       2407,       2407,        1,  1944000, 2e0a88e1690bd2a6a5f24b5e1392ebad9eab9a56a5c4328bee4e67ebf4ad2c14
0,       2408,       2408,        1,  1944000, 7030d84063645c59b8331ec4abb8757b3b3715dd777a9b1980c254a1cf9c190a
0,       2409,       2409,        1,  1944000, 0d014b3cfa6e1818b5d743cc5a5480017c8ca1f2dc78d8b9bbe1e7f135041707
0,       2410,       2410,        1,  1944000, cc41b3c893d240207356a839a3cffb8729f4a2cd3f028a8ebd535f2d4430ecbd
0,       2411,       2411,        1,  1944000, e90c8cd3e31290bde71b64e33bdabcffe4db892de5dc27a06add63b99ccbf3a1
0,       2412,       2412,        1,  1944000, 80b546ca7b5a7b4e29348522cd051fdca961dd9c1e6e9feb8f7dd2f2629b8148
0,       2413,       2413,        1,  1944000, cb2ffe59791d66be23ce083c695a1006068e7b8de080e99fd8499f7b13b71f48
0,       2414,       2414,        1,  1944000, fd9eef02f95c5c18169c7e28b8e81ec50e7dc632dc1854f9264b4f78293d0f77
0,       2415,       2415,        1,  1944000, 3a613349d6c87a8fbf2dbbcffd3e55a6514d03edb6110cc26aa038b608bf75a0
0,       2416,       2416,        1,  1944000, ba0bf787f36ebc0dbfc321613ae9336aa6ad02ada4052507657f5cf9d6d4d1f8
0,       2417,       2417,        1,  1944000, 548a0b1bc91d06c7a9e6c5ce4beac698ae9258fa5130cef5cf594476f65d08a2
0,       2418,       2418,        1,  1944000, a94bc348ffbace8149f0191a94bca7986ce463df2b63f8a87ee52fe815df5ef4
0,       2419,       2419,        1,  1944000, 54cfaab2c0c86bf51c189ba2aedc23680c3850718019f7641bf2dfd470fd4d5e
0,       2420,       2420,        1,  1944000, d6a5e39b8959da0c825add2eb638d9c8442fda71ab3e08a374bd27fb3a12db60
0,       2421,       2421,        1,  1944000, ca9d06a0cd8220571f13d79877c0c8e7f6258002a6cc3d2c289baaf250b373ba
0,       2422,       2422,        1,  1944000, 03799e473ad462c689c72181bae91afc3d0186bf09e80d4a7dc46b3ef146cc63
0,       2423,       2423,        1,  1944000, e7075806532d58e176a938cbe74404b9a42eb3f317ef633a07b49ca1129bc731
0,       2424,       2424,        1,  1944000, 654a1f7458e5f2cc9746f5410b4b2f1729a60a3bfe3668ebbe5aefe34beff7a7
0,       2425,       2425,        1,  1944000, 2b2c5dc814a48691dfb37a63308f3d94b51d82d6cb0d3b0a6435afc3e014aab7
0,       2426,       2426,        1,  1944000, 63be8d7c2a2b29ee80415ab7b88bd3c192b8e3a1e64b4d8c0224873c42c6747e
0,       2427,       2427,        1,  1944000, 972b205aac1ee57f31fc6f5ff2eda91fb62661f45d50e2d10a744ae15bb12f97
0,       2428,       2428,        1,  1944000, 2991dbaeb317fc1cb1605120d08e08d383b3cd6b2a002f2ae4ce65410be66787
0,       2429,       2429,        1,  1944000, c16185933d841123b00498ac3f8e92ff80cf9c0d3497d28223b33ae5b67b109d
0,       2430,       2430,        1,  1944000, 4ff834af25e6c2a5ee3ad075c6508d25ffbd39683e2928d4f3dd8a0d82bc6463
0,       2431,       2431,        1,  1944000, 3b7271741d36e0eeca32d3975a827ed0cc104c05dc302e14c77b992348591064
0,       2432,       2432,        1,  1944000, 5520b32e94e841d5cb1254aca9f1e2b7bc4da64aa835edcf6d6faf16a8877f73
0,       2433,       2433,        1,  1944000, fdebe6fa0a7aa70536498aded0fa3ff2d893e18847a6859ad2ddedcf6d8e35cc
0,       2434,       2434,        1,  1944000, 8f22445ec9796f57f20e1e0ce6b2c7d37a2f6ab888883e64ade3ff923481527f
0,       2435,       2435,        1,  1944000, 7bfda19d53c6ae4520d17ec3206469435173d8d801464b3390d75cb18edea58d
0,       2436,       2436,        1,  1944000, fb8fd517897d44edd4f8559359d7043455293bc02bfeff76499c0d300f6ed7f0
0,       2437,       2437,        1,  1944000, 1ff0301cfcf51ff87f5097a339231801718d59198442920846eaafb6e5930077
0,       2438,       2438,        1,  1944000, cad394dadb6163d847ccc0692a44aebe6e343c4218ddfcad22e3786378811c93
0,       2439,       2439,        1,  1944000, 6a2efef752f835c85cc6d8381362587933caf6372ea370cd366c347bfcc46b61
0,       2440,       2440,        1,  1944000, 55354c4eab0a5238fac39a607e4f4c0fc8397a891c54463cab17f5e5dd87b810
0,       2441,       2441,        1,  1944000, 6264b916cbec2b83480babfddc39d2858f55b6af665b5caa5ecccbf33cd42720
0,       2442,       2442,        1,  1944000, 738f4128f22fd1a2df1817569cfeef5584e4fa49ae9446b3143b6814548b516d
0,       2443,       2443,        1,  1944000, a363dfe39be8c1a10c3b0a601b6ffe7554a09a48a96c19977d2ed3b7d234e452
0,       2444,       2444,        1,  1944000, 12b5432d7faf9c9b99e7a32c4287edc0d927147e9bf4fed76b3f17f13b87f7a4
0,       2445,       2445,        1,  1944000, 74743838134826d8ba988a9ceccd2d7f21717e846ddbcc0b0ae364f06e071307
0,       2446,       2446,        1,  1944000, 394dd8a6d09956844b7edef7a4b1f9e60faae957e0e12487d2ba76f9ba84253e
0,       2447,       2447,        1,  1944000, 2a87aca32920dfdc41f95145fe04ec786b9a92c43b69a6d653ef97de41a287af
0,       2448,       2448,        1,  1944000, 493ba86210607f118305ae1086fedba5757a7168ef79fef46e2913e5585b04b4
0,       2449,       2449,        1,  1944000, 6efdd4763b2e64d20eaa378b2586c338b3e739c9cd108740d165fe6d59469a6d
0,       2450,       2450,        1,  1944000, 80a8f1d45b058cec56d89f9698a2c4d99433d7d9e482db8535aa85f075455980
0,       2451,       2451,        1,  1944000, d96d4e3786ecd81341e6b8cb518deb8805864f93a94890bb0ab7a63fd4c1c93f
0,       2452,       2452,        1,  1944000, 74235f99427173612656b977c58b1bd0f0b8296283c67737abe65e52274f080a
0,       2453,       2453,        1,  1944000, ede70c2d0a70fc4ebecd687c2f9b09c0a3afe1aea881f16a86d84b0fa830e6b0
0,       2454,       2454,        1,  1944000, 72b37d471cd9c0cbdba6c8e83bd7ef7acf5ebf5aca92d75e7424df9c19b6bf3e
0,       2455,       2455,        1,  1944000, fc32c794323e49dd95998a28eaf7066f79d030a087dc7aebb9cdead85889dd32
0,       2456,       2456,        1,  1944000, c9de8f543175eff210153dc4ed86b0045085a473b8e492fa97f3f304a8d63be6
0,       2457,       2457,        1,  1944000, e356f4bba4f6b482c047a219f2ca39216ca7f060f952a64eb7de2f0b67964001
0,       2458,       2458,        1,  1944000, c63eb84bc2107782a8f4fa964eaa95dc88a79dfe5fc3a5536fee6655786707bc
0,       2459,       2459,        1,  1944000, 45397b8d3391841918a8edad3b3b415319a9ef6563e7a3e49b454cb78950bdae
0,       2460,       2460,        1,  1944000, 0e0a434b4c2fdc016c6807d5df691c569cde83a14bb2d7937633e91874144783
0,       2461,       2461,        1,  1944000, 6419ee33c2ff8ed173759b8004ae55988f6d916ab56f71148d66e4aa475da70f
0,       2462,       2462,        1,  1944000, 65ae40ae02dbadafd4086fd945af9ed10a986a5d2748c725da45871f7a8632f8
0,       2463,       2463,        1,  1944000, e59b38da94922ba1549fee3b2c3d32410d5eb3164708199a73e4736c67913018
0,       2464,       2464,        1,  1944000, 3a2898a23d291d2b9000b444f14affd013cc05c13d11077f9b4b6693327ec267
0,       2465,       2465,        1,  1944000, a5c6050b9fac8613e4afc112c9c48d0f927537deec99e3d136a84e4f7127df72
0,       2466,       2466,        1,  1944000, 4b795be5f3e931f199debd4a108f3c053c979469752479c9190310bf48b2d432
0,       2467,       2467,        1,  1944000, 57e1262b82e811c1372548616dd7fb60fc494cb34c257bcbd421dc4800539c4a
0,       2468,       2468,        1,  1944000, 6a3921d510a0d27a1cbf69cf3f9c418fb46cc9e8a03b1013a51800fb02f07d38
0,       2469,       2469,        1,  1944000, 747616ab17ae37af917c509f2f2c710c989301216b309258a4984541571cd1a4
0,       2470,       2470,        1,  1944000, cc89eb4806b5028bf398dcbfd52226402cdc91cb84d05c13b4629c9cbe02a6e9
0,       2471,       2471,        1,  1944000, 64f8c344ebb7b5c1a97932def61436fce7632e5a3da27bfb7c69178a736a5a35
0,       2472,       2472,        1,  1944000, ba10294eb236c05764915f1942fdf34525f42b152f623a544dfa649211e34e60
0,       2473,       2473,        1,  1944000, 79909ecb7ae14d20c3225c3b6bd947655b74549df00c1324fe4e0a40621ae90d
0,       2474,       2474,        1,  1944000, f55885f6a1d86613a49425424ba6c511fcac7d6e2e6069e8e8a5f00b23f99d26
0,       2475,       2475,        1,  1944000, 9e74300dea6944004926c05355ad3b2ff514acca48ac3609b627d54c6b7695de
0,       2476,       2476,        1,  1944000, 6620273aad5a3b5d0cfb089c76268b30fa35877d8491800f178aabd847c439ef
0,       2477,       2477,        1,  1944000, a9c6160eedd12c50600b5ef48118adf2d248a60c6f84124bac9afbf1178bc3a1
0,       2478,       2478,        1,  1944000, 9525bba7ee68f2b0a10e6798e5693f04bd629fbe2a13d3457857ada3b1bfebc3
0,       2479,       2479,        1,  1944000, 96ff14adfa1a535a5598d8177f0cbc2487099fbf856810909d11b8841d04d411
0,       2480,       2480,        1,  1944000, 917579c69af55075f8f38e17f714a1a59423b7585910f32d21a2e8455a9a81de
0,       2481,       2481,        1,  1944000, 477114571f11eeac7e8cf66828b546e5ff512dfcb5aa5681d7dfe0b879d24e59
0,       2482,       2482,        1,  1944000, ad02c2d29e1d3dac5458299ca3e0b5119e7bb5a05f466c8499aa37d95c5d6b4c
0,       2483,       2483,        1,  1944000, c2a0ba4d1abd94a4e46f0f53cb83566d1e1be6b928933f8fd3d1085d23a7fea5
0,       2484,       2484,        1,  1944000, a10236702fbddfa057e803721bc29a3eab18df000ff2a819ec1a3072ce4b7c81
0,       2485,       2485,        1,  1944000, 9b082173c2b681de2a007ee5eea94545077a61905110830ac4496d27b81db963
0,       2486,       2486,        1,  1944000, ab41ded2e23ca3e5fbd8eac28229c6aadbb6c71b99cc7f245ce9339c6c1d67ee
0,       2487,       2487,        1,  1944000, e1012dcc8d334d16de45f16540e61215120e5f01154dda77c0697043d084d9cc
0,       2488,       2488,        1,  1944000, 01c1769fad4cf9760a41c12d72bc0246966ac7d83556d84d144889910ca0465f
0,       2489,       2489,        1,  1944000, ca7bc31f91608704faa5c0c29ae006c0c88da589e03b20949f6f47481f134cf7
0,       2490,       2490,        1,  1944000, 3ca0cf0ee3ec04e2265c1c73f32ceaa36a477e78fd352d2809bcd87fa025ae48
0,       2491,       2491,        1,  1944000, c7230b0363cf37fba8289a08799c23b9c9a767fe741d40d4a7046d0f597bdc4e
0,       2492,       2492,        1,  1944000, 0562d5e38fc655eaec6c2858665bd14337453be26aeb948bc243760c7fcd2e15
0,       2493,       2493,        1,  1944000, 0eb072319325cd138a17cb02865869d5bd291cf5a2b88de36d082f8de2fea073
0,       2494,       2494,        1,  1944000, 8f003ac028947fc893b4ea83cde10809dd1bbb48f3d070cb95a469c8cbf84ee1
0,       2495,       2495,        1,  1944000, ac1fd8eb9a70d4c502ad00f6e8867eadb44b5ebde3a35bf0cf358708bbc00cd5
0,       2496,       2496,        1,  1944000, 5266259f2a923abd15bfc4312e99188ff024549ebb15189627b3803c6892b191
0,       2497,       2497,        1,  1944000, f58ed08a8ad3c4d65f7fe8a1a838c2fab29803911c71d08a1a47e670bfe14778
0,       2498,       2498,        1,  1944000, 4166f8d219f2df48ec972e96e5eb35f9aa91b7493433b332975b95fafde0a3b8
0,       2499,       2499,        1,  1944000, 598aff7a90a1658bdb9846a696d76a8ab2b951e2cee13e8e510d02fa686bb650
0,       2500,       2500,        1,  1944000, 3c86210d9409d266909752817e7d6cfdcb28a1627ea0966f37ba4eee90f8e9bd
0,       2501,       2501,        1,  1944000, f21c77dce49870b4dcbceb6f6fcef7e14d331d06db9c59f42a246dde17f17ef2
0,       2502,       2502,        1,  1944000, 71f00550090202cd7fc77cb75b9e14bb7546aaa24d9f33693d2f604759435583
0,       2503,       2503,        1,  1944000, 279f7052abc9b20fc60103e3c4cbd153a90d7b564d3f3744af4c7173b0675e4f
0,       2504,       2504,        1,  1944000, 81f811b3166921147cf758791508ab4b617b1c1e2e2aaed38d0cddddeee49139
0,       2505,       2505,        1,  1944000, a057744e145009fbbd0b5657c9e34b6b8062ecc5697306337c224bb87ec985d3
0,       2506,       2506,        1,  1944000, 577944b67fe91d81f2c16ae6194469f960f8192483097339c3cd8bbde4992c30
0,       2507,       2507,        1,  1944000, 1eada397663826d8df5567de7743a44f36ec3b3271899b58ba0bf00d85a181e8
0,       2508,       2508,        1,  1944000, be7d6ba89d5d2c369c2b8419b49bbaf40664164e7b6e0c3b563e08c17c2ebf6c
0,       2509,       2509,        1,  1944000, c7fb7a8a65b8e34fffceb111d2f41dc50d5b2be6d99593d92db0037c5233d53f
0,       2510,       2510,        1,  1944000, cdc840ea46d9efb86658400582bd14e502b14c92363c2bebf6ac8471181ad2a7
0,       2511,       2511,        1,  1944000, be8eb2a0220e8e329dfa8982ac93c9a80651cbe784affb976fa5be409e80d2e4
0,       2512,       2512,        1,  1944000, c739900e197fbb0d415d05e9820b66c910ca3dc48c1a3169c6c76466b2ce6134
0,       2513,       2513,        1,  1944000, ed9e7703b993bfebd6c899df7751929a17fd49d29a27d3012156be078b7019b5
0,       2514,       2514,        1,  1944000, 39c87a030878edd4bdb0c214e172c91b90f97b9478a791f4f23023eff393432a
0,       2515,       2515,        1,  1944000, cfac4167d8a4f5677d77b9c8927d8e45e4911d045733a80dcc64c518beb6d259
0,       2516,       2516,        1,  1944000, c1131f7d1f0cc5a03844c4fc83618cd7b2f54bbe6bd1b6e90f4bd00ddf6fbb52
0,       2517,       2517,        1,  1944000, 9b5c8a507869679209c601625ff9763a6a8b0e9e57abb623a7b4a11c3268a41e
0,       2518,       2518,        1,  1944000, fadf1aa27c4fe2241234504c6ec2d4f433f151e098e121ace1f37df446953496
0,       2519,       2519,        1,  1944000, fadf1aa27c4fe2241234504c6ec2d4f433f151e098e121ace1f37df446953496
0,       2520,       2520,        1,  1944000, 845f244b9acc776bf08f258a3149c7b69a38117e55934ca13eae867f1b175745
0,       2521,       2521,        1,  1944000, 5d983a3c965631ab47461e02fff2c756a4499c120623cad987347e073ddcdcc5
0,       2522,       2522,        1,  1944000, 7b93fbe0bc6f3156e4e694132674da851b47f8b87bc1e3c63a5aab68b8ad905d
0,       2523,       2523,        1,  1944000, 6069bc8d0e0619f3e81cd90277c07b61c65a78a16cc42c7a0779280e9bb71c92
0,       2524,       2524,        1,  1944000, d6001261f13592cee28ee2a09fd0c73028f32d31729760a59b905e1d905a6367
0,       2525,       2525,        1,  1944000, 6f5db6e6907ca9afe47a89e3a36f0062992c600a39d7d2fb8c1499f8171345e6
0,       2526,       2526,        1,  1944000, 59ebeb8d421aeb76dabc9c2d9d601cf3460db4175d4d722c42a3076bca088637
0,       2527,       2527,        1,  1944000, 59ebeb8d421aeb76dabc9c2d9d601cf3460db4175d4d722c42a3076bca088637
0,       2528,       2528,        1,  1944000, 1c8f63c55d2b7862d1db0a346cd16bae73158efc4efaf78aa1230232c42719da
0,       2529,       2529,        1,  1944000, 30103426d55033514cd9772c30017b2388143de192be85d3606c5b416b93698e
0,       2530,       2530,        1,  1944000, 30103426d55033514cd9772c30017b2388143de192be85d3606c5b416b93698e
0,       2531,       2531,        1,  1944000, 4f8e1805f0f5182e60a67d30d721977523a5ecc83697bce0419c80ee18e3457d
0,       2532,       2532,        1,  1944000, 0a29bb9ead3676d99c71bef4261a7aef5cb29cafb85b84e6fabe3c47add684ee
0,       2533,       2533,        1,  1944000, a6d4b373359723969823ca756a0445217055d4242249027467bfb0922baa851a
0,       2534,       2534,        1,  1944000, 2e208abb5af1941bf9465caf98dab05c80d66dabea6acd9be8e03da0a21a9f37
0,       2535,       2535,        1,  1944000, ef6fa3b1e1ff766c0acaee45aea921ef19463f2e1cbdf94d34d708c0d6f31594
0,       2536,       2536,        1,  1944000, e49eff02b407de6f3d40a8031836bd48f733b63f3e52370f7f358f8dc5f4c7e4
0,       2537,       2537,        1,  1944000, cb31c5ed1802f9864fdf9af2640471b27a0a735aaef8c77a4ba869735204f580
0,       2538,       2538,        1,  1944000, cb31c5ed1802f9864fdf9af2640471b27a0a735aaef8c77a4ba869735204f580
0,       2539,       2539,        1,  1944000, cb31c5ed1802f9864fdf9af2640471b27a0a735aaef8c77a4ba869735204f580
0,       2540,       2540,        1,  1944000, adaf8dea2cffcdafd22582d3824a879f8a754f6722a26ddf17742ac8f56afebc
0,       2541,       2541,        1,  1944000, 499398fa871bf26a4e9add1d922a07cdf18888420b12e04337ac99762629dd18
0,       2542,       2542,        1,  1944000, 499398fa871bf26a4e9add1d922a07cdf18888420b12e04337ac99762629dd18
0,       2543,       2543,        1,  1944000, 7bc493ebe7a9e6ffbfb15331d19b6fb6682fbdf36edf3e32c14b2a9419e285da
0,       2544,       2544,        1,  1944000, 03afeab6ba0d1e321b9c76dc4b005803617d17808db4071ef2f447855834e241
0,       2545,       2545,        1,  1944000, 6c1be828cd580cbe13d5419454298edfd3b804854f9e6ad810ce910322f50202
0,       2546,       2546,        1,  1944000, 6c1be828cd580cbe13d5419454298edfd3b804854f9e6ad810ce910322f50202
0,       2547,       2547,        1,  1944000, 4bd5a6fe47d812cfb5d8cb861535e024c873af142476ed22ce4f787622a4dee2
0,       2548,       2548,        1,  1944000, fac904a2adeb3946b1be63e3599ddb86ce531bb0d7beee2156594390389ed7ab
0,       2549,       2549,        1,  1944000, f8ba8ac383a7d9467c50c171ba135f3b0f645b2775c630f61df713c91dd86fc6
0,       2550,       2550,        1,  1944000, f8ba8ac383a7d9467c50c171ba135f3b0f645b2775c630f61df713c91dd86fc6
0,       2551,       2551,        1,  1944000, f8ba8ac383a7d9467c50c171ba135f3b0f645b2775c630f61df713c91dd86fc6
0,       2552,       2552,        1,  1944000, a5b8ff3348de08bbed545992b6b8bc4b2310d9c2f947898883d536a234849e4e
0,       2553,       2553,        1,  1944000, b0715466cd0c99464b39ec2d8d026cb5862d4e9a5c727a01d0bb834c7508eb09
0,       2554,       2554,        1,  1944000, b0715466cd0c99464b39ec2d8d026cb5862d4e9a5c727a01d0bb834c7508eb09
0,       2555,       2555,        1,  1944000, 5df10b834858cfc4c1e312c7a51ea54a0a3f398b6f11e5ccd15f1f27d976ccf7
0,       2556,       2556,        1,  1944000, e0374737f012a3dc30a03717879c8c529c01b007a82edfc5ec1cedccda38e7c5
0,       2557,       2557,        1,  1944000, 5df10b834858cfc4c1e312c7a51ea54a0a3f398b6f11e5ccd15f1f27d976ccf7
0,       2558,       2558,        1,  1944000, 5df10b834858cfc4c1e312c7a51ea54a0a3f398b6f11e5ccd15f1f27d976ccf7
0,       2559,       2559,        1,  1944000, 4a7439276ff623b9e35bca3359ec9b5dd3a9009f29d64d8f9162fc2f0cf9422e
0,       2560,       2560,        1,  1944000, 09fd2b443670616f9386d912e4e8b73dcbd15c9407767971bb9f63714f4197d4
0,       2561,       2561,        1,  1944000, c917bae6091415f10f408fb3898b9cd90c51b60d6cb6bd39b50a861b8f4750ff
0,       2562,       2562,        1,  1944000, c66baafaf8c195c70e9284a999ca2c43226ddfeda6de248a96322e7e88a72fa3
0,       2563,       2563,        1,  1944000, c66baafaf8c195c70e9284a999ca2c43226ddfeda6de248a96322e7e88a72fa3
0,       2564,       2564,        1,  1944000, c17ebde49fb9e2a1ae19fa8d0bc2b1b6b240560a0bc097ef6ded246c960bf615
0,       2565,       2565,        1,  1944000, ac8c4397858a049a495364b03eb1944c83be312e840a0213cdfffb133ac19ea5
0,       2566,       2566,        1,  1944000, ac8c4397858a049a495364b03eb1944c83be312e840a0213cdfffb133ac19ea5
0,       2567,       2567,        1,  1944000, bea552bf47c9d7c16379e5ce7c4f371262e2f46038fe2e5da380894a524b9190
0,       2568,       2568,        1,  1944000, 8a8446bff2f3e9ee1d6840de1c40feebe86451faabc29648449aa598eecc4df6
0,       2569,       2569,        1,  1944000, bea552bf47c9d7c16379e5ce7c4f371262e2f46038fe2e5da380894a524b9190
0,       2570,       2570,        1,  1944000, bea552bf47c9d7c16379e5ce7c4f371262e2f46038fe2e5da380894a524b9190
0,       2571,       2571,        1,  1944000, 6df7ed2b2c8c95cdd5c6c99dc4c56b5bcbfa401b7b2170336d42797ac5c25727
0,       2572,       2572,        1,  1944000, db3c2ad2f70a4bae5abf54994349cd6b41f6d5b3e2d8eb5e0c5951e5ef790796
0,       2573,       2573,        1,  1944000, f874d0954738db1e195806056c009e9b3bbbf549e48be13a4fd93baff8afe906
0,       2574,       2574,        1,  1944000, e198c83125add487be5f3e516171aee34e6ee1002d56027333ee18a3cd070b91
0,       2575,       2575,        1,  1944000, e198c83125add487be5f3e516171aee34e6ee1002d56027333ee18a3cd070b91
0,       2576,       2576,        1,  1944000, 338f5d8f9c7acd306c08f24b5beafc5dec2555cc04cc7610bc02aa3b9cc2b2f8
0,       2577,       2577,        1,  1944000, a43a22d030a75a957a9f69d104d2dde285694d6a3c1e8bccd82b3decc723dda4
0,       2578,       2578,        1,  1944000, a43a22d030a75a957a9f69d104d2dde285694d6a3c1e8bccd82b3decc723dda4
0,       2579,       2579,        1,  1944000, 41ab7c1eb52cf75c15388cb4716dcf6d2188a66760f590bff79761dd6cb797ed
0,       2580,       2580,        1,  1944000, a6448d21c837fd026f5315b49cad3a9604bd309b169d3b726c029a92d8a3343a
0,       2581,       2581,        1,  1944000, 6a30677f21c4298c1b5a53955e67d6c0a8af5047accebe784f327dbd660cc944
0,       2582,       2582,        1,  1944000, 6a30677f21c4298c1b5a53955e67d6c0a8af5047accebe784f327dbd660cc944
0,       2583,       2583,        1,  1944000, 300221dc8135b44caae8c6ae4d2f208e4a9518277d498fa4fff7ce4229e2d938
0,       2584,       2584,        1,  1944000, 18225cf7fe77be9e87a80ce79e66d247fbc8db45358a80eab82e0052b79a5a64
0,       2585,       2585,        1,  1944000, 104d589111fe4f16d21f5003fe4ca97f735bca89c06f31c483f32e983783ac66
0,       2586,       2586,        1,  1944000, 5836395c5a2e59cdc1eb056e014c2135a226b7fd73c2779e0d4e0b725f9bb833
0,       2587,       2587,        1,  1944000, 5836395c5a2e59cdc1eb056e014c2135a226b7fd73c2779e0d4e0b725f9bb833
0,       2588,       2588,        1,  1944000, a2761d565ed6cdbb03348d0dd58135c8f19aca78290b7f465b6ad9b39c5dd285
0,       2589,       2589,        1,  1944000, f0fcb720f97adabecec5fe7853e9dbf9d39f40f968e1a91804ca49217d9f82bb
0,       2590,       2590,        1,  1944000, 3eaa7601d5e5aaeb5e9b9c08e4298a8a88c108a900f26c1bb2d758be30e154ec
0,       2591,       2591,        1,  1944000, 84edd1fd9659a45d8dbbc5e8a0ad9308a6e3bc3dea725c6ae30f9361efa60553
0,       2592,       2592,        1,  1944000, 2a00755708f0d716e7a3b757ddb0238f2e024151bfc118ff9f3fcb04edc9dbaa
0,       2593,       2593,        1,  1944000, c20da111d9d9bbb9982d39c6ef1965a8ab073795223e80d7bbb87ce22296899f
0,       2594,       2594,        1,  1944000, 8ca3110611f7614867b8bae489ce7da29c426d39de9bb0068d5358926990fb18
0,       2595,       2595,        1,  1944000, 12a404727648f9e26c558cdfef2334ad51d9fc5984a51d7a6d6ee5081c41b304
0,       2596,       2596,        1,  1944000, 82676baacedd15dc2e0d45cd394bb33f9bab301ec62f93052c4fdd7c4990939b
0,       2597,       2597,        1,  1944000, 13eee311f0b3b1485780ef37913966f798a77e5d7b52e3c98e15e478083684ee
0,       2598,       2598,        1,  1944000, 07e1eb79db16bb3602c8b3c83cbd72c7ba629aed7ed614e43a431b6e343bbbef
0,       2599,       2599,        1,  1944000, 35461b3649ce310eee88ec95ea1d7d9ec476b60235cb5a279f774dbfadaeb332
0,       2600,       2600,        1,  1944000, eaf8e57a385996ca0b07489c19d73641079f3813862a6bfc4bb9491fe89e12e8
0,       2601,       2601,        1,  1944000, 081387fe35a03bef5bd5b17ee5dc9139260eac6aeb1da9215c76493bb707dd36
0,       2602,       2602,        1,  1944000, 481e74a13a3647b48a3303de46e93802c3290af78c61a0dcb76e19d23ac9ca9a
0,       2603,       2603,        1,  1944000, 992dccc99bb41c5ee2907d7d309c8b096bb472c23d50c559f7f8595292a57ccb
0,       2604,       2604,        1,  1944000, c4f96048e03997326807561b4e1a5b280b4c5eac5f22f9838085992aad15c4a1
0,       2605,       2605,        1,  1944000, 08e5e36d857f1f2be5424f5ae9f3b8dd33bb7066a4c4257c7a4de550163a2759
0,       2606,       2606,        1,  1944000, 09cc2794efb08a4b9a015cefd29fbe3eae87f508bb92fafe4de01a0e19bf4f94
0,       2607,       2607,        1,  1944000, 6a9213dcee23d3a343ed0739a098bf98cc4d37b86920f957f9dafef360914ee6
0,       2608,       2608,        1,  1944000, 234874fff4b9c06569049efd96220ed6e47e692be8dac0031f159a7f661292bb
0,       2609,       2609,        1,  1944000, 1d730d42a2809ad0180919eb1f992ca88aef40440cffa69775f00885b23751e2
0,       2610,       2610,        1,  1944000, 8d027ffcbfaa4511bb2d7559c9408ea33a078fa6119c0360a7b80ea81ea25774
0,       2611,       2611,        1,  1944000, e5b8e4129f586b3107b03c4aca238d40aff325b6643912c7002890a29d8cd574
0,       2612,       2612,        1,  1944000, 000d54ac839c55c5d65f08678a703dc04612c08832a0c2d7b906f143eb72238b
0,       2613,       2613,        1,  1944000, d609e94de4a75d8020a2d07dbe5e027a9054bbc52d8e8d7b83f4a0f2beeb77ed
0,       2614,       2614,        1,  1944000, 8c14dc49311b88bb5b019ec30bd7fdcc54463ade76392eef66d64e48c88fc74e
0,       2615,       2615,        1,  1944000, d7d2b4b8bd1f92cb259fad4193f1c04e447e6d686a72e9dc9d800123a9c6f23e
0,       2616,       2616,        1,  1944000, ea9b7239c9723491e7ee4c8e8ab9ad8710327e82f4f3a494e92c24a27c58e36f
0,       2617,       2617,        1,  1944000, 402bd2f72e9bd5e452c9479b4108c93ee71bd3779247b04ea5d029d4089aff90
0,       2618,       2618,        1,  1944000, cb960bfdd7df1149bb28246020d6a25149de3b04634ad68a0c40cfdcda574263
0,       2619,       2619,        1,  1944000, 93c31871fa5cb570e300906619c315b84c1fc27c17db50af9aa933a1ec24b5b2
0,       2620,       2620,        1,  1944000, 784f5f20208e46cf82071e65280334fbf123b76c2b2eccc0a3e0fd6f53aa2617
0,       2621,       2621,        1,  1944000, 07f705816b3a5dfd15c0dcf9c2db3428b8b29f2d1144054f26d92c586460c7f2
0,       2622,       2622,        1,  1944000, 93b32f62cc7c0e532776c80f4319791582d08f850a7ed289e0f149f21f316f15
0,       2623,       2623,        1,  1944000, 2deabe19559ac4538246f2491d0f1e4bf565c9bd01c318bfbe3ca3abcdb8f0a3
0,       2624,       2624,        1,  1944000, bc6cbb58b4f776cbcd5d21ca10382ee1ac7924535dc70034d94e6d3814f23a3b
0,       2625,       2625,        1,  1944000, c25b55bc1e5d59ad4e7acb78c41cc111dfba9c78583b9ef434392992c54ead1e
0,       2626,       2626,        1,  1944000, 96f2f4b1e42317da3fc4fc5bcb187a7af48fa982dc167ca55f17885753ef2f18
0,       2627,       2627,        1,  1944000, 9cb706faa3b81ee415703f2fe1fc3fdc475623e5dfdef49745648d64e8a37d0d
0,       2628,       2628,        1,  1944000, 457749bd993d7d67c1e09e65718a68d5e8ccb074da912302c27f17aefbec5244
0,       2629,       2629,        1,  1944000, e38ef2f3b350ef67558f0ff24ce8f40958fe376a8c4e66b68e93c1aa09028b6d
0,       2630,       2630,        1,  1944000, 88e1b09111aaa3c88578ab82593498bdacbacc6faf2f68872c374879956ea82b
0,       2631,       2631,        1,  1944000, 1991901d9d199f4cf4bf901f13240a2fc05931595209939a18523f77c4dd4e95
0,       2632,       2632,        1,  1944000, a08fb02741f06eb724293136a7fdd01706adfe9feb187272b38235aafdc9b7e6
0,       2633,       2633,        1,  1944000, 703840cd5c65a7ff8690256d3cc1c6889f930e207083a840d989113e6129e1ff
0,       2634,       2634,        1,  1944000, b5f9d165d205f9796694702a8a1f056709f795e5138a2b75aef47f5f9ec74a6e
0,       2635,       2635,        1,  1944000, ca63757f472c82772f7f611c1c862dbb8af91fce5dcdb9f9900e1c4f7636efa6
0,       2636,       2636,        1,  1944000, 5cb7607b8a29ffd58b39d35372f8df1343e56599034969c8bdf767ddd823faf2
0,       2637,       2637,        1,  1944000, e714253588c81d4e49a2c2f1a913427da28f268ad5153fd1cfe791afe3c15ce7
0,       2638,       2638,        1,  1944000, e975a4cdba8653f829b9b930fc0e3c5cfac7c196b1425e0566a44408624d2651
0,       2639,       2639,        1,  1944000, a77b9c33b616a42872ae836af63a8c1f4af3fde15e4907c677c92ad1271fcf22
0,       2640,       2640,        1,  1944000, 270668c5bd099660c428efb0420e41d285d2c837df9f0f94dcb82732eafe95b0
0,       2641,       2641,        1,  1944000, 5fbb97b6a60e4d524c4676d676e2c418f714769d9ddff8aecff618a73f8ae961
0,       2642,       2642,        1,  1944000, dae6f4e2887b6dc93744f063db336c6353b93c5164af776ef1718c620b32ef41
0,       2643,       2643,        1,  1944000, 444e4c50dd31950f4cd9e17bef6fec5e884aa10851f9270f0feee56c5d816a0d
0,       2644,       2644,        1,  1944000, 17e21e710aa4b2e51cd4f5e125b8672860cf56e2314f07edcadf3ac97a2f73e6
0,       2645,       2645,        1,  1944000, 360f02c0291c5436ec97fbf406ff9bca245de90e8ca7b0b6fb75ac2bc7ced123
0,       2646,       2646,        1,  1944000, 7c8af0f652979dce5dcebd29991c05d594b86b77d7c12873afd56ce2c66488d0
0,       2647,       2647,        1,  1944000, 8bb8e02623f41ae8ac53a68afa6bd1915287a48d9099fcdf6e315fd62319d641
0,       2648,       2648,        1,  1944000, 2cbd5d57c616318bea57cc0e6c631adbfa2cc7bb7d13761262844fe05ebdfccd
0,       2649,       2649,        1,  1944000, 66ce9c9311bce0f5335b78126522b9071f8e72a0d07458df5c02cd4a49b397ae
0,       2650,       2650,        1,  1944000, 5b7a886282e06cf0eef137d932cdb64c9a97ded2980a2f176a7f30c873656575
0,       2651,       2651,        1,  1944000, 830abdd05dad2ffa60ede09079f4f81daa93463bf9daeb7f42a650100744972d
0,       2652,       2652,        1,  1944000, 3aa6aea9492ab960ccc1a920f9c663438130f3e53e85218b78fd07e19ce79ed1
0,       2653,       2653,        1,  1944000, b4d9f28810c7ed7da2fc8423979f706660b445ef8266d55bbde9affdcdb9deac
0,       2654,       2654,        1,  1944000, 831a9977875ed2637db7c3818ac29543d2d0ac5f6184dbb892eed0c5602ad655
0,       2655,       2655,        1,  1944000, fa50b58709e9ff7f815d8b59d3e6afff99e1f6047c1ae78fbfa25de6868b0997
0,       2656,       2656,        1,  1944000, 6eb3aab24d1a89d5c8c9ba52f8ab23b497e0aad67b437874870aee7af19d69c5
0,       2657,       2657,        1,  1944000, 6ed66214322d9481738342593f9322a9992d0fb4266ecadf17c6f85e471ef511
0,       2658,       2658,        1,  1944000, 3c57dd14869c9dbf30513fe003b2ff733d27e4512900b6581574f20267d5b991
0,       2659,       2659,        1,  1944000, f36cd370ea62205e2a598808d94fd06883c1f919e72fe9d636560e30b870ec8d
0,       2660,       2660,        1,  1944000, ad2249a03a2aa339dcf5b4e2b84c7e2b49e373a7f88fe025373c5b9385745ab5
0,       2661,       2661,        1,  1944000, 70f2ea215bf5128827c193332df7a96376f636fced45d7cf09f33ca84632d939
0,       2662,       2662,        1,  1944000, e26f6115038a079940c4eaaf313e419dfb6a7659d482e2141bded73fa9d0558c
0,       2663,       2663,        1,  1944000, 9f2b943b70c91b9e87a09ed7a16e6c3b4e91d6f46c8949571a6221420a98b5bc
0,       2664,       2664,        1,  1944000, 7f7ec590b9ed0f71670f1753fab4cf4c280e313d45e72719e8c7926254376a07
0,       2665,       2665,        1,  1944000, 9ba3effc0bf87e6604856976222e109561a37b9659ff74fce1da51be8cd16ddb
0,       2666,       2666,        1,  1944000, 11b7c49a60698f961981629c1d1ad17b530eced18639c16cc3d4e6a48eec2bfd
0,       2667,       2667,        1,  1944000, 1ec9f25756fce7e9957b22653d2ad038e034f49904ae14912858516174d0455f
0,       2668,       2668,        1,  1944000, 4175fd6948818f7adea71d9ebe9dce6d346bbbdb9959b825fe2016464b03f858
0,       2669,       2669,        1,  1944000, 5b0f57859af0256e92d1eb4b5d037abf1200379478c8349e6d328e82fc47f67e
0,       2670,       2670,        1,  1944000, b7692f8c2d5b48fe1aed09780337ac8f2e39d1dc8a854f9335eafd160459ec4d
0,       2671,       2671,        1,  1944000, 5f3c20ba1a1152286e16048ecf9957d3264edb32ee726578dc8d97d577fbce8e
0,       2672,       2672,        1,  1944000, 704ff9b8370491aab109b0eedd54f7f9b13b891ae85b262b513769d847a79902
0,       2673,       2673,        1,  1944000, ccba93cd1202435d1ae223d8717ef307359f5fbf068be421c9d1c3db690a96dc
0,       2674,       2674,        1,  1944000, 11ed4c7d596191f7c8e92275d40037d3ae97d71b8f7ea9d51e5e97e020db6604
0,       2675,       2675,        1,  1944000, 9a0872fd1b47840227e77fe86ec102db079d94e9a6db2e3ba71d394c8aebf476
0,       2676,       2676,        1,  1944000, 0dfdb08553ea73ec63679589e9f060bf2efe0153af79c29b1e6a4368151d7798
0,       2677,       2677,        1,  1944000, 2c9df2998164d1b01e5bfb357fa42efccfcbbc00da087eb8871d86643e04eb42
0,       2678,       2678,        1,  1944000, 00150cd580ece7ffb33f4492c7cd17502593759ab2a05668958b2c8b8a0fb810
0,       2679,       2679,        1,  1944000, 62c139309fd063a08cc48cd10668811ac1001e1884306d555eb0f0d68b99cbcf
0,       2680,       2680,        1,  1944000, b009663cca18ea2fd675f6e77ed282b3acccd762784bb32cc922f515f3ce863b
0,       2681,       2681,        1,  1944000, 4c263177efd49ef62d11e853df609fbffe4a1fa8202a8bc40b46b3c3253e529b
0,       2682,       2682,        1,  1944000, 32eae40ceeff226f6e70100724a920da38dabb85c315a6367ef648cbd5d018e5
0,       2683,       2683,        1,  1944000, c1ae3830b9c0b3d5fd3b89ac483a036b0d421bdfbc1a50e788400c0d1a119db4
0,       2684,       2684,        1,  1944000, ed9e7932ffbdd864659099674be350c557b5478701ce81100105950c6378b66b
0,       2685,       2685,        1,  1944000, bb97c538c70d53224e80eb7f8c1f2a4d80caee4f0e1e366b8fc18f29d7c4e58f
0,       2686,       2686,        1,  1944000, b5a80553bc8ef68fe4db75999c2a3ac534c77fa4607e2f162f7b27513a0f5d6b
0,       2687,       2687,        1,  1944000, a45868bbf55520d4b5d92fd4da53c47f5b725e1c35f0f80e933d37f32c94ae00
0,       2688,       2688,        1,  1944000, 04b37915f1a469c1c3140050d705b7f720db2361852cf6fdc1278d1f2bdee933
0,       2689,       2689,        1,  1944000, dce056c7157622fd06889a5cbb9ef3e7c8b347efd2e177c8a1bf1dbfe6d78871
0,       2690,       2690,        1,  1944000, 02c48637402b2bb4902a1f1c8da97a6b33205a87d0c3b32516c037c0b6025656
0,       2691,       2691,        1,  1944000, 3c53206567b05a5e29cf00785b45aab0c3cc6e193c9ceb5bbcbaf9ba8fdcc441
0,       2692,       2692,        1,  1944000, 79797dcfb2e4c0003baa06010b2ec651d221e428ecd590a97ea868eec27c1150
0,       2693,       2693,        1,  1944000, d65bf13a6e8520eda8cf0e51ef9607d6e531ed0ebb40c551e4d66a033b46fde9
0,       2694,       2694,        1,  1944000, 7646eb8c8eee6ecfa3d8217b2d2ee93719b173f395c12e3571d806d538377da3
0,       2695,       2695,        1,  1944000, 7dfe05726c30b5e479d8b0903ffc748d5c862942877ea4d15cac2da47959d220
0,       2696,       2696,        1,  1944000, 59aa617a646eafb923905ac46445072230a4bed75baeaae215e032c1bdfb008e
0,       2697,       2697,        1,  1944000, 9e6dd1cb4bc1fd96b880eec214aced209a75f23b96737479ce9693b270217a0f
0,       2698,       2698,        1,  1944000, d2f36351a325ddf315afa85666f0887a40a9f4052e496932895271669f956115
0,       2699,       2699,        1,  1944000, 7b9bafce6b4004ffb1c43eab127387cebd3c41b30f99e8a666d11b44e4e921f9
0,       2700,       2700,        1,  1944000, 047e6ede8f8fae3a42d4d3fe7b44d6ca8e2b2904be82f6a729877fcd13b108e6
0,       2701,       2701,        1,  1944000, 73f76db4f18015911c9999b0a1696a17e1ef650bd777b8b7227364fe452db48c
0,       2702,       2702,        1,  1944000, addfc75b19d1cc85de1a931b9cd4d4cb09248141f654f25c486f7c3100ea53e6
0,       2703,       2703,        1,  1944000, d52d9d6aa4f6d9d98db482c5e367a11fa6d1a4c386f74aea8e88556b8f2e2d60
0,       2704,       2704,        1,  1944000, f80dd933a5ed9929b2fbde847a69961e4f6223425f8f445a8f7aabd069f27a97
0,       2705,       2705,        1,  1944000, 5bd86753383c4cd6a4e314f9cdf3f581c4540f6cc4e07f8afbfe10b4a7119e12
0,       2706,       2706,        1,  1944000, 8faac1839ed7b5caccde4dc35e7583e306c7899679331ff5127dad9c6ebbdc2f
0,       2707,       2707,        1,  1944000, bdbcf553b4777888c5516df9151ea770935c96e15f180e165475f0afffeba7fd
0,       2708,       2708,        1,  1944000, f22ca6b90878030857ba92a2c9e5822aeab75b3ebe9b29cd3b208eddcd01095d
0,       2709,       2709,        1,  1944000, 20b7f9836f448382a964d750343354c21f171141e8a382ce7c0b5d8f5cdf644e
0,       2710,       2710,        1,  1944000, 24c62c973fdefe7cd7068a173da4c095228be9911e738bf8eb77c9c0a85a717f
0,       2711,       2711,        1,  1944000, 08c9a0d154566274c208b755a9076432c2a3e20cbfcf503fb316ff6eb2c40dde
0,       2712,       2712,        1,  1944000, 00d29c41ed8179b00f455346bfeb1a5cc34611e559810b1e087542df95ade885
0,       2713,       2713,        1,  1944000, 39a115e23a02b48e78fa40f0ff2f6e3f7589a9c7fc873a80ba84a93bea26d42d
0,       2714,       2714,        1,  1944000, 177c5542f11e568f3bcdca5f05b265109616769f62e6327db6c7d6a83691084e
0,       2715,       2715,        1,  1944000, 1915bf47e315a92b7ad6c3cf4181f342af73c222e1a7f5098d738c7b0f1572ce
0,       2716,       2716,        1,  1944000, 690abb2e96d2088e4ec8117958565a5199e1993a59ed99746e1b8f0472a3c3a1
0,       2717,       2717,        1,  1944000, add10f577e12b7c9694eb41964eb03f6764e30e642926d13b25553711564482a
0,       2718,       2718,        1,  1944000, 5da70723a4e162bbe146f597b99721ab79b6153d8855bdca94520023ec3aaea6
0,       2719,       2719,        1,  1944000, 44a491cf151277b646e0ef8738fc081d1ac0ddbdebc5767fdfd415ab63d727f6
0,       2720,       2720,        1,  1944000, 67db7ecd1b130290827976e0f2a5750528028a0aa3a4883882d540ee52442919
0,       2721,       2721,        1,  1944000, 34bea2b49b104f4d78c05c087883e16d39a4232be8c1add8ec0eeda1263844ce
0,       2722,       2722,        1,  1944000, ece86e8e54fd1fc51ac45959aaf49172cfb0f1d1220fcc3f731387344d9108c0
0,       2723,       2723,        1,  1944000, 34bea2b49b104f4d78c05c087883e16d39a4232be8c1add8ec0eeda1263844ce
0,       2724,       2724,        1,  1944000, 71206491aa77f72e3045d638fc6702d3922327acd528e45dc9584f9310db203c
0,       2725,       2725,        1,  1944000, 6b1f46c0a5da97f5ff633164d28d76c7618c8e20adbb5dd2217c51f3b5dce43d
0,       2726,       2726,        1,  1944000, a4f901c2b9f68d2af4438cd87026e1957c6b2c8b65d426f20640f41e734bd73b
0,       2727,       2727,        1,  1944000, 614ddb681f1a51b2ebaa2842d1e2bf9c2cce8236ba06b91e90b8946ab4b896d6
0,       2728,       2728,        1,  1944000, a8ca9f0a29cca92efd5ed2f07ffdb487e0385a06a5dd79dc02599e4de5f3ef94
0,       2729,       2729,        1,  1944000, dd5fe4148cedbfa7f77563f05989e4da84fdc14a65aa82737db79977c854724c
0,       2730,       2730,        1,  1944000, 0cebd1912e2714c8defe282c47c68ff18ba9e2c46dc38fa27d910c809ec9f236
0,       2731,       2731,        1,  1944000, 82dc7ad0b835b2dc5a4b14c74ee4f16641bcbefb615103b96f288344a5beb8d2
0,       2732,       2732,        1,  1944000, a9aca23a68535212dc075d0ae4ce7eb542f96d8cefcca3b61820532784264eaa
0,       2733,       2733,        1,  1944000, 27b5ea39003b17e54d18916108dde8d75b39997d4bc0f4ab5709e16426f20189
0,       2734,       2734,        1,  1944000, 7ef4309a3aeb922bf20c51a5ce37ad1c73fd40578ddb6fb4b0dd8a278c5f1921
0,       2735,       2735,        1,  1944000, 8d1a6228c3701a1ee3bb6178a89c4a712dc5f80f040ca9b4a5d022fdf08b4f08
0,       2736,       2736,        1,  1944000, 5f41bb9710b086cb54bbfb26d08acea6d47d049a97645ab9a32406c9e8018562
0,       2737,       2737,        1,  1944000, 4edb56c534d2691a7e0849130a974c0faff2a77b7bb18f324ea3e5e1e671c678
0,       2738,       2738,        1,  1944000, 5a87682a6c834056f638d552d24419e72e80797e1e87bc0e099d603381194518
0,       2739,       2739,        1,  1944000, bc84f2c5019b353d5faf3cd07293817e89de9dca7f6cf84fc706b7fe77a12640
0,       2740,       2740,        1,  1944000, 9fc8b7f45ee80f0381410db8db81f59fa05b8e2680f7956b7885cf7ba1b7aa96
0,       2741,       2741,        1,  1944000, 1573da6d2a171af8454781b5c472aa285760fabad8b99df8839ea022de4c4d95
0,       2742,       2742,        1,  1944000, b97ba2b60842325f36a2286d4b2cd554592c932a7a0413389cae817df6880395
0,       2743,       2743,        1,  1944000, 7e759e26de205bebe32b5ac69249c60ac570b89e79bc68c90257abbaeb1c3844
0,       2744,       2744,        1,  1944000, 76d6bfa33b8edba3d43a8f15c731553a61181ceefd5ee9e52f812cae053abae2
0,       2745,       2745,        1,  1944000, 125b44d94ad2454c40639b2722996f33270000cee6a1fb2fa55ac95500c760cc
0,       2746,       2746,        1,  1944000, 1c6f36ab338ce1c101db601884bd0b02e1880f243b09ac25afb73f74a8571ee4
0,       2747,       2747,        1,  1944000, cac3cfadf31cbd67dcf3b782be01d52d79e6d7d68b4e78f3e7f0949bae4737a3
0,       2748,       2748,        1,  1944000, 9f1a500a2fdf897a65c81190c0712682da89fcf12fc3c14c054b6e48d4622196
0,       2749,       2749,        1,  1944000, 1557d1688f1e9cebd4b976feeee69570d13f5f56f6cc935a4f6afc56c3b09848
0,       2750,       2750,        1,  1944000, 114e2946864e71878f798551c3c7328552518d11598b5ed3ebf7df16bb17caab
0,       2751,       2751,        1,  1944000, b2a4b957b1b20fbcab2cf45ce5d7d64abf6c0617dec21b8de2cbb9672df15536
0,       2752,       2752,        1,  1944000, 70b2e0a3adc3887cd331a66d35e4bc565e12cc4ed0684cbcf3563cc37cb6c150
0,       2753,       2753,        1,  1944000, b7d8b5d9b67e967bcdfbbcc94bd2277ae838a1d90bdf466d39643d4307b827e2
0,       2754,       2754,        1,  1944000, 270f173771d072deee8ce8e3507a911c959f39dc5eb28979232a81b46aa9da66
0,       2755,       2755,        1,  1944000, d08b9d88185c42e2d32a67feef4ba3f9e044caea2c5dec617aee3924f9ed2ddb
0,       2756,       2756,        1,  1944000, ab393fe1d6a98f593d73847e3f742692a97eef6d7a540e019f6175cb9f545f6e
0,       2757,       2757,        1,  1944000, 52765a5deec40452b7f9c4e1e58cf267298c41d6004fb446a29cf54b9ee4d07b
0,       2758,       2758,        1,  1944000, 47816001ce4b95a9c8c77ffcc7e1a28fc97b5e5dac9b92072c3c4ee3192f5cca
0,       2759,       2759,        1,  1944000, b7efb4b1d568d3b2f0bf7267dc5f9441b6fd5fd75e1a9929a1dbf6e099c373d6
0,       2760,       2760,        1,  1944000, b90509e53e5028f23af704f067d66b3f08da0e3692c64d00498532f45f506306
0,       2761,       2761,        1,  1944000, 8046dd6aac172895902158cff059e39b42f54873a346ecde889f47314ff0568a
0,       2762,       2762,        1,  1944000, 458c0e6284357dfcc8e2fd30e15bd92f39fba1287fe8d484970bfcc3fda1b4a3
0,       2763,       2763,        1,  1944000, d8a29607e2208234f0cf09a6573df801a28c6e1f52a690104b4a648f4234ccae
0,       2764,       2764,        1,  1944000, a36fc97e5fcf685d02450b219a555d366ccb1ce55d2694425dd70068d478ba8a
0,       2765,       2765,        1,  1944000, 8ff402d915386f27786cf20a52c795f32b2ed864acab16195212ef1f7d10fdb6
0,       2766,       2766,        1,  1944000, f21e16fe39ac55e35323c98608fc46b003c95f7cdfc4b268df0fb6f0fb3186ff
0,       2767,       2767,        1,  1944000, f610264de50553c9ac1030bf2d26bb993bbcbaaa9be862e3fa3b983a26b78015
0,       2768,       2768,        1,  1944000, 9907ae29e7f26f9e37bbb5dc23e9bd432f183da5fdd1a30b3014cac97cad461e
0,       2769,       2769,        1,  1944000, 010eebf5983a623a976995266c60ccfe70c713dd603ad376e4661ee37a745f4f
0,       2770,       2770,        1,  1944000, 1be5f843f71c8671e7caffdc6732e864bf854668d6e1b7a084827898d64fec13
0,       2771,       2771,        1,  1944000, 5c919e650806a36d14f3f180e3b440a12c134d28fe70796f6b4f36d6891945a1
0,       2772,       2772,        1,  1944000, 82960ee36a344f144a31fcbe6f1baffd4e2c3135ef45359ddeec880d01d56a8c
0,       2773,       2773,        1,  1944000, c0502c65a0c9fc74e5806c347e49a8c590284a0d0fcccf93ad43a116cc7579f7
0,       2774,       2774,        1,  1944000, 90f3008d6039f60aa9754cd2f005f802cf791e440d1863df83da032b3ac30807
0,       2775,       2775,        1,  1944000, a4a51bcdbf87eeca942aae8c2f844e374ead83ab0371be695bd31ffaece841f7
0,       2776,       2776,        1,  1944000, 936cf91b661d924a30ca56abf5a63165064524300be16836bd7c6fad49335096
0,       2777,       2777,        1,  1944000, d7945f80f736b8a759f287203ef5e00037576525aaa5dbbf19b3f85c512c1eae
0,       2778,       2778,        1,  1944000, dc3c5d3f66461f2ecba37ddce2df2fc4caa314b7595502303fec3fee9547f39b
0,       2779,       2779,        1,  1944000, ee5ee43241fc6d62b2008c42a15e874af0bb4eb5cc53e1ab77888904ce4bc046
0,       2780,       2780,        1,  1944000, c7a6d127143661d16d37b7e842f85425246eff273b0e82bc5a280ba2d313ff2a
0,       2781,       2781,        1,  1944000, c7a6d127143661d16d37b7e842f85425246eff273b0e82bc5a280ba2d313ff2a
0,       2782,       2782,        1,  1944000, 824ff0e344bb0b127d5568fc9bcb8b82affd8a8bae61fd8fc1109126ce01aa05
0,       2783,       2783,        1,  1944000, dc3f7af1cda85b7d9502633d4dc2a7dbc6f18c361efadac5f8b1ca0502c382b8
0,       2784,       2784,        1,  1944000, f4b647a8cc7de0092aa740bb0f972b0150f84f4b32167120309cc86885b0ebca
0,       2785,       2785,        1,  1944000, 7fcad8089e4e0a234e366771ffe5a6379e8ec1eb5d7e7b4acb4dfa2727311d05
0,       2786,       2786,        1,  1944000, 366dab418b8d8d7e49d7a267a174d8f276241da45fef90cd11be42f39ed5c029
0,       2787,       2787,        1,  1944000, 26911429c0a04f79cb8af314574c93098c160d559bd81db4cd912ec3da9af354
0,       2788,       2788,        1,  1944000, 4fd8063e11546bf20e179462c7c4366ad71fd6d2371e8324da472beee6b10bb9
0,       2789,       2789,        1,  1944000, 6bb3c5b50726692153536bfa0f24aad5142cbd58ff5005db258e1cf6cb0bcf18
0,       2790,       2790,        1,  1944000, 6b5101f3e247befbe0d47c54155c34b6832be6a203c4f1817a431538c5d975f6
0,       2791,       2791,        1,  1944000, 0a081e3acceb0d9c3606c9bac967f3f9c0dbfcabd8015b0e8f228e0babf01db6
0,       2792,       2792,        1,  1944000, 88546c1477c37256f2d8530880c41cdceedb2c29c8582d1fac485bbdf09a68a3
0,       2793,       2793,        1,  1944000, 9a5fc722f85d75354e1de34a6ac0b20aa7358ad438eeff26a3cb1e618e6e4676
0,       2794,       2794,        1,  1944000, d4cd9114d61283f3b3f9751e5d766c49e1eb3ed879eb242f4802c4e636c6a0cc
0,       2795,       2795,        1,  1944000, 62626028e3174527422f1ce8436de5e9e4e61f0dbb1a6f3d5f8c1ef42c48b166
0,       2796,       2796,        1,  1944000, 01cd6cd2cbc267326b7b9ba0bef3e9388c3a56956debd3d76d4596f43b5ae6e1
0,       2797,       2797,        1,  1944000, 4b28ebe984effc9e823888423f7dfa372afab91b4afea1c32e6fc1a6fc078069
0,       2798,       2798,        1,  1944000, 9d6e71e5734648001dc8b45b27ba01284c3be6b0a8420ed0e48c48cf110382bf
0,       2799,       2799,        1,  1944000, df6b05282ab5e3ddb68d1fb6f5c3f2282b8c97a44b00ce4f2f58c0e687db1116
0,       2800,       2800,        1,  1944000, 5816a1081e327a258fe2326ebbea52cadac9d9192c0c129ab3069007d86f5d80
0,       2801,       2801,        1,  1944000, c65779b8de9f973ba92495cf5546d3f809d8f8ab0070a654cc0d3f67accf3a43
0,       2802,       2802,        1,  1944000, 82265e6f71607a8d92b3277fde262f2176e8c5d7501e0f005bcd7e4c87baa2e4
0,       2803,       2803,        1,  1944000, c63173e70fc7a7a2a02dd7dc465ed7967eae12188f18c15ce67719fbfefa85de
0,       2804,       2804,        1,  1944000, cc342ad9c4e3f9972d6402f429e97d908190d790ff41c6e79a3543a5bc65f417
0,       2805,       2805,        1,  1944000, 7e5ec30d6a12fc26281953b6ac59335d99b9dbfa07e61c5c7de83d2e76f656fa
0,       2806,       2806,        1,  1944000, 393795df2cd45ea19ef7b8cad550867530daef232b1d4de3644917ed6db01be5
0,       2807,       2807,        1,  1944000, db168d23dc6a2234c86d2fd67356093e4dea6f957e36fef3438f4384d16d5e96
0,       2808,       2808,        1,  1944000, 55bf8ac541eb87249139ed43e860518bb69cb72150a5fdffc47b448f13f791cd
0,       2809,       2809,        1,  1944000, 55bf8ac541eb87249139ed43e860518bb69cb72150a5fdffc47b448f13f791cd
0,       2810,       2810,        1,  1944000, 8cb2d4656352412efa5a2efae6fe9c9916f838e96168bdfea618f98341c55d4d
0,       2811,       2811,        1,  1944000, 83620e8280062935080705ea34f8c57d35a12cd07c435b945328e01a3e1bcb27
0,       2812,       2812,        1,  1944000, c4c56b8f2e08caf8ec4009c2cd685c8a67e3c745a3976dd8d7dc317aeea274cf
0,       2813,       2813,        1,  1944000, 8a904022fa3382bf681da2717712f2d7ac80f9c6ec14a3640a92b74536787b57
0,       2814,       2814,        1,  1944000, 782c9fb149440c7af13a3046487d34a6fbca47f41b821e15c77954a611f879de
0,       2815,       2815,        1,  1944000, 29f8470d344ffc6bc1827fbcb577631b8268d68e86e7e69886a797f3f419031b
0,       2816,       2816,        1,  1944000, 3192b584902b6d4d261c961f026286141b70298250514b25866704220b8528f1
0,       2817,       2817,        1,  1944000, 7c9187ca804e21681665339311f66452f51301fa8f85f8a2f4307ee73c2d3e42
0,       2818,       2818,        1,  1944000, 8a97de637aef668841d972c8408b83af9f481da1dd8a0a2239ade6b50301ce40
0,       2819,       2819,        1,  1944000, 13fdf629c34fee8a865ad8fcecafcb50427729ac368ae2197b93411f96dc6258
0,       2820,       2820,        1,  1944000, 13fdf629c34fee8a865ad8fcecafcb50427729ac368ae2197b93411f96dc6258
0,       2821,       2821,        1,  1944000, 13fdf629c34fee8a865ad8fcecafcb50427729ac368ae2197b93411f96dc6258
0,       2822,       2822,        1,  1944000, ee68ae73fe58b358e3ff36c540f147dc7fd23d5f083573fb5d52316397747da3
0,       2823,       2823,        1,  1944000, 14fb75cfe18c1fd9dd62ba4cb7ea0843f28b331fbf4a957f0acc6f05838a2972
0,       2824,       2824,        1,  1944000, 3e65c40407dec7854f702eeafac95df47663a34fbf5718ca488374abcda553ab
0,       2825,       2825,        1,  1944000, 3e65c40407dec7854f702eeafac95df47663a34fbf5718ca488374abcda553ab
0,       2826,       2826,        1,  1944000, 750b17a5d5c3bf92a3c8b140cd894c06b9e0706b13e6382d7a13a9a4aea79055
0,       2827,       2827,        1,  1944000, 750b17a5d5c3bf92a3c8b140cd894c06b9e0706b13e6382d7a13a9a4aea79055
0,       2828,       2828,        1,  1944000, 2ba444cb9434d47760c497a8769aa5c00438661e99582b5e1e2eb1c6ea140be9
0,       2829,       2829,        1,  1944000, 2ba444cb9434d47760c497a8769aa5c00438661e99582b5e1e2eb1c6ea140be9
0,       2830,       2830,        1,  1944000, 6ea5b6b6cfec643a5324cf2c58bd64cc5364c911964c050413b4438ce52fbde8
0,       2831,       2831,        1,  1944000, d1d445490916f3c3810ad937d2a9d861c67669e0beadaa7635ed2196c879f98a
0,       2832,       2832,        1,  1944000, 96d550e487ec907f381371d6d04cf2b1b55d5f8666062b65a8951f2292b16527
0,       2833,       2833,        1,  1944000, c679692bcab4242d682c63cc203bca055c96f82537b93312eb05ef70d6571801
0,       2834,       2834,        1,  1944000, 1417818ac015060f3c886dfc63bfa40eecefe888698bd3848935c3864504ab9d
0,       2835,       2835,        1,  1944000, 1d72f4f43db89e831f8720741aceeff4776bd4fa6e7c6a5de5bba7f576d4ca2a
0,       2836,       2836,        1,  1944000, b3dbb8f0e336a53911f7a15f2aede659a2ce6850b040009f23a5d2d6c2de00ae
0,       2837,       2837,        1,  1944000, 64e0c560fa5565d412b3cd7d50765929b01740b0959b386dd32577349b6c289c
0,       2838,       2838,        1,  1944000, ddce3388170785286cc416c2857bac97dc3475a3f1295e0f6c393021321604e0
0,       2839,       2839,        1,  1944000, 4b39370b0d1cb28a4cc51154c8274168bd0538d2df2373d20c548d157c556d29
0,       2840,       2840,        1,  1944000, 4b39370b0d1cb28a4cc51154c8274168bd0538d2df2373d20c548d157c556d29
0,       2841,       2841,        1,  1944000, 60cd467464991c3fa349661b3439990327f1d2a5cf6091b3b75891e6ef88a1ec
0,       2842,       2842,        1,  1944000, e8c1f5f646e6855d580342e388d9ea8de6529e885fa724fbbfa7e35a9b50908c
0,       2843,       2843,        1,  1944000, 53e1a6fdd3e5d7fb3f2dcfa328385fb9414036ab52e8e85083af29bbe7e6f141
0,       2844,       2844,        1,  1944000, 0ba1a4b6453af77e8f7e296c290847e3728dfff3c801c43066473412c0378ab1
0,       2845,       2845,        1,  1944000, 69040155cbf9059341ff6a51b9b4250ee082846e4b560b7f35bf8f226d9ea8d0
0,       2846,       2846,        1,  1944000, 15a00372df6879b11cc595981dfe6717194b02d094c9bf9629006539edaadecf
0,       2847,       2847,        1,  1944000, 15a00372df6879b11cc595981dfe6717194b02d094c9bf9629006539edaadecf
0,       2848,       2848,        1,  1944000, 4314355a66c79408462197b166d906af35ec1a3e8e73f7314db186f0d687d43a
0,       2849,       2849,        1,  1944000, c17193f30b0aefb4a05a8bbcb5e8e993f2ec0ca2bd9cbc5736e9ad288add000f
0,       2850,       2850,        1,  1944000, 4bc3593cc5355fd1575f93772e7e026728479195a80448ff231fca0f6db778d6
0,       2851,       2851,        1,  1944000, 83702cc370a1b157fabe27f035bd160001de246607d82802322ca4d35f41cb20
0,       2852,       2852,        1,  1944000, aba27e7512515eb7d95ed98d23993ddbe22cef84ddc765c33b77b4c23a14d8b4
0,       2853,       2853,        1,  1944000, 3b618e15152bdf767aa09656df8a486a1ca07869c195e77cc8451e4102b48aad
0,       2854,       2854,        1,  1944000, 7adc81df5103bad0c767db914b4e7c32e2b8439afd71cbe46c5fd7c8e2ac29c8
0,       2855,       2855,        1,  1944000, 783cc219c516fe7a612aa75c144a13d3d366e7839e1609aeab256e01481c7332
0,       2856,       2856,        1,  1944000, d21c0ae25474e0d2494d69cc990f10455593068a317ff92fcba072da577568bc
0,       2857,       2857,        1,  1944000, 2956127473f60cc5678a55b67d79cf4947be9629e1d56d486c0d17753c4f8792
0,       2858,       2858,        1,  1944000, eab451926c07fb8ea0027f0424eeca3b730145ab9cd93c5d4895325e6bc6568b
0,       2859,       2859,        1,  1944000, 2da28c4240f1291a5684c89773052db3a7cb5ec9db2627baa63ac23295bf352d
0,       2860,       2860,        1,  1944000, 90364bfad771722b4c0d02e57bc8d719dc58a67f10af409d5fe926c4a46d1839
0,       2861,       2861,        1,  1944000, 0c9a10607d6fbeeafc1f6ee882175a32e2e6dcfd9618efd6a07d1a1d35784e82
0,       2862,       2862,        1,  1944000, 5d63a7a910e4754d47db52fcaecfb163b313e5399a96943eb9b6cd8cb8d9cdbf
0,       2863,       2863,        1,  1944000, 88002b6d125628335fbfd743b6ec2ecfaa2c5d4432c46868e06c7dc114dd1175
0,       2864,       2864,        1,  1944000, 09048e38914cca777377193276c1d2cbef01c62df0e8d8b88823da40bc6c7a80
0,       2865,       2865,        1,  1944000, 09048e38914cca777377193276c1d2cbef01c62df0e8d8b88823da40bc6c7a80
0,       2866,       2866,        1,  1944000, b3877a91f73300fb77da12ee510bd5a39308453b9ecab5b7cf0979236d6cc424
0,       2867,       2867,        1,  1944000, e164e10e9c483516923331d97ff651cc99da16e148faf44f87192ee595dd6fc6
0,       2868,       2868,        1,  1944000, bb23581f671e41723894347ad9e48ef4ca3bf00267809f0f0808aaa72ae93e7d
0,       2869,       2869,        1,  1944000, ce1eba268b8718704a9e3946d634920525fcb27c93f4071b83e962b91392928d
0,       2870,       2870,        1,  1944000, caae9e0a40f17082a87480f07b8f60828aec60f870c49e393a6800880c4bd58e
0,       2871,       2871,        1,  1944000, 9ea1146b97af4ef51b84708395493b02f610a6cedaac6bdf0031a288f53ff8a1
0,       2872,       2872,        1,  1944000, 2a57b1bb526b51b247371c0bde5e51677a97bc951f38703dc9fc4d3136f82e4d
0,       2873,       2873,        1,  1944000, 0d01933ff02f7db4344194e350c8d3951899f32c2510a3fc5bdc671cf0f609fb
0,       2874,       2874,        1,  1944000, 8f6a8c22710ca485985a36d4773b2a6f4a93027fb5f9144cb70227480f58b8b3
0,       2875,       2875,        1,  1944000, a7fe49d9f499e7fd76133e80d14f89c148c33ce1426c3db3e2919f19d970a00c
0,       2876,       2876,        1,  1944000, 5f08cb2607e649cb68f90e4e7e020e7d8d12a1763f676d6d05f6ded095932c54
0,       2877,       2877,        1,  1944000, 76ce2fe13284166ca2cae8eba70468ef50ebe1de1be31f61f0b86856c96a48ff
0,       2878,       2878,        1,  1944000, b5a58fe7afb513e4d9843fa6343be7b4314be56e40e05ac8bacd0ab180328947
0,       2879,       2879,        1,  1944000, 39655d3b80a7c4395448f6915201421b1c7958b381132492ccbd343e2adda4dd
0,       2880,       2880,        1,  1944000, 36be963387658e68d08669e053504680ff3377d46489839a27d9f339a513be3d
0,       2881,       2881,        1,  1944000, a1faafd1b23b73b1b156a394306b79bc7e1b6db9fa7b97446fdfe90965f81a70
0,       2882,       2882,        1,  1944000, 953bf24af68800862d28e86021ba72a6d844150ab069b6761db787da68cbdf03
0,       2883,       2883,        1,  1944000, 5cf8369ea8a66e665068d153930aca11d4245f808af38229eee02abb4b04926a
0,       2884,       2884,        1,  1944000, 7292aba293b9126b0dc94b40fe1576e8f46aa1611c3e5a3e4e6a50a1e5d34fa5
0,       2885,       2885,        1,  1944000, 41a86241ee68b1590435787ead99cbfa4fdff067b9131b790eb480e88b860fcf
0,       2886,       2886,        1,  1944000, e591281a9f9df5e1a6b86e5868f9f8ac64e2e7523dfd690d5d3c61f55d58de21
0,       2887,       2887,        1,  1944000, 82e0ff710194bd71ea4d6147b0bb4233d53da4ec9393101529c82b0e0768e9da
0,       2888,       2888,        1,  1944000, a88eff65c307ed236ca793144857ec97847b6866f056a4a119d4b77feeedbc59
0,       2889,       2889,        1,  1944000, ddd25da2fc4d52c89a128066184733e13bbfe2e6288538d4cbd524a398447a0b
0,       2890,       2890,        1,  1944000, a90577c184217e6cdfadbe536b488659fd2b30b11780a1f700677a0dc13a5480
0,       2891,       2891,        1,  1944000, ed4b82dba1d8bcfe22a6f500f6dd41656ee0e02c256cec4d783e417ea899b676
0,       2892,       2892,        1,  1944000, dd2dcbdce0d25313ee44bb7aa042052450b7d05271cd88307d2b52799f72483f
0,       2893,       2893,        1,  1944000, 313c716fc9d40e25eeef7a81a8d59459a27ee4246ec198ca29a8307b59ee2d2d
0,       2894,       2894,        1,  1944000, a142404c7dd5592815e3c319815ee8cda3bcebf1b61c2e20aba17477976362c5
0,       2895,       2895,        1,  1944000, 72afe39e85292468c184ea07c546b6b8e111f6acf09720ac2846134838278c4f
0,       2896,       2896,        1,  1944000, 25a2ef2756b748aeaeb1c42c078b941c70676861cbea23f59ce940026b9941da
0,       2897,       2897,        1,  1944000, a4fe28e6a0a1f008ada7283f4005827cc37b064edb0ef70dc52b96c2d8b8ba93
0,       2898,       2898,        1,  1944000, bbba31f0a44ba657fdeebc08c29ad8fd6c2a0ed0e748e8da1a3f41bbfbc644f8
0,       2899,       2899,        1,  1944000, 88470c03b216a0bcb0de4bbbefffbbdf030ba5ebbeecc2a63666b4a49b773021
0,       2900,       2900,        1,  1944000, e71b5a0fcc4b958be2dda42d553e9c7725bdae9efe744cd6ef27047cc681de5c
0,       2901,       2901,        1,  1944000, c4dbaaa8a9f5a9851086b1265de439e27db0334d1fa82478841e5f8f64a4bab4
0,       2902,       2902,        1,  1944000, 251ed5ec27488655c1099ded53442d0ae924ff1b70101b8d84f55e7beda0b73b
0,       2903,       2903,        1,  1944000, 29b7dc4dee05becc9875a1d18af1545690a2fe85ac975605f84d0c16936747a7
0,       2904,       2904,        1,  1944000, f2f76869485c0ed1cc49958c2d5fc89849a60f60693e028f74636c694d00a598
0,       2905,       2905,        1,  1944000, 611e9274e5071438a9b4a58502fff126ec7e25e5513533735f48a9bab5b65a35
0,       2906,       2906,        1,  1944000, b52566e87ab3902b28f094d6024f49b3d78e497c8682457aa50914c8ab5ba560
0,       2907,       2907,        1,  1944000, 5c1564c6ad9946cd5fc5d99fe61476373e483facd1c0b2c409f3d03d337de2af
0,       2908,       2908,        1,  1944000, 8ceb1273c53f37d47f7fa16257895ed7b50fb9bad80b5c980eb6b7267ed78f73
0,       2909,       2909,        1,  1944000, 02991ca53d51d8265cd52ebd0376ba9667f881ce7693305c3a439326baf521f7
0,       2910,       2910,        1,  1944000, 81da5e4bb4b37d9580706064d2048d18a3aa846bba711df886e8ec8a6e763a96
0,       2911,       2911,        1,  1944000, 91f393a95d3cb52b6770bbeb4ed358fc1e83a096cf4c106fda7f70daeaacf0f0
0,       2912,       2912,        1,  1944000, b0f120119de7ea81d936efa6b48377bb7bc241425e93bc15f6a9bf7c9e03c773
0,       2913,       2913,        1,  1944000, 6f240487b88434385999387682b153b2383d2e4e9d2b17adc218081f5db7e5ed
0,       2914,       2914,        1,  1944000, 882cbc4ea028f628d52d1f4252daef27efa02bf6fb6941a3e19e687732804627
0,       2915,       2915,        1,  1944000, 44856339dbe3423e9c546ff4c0df72f51596d7cde03c05d1c97fe633d48b1fb7
0,       2916,       2916,        1,  1944000, a99f94654a636d75df30205b3336293dc29185cc2385917d9c21dcaebbc4edd0
0,       2917,       2917,        1,  1944000, ed1e7057dea2e1d594ca7a253c583bbcb1f62de54f523fb9f8070aa4e07ae64d
0,       2918,       2918,        1,  1944000, 54b19c27c57a81e701a6c8342bd84d6fffe0eafd75ea283d950b520323505d44
0,       2919,       2919,        1,  1944000, 6284aff1ffd185f78c997dfbd2ba73559054d8e0b358aafa7f3325c63f625189
0,       2920,       2920,        1,  1944000, cd511192a6f826c0d0eacfe4372198b832f4a11dac554569f2c25e9c3cfba0cf
0,       2921,       2921,        1,  1944000, 18d0055e7b23e0332d516cee4f83a34368c37cc3452fbf239a93a3feb33a54aa
0,       2922,       2922,        1,  1944000, ff53a1709635d9245b3646f11c4af83aef51ae22960a8270ea2c67ed7abff908
0,       2923,       2923,        1,  1944000, 16fe21d1c50f8419c2d3be4475056850d0d8ea00b4e6fad646391649d3e74f56
0,       2924,       2924,        1,  1944000, f73557d390cadaa25fc1bc87b12072a2a06e9f42777c7099768a6d8ed9285dd6
0,       2925,       2925,        1,  1944000, 5be4796bbd3b14f6245ca47ef7c36c4f324eb4a8483d1a83371705f0d9da9268
0,       2926,       2926,        1,  1944000, d59e62b934705c50aa8053141c1f90792216ff8492b5bb94b23d05ec900f8b4f
0,       2927,       2927,        1,  1944000, 5572577811dbc24950601f07187607f24d94e9767db677a9d2d9fd2e06ed0ccb
0,       2928,       2928,        1,  1944000, 0d1ecf4d839c72e49ee1af4425dc6c2350c7fc350c82664b95d2588695471c74
0,       2929,       2929,        1,  1944000, 7298378d0e0c1cd872de5e5e630e4084db8bb2ca6aaadf91a5001425dfd4512e
0,       2930,       2930,        1,  1944000, c28414b9b8dcbe094671730956ba104e05cd884e1151c633c769753ce048f95c
0,       2931,       2931,        1,  1944000, 82188388066cd47db4b7400d29e798c5c402438dacd834367933ae535db9bb9a
0,       2932,       2932,        1,  1944000, e7a7e2ea721f25e762709f8050fcf191932c45f6946db57c760fbf75f77e2a60
0,       2933,       2933,        1,  1944000, b590872cccdced42a507086ad2b69aa11928bc9e6d4363ad87e61f44b882fad3
0,       2934,       2934,        1,  1944000, fb9837059184975113e1f75dbb763f7a75b26590bb1f9dde7ec153dc7696c72b
0,       2935,       2935,        1,  1944000, f2f0814439dff8530729c40940747666ea99610f9ddbe629e8392ff7fb1a1402
0,       2936,       2936,        1,  1944000, f49f714f7ce9c00461992e21872124d8a846396838cbcfd6b2260d661ec73f7b
0,       2937,       2937,        1,  1944000, 5a1526185cba8cf59f1369e20b59242dad2887c986080236ce5073805a632ee2
0,       2938,       2938,        1,  1944000, f069e33f7c95178e53ce1ce1da02029ad59ac434ed25a34016617eeaaf402af6
0,       2939,       2939,        1,  1944000, 1bfb3a5d17548426aa52519829e18b06be06eca3278fec8cf729890ec8141ce6
0,       2940,       2940,        1,  1944000, d4d472a6849d01cfa39c993441f6b378cb29b1ac503534a991144ac6c67a9f29
0,       2941,       2941,        1,  1944000, 84d35de90525e9c0637bff34d1f016141d8b667904a6a2232241aaf83596677d
0,       2942,       2942,        1,  1944000, 2d86e878f496b135ecf3137a50172089d5cca855d2767555088f980aa21a9c42
0,       2943,       2943,        1,  1944000, 072f3e5088cb3a6752567dadb57017d61f2709899bda2d350b294c01f3ec7255
0,       2944,       2944,        1,  1944000, 50acae2405172ec66bb32e91a5ea265393f50baf1b408c372dbb608dbcc42fbf
0,       2945,       2945,        1,  1944000, b0fb1691fe290f78a700714fcce4b706cc1a7bf706f9efaad982e8359eab8211
0,       2946,       2946,        1,  1944000, 53e06549f911aece4f7ce625ae2916a472abfb42578ef34c5f02eedb15e72991
0,       2947,       2947,        1,  1944000, 7371f1f2b46af3de37dbc1fbec4bd936877d0befa171d6bf1028452e6c4040ce
0,       2948,       2948,        1,  1944000, fb54864b9e17ef646e34b95a75c580a4d097d5250bb8ff6de6431c8fa29c4f0e
0,       2949,       2949,        1,  1944000, 8e018de2f79d1414d67267bb54f738d1c1936dd08d2d4d85c9a59483bfc062cf
0,       2950,       2950,        1,  1944000, f4c9697134d4bc8e5d2299a17a96f5fe7200fd5ee44e77813c586cea381f13bf
0,       2951,       2951,        1,  1944000, 904074d5b08241cd4dd16095202309e8984034e2d3f4962dd9662e682e07db58
0,       2952,       2952,        1,  1944000, d49ac374e2402091679ec8f2918a23b6abb9fc0c4990947b202d24a3e500cb43
0,       2953,       2953,        1,  1944000, e6086008497ecf1b61eabf08ff1d8334ddc69dd00ecfa6f453f772919e4b2b5a
0,       2954,       2954,        1,  1944000, f6a889576abdf05f97681294386e1c3628e34cbcbef8790c6e3896b1a01fddce
0,       2955,       2955,        1,  1944000, 662b83cb30b24a1b21bf2e275da79f917bac34691fbb2a93ddc5da530b265634
0,       2956,       2956,        1,  1944000, cf26c97103ea2395d82e5c81c52abfdee5c465b8fc20ac07c191bcf06f0775a6
0,       2957,       2957,        1,  1944000, 3a3977e4792112f22fcf254b5a39c2ee6f1d48d0993a169a421fc6d993ff665b
0,       2958,       2958,        1,  1944000, 4f8bcb96e9ab55a12e031b9b857fc71a13a1f74fe902322ac1842c285f941d23
0,       2959,       2959,        1,  1944000, e0c1b2941b6b75db603b5025741f8fbfa31d7b701a5cbce2ab6a7cf3d2efc017
0,       2960,       2960,        1,  1944000, e0c21ee44ba8fca0f558b11650e44628fd3d12ccc18a187713dc558a6086a326
0,       2961,       2961,        1,  1944000, f2718be26921b99a1fb9a69d036013e6735e0ea92c8e1ca1fa2e26ae2d1cb949
0,       2962,       2962,        1,  1944000, 5bfb7898e6bd20799db606c93e594e1c311d32e2a33dd7b19f81afed46e78b10
0,       2963,       2963,        1,  1944000, 3d3a9706921c68e6627ef76842db77f78e4d19e72a7fa4f71314307497abd56b
0,       2964,       2964,        1,  1944000, 7d686d9d3bb07af24844dd2f3d3bfceef7e34f308eaae191e5a67ff405ec49c0
0,       2965,       2965,        1,  1944000, b8e323e72169a941667ee0225e7e21de953cbebc580ee6b55829a966e2e6ee36
0,       2966,       2966,        1,  1944000, 744fb0f122a01865c891ed4bc4d8c14a083eb079f2be921ef350a76c48fc9056
0,       2967,       2967,        1,  1944000, 621974848a86cc86b75af18d239b4e4f83af21f323d7ff8076b165bc4593cb13
0,       2968,       2968,        1,  1944000, 19aec3df125051a5d7c0038505bff776619fad16bbefbfbf2666a77fe1c3f327
0,       2969,       2969,        1,  1944000, 179c70c60105932e9f85e1c14d56176c9263005d15e80078ab96629d10b7e8a3
0,       2970,       2970,        1,  1944000, 2036eddaeeaea2a31890cc442eeff71e682c203629d8388cc774d1fdba1e8c2f
0,       2971,       2971,        1,  1944000, 2f6e4cf6ac4104e71d04f12f9bf9cd06ee258568bf6a9f6d889ef9bca70d89a8
0,       2972,       2972,        1,  1944000, 39f7ec9b5aa0694c045ccf69900b8e8b9a38d2b1b6c78608d96468954263e5f3
0,       2973,       2973,        1,  1944000, f884708718fadcc977c1ca79d66a99e04e723143bbb68253e08e95dbbd6e0c10
0,       2974,       2974,        1,  1944000, 0b259f067f844652397da3d32d196b6e74ba72d61b2a1fa1b539a1eddb09bcdd
0,       2975,       2975,        1,  1944000, 2820d705e6e60aa5b7bcdbf31455be6cabab0cf6634779b3eb6baba012dd0bcc
0,       2976,       2976,        1,  1944000, edd306ca9be963880b67e0ef8aad8570170edd22361db69383dc2eb8e999d679
0,       2977,       2977,        1,  1944000, 26c3de4a2518f30096d38f32b7536de75f5c3d671094d295b63c6bc3ea467f9e
0,       2978,       2978,        1,  1944000, 4b1a01e4a8c337dba8be30ee857b1e885fea49ea8abaff94df6d8f6b4e1171bd
0,       2979,       2979,        1,  1944000, b69c6061a459dcf4141eb4ca56e545e15ccf4543d34415b7b4dd17ce3499e2c4
0,       2980,       2980,        1,  1944000, 6d8dc475fa21cc655b4a07e1a7950ddeed4e2724ded7ad3db71429c1a8228ec8
0,       2981,       2981,        1,  1944000, b9a56b2743e9bcd306e65dbc223d00f05efa99362fdb82f82c454eaa4f9fc732
0,       2982,       2982,        1,  1944000, e899961f87d3da72a6d26979f72f9e00e4b7cf993b9d7165261f8ee3df0e5ac6
0,       2983,       2983,        1,  1944000, 371c6d0434529d4062a75b45638c8ebab8c9047408206e0f65f1b18af5975b83
0,       2984,       2984,        1,  1944000, 9b5ea2aa35b38069e45bee3b19a4a0f337783e737d62b438043896558d5d78a0
0,       2985,       2985,        1,  1944000, 278eea3b7b3d559d0c68561595721a688ce8de319ca4a08f60baf1de42dbdbb7
0,       2986,       2986,        1,  1944000, b905dc0fa43e76b6cea61b9c57be5653d2f8b27458e379e6d6b14a296debc9c4
0,       2987,       2987,        1,  1944000, 9bb346c793cecffd948eb103923ddad00e712142a8ba9ab0c82ecb96bdc94365
0,       2988,       2988,        1,  1944000, 1033eef0cee6850b002a9a80d43167ab83f68118b50ac9e91645c282fa80b30f
0,       2989,       2989,        1,  1944000, 37ed6177b37609b4b3e686dbb2256fba61ba236806ea3b9901a34670b987d307
0,       2990,       2990,        1,  1944000, b039047ca7560675be9dbe7a864f3ef7f905fbbe9986c89016a4e4ad74f2acb0
0,       2991,       2991,        1,  1944000, ea239f6797a5b77203dbeb26ea54d10f0edc9e17d85fbcf01b4dba8074beaa94
0,       2992,       2992,        1,  1944000, affba2caab2a7e67732b31eb84708c06cbfe08a38d3a673c900110194f47f47c
0,       2993,       2993,        1,  1944000, d675ee1cc86d907fcf9c2412d1cc55fdcfcaf305225fce7e038c933aecf5e84b
0,       2994,       2994,        1,  1944000, a56c2309b2d4fa581ed8f1dc8e3612f66c6c8e40a8a7b13bda3a82fd583bc4ac
0,       2995,       2995,        1,  1944000, e17b830d874796cbe3f1d737fb3ebf9e00db002dd8dc88a15e6a2c68ed572790
0,       2996,       2996,        1,  1944000, 8f34f1f5604d3f6c320e6855760bfa0c49ccd3f5044406d29b0e6ae09158fe8f
0,       2997,       2997,        1,  1944000, 84793c5179cfbfee7a494fe2bc24398ad42d83618bfa0451b8056c45caf6a017
0,       2998,       2998,        1,  1944000, 5c842d166c14cf9f56ab748341ca56dde69571ed8731d2b7dec24c9041ccf249
0,       2999,       2999,        1,  1944000, 28bb4f83952a4982794696e14153fac8d7059248a55a3b8e978561d27c302719
0,       3000,       3000,        1,  1944000, 5e2b325d0631680d9898b04cf958e383147a259ba8a9a59719d7605c23451fb5
0,       3001,       3001,        1,  1944000, 6eebc0822a7e18d77e37cc29ec8a175064817db911cdb0488d98f77d82b59aee
0,       3002,       3002,        1,  1944000, 5783c0de9cd8b9c84d433321fb3a4370401c496e2048b6ee62e050d9f975cbf4
0,       3003,       3003,        1,  1944000, cf7fa26e17cbb3ba5845dc3ee719f2cf9dffb45530c7309879806a14ad3a7f9f
0,       3004,       3004,        1,  1944000, 1b2b5444a0f1db8d21305360d9f29109bd1627df7ef6e192eb0a925ea75c2dbb
0,       3005,       3005,        1,  1944000, 361fd16f0b7e277579f6294a63de5de5e958ba88bd9f9988db13d6a51ec445b2
0,       3006,       3006,        1,  1944000, 9083059a6a701ba71f5b90ed43efa10242c091e38b8a359bb6a71ee92a1a6808
0,       3007,       3007,        1,  1944000, d09676080a8d9b9983e9939ac84f4dc2892775910caa3b88b959d1e91e67c819
0,       3008,       3008,        1,  1944000, 7ebd4ad81f67378383c8254b5433d5719a514326e1d9418b2b825eb816c94b4b
0,       3009,       3009,        1,  1944000, e3579f9389cde57c6debe3cc00f606dea88e10d42d132e4a653d4e64baa9b6d7
0,       3010,       3010,        1,  1944000, b6ed9932539954d03e3c991490c58f3f2a635f0b0b7202b22654e40357b6af9b
0,       3011,       3011,        1,  1944000, 576ca54949823cc5474c05e72ecaa1b00486c7c620e5d5ba5ec96a38ec40f991
0,       3012,       3012,        1,  1944000, e60712b43471697fd3dd1930b667814b61bb6666703648b8bd6e6ace1f878e79
0,       3013,       3013,        1,  1944000, dfc501784a4db636dc736b3cd6d241027de3d3a8874217a5be4029be74e75236
0,       3014,       3014,        1,  1944000, dfc501784a4db636dc736b3cd6d241027de3d3a8874217a5be4029be74e75236
0,       3015,       3015,        1,  1944000, d9c3e2ed11805161f7e32396dac33e951259668ab808920db854bc6ea7cb7911
0,       3016,       3016,        1,  1944000, 79c75e63ffec2cec90c61661b9c1d559efc45c66ed93f7a0a6a4889656fdb549
0,       3017,       3017,        1,  1944000, ddb642e6a40f1a1968e7f72d74ae4983f7b8d535adebdcd63e9e73b1848acb8e
0,       3018,       3018,        1,  1944000, ddb642e6a40f1a1968e7f72d74ae4983f7b8d535adebdcd63e9e73b1848acb8e
0,       3019,       3019,        1,  1944000, ddb642e6a40f1a1968e7f72d74ae4983f7b8d535adebdcd63e9e73b1848acb8e
0,       3020,       3020,        1,  1944000, 75792c544ff7ea7cda194d2da1ce5300e28b677f93c6724206f7e4cdf41c6a33
0,       3021,       3021,        1,  1944000, a1dde597d8d48363035432c607de4ad019790a7c4065c1990c9f2de22c72acc9
0,       3022,       3022,        1,  1944000, aec8858cb66ca050846d8a3c68ed9556ec0bc2ff77b6d17bcf07956076ba481d
0,       3023,       3023,        1,  1944000, 905d91df4cd0e8763c043706c4fb87806a189b4dfb157a4a3269a97ae193fd8b
0,       3024,       3024,        1,  1944000, 50499417dc90f30caaabaa5978578e411ed186238047056df80806f92d25789e
0,       3025,       3025,        1,  1944000, e6da1ca7e267352a7e94372f949d532a679308a0535385eb709ea8383f1aaa19
0,       3026,       3026,        1,  1944000, 290a05ce01c126ba98f518f34588bba59fc79883397abbbc2ee415af112e3df7
0,       3027,       3027,        1,  1944000, 1d2594fc91e23e4a1c390da03528608cf6595627333ca2f3db645b6775760b1f
0,       3028,       3028,        1,  1944000, 0f11ae2cb08459fa7d7394c2190186e728d105969602eec5d821d917fa28033b
0,       3029,       3029,        1,  1944000, 17920975a7f3e6ea98d44acc153929e3c12413a24b537ca2337a2043affac052
0,       3030,       3030,        1,  1944000, 60721e37cf13fae3b0e36a96a239724e4618a6643d4deec98c6b60a83066300f
0,       3031,       3031,        1,  1944000, 60721e37cf13fae3b0e36a96a239724e4618a6643d4deec98c6b60a83066300f
0,       3032,       3032,        1,  1944000, d96b549586b857ed419163436a47e989a2a715a5013f749076e2a865d17a9c2e
0,       3033,       3033,        1,  1944000, 27f777e066cb7237b2a9bbdddf632deb778c89b96a5f6dd5a460d8c0670b8e36
0,       3034,       3034,        1,  1944000, 27f777e066cb7237b2a9bbdddf632deb778c89b96a5f6dd5a460d8c0670b8e36
0,       3035,       3035,        1,  1944000, 3c8c836b684f0bf8dafb6efa7864688233f4f3613f4c8784dbee6d5ccddecda7
0,       3036,       3036,        1,  1944000, d80a6995255c7249fc53d7a4ab77518f55b42b739a35bb574dccbe754db62da0
0,       3037,       3037,        1,  1944000, a7451c09e2c096a14a647cbc97d166761e719ffc9083c2fdb2e587a4876ca150
0,       3038,       3038,        1,  1944000, dc916633397c8f741d27d8909ad28b03f9f4373c10c02230b8c662652c636e61
0,       3039,       3039,        1,  1944000, dc916633397c8f741d27d8909ad28b03f9f4373c10c02230b8c662652c636e61
0,       3040,       3040,        1,  1944000, 4a0d754feef59a917cdf6bb16020358595f397f7bf2f05881d3410c6fc883053
0,       3041,       3041,        1,  1944000, 1d854609e895c68a949a13763b4e0291fa0bcafecfb12f4489c34e616c5aa290
0,       3042,       3042,        1,  1944000, 1d854609e895c68a949a13763b4e0291fa0bcafecfb12f4489c34e616c5aa290
0,       3043,       3043,        1,  1944000, a8c58b0c5e7b0ef5aa122325fcad8e13b67c931f3dc3e5176600e31ae469e3c5
0,       3044,       3044,        1,  1944000, 7345ab9417f6001612102d960d296320f8f3cf3c490069a07376c5055743a8cf
0,       3045,       3045,        1,  1944000, 1663dea9515c3d6bbd8668c71a37985aa044e65f920fc9ca477a79bad3152ceb
0,       3046,       3046,        1,  1944000, 1663dea9515c3d6bbd8668c71a37985aa044e65f920fc9ca477a79bad3152ceb
0,       3047,       3047,        1,  1944000, 3e2b538120602565409ddb1b22bbe38371543749503ce6cc407671e598d4d9fc
0,       3048,       3048,        1,  1944000, 71fbef0fbc7bb3a035478632e0935dc7345bcad8827b547a0d7779950e565482
0,       3049,       3049,        1,  1944000, 5d66e3c55a8de5927e3b2a86d5f864b13b4e41c26b96fdd157302ac22cc2a589
0,       3050,       3050,        1,  1944000, 30f609c2eb103a12bf1abf50e96196ae5db2f5a00274229cdd46a2226374710e
0,       3051,       3051,        1,  1944000, 1637da483ed8c69de0379a27ceef8b259afc1f135acc705245206f8b9b3c6152
0,       3052,       3052,        1,  1944000, 6ff2484332b9f37986749db54de218c5513ed7645fd870c093d77fdc6d85dbfb
0,       3053,       3053,        1,  1944000, dd8bf31eb86f2a2cf5969a922e6b557717b758f561b382cc41ee21913c5418a3
0,       3054,       3054,        1,  1944000, 345f04693a5bf75befeff54c438e9602be33b327cb8f5767a2126d64b0518c83
0,       3055,       3055,        1,  1944000, a3896b230533d9cc766cd5a70930c9caeeb1565b52247bd4f3d9d894d37b4552
0,       3056,       3056,        1,  1944000, ad47c43500a8177908267b79eba621c90faadc609cdfb2c7d13ead075c8526a7
0,       3057,       3057,        1,  1944000, 765e23768f0d346ee0209746b4fe2e21e6e9775f2ec7cbd03c2b523917e0e6a6
0,       3058,       3058,        1,  1944000, 0f6752823636116634d4090ee3171f8686408ac926ea701b567973655074f27f
0,       3059,       3059,        1,  1944000, 8d650d2abca3c360a530216882db0428955c843901c483e6f12efcefe3404ee3
0,       3060,       3060,        1,  1944000, aea3255f7653557087dad8d4a5f7263b57609aef8f1b560b689a29151fbd18f7
0,       3061,       3061,        1,  1944000, 6cb785ae10da05da7007a4511ac17665cef0cd0df8d14b82c4137c14b8d3608e
0,       3062,       3062,        1,  1944000, 682f3b2df4a0e6247809e770e85df9363a4aa7504812ec7d094f0d9f3b8be865
0,       3063,       3063,        1,  1944000, 1941c8ed752d0c6b6b6c19cad6daa73de812ca674a57b9fe03d318f17c16cb98
0,       3064,       3064,        1,  1944000, 04117b225080b49f1ad5523cc026b18208cdcbca7c0ed7c90fc3e9d40ad4d16d
0,       3065,       3065,        1,  1944000, 4bd7171b63cc080aba44c1cc6f18606bb57bdb10b10c3c43d1b5d3bc17701c3c
0,       3066,       3066,        1,  1944000, 01fb8a87d0227fe29d3693222b665053f75be890b3eef89aa81fba3c9f75d551
0,       3067,       3067,        1,  1944000, 528891dd4568369e65f3a652f2623d449c4733dd3e9d56c9cdd11e9bf50b0bb7
0,       3068,       3068,        1,  1944000, 87aadb78a5b9676d34a180f5f8f5d57cad39c4ab02c0b551811ba11b7efe8779
0,       3069,       3069,        1,  1944000, 07eded3ef3c2652d0ad5ce0dd8fb3360d6a28ce11307dab9e7b1db58c1a9329f
0,       3070,       3070,        1,  1944000, 9ba6786ae386d3dde156e3dd792a227ebc5762978ae12dd34bf5d8d5caca2028
0,       3071,       3071,        1,  1944000, 6d51f9a13ace6453b0a9497600a822bf2f2f15bdcd99e930008ac994ad7c6c6b
0,       3072,       3072,        1,  1944000, 3ee2dab4a1b9e143197a0f0438cebb32d7372a77edc3c609e844d15c5a39a359
0,       3073,       3073,        1,  1944000, 07dc6092c42a6cd909b21f2b58aaa548f4b996552e483a5edcc81dbc7b118e98
0,       3074,       3074,        1,  1944000, 07dc6092c42a6cd909b21f2b58aaa548f4b996552e483a5edcc81dbc7b118e98
0,       3075,       3075,        1,  1944000, 3dd780569cd7ef2d44d4f7d8c850da8006ce9bfa75e6fbf02128a7552ca1fd76
0,       3076,       3076,        1,  1944000, 04663d10bdff85ac0c91af1eb5ffc908746e74967a4cc2c41c69f2ad96b72d35
0,       3077,       3077,        1,  1944000, 03f50887fec67571a6df3215df49abd49f5bca3febe1cbb6176747ac9fd5e1f8
0,       3078,       3078,        1,  1944000, ca9cabe560d066a899d7c731d9860e4f8553ad96de53d9b1c4a4e90cfd6b4641
0,       3079,       3079,        1,  1944000, 8ba840813b448273aa87a4163da7d8aed695e0059a829440fe842618760b0773
0,       3080,       3080,        1,  1944000, 6e15ffa39bbec59ec702ee8115ffab58e0b20724c61b58dee318c739219e202b
0,       3081,       3081,        1,  1944000, 0c345a492bd8919e868172262471d558c3eb987d3e236858620e3e8228bb7983
0,       3082,       3082,        1,  1944000, 430fc1a07db60e248b311f683239049ed1032fccb8a0cfa048aaaf87438348ea
0,       3083,       3083,        1,  1944000, dfdc5ed7b1708b1d5bf3b7236a5393833369fac7048639803f9c7c8ed0037d1c
0,       3084,       3084,        1,  1944000, ea58245a8c646a1415e997171ac53df54a0fd17b62ad9cd732c2bed0d1d2b211
0,       3085,       3085,        1,  1944000, 950efd68edd77553b338b40fef39858ae962637072f218df1c8d7902d394073c
0,       3086,       3086,        1,  1944000, 950efd68edd77553b338b40fef39858ae962637072f218df1c8d7902d394073c
0,       3087,       3087,        1,  1944000, 950efd68edd77553b338b40fef39858ae962637072f218df1c8d7902d394073c
0,       3088,       3088,        1,  1944000, 8bc9632718d3365a167afa4a9a16e1610cc05466e93ef67265b97072bc358f19
0,       3089,       3089,        1,  1944000, 5919afd022c595459849fe56ccad1b13830cced66da63612b4ff414699b26450
0,       3090,       3090,        1,  1944000, 64fcb9205ef61f2fbed3a1bda734f5ceb9ac9d070d6e2344db83a324f89dbc11
0,       3091,       3091,        1,  1944000, d72f2a64ed56e53c9190baf35b38a31771ac29934d0f365130efe09b61aed698
0,       3092,       3092,        1,  1944000, 074a11e59f21e1e6c420e8c02529e5feb86e30ab949338202d35b9da372b765b
0,       3093,       3093,        1,  1944000, 442948d182e6e113ed786b62f79bd74a15d19ab8877d6716182749eef1726237
0,       3094,       3094,        1,  1944000, c7cb86b678fb5b28a7fb65f8f8b13911c751b71effe25aceea86f64c43e1e5ab
0,       3095,       3095,        1,  1944000, 16081c7b8f8063f8ecb7f3ddbb3e3c8e45ca8ae8e67a160c7f540081867d57ab
0,       3096,       3096,        1,  1944000, b93495c239c28494919b7d41454d1679be7c76a2497b922cabcc6a2b3e7786fe
0,       3097,       3097,        1,  1944000, 34950debf2dfb728eca05b05daaffafaa2dc96d2dc828168a2db5cc311eb30e4
0,       3098,       3098,        1,  1944000, d0ae2755a61c3f2915375e5639118c9197fdb9c3b692597d8d62e60fc65cba75
0,       3099,       3099,        1,  1944000, a76773125141e74e21cda5c78dccbfdb8b2b58d8dbe71653439eee48297b9b3d
0,       3100,       3100,        1,  1944000, e2591640b7dc94a66dcbe50ab802081ce3868caed9eb4cfef37493c1df44a915
0,       3101,       3101,        1,  1944000, b4954e81b95c89fb14a90722492b008d888c370b264b24e1ede9fda3de23ce47
0,       3102,       3102,        1,  1944000, 53a69c78a2e90732af9448b51429cbf3e76107b53de1e00eedaf62b7362b086c
0,       3103,       3103,        1,  1944000, 2621d3507d68967ce82fea210fb9f815e3d2388dd9fc4508cd9606763fd04dbe
0,       3104,       3104,        1,  1944000, a018160bd3e6b415ec28c1818e0ecaeed5047b9abd9def6358e0c5b4e201d95b
0,       3105,       3105,        1,  1944000, 30bb1186fe3ea70efd815f40f75de328dbd7884f2e7b2a2ddf280d5ed19fe68c
0,       3106,       3106,        1,  1944000, bb930cbf2d3670c7ef6e73882fae35706f95fcc3ca81edf2e68dd892d7d34d8f
0,       3107,       3107,        1,  1944000, 35672794353744bd7e1f8b8f36850fca404910c31f53f81867c32a27994f20ca
0,       3108,       3108,        1,  1944000, d66242947967af76c3a211e16b618d8fd79123533594518a913e24b3ed856daf
0,       3109,       3109,        1,  1944000, 1a3e04c33926e2f6de72357742236b0f13a56fee0e95f4d7ac48e08c60b5066a
0,       3110,       3110,        1,  1944000, e8417018a9e47fd3fe4bdaf063aedc91f9662bbcbd44b5c4d199908f007e279c
0,       3111,       3111,        1,  1944000, e8417018a9e47fd3fe4bdaf063aedc91f9662bbcbd44b5c4d199908f007e279c
0,       3112,       3112,        1,  1944000, 7369ad76b26401e491188115596ac2e40a9845ee68a0c54ccb00bf6c768237aa
0,       3113,       3113,        1,  1944000, 9ebafd2767684fe744f42e909d06cdd7d489ffece41982c5194d0499f466dd4a
0,       3114,       3114,        1,  1944000, 9e03ae66bc8906a3189659d8aecd11215b2a7fe43782b5abe13ea6b9a90ed087
0,       3115,       3115,        1,  1944000, 6086e916b6c1b89e9612115b2f9bf70d48eeed428865d34c56e8d0f19871cd5f
0,       3116,       3116,        1,  1944000, 8845cacf02747428314eb96c080c1f5dab04b27de859ab3ab1b56c6c066ba056
0,       3117,       3117,        1,  1944000, 1391b110d9596d7fb9493a48193189d39fa02010c6f3aefeb8a92d19ffb75e3a
0,       3118,       3118,        1,  1944000, c81543283763101e82ce82bb7eae078bc8185650eaffc95b11b0dbb1afe70acd
0,       3119,       3119,        1,  1944000, d8848f261ccac3746997d43b8a7a09c75d6234b8cd6a7827584b99c0f5cea690
0,       3120,       3120,        1,  1944000, 93edf8feb415c782f5b27f5594ae9123d2db1342cbcad89eaf069997e24dbe14
0,       3121,       3121,        1,  1944000, cde184529595eb647cb485beda0afcc96a100275c7c45ef59995b54cfbc9bf94
0,       3122,       3122,        1,  1944000, 368f68b85eb543c679227898b17da71489a42452460d17c0b40f259b930f809d
0,       3123,       3123,        1,  1944000, 028d41f852453ecd0adac2ed0b902a0016f3d944494d5906223645e78a5bfbb5
0,       3124,       3124,        1,  1944000, 0cb86ddf6ce5bd546c582912c1ba75cc195b473ac0d43869aedf0fb2a2c27fa0
0,       3125,       3125,        1,  1944000, 552d829587561f6d2801e4f08f18fef8bae7dbde4cd362eb7994a0facb98a435
0,       3126,       3126,        1,  1944000, 265588295e4684121a79cc75e5b25bbcc9214b2cd32865fa16e992ef9496bcb8
0,       3127,       3127,        1,  1944000, 265588295e4684121a79cc75e5b25bbcc9214b2cd32865fa16e992ef9496bcb8
0,       3128,       3128,        1,  1944000, cd2fa8ddd0e67c53c0448c960432cb2d61b4142c65a47de7092ea6aff8920f00
0,       3129,       3129,        1,  1944000, a8939cbe5bca1e3329f6dee376af09a7e16903a0925e9bb40504b7f03bac48d5
0,       3130,       3130,        1,  1944000, 2cdb767cf3c28371d360792cdd536489ca8f3e84190d55495bf6ba0b8738503d
0,       3131,       3131,        1,  1944000, 320d59bd168f414d89d1c0b7d8ba643b6b730cdf131486d6cb4586326ea6d36f
0,       3132,       3132,        1,  1944000, 7209e693732445705d0a11f471f6d614db82d2000559f16152f3536025fca7ce
0,       3133,       3133,        1,  1944000, e5992b2932cb866d34ea6bfab91e7068b10b11ac514d8d653c91ff7c1ff5f361
0,       3134,       3134,        1,  1944000, c2ae8667d626eb307da8347b8f00f3861d74557f830f2f3f6fa4defb611fcc09
0,       3135,       3135,        1,  1944000, bc73db5268eed84bbce7d18da9a7c1f3a394cabebc6b0ae1fa52d07500ff28ab
0,       3136,       3136,        1,  1944000, 69eb26e60a74cbb220909a1fb4d1f8ce3d63fd0ee25f9dc1d66e210c47b2441e
0,       3137,       3137,        1,  1944000, cae0e67864fc9e269c79089aacdfc79f3ad4d7e4fc177827679e865d734b08b5
0,       3138,       3138,        1,  1944000, f387284102d0f0662ab036a959781864f4371e11b1fca6fddd9618d4580bea75
0,       3139,       3139,        1,  1944000, d4c9113c81ee62edc11bab5a06397a69c6bebc85a630b8f340fa03e9e5597e86
0,       3140,       3140,        1,  1944000, a3ba741dba1e0a437c7428773037e13722feacb36097f204d45eb4b6cbf0e6d6
0,       3141,       3141,        1,  1944000, 48e67ba2eff25e1e0f7e3e2ff28acb87807fc9256505b694e14c0c50f174992d
0,       3142,       3142,        1,  1944000, 9c62af840e2ca15ecdd79513d1e512f039bad7ac88c480279e438d6a8abce267
0,       3143,       3143,        1,  1944000, c887800582ac9220242cf803466096e1e3c04e2d377b64efbfcce0d2582562e0
0,       3144,       3144,        1,  1944000, e7184a6f7ffe9327356e36be4df32054c7e54fbd8ee045f4f67925cd6ffcd5cf
0,       3145,       3145,        1,  1944000, 6512ad7b86f0481d4835ec4cd019003e35822cdc49e4345d02c4b0451e3b3f22
0,       3146,       3146,        1,  1944000, 6512ad7b86f0481d4835ec4cd019003e35822cdc49e4345d02c4b0451e3b3f22
0,       3147,       3147,        1,  1944000, 21328d3c0d79cf6bc05857842afde658f017296101901f452c11c4bc2aae822a
0,       3148,       3148,        1,  1944000, 7d4ab741d8f6f20396acba3bb53062fed1fd2574c732ac2b31ba104c899722f0
0,       3149,       3149,        1,  1944000, 0f974866cf8d0a7db851702801270b4a183d121168dd4a0b4bf2373c20b5c5e2
0,       3150,       3150,        1,  1944000, 045c123579c1df79d826ff559511145f6a804b528a45c4d6863b8bb43956adeb
0,       3151,       3151,        1,  1944000, b96cfe6742d2f9c5a5868be07dde4329250fee1e53c99e522d0e64136b8adef5
0,       3152,       3152,        1,  1944000, a7ab6e88b2d100f12d8bd92f1b77cb2d4f773061547655b3dbee5dd3c35c3d4f
0,       3153,       3153,        1,  1944000, 18df5aabf51ee57aa83f2036a377e62347b0e1ad79373f9346c5ecaea9906979
0,       3154,       3154,        1,  1944000, 18df5aabf51ee57aa83f2036a377e62347b0e1ad79373f9346c5ecaea9906979
0,       3155,       3155,        1,  1944000, 5ae0eccc7765a0208980de0541d1079b87cea3a705d3f5b342422b2007f22c4f
0,       3156,       3156,        1,  1944000, ecc1fa7e0a38d6ceb5e853c4a2d2ec2219985182815bd8cb0c97353dfd349b8b
0,       3157,       3157,        1,  1944000, a0b90d5c338dc47168ee072db3717382bda4e03a136bc2b40dd3a0e6f607c723
0,       3158,       3158,        1,  1944000, a0b90d5c338dc47168ee072db3717382bda4e03a136bc2b40dd3a0e6f607c723
0,       3159,       3159,        1,  1944000, 23c4aee5f984f85cee8cf8f4bac9c32a3280f47de0a954fa398fd1b5f3169369
0,       3160,       3160,        1,  1944000, 55e01b8617d07479930e621b5f4c6cd9a4430f02ea9f67115aeee0c7e147594a
0,       3161,       3161,        1,  1944000, 89df515a2396c5f00605ee1706af165d91b92b851b0b7d11d5667149ea240995
0,       3162,       3162,        1,  1944000, 76431326d9a70558a56690fc05702bd89396d8c1c73f987ac5e3cc59d1d5e0f6
0,       3163,       3163,        1,  1944000, 76431326d9a70558a56690fc05702bd89396d8c1c73f987ac5e3cc59d1d5e0f6
0,       3164,       3164,        1,  1944000, 3836f34b13091ce4653f1fa4255dc53456d31e1942a4e87cc40a132372bbd78b
0,       3165,       3165,        1,  1944000, 2fea6b746d9ab2a8cb8676aab8fdd3e66244a2b1cd79d64195ddef4af00ae058
0,       3166,       3166,        1,  1944000, 2fea6b746d9ab2a8cb8676aab8fdd3e66244a2b1cd79d64195ddef4af00ae058
0,       3167,       3167,        1,  1944000, eff493be13e6784cd7fa111c2fbb2e0e17a583df8e21d0bae33adf1c30a58724
0,       3168,       3168,        1,  1944000, bf8594e9db9ccde9ac9b26c4c8bd348cba2f5fcdd6c75d0e459ed6dd449da679
0,       3169,       3169,        1,  1944000, bf8594e9db9ccde9ac9b26c4c8bd348cba2f5fcdd6c75d0e459ed6dd449da679
0,       3170,       3170,        1,  1944000, ce99b45925066be0b14c8f4ac88ee2935706735c683c396686cd3b7420a01655
0,       3171,       3171,        1,  1944000, 7d0e477e72d1d507f5ef2f7c412e79c5f74131bd30d1da9cdc41f483dcead66c
0,       3172,       3172,        1,  1944000, 6186ad77c4a1743040a876d34d58afb943a79575eae0a38b9a4be87638e53eb6
0,       3173,       3173,        1,  1944000, aa2f8b3a8e0d0ac55ad2a92eeb54a69d497aeb5c0f84644f52d230db10b1ab41
0,       3174,       3174,        1,  1944000, 459581416803394412453eec42c89acefe9b33acb09cea1a21aeacc5f960396c
0,       3175,       3175,        1,  1944000, d971c9944354286a9935ed64b6c6b4f22889b8ae0e5a8dfca8510ff9e26991e0
0,       3176,       3176,        1,  1944000, 7f03829e2dfea399d7c73ff11a0d940bb5e4a70d49dcdacddc727592aa80a149
0,       3177,       3177,        1,  1944000, b81ad7a5f5e660cb618aa6be5852c1b10055fb34f1e61d7c015339e741f7a598
0,       3178,       3178,        1,  1944000, 2557bb87c265cde1567a25a9587378011266fd08a6ecc47e48abbe7591eaa41a
0,       3179,       3179,        1,  1944000, 30914e89d4121b5b83662b7d4a62b13637a026f3a9a9dedb25aa8f8490060f86
0,       3180,       3180,        1,  1944000, 8a5c8d1c506e94cdd60444f4fef9c9dc1c296c93200dee4987c1815206bcaaf7
0,       3181,       3181,        1,  1944000, 704a6da902499f1aab814a5455e63aa11d7123954ead239ac24a18c997bf4412
0,       3182,       3182,        1,  1944000, 83352cdfe4ee5e9d80a51368e92de865f4a6c0dc9283b3ab1c7b6133cb4d2884
0,       3183,       3183,        1,  1944000, 685eee5b5c993b24add282a75595c73a034899dcadc7e8b4da133d46e95a0e1a
0,       3184,       3184,        1,  1944000, 6e37172a0fd31424dd0ba17249ca6d25cb864926005ac17cf5e3d40ff4bc0a88
0,       3185,       3185,        1,  1944000, 59459c2d6a3f847d79bbe60266292aff284704cfaf5bc0440999950a4db0b30f
0,       3186,       3186,        1,  1944000, 850901738a58abfabaf07d1dab91b868b1c203f5e15e21dc91a84f6ee6e3a376
0,       3187,       3187,        1,  1944000, cede50c0de43687144cfce6653c81f357753d3e6d212f8bee9f1ce3265aba7fc
0,       3188,       3188,        1,  1944000, f9de85ab4b009016a2a092c755c3e6846f4a2f82ae3130bc9c5d328921600107
0,       3189,       3189,        1,  1944000, 2efcefb7aef2098cedaade31368a127ab8a2c25474437942f0a9e247835998da
0,       3190,       3190,        1,  1944000, 10655f1f5af377eff7d815d14a0c3bb2d6d77046a8675f99049821e56857edf5
0,       3191,       3191,        1,  1944000, 51971e84d42f8c4bd74a66f5b26c6d580c3237961c4f5298e683a2269ba37c28
0,       3192,       3192,        1,  1944000, 1002b4bf9b8c863ea120ebe42ffcc84451a749e05fd262622ebe2086f1d0c31e
0,       3193,       3193,        1,  1944000, e7dd62709bf05b65c902c85b1de4ae2c0d26871caea7bb609fb0a834b39ce714
0,       3194,       3194,        1,  1944000, 80eb23a24fbe6fd869f1888eb62f6e5e6bbeeb658ed3330a8615f98a175fb6da
0,       3195,       3195,        1,  1944000, c176d3eb2a74cc7591bcb7d32f25cbabdfe7b990f0547d85ee5d47fb26c49d52
0,       3196,       3196,        1,  1944000, 4c97e386f44202db886356dc247ec3f8d7ec4949528f93116e93807f7722f25c
0,       3197,       3197,        1,  1944000, 4c97e386f44202db886356dc247ec3f8d7ec4949528f93116e93807f7722f25c
0,       3198,       3198,        1,  1944000, 35fbf70ef1992c6690200ecc8a363115ec8e7c3d9c63e77b09ac760566798690
0,       3199,       3199,        1,  1944000, 1b11ed6181e35f6e8e40e974f6bf74a1987a607e8f5bb8bbfcd9d0860b830f0b
0,       3200,       3200,        1,  1944000, b3262375b8490525d3d2d2e16277e4ca9f5a4120347cd0e409a632c2943c48fe
0,       3201,       3201,        1,  1944000, 2c2fbe587bcea9d4c1d5475a7fd3cfaf0e888da7a82f5224c4b461428dff0421
0,       3202,       3202,        1,  1944000, a8e2b492ab7902ad6b80170951ed9289c7e74abc093fceb4a7a9422df2941c56
0,       3203,       3203,        1,  1944000, 85f8ebe22e57192327920312ec784b32e0837f415b69f3bcfccbc4654527149d
0,       3204,       3204,        1,  1944000, 56a55c6277e1221427d505f0bb8b9aa140c7a842f4a38b9831e4715e6aa159f8
0,       3205,       3205,        1,  1944000, 731b2460cbf894f678871f837024a457a1e93ef1b87e242b6e51629e4a2ef5a0
0,       3206,       3206,        1,  1944000, 613ef0a05e7c31d1da05a32894694c6348d3ddc42701fad3f607d0371ff9bbde
0,       3207,       3207,        1,  1944000, 7a3ac30371f66c5386efaba6d1f3e217778569c5b2059a533c8808cfc8cddce2
0,       3208,       3208,        1,  1944000, 3d747ba888961998865be37eb5b4763d547eaa6b675a917ef5cbe3e5a02fd9b2
0,       3209,       3209,        1,  1944000, ec9d9dbf65a3217241c3305266db7565dbb50a294e05cd7701c02efc26e107bb
0,       3210,       3210,        1,  1944000, cb34204c6a416cc1b629dcb1b9ca2590325d0e2deb592007f7f4fcf6d03a058d
0,       3211,       3211,        1,  1944000, cb34204c6a416cc1b629dcb1b9ca2590325d0e2deb592007f7f4fcf6d03a058d
0,       3212,       3212,        1,  1944000, af6dfe5bc686cdf33727c0e907da8f619ba55923836998ba87a5f6ebee571ecb
0,       3213,       3213,        1,  1944000, c8e5df66183c2b377015703f012ebd2d68426d3503516cf3479e61a3f61453f1
0,       3214,       3214,        1,  1944000, 6161652e9b9319daa00586d2feb3edb7a68b1b8a19f67dba772f87bbc8a76e5b
0,       3215,       3215,        1,  1944000, 11ab3ed75d6b02598beb288a0151c7193402f5ef973db0a4def7db6b7152dba9
0,       3216,       3216,        1,  1944000, c31a00aefc23445279b6024e205571ee4b34688a524f730673ccdddbd662433b
0,       3217,       3217,        1,  1944000, 370fbbfd05c3047aeb9eb148c8e3906d9c2bf72957a9625a7c2102b40afc6cfb
0,       3218,       3218,        1,  1944000, adaeb23d9b5c3341851beb4f5b989d106327a81282f2c1647692b38ae7c466eb
0,       3219,       3219,        1,  1944000, a1ea15f4fedc22b67e56841dd88daec364d47afc8c3159f8de0febc48b246fa4
0,       3220,       3220,        1,  1944000, bfd1d5e2fea0a1dfbf3582cbdcbe8e42cab1f338108b868713ad806adfe0582d
0,       3221,       3221,        1,  1944000, a31bda01516390895491373e20bde6d29dce02e01ecfa5fb0b6ccda84683cac7
0,       3222,       3222,        1,  1944000, 5cfe41b9e1a9e8e572ff3abd10fdaf8ad48420faafe235de9679ad8a01f75eb4
0,       3223,       3223,        1,  1944000, b007f5d909983793ddae98a50df5f01ed35c1b064b92aac4aa4e902cadb86a75
0,       3224,       3224,        1,  1944000, 26ebc2210d41d0aa89d81161c07bd122e0a72e05c168bc20c870ecd4a0c3024f
0,       3225,       3225,        1,  1944000, ee1e7e8981c48812326d44e3cfe8c238c3159b65988328dbada9f54a6db35e25
0,       3226,       3226,        1,  1944000, 4459f4743ed2e304cfef46ef1330987594a8599041f3a5caa6a272da3493fa0b
0,       3227,       3227,        1,  1944000, e02c8411bc24eb7b3b73e0b9fd8065b20df06b585720f42a0c02095171e2669b
0,       3228,       3228,        1,  1944000, 737aadc91a9eedf9c8e216f12a68c1df0110f14fe7370ca6ef395aa253ba5e16
0,       3229,       3229,        1,  1944000, 25d7b54956ac74e1b1cdd87db2a0e7f52831a38f087f960c9cc00f70f11d2a30
0,       3230,       3230,        1,  1944000, f693287ac1ae87b620b6d553a00491560c1ffe88200185892979a98a0b1bb5f9
0,       3231,       3231,        1,  1944000, 3e66cc97c56d058144828f8f0a013bdebd5fae5138764e811e95c7ce120dbf08
0,       3232,       3232,        1,  1944000, 626ccc40590414b326e35ccf7fc31709f33e7d92242b4854e50938ef00acddc2
0,       3233,       3233,        1,  1944000, 04548cccca86ed89d8239efed807ed8001f88a4aaf3c9a58e786f3e942c0cc96
0,       3234,       3234,        1,  1944000, 04548cccca86ed89d8239efed807ed8001f88a4aaf3c9a58e786f3e942c0cc96
0,       3235,       3235,        1,  1944000, 04548cccca86ed89d8239efed807ed8001f88a4aaf3c9a58e786f3e942c0cc96
0,       3236,       3236,        1,  1944000, 357899ed3b8a153468eef2f1ac2ecff2a9f1018855dd9a42da3a19861186b6db
0,       3237,       3237,        1,  1944000, 1d95c29d046f9c9ef4492bf2d490e254457750f3a639ba514c26a2ab61717aaa
0,       3238,       3238,        1,  1944000, 844910940ec6bdf18678863dc84b089111d0230d191cbdad9dd2652f86ad4c02
0,       3239,       3239,        1,  1944000, afb6f27b1f892955e7d6db37f9720608a3e57aa22040f0df9a5f80ae2da8f44f
0,       3240,       3240,        1,  1944000, 12030de21dd0c51dcd5436bb34591dd27a3f33f04872fd06342027b7ef110ba1
0,       3241,       3241,        1,  1944000, 7af61fc763185513ea990b4232ac86497b85446468ed2e7876b909b51849a01d
0,       3242,       3242,        1,  1944000, 2354e6e991cf21870dfc3a61d59174a6737e62b47b016913abcbc3631c30c484
0,       3243,       3243,        1,  1944000, c8a5cdc5488096b5b96f372682f979bed6d9ad9453836a82ccb51c9cb97f234d
0,       3244,       3244,        1,  1944000, 47835fdf3715be4c0ee41b68e0141eff2daac36e18fdbd59dd4bbc95f6349889
0,       3245,       3245,        1,  1944000, f032a4b85d08b8ed3ca021944d78295a85d48a4717ede7b883da2edf6dd172d6
0,       3246,       3246,        1,  1944000, 8cabe50e9175843b0cf0803b4f7b77c8c9e0d557d36a2006767330b4723514a2
0,       3247,       3247,        1,  1944000, f3e89cf6cb322c78274f22fcabd88417f85c9aa6a24198b747b6706b3741b060
0,       3248,       3248,        1,  1944000, 82d1e293372ba347a025e32c20d1ff30eac05c2b0d31ca8e718872c3f8241c7b
0,       3249,       3249,        1,  1944000, 23b74226c142533962a967f2fef8e44409d20d7f3af82e751c615b9a98b75cf4
0,       3250,       3250,        1,  1944000, bc65e397b3b191e75dc00d8565cb192d3215ac8c866f053c3d2563898c9b99f0
0,       3251,       3251,        1,  1944000, c53e4d93ad070567f9dcae1c102b87fde319cfb0b117911ba2939850d90cd1ef
0,       3252,       3252,        1,  1944000, 396abd42f19c137b266c460aecb21c9e3ee0e40906360e3aeba3015cf5b903aa
0,       3253,       3253,        1,  1944000, cf83cb94c4b631878910b459fd5341d1aec3e579fe9b031a95f25e4cdc0ea189
0,       3254,       3254,        1,  1944000, 7ab6ead7e7d2ce0e3a2f188ac1dacfa90ae6bb35f1cde066c5e1ea1c40865b46
0,       3255,       3255,        1,  1944000, 39e944c63977f06c74bfac0dbd26c354c14b88bae0712f2656761a2723492dc0
0,       3256,       3256,        1,  1944000, 39e944c63977f06c74bfac0dbd26c354c14b88bae0712f2656761a2723492dc0
0,       3257,       3257,        1,  1944000, a8ff2a15ced9280bb5f9e4c8772404b724051cd2c9485150f0e502d18a67fee6
0,       3258,       3258,        1,  1944000, e5ea63d7255e115f6f5edf9b570465814cdae951a716ca2a3d192871cc78857c
0,       3259,       3259,        1,  1944000, c1e416531c457ee1e35ffd0f3ec0d9b155afcd69801cbeb1ea5524b9b98ed8a4
0,       3260,       3260,        1,  1944000, 6d703deac8cf53e7dcd8de2a58c98dad5893ece9a3e08c0611d8002139cf9830
0,       3261,       3261,        1,  1944000, 6d703deac8cf53e7dcd8de2a58c98dad5893ece9a3e08c0611d8002139cf9830
0,       3262,       3262,        1,  1944000, 06087a03a15e505d527b1530b5d41582d06f49124736d188599a9f6d59a408de
0,       3263,       3263,        1,  1944000, 26b46b01f5800ef799071f6339dfcb260bdc6518048f9afedd0b63a5d3a5d40f
0,       3264,       3264,        1,  1944000, 26b46b01f5800ef799071f6339dfcb260bdc6518048f9afedd0b63a5d3a5d40f
0,       3265,       3265,        1,  1944000, 6aabe2f2cf8ecebb08e4ab33d3fde0e3128b73138284d1b77a213a0a2963185c
0,       3266,       3266,        1,  1944000, f7c9a606cb1521c8d5b553a26fd66638ac8e2e56d512603c1ea0e425b4b7a7fd
0,       3267,       3267,        1,  1944000, 998382d5be62c243c024c56221dac3a6a6a6ee84370fefacfd494ca5e0d816d4
0,       3268,       3268,        1,  1944000, a37681b34c40321e8c64f3233606866faee4c737c506e3848cfd1f0cda492915
0,       3269,       3269,        1,  1944000, 55d9a320b77bbac65855796499664d07de1dd04b28aa36d3cfcf900b5e830c18
0,       3270,       3270,        1,  1944000, 0e693e69e70290c9eaa580cb36bc417701679df125846fe2a2e12d9c6e3daeda
0,       3271,       3271,        1,  1944000, d5e83125d59824a063dd4e921c734ec258267e7b681c17dc3feeffc5f092d622
0,       3272,       3272,        1,  1944000, a93a6c259ca4d0dd3c6058bed1827800bd331abb8e4f9aa0d236455d6c17395f
0,       3273,       3273,        1,  1944000, e2e4fe4956fefe39c22e5af58737592f0455d623db713f50df223bbc16ad050b
0,       3274,       3274,        1,  1944000, 5c5e106280d2fb172030adf5c9d8ca7bcf9cca20cfb4c9d4eedcf459d5859938
0,       3275,       3275,        1,  1944000, 5a8f4738b9cc11a3e42e1a11af5de98133c9b4196316741ed73989cd07503b05
0,       3276,       3276,        1,  1944000, 08cac17add7ae36372b3a5c9aa0780e227dcf451c4c8a77fa7b96a5cba6fa2b5
0,       3277,       3277,        1,  1944000, 261b2d860bc85354f47beb4e64d9d2e603de8bc913663a98ee677655a1b1249f
0,       3278,       3278,        1,  1944000, 8340d2a09c74da4d1d2cdba5fe0ce8e054e27959042c65009f31904ee12ccebc
0,       3279,       3279,        1,  1944000, 454be4033202a0e1fe6a82d4e441fed813e60f55a298a89b72d4ed27bb73ce55
0,       3280,       3280,        1,  1944000, 9fbd710c0802f19790600cc337d64ac0a50bc46c89b770957876891784ac49e6
0,       3281,       3281,        1,  1944000, f5db88c670daa0ec3ce64ac62f1f41526ace37fa339f05e4888d6fbd50dc20e0
0,       3282,       3282,        1,  1944000, c7d47188b02168cc8d3374f106ec1021fe18ebc6e791658598500bc345959f8c
0,       3283,       3283,        1,  1944000, 1b1929c1d585345d996be9f83aae3cb7a742a5935f48c2326d01ad2ec114fc0d
0,       3284,       3284,        1,  1944000, 1b1929c1d585345d996be9f83aae3cb7a742a5935f48c2326d01ad2ec114fc0d
0,       3285,       3285,        1,  1944000, d14dba1dd9b6dcf7487ef879e921933c376738a74fd8688afbab7792b8bc1dbf
0,       3286,       3286,        1,  1944000, 28514a0d55799bed70494d1e6bf51dee22eafdc3204d362089eaaac5ae2929d6
0,       3287,       3287,        1,  1944000, cffeab3f8a7ce8f743a7664c0fadd6d80566fa461ef0c13b6faf0b0191b1f013
0,       3288,       3288,        1,  1944000, fa86cd6e59c0b3e9ad2e98984e76209b471b313658c8b0250366a68d29742b7f
0,       3289,       3289,        1,  1944000, f4f2e74b380bf9207de8991c64ff989dba7168dea25f6644490ad8089e0115a1
0,       3290,       3290,        1,  1944000, 932dbd75b61b1ec02214fc47e51dec1e62ff8edda0da2ab65cf8602ddf2f84b0
0,       3291,       3291,        1,  1944000, 3a9952ae816075dd8393b9976fb848e2f2d06474d71314c40d61ceff02cd00a5
0,       3292,       3292,        1,  1944000, e759bd5d7d461e1aecaedd311602d4292f196a443ffe71b43a20998e4ca56336
0,       3293,       3293,        1,  1944000, e759bd5d7d461e1aecaedd311602d4292f196a443ffe71b43a20998e4ca56336
0,       3294,       3294,        1,  1944000, 01e904cc0c5249126465f7a9f18d2c4b6d4cb65d7a32156b1c9c169030915b08
0,       3295,       3295,        1,  1944000, 8e5aaa9ded95770700968c763661b641b5d419fdc508f9b03dbf573d8540d30a
0,       3296,       3296,        1,  1944000, 28a2cca52ebbbb8e11fc4a472265cd9cde3c7766071db257f09d52731bb0d4c9
0,       3297,       3297,        1,  1944000, 0817b3ac7f7e60cef222c925575b515fccc3e12ac7dd7bd216ceac85d00210c3
0,       3298,       3298,        1,  1944000, 361650cc8674fc880685221b3c86eca789b08dad3a723d324b1d12b58c4168f2
0,       3299,       3299,        1,  1944000, 455ed58064afa14d40e74c27fa411a6f57a0a9b148ab015ed2d297f126e4a756
0,       3300,       3300,        1,  1944000, 4e47fa8a399caa66df5404f64c94adb63f671ea8eb827f6adf4c965c3cc5310b
0,       3301,       3301,        1,  1944000, 4e47fa8a399caa66df5404f64c94adb63f671ea8eb827f6adf4c965c3cc5310b
0,       3302,       3302,        1,  1944000, fc058282c21eb02eb2120d108eb7370cd793d973decd247bd8f719e639392231
0,       3303,       3303,        1,  1944000, 0033489e80ccfb322e4814950b052a608af3f25e4f6aff59b7fa485c6d838491
0,       3304,       3304,        1,  1944000, 98d222bc1e0fd26a63cdbc961cb876daa6c429f181f5c1630a7b718b99ecef23
0,       3305,       3305,        1,  1944000, 3435eff465a0c389b63887b70c229983a44c2958be0bfd201d49f15e0cd68742
0,       3306,       3306,        1,  1944000, 53b6c5ba2819449ecc3da16d0ec783c6771f4ea99d629eada8b2b00f3bfee486
0,       3307,       3307,        1,  1944000, 4b5a7fff398713bf3f5caf424e2641837bcadb834572cbb7f4d1711886fa598f
0,       3308,       3308,        1,  1944000, 4b5a7fff398713bf3f5caf424e2641837bcadb834572cbb7f4d1711886fa598f
0,       3309,       3309,        1,  1944000, 4b5a7fff398713bf3f5caf424e2641837bcadb834572cbb7f4d1711886fa598f
0,       3310,       3310,        1,  1944000, 5189792ca99d9757796aa0309e0b82c275968cb741fc21728c9d2e16016ffda8
0,       3311,       3311,        1,  1944000, 20f636de7290c2d03930b265d0cfc0dd51480f0de3fd928aa5cf0c2369405c29
0,       3312,       3312,        1,  1944000, c4030ebafa3926e1bfdb9cdcf772a553fd7c91742f99f587a12257a1a8f074c3
0,       3313,       3313,        1,  1944000, 348cc2fe0597c1b5d8e3ceee2e6f4455b87c923f82f7552d31a22a2359f3955e
0,       3314,       3314,        1,  1944000, a574ed3da476a599e201c04aaa8d1532e129023397f1e9fd9259f35b9ce17708
0,       3315,       3315,        1,  1944000, 6976ee31e2a15b851657a95fef754bcc380cf17b0270bf2e086e54ef710e2cb7
0,       3316,       3316,        1,  1944000, 6976ee31e2a15b851657a95fef754bcc380cf17b0270bf2e086e54ef710e2cb7
0,       3317,       3317,        1,  1944000, 6976ee31e2a15b851657a95fef754bcc380cf17b0270bf2e086e54ef710e2cb7
0,       3318,       3318,        1,  1944000, 0f55d66c0d10d61e591fa5942f558a85995d9e94272b0c0d5d4f6f1a27c9bcf2
0,       3319,       3319,        1,  1944000, 9dc15a392846049a4c12c09f591f1bc90e92972356b1ae31ec3dee8d6dd408ae
0,       3320,       3320,        1,  1944000, 9dc15a392846049a4c12c09f591f1bc90e92972356b1ae31ec3dee8d6dd408ae
0,       3321,       3321,        1,  1944000, 65e5bf0106d0a0c3e0c708dfea45fbde2a2b3b456dc37c9dc82bd7b90a8c8372
0,       3322,       3322,        1,  1944000, 4f6973aec925b977549de4979636f69538ab55eeb74d6f3cbd3158169d18ed83
0,       3323,       3323,        1,  1944000, 02e7a37a680a16423211faf1f9cd5870de25fbdd69ac60d98cfdd25a56e8c840
0,       3324,       3324,        1,  1944000, 02e7a37a680a16423211faf1f9cd5870de25fbdd69ac60d98cfdd25a56e8c840
0,       3325,       3325,        1,  1944000, 02e7a37a680a16423211faf1f9cd5870de25fbdd69ac60d98cfdd25a56e8c840
0,       3326,       3326,        1,  1944000, 4a066a8b6e514df971f89e4d1fdda00869171bc55f3eede7a3e710d6656db2c6
0,       3327,       3327,        1,  1944000, f846b34f2c37f4d10d9166220f54d9b4ca7a5e5b6ad65edd5ed24cec98cf1601
0,       3328,       3328,        1,  1944000, 02c3444425d91e2a92d075c93edd43e2d0370b860668217a588b663b192e03e9
0,       3329,       3329,        1,  1944000, 0a9e2e3ca00a7836806bcb88c4d029543370bfa4557551bb61cce35afe7523b8
0,       3330,       3330,        1,  1944000, 9eaf24938c506a65725061680a3b814098d2031d34cc312ffd4a165d23fe925c
0,       3331,       3331,        1,  1944000, 02c3444425d91e2a92d075c93edd43e2d0370b860668217a588b663b192e03e9
0,       3332,       3332,        1,  1944000, fcd67efff332bc5b25215f384e7b2dfcd12adbbcad9e9c09a0033c2adf28e863
0,       3333,       3333,        1,  1944000, fcd67efff332bc5b25215f384e7b2dfcd12adbbcad9e9c09a0033c2adf28e863
0,       3334,       3334,        1,  1944000, 01dc3509276297f5bc14d9b7e05d1d87707de115dbde2363a9b051f625379343
0,       3335,       3335,        1,  1944000, 243e82ce7101be600702be65a473227d4c1bc3e9fe2ed4df87a79f155ebb111e
0,       3336,       3336,        1,  1944000, b0a59a33e79b208b117ef5933eabf94370f897b8c80af782c308ab4b6eacb722
0,       3337,       3337,        1,  1944000, b0a59a33e79b208b117ef5933eabf94370f897b8c80af782c308ab4b6eacb722
0,       3338,       3338,        1,  1944000, 01581b9bb643fcce03fbd93c81930dba398d821361bad9d59900e6e10ce1f25b
0,       3339,       3339,        1,  1944000, 33b795c53bdc088c7c85a2db1e8c79e9f8dc35387615e98b1f456e4d5f5ffb38
0,       3340,       3340,        1,  1944000, fc09c56212cb3507a13b1a3c5aa48ba27dd08b24536c076a75868a2a6f4b04fe
0,       3341,       3341,        1,  1944000, dbe146d64dfd01589243f4aa1ed4d1242f9b5811a1fed1f143a96414f0ec5280
0,       3342,       3342,        1,  1944000, b420102b94b9023898d844b8d891ea5cfec2d9c896f19ac698ed55e024f5014c
0,       3343,       3343,        1,  1944000, 453544200bd45a613f09b6c59819ad497cc23ce8dac075444d3dd266e24d823e
0,       3344,       3344,        1,  1944000, dc1c88380cba41f1df72406ed57931ef2f8a4bdf4673241f301e2fdcc002c70c
0,       3345,       3345,        1,  1944000, dc1c88380cba41f1df72406ed57931ef2f8a4bdf4673241f301e2fdcc002c70c
0,       3346,       3346,        1,  1944000, 7b909e9f709f2a1ffb6df640e0e393444819b411cf52e071adcb71c7242aa656
0,       3347,       3347,        1,  1944000, 7fb90ac14d032f18ca3121e1dc4cd5a4c11981b936a5a2ffa272a8f8f1ba8568
0,       3348,       3348,        1,  1944000, 7fb90ac14d032f18ca3121e1dc4cd5a4c11981b936a5a2ffa272a8f8f1ba8568
0,       3349,       3349,        1,  1944000, 0f095565b61b18627d5e5068678b506bdc925aefa8af865550bddea2d577a404
0,       3350,       3350,        1,  1944000, 59d4f748840be0bdb467a3ef2f5e0e672b327dfcc08f015bacca250b1752e15a
0,       3351,       3351,        1,  1944000, a749cc5c5f78264604c41d3f084c26a41109809fb15da25df49f19d527f0bcd7
0,       3352,       3352,        1,  1944000, a28f27a4e63559996fb08e23fa044426947eb2270e6513a1e89a6b5f2412b66e
0,       3353,       3353,        1,  1944000, 8ff29f92ced8265b97e8726c7ec9744ba716718026ea4121e694f3126b80f7c5
0,       3354,       3354,        1,  1944000, 0bd6932d6fed18e7e9aa0a0fa7028997e023ed00b23c36ddf3b7e5eab75fa391
0,       3355,       3355,        1,  1944000, bab6f5cc7b9aa150c568ae2f7fe1f53a478131c8c9cc9e17dd9053a330491c8e
0,       3356,       3356,        1,  1944000, e15d9d80d341b950bbc3211b526097b9d65925b4554f0df8a67c76b050258216
0,       3357,       3357,        1,  1944000, 25dbc943203acffaf73aac78a84f3608cb479214aa6c3cdb55bbc7abc9b10824
0,       3358,       3358,        1,  1944000, 2eed5305d7bcca864c4c04e0d5e7672ce8ff17a9965885d8c24eca085ef7852b
0,       3359,       3359,        1,  1944000, 721393c0442c68d98c35b159e0fc894c298439f76efd4c3787c2f5ab39a175d9
0,       3360,       3360,        1,  1944000, 77d987cdafea477fe9dcf66a42e16175e435c25862657ac462d426707ca70200
0,       3361,       3361,        1,  1944000, a444f2311e68e1ff549fb3a61111cad9cbd9d3fcba9a52ed153954de13137b2d
0,       3362,       3362,        1,  1944000, 9b6378be629ed2d846dbd353198793f6692cde698da8ec6a4458154a84f7994f
0,       3363,       3363,        1,  1944000, 4cafdc1622e9c68dfeef72f3ab16eb9f09324b25af865848d7076915fe14a41c
0,       3364,       3364,        1,  1944000, 14279a8a951f441d620f12901d892b245c4367185774d89384b962314f8c025c
0,       3365,       3365,        1,  1944000, 9081dd963e8069460ce5282d1c27269412eecda6d62e682490dccee6ee226cd3
0,       3366,       3366,        1,  1944000, 63797a0a2762b4a3412615f2d8750cbc8c049a7f69bc5b9064e36b03daa062e9
0,       3367,       3367,        1,  1944000, e7f73f9db7a76675947c68dc0498dcccbf333ebccf02de2ad1ea9e71e221126c
0,       3368,       3368,        1,  1944000, 393213de263bafb57f0ad53e3701ad592181f1b08a5fb78f19fc08e0212fa55b
0,       3369,       3369,        1,  1944000, 4201c79e2a8b62ed7466eb423fcd700e010126ef95ecd1941b907ee3b35e682d
0,       3370,       3370,        1,  1944000, 2499a4657275e879305f97d5cc292ec8e3f00b011ef5b6a68b82624806cd0a99
0,       3371,       3371,        1,  1944000, a012adb52e1a5336466000754d1678859fad8a6c852498fd6a451b589e20e4e1
0,       3372,       3372,        1,  1944000, 63a11c5766bb21b715be013aedfeec8d1a91487cc6ec76efebb731faf52a84b1
0,       3373,       3373,        1,  1944000, 2d28c28d8a62b572ccf0bf990e1a4cbd76b59b44be522b7237213b61890c2192
0,       3374,       3374,        1,  1944000, 1df65cc9f66d80305e60e1794d6dd8201279b842387b196584da4094377286c4
0,       3375,       3375,        1,  1944000, c9c7620828dc5eb0b971be578a86f9236f211ebf6c4da0cc1bff9b7532788508
0,       3376,       3376,        1,  1944000, 0f4da5b829038188ae2f2af5ca9e878ad4f26675baeea651fbce2e6bbc000cf6
0,       3377,       3377,        1,  1944000, f7260e68d59c2bade05c9fb14bc66e9fb88b6ed071876f2e315530569a917f93
0,       3378,       3378,        1,  1944000, dd69534fa627cc257942eae20e7778af4c7d7b89c78e74e6646efbd36d51a3b2
0,       3379,       3379,        1,  1944000, 14cd60debc5c2f27b8d88063823e5d8880d32b5e79f69c11c245845712e4c0a5
0,       3380,       3380,        1,  1944000, 2201b66a0b37af690aa20b120178a533c2320ea9ba7c83357649a6cbf0302f3f
0,       3381,       3381,        1,  1944000, 1c3e0968a4138a1f35137d39e6dca7ca611738d41dcd48154885634f8af8bac0
0,       3382,       3382,        1,  1944000, e5c42bf81920c1f7d97490a0e5599681118ba0006749e477610965ad03b425d9
0,       3383,       3383,        1,  1944000, 3366d88e00989c3da798e4e40b7bcec5579f03d6622509f1c23c91df23ff7cf3
0,       3384,       3384,        1,  1944000, 3366d88e00989c3da798e4e40b7bcec5579f03d6622509f1c23c91df23ff7cf3
0,       3385,       3385,        1,  1944000, 1c3370c6aa352646fc9fb8cd5a2d94ce3f8e1628867e9e7a4f152eb782745255
0,       3386,       3386,        1,  1944000, bbd03d0af8582625f658d30b745ae9287d51b020ed387ed18996545a076e2d3f
0,       3387,       3387,        1,  1944000, e87b83f1b6a9778fc0d65c86de8c0dbfadf839eeb31d6d0680289e2ca81c1ad9
0,       3388,       3388,        1,  1944000, d8778523bcb732081ce4908484cfd675fc490c7b6b81a6d4e816fbb5b313eb20
0,       3389,       3389,        1,  1944000, f5c651205719100c957f75bb77bf242072e6beb9619cda8a95946ca92b042a1f
0,       3390,       3390,        1,  1944000, d9f6b76487cc027779d6df2b059868c2b23e79e4da30aee409e53a69e938c962
0,       3391,       3391,        1,  1944000, 6c7e643e2b7e1bd47ea8b31c4ea812bb7c8c2b835053a96e5bc501806304f700
0,       3392,       3392,        1,  1944000, 077ae5ed91760a8025ee12198d137681b2e9135c6b307619f7987f0f47d45a64
0,       3393,       3393,        1,  1944000, 44e70ba7f6834884f0ce55be99cdd813370cee5e89cb4cae5208feaedc77a2fd
0,       3394,       3394,        1,  1944000, c16e219679479b30c2b5ead109e8a46dd78b6e274e5b555a1334eeba18ef339a
0,       3395,       3395,        1,  1944000, 43c65774932083192071a5a075cddd3cf6ce76cf988278e9bae5a1e555df4739
0,       3396,       3396,        1,  1944000, 777e386addef4ef4d741cba658afb2c359ac642b1e48543dede52a06f4a16d48
0,       3397,       3397,        1,  1944000, 777e386addef4ef4d741cba658afb2c359ac642b1e48543dede52a06f4a16d48
0,       3398,       3398,        1,  1944000, 8fcc5877ba367e6c5283e9dfbaf19fb473ab290bd59dd5333072c5c2dd8fe24a
0,       3399,       3399,        1,  1944000, 4c72c28657b42f9fc7a9a27a978d0735019f523e2d1e8b47fb0643b5a2242e3d
0,       3400,       3400,        1,  1944000, 43c9546bf68550d7bffb617074bd3d65623b6cb4dbf27a681658c2be389fe1e7
0,       3401,       3401,        1,  1944000, 6dc0f49eed0ee1f98866f0eb8fd3a94467b88527b0d79ef5df4f42d3739b6af6
0,       3402,       3402,        1,  1944000, f7ef0b22fae50e9c4ad35b6582cd8236b34dcc5bea06bf04809b62f2b1cb96d6
0,       3403,       3403,        1,  1944000, 17cddfd8924df8bd8aa60333c97c951fb6409a3322895f9f355af083201969f3
0,       3404,       3404,        1,  1944000, 25c9a4ec1dca872a877bd87595311fa5e50d0ef34a2beb7769b64aeaa9f7a54f
0,       3405,       3405,        1,  1944000, c619d25d9e5c93b3611b3a010fa416c373837f2834f4aff1ed5a8c8a9e4f4d3d
0,       3406,       3406,        1,  1944000, 569f24681120925a8007d565701666b9b12ba89175ad621e0f9d8dc9fdccdcb7
0,       3407,       3407,        1,  1944000, 03a7964db69a5611bc5a5c5e13825bad8bddf513b1cad5ee0b30dacb058dce17
0,       3408,       3408,        1,  1944000, 3a3054bdce94b8ce3e1431bcf38da228a4b7036f32d9efcb07abdba52acc4b64
0,       3409,       3409,        1,  1944000, 0d5fb735a648c2ac556c0665beeb6c4e793fb3c4dafb60475afa038ed955bf8c
0,       3410,       3410,        1,  1944000, 7dcef6645f790cbc8a5b19d605ebad153c40f4bdcdb24b3dc61e0b5429aa59e0
0,       3411,       3411,        1,  1944000, b736d514f50cd8e267ba24e35645bddc5c1d61f49e33ab17fdbb4953fe4235cb
0,       3412,       3412,        1,  1944000, 6421ac35cd5b4fd87fde12e3f616ab7d5d47798661ed2cd7a3a3192258d33452
0,       3413,       3413,        1,  1944000, 8d2408f4a947ebd701d2d0cdeb6ef087ffdcfdaeeef883b3cb3e536364fc373b
0,       3414,       3414,        1,  1944000, 39d8e065912ab7432432b09339ff2b2ce1806200004019d712b2f8af73127b8d
0,       3415,       3415,        1,  1944000, ce6a3e3ec988b218bea5610f105b12484b84c3590013d38a3e2dbae0777142ff
0,       3416,       3416,        1,  1944000, 9230068eeee377e054f1d0fc9b00d97f2b854a8efbaf3dabc33431d592bf7f64
0,       3417,       3417,        1,  1944000, ce6a3e3ec988b218bea5610f105b12484b84c3590013d38a3e2dbae0777142ff
0,       3418,       3418,        1,  1944000, a2ab0b1cd0455dc8e1c66ca4d6fcbefac451c31c90c523034607c1256b715d5c
0,       3419,       3419,        1,  1944000, a2ab0b1cd0455dc8e1c66ca4d6fcbefac451c31c90c523034607c1256b715d5c
0,       3420,       3420,        1,  1944000, cdf612b7c6ca2aa307454aa5fd6d89681fe0c99c3664226ca3c0921eb3313443
0,       3421,       3421,        1,  1944000, cdf612b7c6ca2aa307454aa5fd6d89681fe0c99c3664226ca3c0921eb3313443
0,       3422,       3422,        1,  1944000, de53d0d8fe3ea4be1a6066ca607e9cb5daa0758d5bd207824cd5d05f6933fedd
0,       3423,       3423,        1,  1944000, b23c044ea1fb8cf40a5cc5a2f589bca53efec8ce6a3792c0bec0ac817ac16fde
0,       3424,       3424,        1,  1944000, b3c976b7b1b72d92a73a712cf1f6f2ea55d9b9d3643a04a20eee5d4109aa971c
0,       3425,       3425,        1,  1944000, 3a43d4ecb1aaac2c36472385fed29c214d0b525d9bf982c7dba1b4b8359182b9
0,       3426,       3426,        1,  1944000, 0ff89875418f86fdcd574001e845e5508b70ebe53603808c61d9eb201a7ba3fb
0,       3427,       3427,        1,  1944000, f7bb6b42595ee122dc5ee873317220bc7a76d13de9261dd34a648a47596423bf
0,       3428,       3428,        1,  1944000, be4d82a8c7b33aa95cbb509beaf60778ea74bc712c33e73cda4bd788fb48422e
0,       3429,       3429,        1,  1944000, c392b93c6205273e31efca3094178c209030ca71bc0826e00e3352ad3cde1ac3
0,       3430,       3430,        1,  1944000, 463441dbd870a715a1ec32ae6474240966d480f339dcc35a3e3930e31fbce915
0,       3431,       3431,        1,  1944000, 81b46ed04405bd9ca152d3833aeb3d664ed0385651b2e7f195f4536a164e227a
0,       3432,       3432,        1,  1944000, f148ba280f9fff8d47cff44ef4b2d5f894c6aea74911762a77196b90395ae4bb
0,       3433,       3433,        1,  1944000, b9777b50ef3248abaec022e272f665ae2dc1634f2b5d93d7e462630d3c01c92c
0,       3434,       3434,        1,  1944000, db75a21545d89d3fd8cdf14cecec7a9b6669c9bd96564ea3f5d890da06828db8
0,       3435,       3435,        1,  1944000, 3b0b573e63619fd1ae1c9b01789d675dd60830c1e1ab7c632394b2672c5f9b42
0,       3436,       3436,        1,  1944000, 872bbb620183c327496321fc15bf10017463b81a2fafdf647f79ff2eb35f1a8f
0,       3437,       3437,        1,  1944000, 6a81b0e034fa57ce37949ffa4861622e35fe590289faaab28cada12626b978a0
0,       3438,       3438,        1,  1944000, f8d801e5197640c6430eb5e323cef3876690e2cab95b1d7daed6ca8634065b13
0,       3439,       3439,        1,  1944000, 611b09b995f49c09dc777512e9e2e0e8f7a5575422d20a863e3942ba001f9f7d
0,       3440,       3440,        1,  1944000, b0cb1b3cc979a322a4096a7935cad5816b6eaf244f51ff7cb6c1d64cf7745a09
0,       3441,       3441,        1,  1944000, 904e0497e5027a4100a63909a76f3ec13eebcc83a8f66a43482afd668a9af953
0,       3442,       3442,        1,  1944000, 3abbbeb0f7f3687c34023282b5d376077d382770d7505e6e0d9c9be10ad26ea2
0,       3443,       3443,        1,  1944000, 190899690dfb05dc44cce2fa7dcf06af639afe61300ee99f9f38764215afa2ce
0,       3444,       3444,        1,  1944000, 5896f9203865dabc8290fc48afaa463580e91d3a41cf0e1360ce976836b046d6
0,       3445,       3445,        1,  1944000, d3b000735cb7b2e153893c8a200c83286c76435c24612e4db544567214ebfcc0
0,       3446,       3446,        1,  1944000, 4e3e5c6872d0cd6cc55b236dfe76f18950625f56f5a3f7aaeb3e9c0d3ca21f77
0,       3447,       3447,        1,  1944000, 5bed5f520bc1ea10e35c2451b187718d36fd885be0a39510274ac1b100f48b43
0,       3448,       3448,        1,  1944000, bc7a3112e90beb0f594c35c7540fb19f1618ab996d83d8e8836673e4eaa3135c
0,       3449,       3449,        1,  1944000, 7efdd96d7eccdc1a9609de3babfbc492bc249134b184d1bc642447e1f2250327
0,       3450,       3450,        1,  1944000, 493f5d3b8102328c1ac0ba1ba047bdd93e20ad090adf28e9c1af46c5be8e0981
0,       3451,       3451,        1,  1944000, 629dbaf517efe4e83e60213672a835eb09d313f352f4aab613413277bb5ac5fc
0,       3452,       3452,        1,  1944000, 2895f86850d8fee2fc8b1ac43fe8669cd5d3efa16f7cac6c25829fbf9d94005f
0,       3453,       3453,        1,  1944000, 88138ca3759e04e8273503be2b56ffb330ed2bdbb5afcf9e8cbb714af684f75c
0,       3454,       3454,        1,  1944000, 894538ed33a369529231e553d985e01e1bfffb9d611257e3640b51c4fb1940b6
0,       3455,       3455,        1,  1944000, 49e072d0caa0c194e795c1a02f5d9908814101f61878a2d7f4b0ee165c5bb3fd
0,       3456,       3456,        1,  1944000, 328fbd79ce9a3f9b2367d0942b04df8b05cb0815e33694e7d3ce12f48c248495
0,       3457,       3457,        1,  1944000, 1668022f0463cca12b673b4485d9a22b22da9a32d90930dfcfb658eab7e2c594
0,       3458,       3458,        1,  1944000, 53f8b965556572ab4994ac9797e552cca0854291fcc5ca0c4b6d4e9725bdbdc9
0,       3459,       3459,        1,  1944000, 35f026c87d1a07d5ba13c4d18e0a18ab6dd6cd25ab05e1578e078e4dd503cdf1
0,       3460,       3460,        1,  1944000, 69daca25ebcb6db72d57ae0b892f3bde00bbc53d910629d3ece84fb1f0febe91
0,       3461,       3461,        1,  1944000, 8f9b1f407a32d5172d89a2bd0d17103ac2726ea5b92606f14542edcb093400ba
0,       3462,       3462,        1,  1944000, 2277279e234ae22d19c32544d9dc1906d2c21de0505f154cb1f5eb98b9763fb5
0,       3463,       3463,        1,  1944000, 75ac33980fe28e1c08e88bcdf8000424243e22911de42c7a2e02b0082fd77039
0,       3464,       3464,        1,  1944000, b39ff46e7ba8d358f0f7f2f0d26a99a3074774d43dc2032dd68f53f47483c89d
0,       3465,       3465,        1,  1944000, 8ba34879b0634e982d84af3f24f12b2463a42c7136f160ffdb7b46cb4285c872
0,       3466,       3466,        1,  1944000, 6829776bfa39447578280ebd7bfca6791b495bb68677b13db0463507ce0bacbd
0,       3467,       3467,        1,  1944000, 37756a897f39aa5bb625427a8bce9b203069ad4b1eb3a59ae94896f1bc2068f3
0,       3468,       3468,        1,  1944000, d1b37abd06599ea6501423d59777ff63bc735d4a40e2f4f3709d4b2fae2f9f42
0,       3469,       3469,        1,  1944000, 2717bc87324669404527ce5eb6c9c8af381d4dd50a27342b9d2bd28f1331630d
0,       3470,       3470,        1,  1944000, d8ebd7afa187514f8868959a3e17ce7ffd4f957473269d66dd1ab9cae8ba765f
0,       3471,       3471,        1,  1944000, 6a432df4866ef2f197b70d992a5386676c44444034a51603e44b1c080c34a4b8
0,       3472,       3472,        1,  1944000, 1c3d7b429d42ec0a826f0d0ed0f3cb4b2325ec94af0770fa10ce798ee6ffb234
0,       3473,       3473,        1,  1944000, 801f63a8c44431f4d967df16adc66d4b11be225d1b2e8919f5a8b785cdbb26a2
0,       3474,       3474,        1,  1944000, 161986f0e602519c7992715cdf1e3a761a62262c36e451367b9368d4f31ea5b9
0,       3475,       3475,        1,  1944000, c5488bea6bc47ae670d2e2bd071520cd23f8556156bcb8616fabaea3e6b838dd
0,       3476,       3476,        1,  1944000, a5b349a5d348c423ff8af6d599308bd8012abdfd578e9a5e47df7bc4a427cd62
0,       3477,       3477,        1,  1944000, 307b312f6bf6770082e1dfea929bd2775e20cf8e8ee16b637774bd0b0be6b8f7
0,       3478,       3478,        1,  1944000, ba78878c81516efa33c7f53266d98d3b3b91f87161e5c76ea803754a027714fb
0,       3479,       3479,        1,  1944000, 2d89d04fe65d73885322803c9b148dec9b8b72eabaa2de291c69f65d47556747
0,       3480,       3480,        1,  1944000, 4f252846de3ae1a499c549b858d9a800232a60225b24742613fdd036118db547
0,       3481,       3481,        1,  1944000, 30a64b3a8a7c5e8dd474cf65e9cefc4b28ebdf778b1b3d75e6aef21a8944c843
0,       3482,       3482,        1,  1944000, eb76df808ee2ee42c117710128dba8ce9d402c84db1c5c5b5c0a55f1e4214bb1
0,       3483,       3483,        1,  1944000, 9e6ea763dc2c3aad98eec5fd80ca8975f3b5371722ea3d5e51685aa7e4ebc79d
0,       3484,       3484,        1,  1944000, 9bc6fba7f6e2b441769e3a98bb0d27f7f6a0e0d1b60d1b0d4e661f97102e3bc2
0,       3485,       3485,        1,  1944000, 3e6b690b398c5144dfd647513a51b0af137d6d56249063d34fe3b9fac12b72ef
0,       3486,       3486,        1,  1944000, 9e7040628c86b85902058be6111b33a2401f52d0251cb1fc690a0331367f6b94
0,       3487,       3487,        1,  1944000, b62ac9971d58e3d622f8f049562f61e5f6fc1867f4a2a009e0f6a9cd5f47a64a
0,       3488,       3488,        1,  1944000, 6e7f645834338d7216343884abb15450c61e49b344c12de7e242b4af6c91cc53
0,       3489,       3489,        1,  1944000, 60a6aea22e85dc242718ec4e7e04a1a1bd4a34afc0181fa7d8340cf291cf6701
0,       3490,       3490,        1,  1944000, 5151b073ac98e01a47c9ed1e12074c43b14590f7b0b54334021f155312359daa
0,       3491,       3491,        1,  1944000, f6f20c2233f7b7050a24cb1bf177d1586fd01934499fa259900e9aa024a394a0
0,       3492,       3492,        1,  1944000, d472de5c8d50a0a33f465bcc36a6161ab5b5cbc2a82835b6a8775fffbcfdee12
0,       3493,       3493,        1,  1944000, 9a72cfa97c83e67512cb44f6ce19514a4b231127ca19f20ad5778fa8b1588c2c
0,       3494,       3494,        1,  1944000, c054eb4f3644786378e654b7a7bf09be85212d3b2d6f2c52c34b73677d4f935f
0,       3495,       3495,        1,  1944000, cb1989ae5fc101cc48b70f16e83de5343c9f3b21ac18a51084a985653154a0e9
0,       3496,       3496,        1,  1944000, af9a38ccc8a4378d386c0043e8419b46abb3a9c0599bcf0bea5eb69cd69340ea
0,       3497,       3497,        1,  1944000, dc8d2fee21bed9f9505bfa26cbe5af6409b64500872f7b33adff97e72c919491
0,       3498,       3498,        1,  1944000, 595b7e75e1e6f18c28ca8cc947dadc3f5284a03813b6cd77759ec56306d85340
0,       3499,       3499,        1,  1944000, ee3ad9044cef7c86c60f9f537ef1c5c4a97c4735fa858a408c4a8a5bc03a1b75
0,       3500,       3500,        1,  1944000, 28b638cfb178597269d3742512fd7bc780eaeda782f502e73fa4a6c585ba238e
0,       3501,       3501,        1,  1944000, e28ecb3c0c72e72be6b158487646900f93cc4c279c74adce5ce11e513a1c2697
0,       3502,       3502,        1,  1944000, 194b6e9350f442eecf8c214e6fd7a07192fcd47a488f2c30c9be2967d1d5c423
0,       3503,       3503,        1,  1944000, 55204881408be4caf1273d03e3853d24cf7b4a2360ab93e6642899525330cebf
0,       3504,       3504,        1,  1944000, 4f08cf55b1a157f05af0c318db9798a98f3cb2d271026e24496bf76a023da34d
0,       3505,       3505,        1,  1944000, 5b566f9b82bb7e57dae0bca58f29e9cf7249f2c853a1de1011f20869f0b63fb0
0,       3506,       3506,        1,  1944000, c661cfb67728ce5bdabf97f8f03db48e159e9faff4acbda44babd393d5aa1ab3
0,       3507,       3507,        1,  1944000, b6cbc657652fc04841c3e5704aab173dce28e4d270aed5d985ce52234feec49e
0,       3508,       3508,        1,  1944000, 48860ef69e2de916110e722eb48d7886259cabef3f9492b054b460ed7c2473af
0,       3509,       3509,        1,  1944000, 08996f56774235b9116718e50ccb463637e18022963d98e0d547eb16377ea757
0,       3510,       3510,        1,  1944000, 76d1306f330a89bbbf3418e962aa838c6ce5cd3dbaa9099d062bffd21d0cacad
0,       3511,       3511,        1,  1944000, 73663849763d0c55bb0c64b8e8683f810982293b2121ddb3aefe80c19f4552a1
0,       3512,       3512,        1,  1944000, 68f820228612974776a3307a8aaab5b8a598f21ecdaf02414a96b6ec65e8fffa
0,       3513,       3513,        1,  1944000, 8ac2c1966b3c7ce620fc662fd161e5747e73429f0b9cac776f477e9d2bc41507
0,       3514,       3514,        1,  1944000, 14a95e074d57ce63fe332598da4ff5a6017a96c705df328e6c9a35a4f5921199
0,       3515,       3515,        1,  1944000, 13803898d6efc2a439f9a2d321f65873293cd3dab77e48141b0dec493168908a
0,       3516,       3516,        1,  1944000, 1b5b5212c9c475a6e3f7512fb5e4c43020dd67fdbc7c911c2d69957572510080
0,       3517,       3517,        1,  1944000, 35de5fd334ab29b1aaa467cd0acc51bf3284e54a8e3341ab0422bc7de663ed75
0,       3518,       3518,        1,  1944000, 53bc0f9512f3207297a110d8b1a5953e62c320ebbbc1ecc8e31dddaef762b7f1
0,       3519,       3519,        1,  1944000, c2a4da2797c798f97326767f24a1a5b67aa3e799732841635f9955319cfd4587
0,       3520,       3520,        1,  1944000, 7d227ead3a7db36b551d4619f716929fd80414abeba527f763ea3e1e1d61312c
0,       3521,       3521,        1,  1944000, c4cb410e603aca3b31ec938606eec8c244b7a73bd609a143d0088c3270a1313f
0,       3522,       3522,        1,  1944000, 32b8a6828e7356a3aa3b45087f88271fb641e1476d6655bc7cbbb8070e53f0ec
0,       3523,       3523,        1,  1944000, 43933d1df62f8e1c389e22c07bc20000ac414d4d7933a60e01b4ceeeda191d30
0,       3524,       3524,        1,  1944000, 4ba5ae990be16cb96c14e65b98deaa056f1c69e03325475e331e77765e18a031
0,       3525,       3525,        1,  1944000, 70169e5888bd01a86df4a2531c6954231c96e83a0dcb695d7b726fa7cc2cd33b
0,       3526,       3526,        1,  1944000, e1d358aa0cb18c411b9c070f2536ce303ef3d2db0e9d2468172ce0523d270446
0,       3527,       3527,        1,  1944000, 3eb9ccb2b41d32f9efce33e11ce5155ff2c909b89659760429847fc3d169a581
0,       3528,       3528,        1,  1944000, 83360cdc24e3909dd7d8a4827cf947400725ac418e5c3e807d49e4572eec8088
0,       3529,       3529,        1,  1944000, ca9e8f38305e4b9b4e699ddbf83bf87a95718fa59729ddf4ebb1ef52396b7bd3
0,       3530,       3530,        1,  1944000, 22cbcf1c07ccc5024f796e9163bd25aba8ca832e9bd5a64e9239869ad56f25cf
0,       3531,       3531,        1,  1944000, 22923242dbd84d1ffe28a1d456d0decac132f4970af34d442db85eeb52bc5867
0,       3532,       3532,        1,  1944000, d191840c4ba56159461b756486e6e0c0a5b8364fcf617d8edd608508a7c57961
0,       3533,       3533,        1,  1944000, 793c3139e2837a70cb8907b521f53edeb409991b5c4616976f5260eb3825cbd2
0,       3534,       3534,        1,  1944000, bf478d9c8bdebf752d25f5ccf045cc242289c746173004f8a799a36df4b89062
0,       3535,       3535,        1,  1944000, bf478d9c8bdebf752d25f5ccf045cc242289c746173004f8a799a36df4b89062
0,       3536,       3536,        1,  1944000, d6de27a4a6db95339e084f68b96f9fb77bdbdcca505a63fdbfdc1f01917617c9
0,       3537,       3537,        1,  1944000, 111fa2097276a8b8ec16648e5f358726fb1cefb70ea774ca07ce87fc85b23c6b
0,       3538,       3538,        1,  1944000, dd772af44846294fc4c515b7adf895e4d0fd6dfd54ee545f0ee7de48a4c225f8
0,       3539,       3539,        1,  1944000, 07970f03d79388fd6f27100ba4f72be9531124445f66046bb3a72f0e46406812
0,       3540,       3540,        1,  1944000, 4fec657c8892597eee62195ff9b3643ef6d6a5bd0fddd2cb7c2c46ac69ab22da
0,       3541,       3541,        1,  1944000, 1c00f4b255584d5b8bfe8f75545454fbae1745a5dc01f10e1344567f402c46c4
0,       3542,       3542,        1,  1944000, 34c6eebca855c7478fe3ab09e3aec0468931f11e2e9044b4d12f0b1e1c331cbc
0,       3543,       3543,        1,  1944000, 1c00f4b255584d5b8bfe8f75545454fbae1745a5dc01f10e1344567f402c46c4
0,       3544,       3544,        1,  1944000, e84565a2c5d519621246eaee35d23812be4fab87302e9f7d606947d4ff68b57a
0,       3545,       3545,        1,  1944000, 4c45e45208d091ccfd5f88392b0f8fc27c1aa682ec56fcfd1dee8a95d4e5a4fe
0,       3546,       3546,        1,  1944000, ffca48e4d6585e8745f518f591961f47293f06dd21e7104a1db2fb0476a6bcab
0,       3547,       3547,        1,  1944000, 83fe3f32166bbebdfdc610c977d9b24a3982fa748272ef2629d8848f8c2c74b5
0,       3548,       3548,        1,  1944000, a8241aeef76c5779c963101f17737e5e90c37d22995fe3548011d8f5bbf385d1
0,       3549,       3549,        1,  1944000, f3524ad5ab6f0807dc61672590ea9c95951e805d031fde531499bd07520c6ffe
0,       3550,       3550,        1,  1944000, c06d8f22344d34600592e5b6804609cfed71f19dc202e19814f4df4ffa3bf039
0,       3551,       3551,        1,  1944000, 22e1ca900a3422ede3b98b940291e94bafe91c83993fcac118bcc3c4c8eafcd6
0,       3552,       3552,        1,  1944000, 1ef1d074e8d1bb661ae1b956e097f501c3289c81d3b13941acc8e876aa5dbac2
0,       3553,       3553,        1,  1944000, fe4c5dfaf568cecfbc5284b361b0e7b0d6edccb22e70db52b69e77ba9a1e163b
0,       3554,       3554,        1,  1944000, 44a890b6d68dcc6c323dc4aa1bc7647946afed5cad48657cfce675e82b35ecc5
0,       3555,       3555,        1,  1944000, 44a890b6d68dcc6c323dc4aa1bc7647946afed5cad48657cfce675e82b35ecc5
0,       3556,       3556,        1,  1944000, c80f3c1807995f211559c08ab4f4c987aab0efe723df25979a3b6c06fa842eaa
0,       3557,       3557,        1,  1944000, e7ede634102f94d96e8f88dc1ee5185a2a5060d11bfcf139fdde3dfdea1f3e3e
0,       3558,       3558,        1,  1944000, 6f0be8b5bb154a943bc57c2b9e902da20974592ea65088b8ad16e6d8ee710511
0,       3559,       3559,        1,  1944000, 6f0be8b5bb154a943bc57c2b9e902da20974592ea65088b8ad16e6d8ee710511
0,       3560,       3560,        1,  1944000, ada03250f50d745b049403d0558f4dfe80b04b8ef6447670606fc475a28b4328
0,       3561,       3561,        1,  1944000, 6ed3117a3926369a6192015e7a23e3099dba19c63469e5eb451b0211d8a6598d
0,       3562,       3562,        1,  1944000, cf72cbb0c1f850ce7044cb86452793a9df5d5ad840d4e9dd98e3972895c3d485
0,       3563,       3563,        1,  1944000, cf72cbb0c1f850ce7044cb86452793a9df5d5ad840d4e9dd98e3972895c3d485
0,       3564,       3564,        1,  1944000, dd75414e27b22d72e964f6b2057a77f2a699cfb0bf229c25f3b418da3d51614f
0,       3565,       3565,        1,  1944000, 4b6c9fd4205350bece57ec9d90d84f885015b58e9921092590f5da0a05f1f2d2
0,       3566,       3566,        1,  1944000, 8a2962e21637b3341eab179e856d9036686aa6bb809f6726c1c0d6a617370c39
0,       3567,       3567,        1,  1944000, 8a2962e21637b3341eab179e856d9036686aa6bb809f6726c1c0d6a617370c39
0,       3568,       3568,        1,  1944000, 22675a2361416e79b3ad6c419b6c2c3bf3c306884b98dcf2cdd1f2eaaab6552a
0,       3569,       3569,        1,  1944000, 5ca2abf459ffbae69b15d8d25d68e0b03d3b73660aeb3ea08ef0ae60e846f74d
0,       3570,       3570,        1,  1944000, 5ca2abf459ffbae69b15d8d25d68e0b03d3b73660aeb3ea08ef0ae60e846f74d
0,       3571,       3571,        1,  1944000, 5ca2abf459ffbae69b15d8d25d68e0b03d3b73660aeb3ea08ef0ae60e846f74d
0,       3572,       3572,        1,  1944000, 6971780e2624648a7bc811d946cb7c7a805c8708ad3f3a463a7fa5502c0ac06d
0,       3573,       3573,        1,  1944000, 98ee9b82da7ffde48ad8381299eae859d9f65c124b3dfd2fd4353f40968a1a71
0,       3574,       3574,        1,  1944000, 98ee9b82da7ffde48ad8381299eae859d9f65c124b3dfd2fd4353f40968a1a71
0,       3575,       3575,        1,  1944000, 8ad8af633ba70add2ed2c83879f65c365d0e766d5de82f20984c01ad32ede61d
0,       3576,       3576,        1,  1944000, 3626c01cee888d9d78842bd4c8bed05de305d049da6e12a40064853be72f1aad
0,       3577,       3577,        1,  1944000, ba60f6548d55f50a320ea670e3013b77f88af2e71ca60b9dd1209edddcd837ac
0,       3578,       3578,        1,  1944000, 10945db7d30ba186b15bed23bd28ff4533a61d26dae859ed1716cf31314c78f1
0,       3579,       3579,        1,  1944000, 10945db7d30ba186b15bed23bd28ff4533a61d26dae859ed1716cf31314c78f1
0,       3580,       3580,        1,  1944000, b94dd2178f0ef9e7d8d21cf09864b53cf5984ac6e26983fa6f64ecf11e4ca736
0,       3581,       3581,        1,  1944000, 4468ada7867545ba15fa1606ce7118f700c2413173c3202c381e247ee1c3edd7
0,       3582,       3582,        1,  1944000, ff4b9454dc948e44432b4fe90e4a86c9fc4f315321ffb51a79facb32dfe66290
0,       3583,       3583,        1,  1944000, d800dd7305166d76bedf171507f490447d2db42666d7b4220e6e31868d1741e7
0,       3584,       3584,        1,  1944000, ed8bf9475ed45b3d4f9888a809fb9e043274bb99c2a23f3f8b3f7c1ec232892b
0,       3585,       3585,        1,  1944000, af6404f5a5fb6039b81ff44e69fd5112563bce8e59f2855b3c31997ea6644698
0,       3586,       3586,        1,  1944000, d62d2488c5992bbefb5cbc8615f009228fe3c7a2041da7ba39a016832be66f97
0,       3587,       3587,        1,  1944000, f98e9de11503a54855bb67fcd4cfc6a35f7b58d251355e3bf95fb173d288d413
0,       3588,       3588,        1,  1944000, 7864fd5859de3904fed1a7255f6187ba1a6dc448ff95e37e8e872eafbc1d19b5
0,       3589,       3589,        1,  1944000, c64b325207fdea14f0f2fd402501d250ba9eaae832367a10f98a8386aa966881
0,       3590,       3590,        1,  1944000, a7063ec3d3e8e0e4fdaddef6e4dd4f6f760ba2617951a715b93da31d37c9d529
0,       3591,       3591,        1,  1944000, 1cc6a5fa521829ecfb208f9f386fca174250b006bd0db38ee754ec3bac868d07
0,       3592,       3592,        1,  1944000, 6ac3d6ded87175079e67b18b1c98c9239f75da54ddd9a18ec6fba2a88ae80312
0,       3593,       3593,        1,  1944000, 4aa857ac2be7b4a06da41d3806a345d1e24fca56aec5f136c8c12aa8709d6878
0,       3594,       3594,        1,  1944000, 4aa857ac2be7b4a06da41d3806a345d1e24fca56aec5f136c8c12aa8709d6878
0,       3595,       3595,        1,  1944000, 0d2a7967b4905bfbc71823206ba4ad6625f9ad0a04867a1e8764d713f0e7d0cd
0,       3596,       3596,        1,  1944000, 15dfc444583c76f574e8221f3524c5236c0c07f2857dd0c1201e1deb68b0a77b
0,       3597,       3597,        1,  1944000, 2d542f9c72912eaaf6715d56c172df843f7cec2ac2633d008ee367876e2d7195
0,       3598,       3598,        1,  1944000, 2d542f9c72912eaaf6715d56c172df843f7cec2ac2633d008ee367876e2d7195
0,       3599,       3599,        1,  1944000, e77c2b4229caeaa163ed2d4cf0532554ef1772acd968ae40d2e8793434e379f8
0,       3600,       3600,        1,  1944000, 22a23b673fc3c8baaf0c54e11681061cedda8fae1442962ab9b4165d25e9f7b4
0,       3601,       3601,        1,  1944000, 3f98d74d36ef1ac3733d3dda135fb12b63ca14d1e85b9560052c1ef830d2fb6a
0,       3602,       3602,        1,  1944000, b98364ec0f31b697a39f8195613cb0a160317051ed23c66c1a2155d129d1feda
0,       3603,       3603,        1,  1944000, b98364ec0f31b697a39f8195613cb0a160317051ed23c66c1a2155d129d1feda
0,       3604,       3604,        1,  1944000, e807b27c966de152421eccef4c9e69f8a58c1fd1c795742b0a427bd9dd994860
0,       3605,       3605,        1,  1944000, 20f158cf3b67d616cfa9fb6fdff886346974b78a7a5594ec14f5aaeef6cfb772
0,       3606,       3606,        1,  1944000, b3165dc2ab3f33ac5eeae8ddecbfa2061146d44ce288c90fc1166f41c58b6561
0,       3607,       3607,        1,  1944000, a4640abfb66f2e874013a89ca3467af212139e01d681f1f6b48eb657ba490313
0,       3608,       3608,        1,  1944000, d1dfa2161b0e43961944eb08deb09d2888e2276d688728f088482ea4f1eafd4c
0,       3609,       3609,        1,  1944000, 5971110128daa95bd83db8b6f6fa1d7c60d6e56efb01bb2faf6bf7353c4bbb95
0,       3610,       3610,        1,  1944000, 9a2239cc66b13ec2fd637053dd4d577991034e0650eb9aeca4d56d1c0ba2cd97
0,       3611,       3611,        1,  1944000, 766f84c9b9536be01e3eae1aa557442477c8f107df8dcc5c88fc81ee214152a5
0,       3612,       3612,        1,  1944000, 1bd3d1804b51b03ccbb25a42933d470c62ba90a2cb568fa98ec06c60c38f5b4b
0,       3613,       3613,        1,  1944000, 1362f38f7317083e5e21bf9ca77cc9492d0abc12d89e4f85d99e62925cb10091
0,       3614,       3614,        1,  1944000, f45328a2275e01d9171f3f11963df3efc6a957ad681c6d1bdd8b24c4e36e004f
0,       3615,       3615,        1,  1944000, f45328a2275e01d9171f3f11963df3efc6a957ad681c6d1bdd8b24c4e36e004f
0,       3616,       3616,        1,  1944000, 4b1b1c2487e73d83ca2afc3655d7b901426f59f34dba7efabc6fd7517de89f77
0,       3617,       3617,        1,  1944000, d7663acebc72940c368d04e8973e6f62cda1e5169a86f38e255f0f347ca52006
0,       3618,       3618,        1,  1944000, d7663acebc72940c368d04e8973e6f62cda1e5169a86f38e255f0f347ca52006
0,       3619,       3619,        1,  1944000, d7663acebc72940c368d04e8973e6f62cda1e5169a86f38e255f0f347ca52006
0,       3620,       3620,        1,  1944000, b7f7a8f6d174a89aefe3c72a0ed03ba5448ad46c9dcb16e213f5a7df649e9aae
0,       3621,       3621,        1,  1944000, 4f8f7b6553935d5be58f1ddfd9e03d416107016522c734482a567ee071608c66
0,       3622,       3622,        1,  1944000, 4f8f7b6553935d5be58f1ddfd9e03d416107016522c734482a567ee071608c66
0,       3623,       3623,        1,  1944000, c62639050bd5310941973f8e00faba0813912fe533c259a3aebf37b1f8094894
0,       3624,       3624,        1,  1944000, 8ced071e6d71aed00eedc2cdc5e6b30e41c016b4361667ebcb1b2e66378efdf1
0,       3625,       3625,        1,  1944000, 1c5a4ed2ef46d37de6cf1f51dc5c2b0295b226f63e0b124a0de1f711522ae7be
0,       3626,       3626,        1,  1944000, 1c5a4ed2ef46d37de6cf1f51dc5c2b0295b226f63e0b124a0de1f711522ae7be
0,       3627,       3627,        1,  1944000, 611ef324c9d7c9e924242f0c10a348e70a099f40bc7eee5471c31559e1d5f07f
0,       3628,       3628,        1,  1944000, 5fa6074cbb2aee80974a23f4b2af00def39d6442a59ac8760ba4e1a83f24764d
0,       3629,       3629,        1,  1944000, 41e4f094ed76fce62c3f21a1c05eca30cb97e2c71b045a706534794f2a6911c6
0,       3630,       3630,        1,  1944000, d0f6d34fbac319d731569e2f119fbd6fdacf2c14c578617aba53c8e8ade3f235
0,       3631,       3631,        1,  1944000, c73f6599309e2d9d2a26689b16ed4225eb22ceecb0e90ec514fdce0df123a596
0,       3632,       3632,        1,  1944000, 5d5dc6efb66706909cd06fc6eb6154ebecafbfb634f3396d09dfe1cca018f769
0,       3633,       3633,        1,  1944000, 605e07ca9ea1f2dec12085abf5c4e3f1f4fcfcba1c7fb2d5edf890b01f19fe0b
0,       3634,       3634,        1,  1944000, 605e07ca9ea1f2dec12085abf5c4e3f1f4fcfcba1c7fb2d5edf890b01f19fe0b
0,       3635,       3635,        1,  1944000, 605e07ca9ea1f2dec12085abf5c4e3f1f4fcfcba1c7fb2d5edf890b01f19fe0b
0,       3636,       3636,        1,  1944000, f471679767b2108f8db15c0140d9d9b8a105281eab75271a315dc244b4d2c617
0,       3637,       3637,        1,  1944000, 308c244a8586fa65e389889075dbc83293e782181f9e07b0db637565dd3f1d6b
0,       3638,       3638,        1,  1944000, 308c244a8586fa65e389889075dbc83293e782181f9e07b0db637565dd3f1d6b
0,       3639,       3639,        1,  1944000, 308c244a8586fa65e389889075dbc83293e782181f9e07b0db637565dd3f1d6b
0,       3640,       3640,        1,  1944000, e8fad1527288a51b1ad2787b12900f6cfb3e89c90f338522d04b437c36bcef60
0,       3641,       3641,        1,  1944000, d3dcff155b57f8a658517fd686755d147ac655d0e7d8a4602bbf6f6e809efdee
0,       3642,       3642,        1,  1944000, ebda776b3fde118390ca575c09bd69f71935c37004ee265e6e933e7cfaf1f919
0,       3643,       3643,        1,  1944000, 1515ff07e4254c52d4a634a68479e68c187679e52e8a1824da9b1c0b9eddbecc
0,       3644,       3644,        1,  1944000, 97d760c20765daba9962546b5759e8c7fb07896b0b5116b6e70a3999e726899f
0,       3645,       3645,        1,  1944000, 2ae3b205be7be509d0e54928fd2a04669b2dba84daa04487e19c615a43110146
0,       3646,       3646,        1,  1944000, 2ae3b205be7be509d0e54928fd2a04669b2dba84daa04487e19c615a43110146
0,       3647,       3647,        1,  1944000, 2ae3b205be7be509d0e54928fd2a04669b2dba84daa04487e19c615a43110146
0,       3648,       3648,        1,  1944000, 2ac7cae4768fa4c0ea405364c98474660eee8d0b40b02b414e5e1266bc35ae3e
0,       3649,       3649,        1,  1944000, 9d80299900505e51f77d64ba543ef6430f72a4870e662837df5341786640a3c1
0,       3650,       3650,        1,  1944000, 9d80299900505e51f77d64ba543ef6430f72a4870e662837df5341786640a3c1
0,       3651,       3651,        1,  1944000, 9d80299900505e51f77d64ba543ef6430f72a4870e662837df5341786640a3c1
0,       3652,       3652,        1,  1944000, 4f0a34c1db3727fe4fbb5ffd1388184c0ae12681a38155a795a7777be1417c67
0,       3653,       3653,        1,  1944000, 2716811b58ebc86b5e5b60ab8fd511eda2596777f1d98554aa9ac60ce9141c7b
0,       3654,       3654,        1,  1944000, a05d2f5178ffe797919559f3907107a19e7d34122953acd22ba063f3665ebe11
0,       3655,       3655,        1,  1944000, a05d2f5178ffe797919559f3907107a19e7d34122953acd22ba063f3665ebe11
0,       3656,       3656,        1,  1944000, 2544649d6d38487e66b31223dcbf452ee9eb1719b9107b3729dbb5b5d570f429
0,       3657,       3657,        1,  1944000, a47031f63fc907a87f42d979b99b94de8ee15039fd18e40a10aeb808bf6b733a
0,       3658,       3658,        1,  1944000, 545e8caae77fcd714a0d36234c7bb5fe2b7d7ebcaef3af94e33ceb7054316649
0,       3659,       3659,        1,  1944000, 545e8caae77fcd714a0d36234c7bb5fe2b7d7ebcaef3af94e33ceb7054316649
0,       3660,       3660,        1,  1944000, 506c58d524e04fdf4bd5fef90de578bd109e9e9f43c646096a06bcb39dbbf9ae
0,       3661,       3661,        1,  1944000, 8e0cd63781a8d6fc7d6004dbc55834bf697944850bff8cf44f30f507860f6316
0,       3662,       3662,        1,  1944000, 7d5b86d532d191bfe5be83304a44097e3853012846c0ca3c63946bdb15dcd880
0,       3663,       3663,        1,  1944000, 7d5b86d532d191bfe5be83304a44097e3853012846c0ca3c63946bdb15dcd880
0,       3664,       3664,        1,  1944000, e89cfde5464e79bff8893259adab1849955dce1e878163e91282e1f50b5aa4e5
0,       3665,       3665,        1,  1944000, dea0b37b68ddb3ad7134d17be12ac8a93fc0ea81cb646e03039db589d2fc3dc6
0,       3666,       3666,        1,  1944000, d7756883fc147b6ce26ebe8ad0ca76b504719e2ac8227f9916943efa29acf3f2
0,       3667,       3667,        1,  1944000, d6840e7d61d56a649fd81c79f8b39cee61cadc805e48d91fe36d8726ca39c78a
0,       3668,       3668,        1,  1944000, 2b70e2f7d17bd1d37e8cfcb3b945305d3acb9aafaf430bf906d8ee3f95eb5c5c
0,       3669,       3669,        1,  1944000, 8d4cd3ae7359758b03eaecc5f21646abc4f69b6e050e87a3de59b5f480aa4865
0,       3670,       3670,        1,  1944000, 8f3cf04624c8dbdf601cf38fba2f983b55354d7e9147f955aab7cedb0827762f
0,       3671,       3671,        1,  1944000, 0b9d11bb821857d991f80dba70c983798cc1132afa43687845bc25a0da506715
0,       3672,       3672,        1,  1944000, 0d640ff69852159a7d30fd2a176dd7a6cc332f8a91980e38b8cb9014e2f076f0
0,       3673,       3673,        1,  1944000, b6a8cc883afc4347074aeb9d77b9e4ae59b5ac06cda1cc1f34122548126226a4
0,       3674,       3674,        1,  1944000, b2b6bfc374df7a6c178bee48f7a5ba47a1e7b115a788b595667f7ac6b755280a
0,       3675,       3675,        1,  1944000, 27f9f2e12599b72ceb11217650461f1af64525f4708cb70050141c46f37c217e
0,       3676,       3676,        1,  1944000, dccac3f85bad3438e38ca82a456e3072e70ce5bbda204acaa35935938726062e
0,       3677,       3677,        1,  1944000, 99170ea2f786642d8457a945c154bb410aa1e2dac140ed00539771e967937b65
0,       3678,       3678,        1,  1944000, 83a089e776464365f8f8e98da00958d73a510988d2451aca3ad351d570d756c4
0,       3679,       3679,        1,  1944000, 83a089e776464365f8f8e98da00958d73a510988d2451aca3ad351d570d756c4
0,       3680,       3680,        1,  1944000, 7e73b4632d839da5d085c9ec2599a33e88f361ca7cdf5dad02327ba1ecf68f38
0,       3681,       3681,        1,  1944000, 411629b9cb527ff7c1de6503a0261fd925038db9926e1e5316025ff9fd30afbe
0,       3682,       3682,        1,  1944000, 411629b9cb527ff7c1de6503a0261fd925038db9926e1e5316025ff9fd30afbe
0,       3683,       3683,        1,  1944000, 1608c58e485869ed8039ec460c478fec2c58318f96acf94d7e1100ca18c5264b
0,       3684,       3684,        1,  1944000, 768fb25cab505cb1e50f181fd8ba75e7221f8a89ed107d26fb05c9291a2d029b
0,       3685,       3685,        1,  1944000, e310fcdccb164e42f557b3a7c71255eb61bfa4ae19e61e9b3f9681c7040bb38e
0,       3686,       3686,        1,  1944000, ed1f1a51b142b3a57006aef732719afcfb661f02fbcca9ef6cf451c13297a867
0,       3687,       3687,        1,  1944000, 41919cc06a0ec2db201e92f9b8eae1fc93015182f1e54759fd277922c58de880
0,       3688,       3688,        1,  1944000, b3792705477aebf95e3e75b8b300681a6b5670cf9b1f2a29f4bccd4fc4087170
0,       3689,       3689,        1,  1944000, 7160a8928fe1a555d3afc9cb4ba7eb732037c93edd7f01ec9cfa9fb353d2f2e8
0,       3690,       3690,        1,  1944000, f9f08ad4e9b3ba3695a9384b5d8878376783d234fb406e7248e2001e73576163
0,       3691,       3691,        1,  1944000, 580b1c163da57182e96843e71bd73ec22e6bef197274f9f69940f6d915ff343e
0,       3692,       3692,        1,  1944000, dcccc2524c8d9345eb7fef63b25725e1f6a2b60d4bf29f840c73fd61de840a2a
0,       3693,       3693,        1,  1944000, 19e3dda4ab4d63cd3b3ad3859dfd1e5aa261471dc4e6af7baa6db6fc31067ce5
0,       3694,       3694,        1,  1944000, 756d4bdd6773cb16089af32ed7a705c88b8a4c3c658cfe6747ab62317eead897
0,       3695,       3695,        1,  1944000, 21120fb6e388730b62359ff9f7ea9b5c5f291b32c2bb82fa98cb4ec31ec22a9d
0,       3696,       3696,        1,  1944000, e68bb664b6390e51bb24bb775a3e4c78e84eb3790d0ca1c0e24faee7cd80c2b5
0,       3697,       3697,        1,  1944000, 21120fb6e388730b62359ff9f7ea9b5c5f291b32c2bb82fa98cb4ec31ec22a9d
0,       3698,       3698,        1,  1944000, 53d86b3997300d025fb7897ba22c40c55a95391bae8150eda0dd90d62263d0f6
0,       3699,       3699,        1,  1944000, acb0d677fd5bc50ae1cf7ce411249f300fad82b15baa7760b6ef58386a0efbb3
0,       3700,       3700,        1,  1944000, 35dd49eb2754b4c44481f5bacc77b1cc9b241120f984cc5d9b34211948ab2c41
0,       3701,       3701,        1,  1944000, 1971c469c22bc9708f9502864e759afe89f0ea4c9e03ee99f6a6f925ea8572c5
0,       3702,       3702,        1,  1944000, 71c063ac88a71ae4a625a61f855e09e99ee62c47e4ade6d46d7f48ce92080b75
0,       3703,       3703,        1,  1944000, d6044a671e6f0003ab685562de395e7e6025ada33806a363d2b9fc617617a2e2
0,       3704,       3704,        1,  1944000, 6a18bfff0d6f3fcfb942bc3cf61ffbc71f742e16aa6fd66554358aa1c2f028c2
0,       3705,       3705,        1,  1944000, a551f0a178c465f1b0d146bcbb111c64ce4a1f984b6e63e6ea33258a4e5f8934
0,       3706,       3706,        1,  1944000, 8742f362eb12e426ef42fcbec96043ab9dfdaea60d602fed95796cf310058f48
0,       3707,       3707,        1,  1944000, bc631fe1fffe28dd5a1783ca1a76271fae33345830f342997724079da613ab37
0,       3708,       3708,        1,  1944000, 8d49363bfb57e66f69d0538137c32186053cd862e3ffcb83577be139046107e3
0,       3709,       3709,        1,  1944000, 150564fe262e0a773bfd7ce4c9bb3074fff33bb3952cbf3f337f0fb7c0319210
0,       3710,       3710,        1,  1944000, 32690d290dfe77ce902db4beb3c8c9c437ac43e32bbe612aa525570bd325f83d
0,       3711,       3711,        1,  1944000, 32690d290dfe77ce902db4beb3c8c9c437ac43e32bbe612aa525570bd325f83d
0,       3712,       3712,        1,  1944000, 2bfefa4f07af2111a67398c95fd70de0264d3f942caaa8f1af3575014b512bd8
0,       3713,       3713,        1,  1944000, b34805250402c12bdfd6855610b1dd7ee104363aea57f84c216f3fd0cfcb5934
0,       3714,       3714,        1,  1944000, b34805250402c12bdfd6855610b1dd7ee104363aea57f84c216f3fd0cfcb5934
0,       3715,       3715,        1,  1944000, 6873aca81abb3127781e9a31599f7af69ed02de5bd9765b2769b963f751aaeb5
0,       3716,       3716,        1,  1944000, bef4035cbfae5fcc67c5fa15eba1db5f309f0a9f16e6c36c8134839aeae10389
0,       3717,       3717,        1,  1944000, 6e584bf02b563a588a2368b97d44deb0935eeb1f199d17ccef58cb83cdcc548e
0,       3718,       3718,        1,  1944000, a087c39a6f0830e74c9cb3ecbcdf203c16aca0985a87dcb3048cd5a774dd87e5
0,       3719,       3719,        1,  1944000, 672d9527f8c0d23d8059bee37ea1173942374d982bb71e615858837f0abcb0ea
0,       3720,       3720,        1,  1944000, a66b1eb0880a5e0e05988d2fbca010577beb8acc79cf8525a3a3062a9b5a83bc
0,       3721,       3721,        1,  1944000, 045aae8af379d14ee87f3181ef78de57b853b233a98e26903a5435b584cf9fd8
0,       3722,       3722,        1,  1944000, 045aae8af379d14ee87f3181ef78de57b853b233a98e26903a5435b584cf9fd8
0,       3723,       3723,        1,  1944000, ec105d177670ae0e868e996ef4711fa10060fa5ff4d49f0f66cc1b6d2a65665e
0,       3724,       3724,        1,  1944000, 04fbea29eb8c2095e1071b230bfa70ae2950bddede63e315a77581872a737507
0,       3725,       3725,        1,  1944000, ec105d177670ae0e868e996ef4711fa10060fa5ff4d49f0f66cc1b6d2a65665e
0,       3726,       3726,        1,  1944000, f07f25d8d9c4e6e93fb182df43c74fd1697f58f615a090c6ef89c6d45a095dbf
0,       3727,       3727,        1,  1944000, f07f25d8d9c4e6e93fb182df43c74fd1697f58f615a090c6ef89c6d45a095dbf
0,       3728,       3728,        1,  1944000, a15fbd1f1f63ed586d2336026eec2c0d69fc9b1510135e3c2f16e4ce18f04939
0,       3729,       3729,        1,  1944000, 13302069fa11a5f88eca4675bf71fbfde9e63b6acaccae5dac24154c70c51659
0,       3730,       3730,        1,  1944000, 13302069fa11a5f88eca4675bf71fbfde9e63b6acaccae5dac24154c70c51659
0,       3731,       3731,        1,  1944000, 90ae843e2974372f7947553ec136128c944884adebe7a9edd5f55c43bb737f10
0,       3732,       3732,        1,  1944000, 3a517ac84680e809ecacb0cefe707aa109d90233e67cd51516cffd4d8d3fcb5f
0,       3733,       3733,        1,  1944000, 314f5bbef85b8bbece7a8de3370861ee03142e28c14a15b3dc1ef27b828d9eb9
0,       3734,       3734,        1,  1944000, fc219e733f21629468f831782e9ac1a0b6ae129a823c925131a2b5235020198d
0,       3735,       3735,        1,  1944000, b1b9f4653b8b1ba813a418601b4b60ad7cad7c6411cbbbc292bc8e2b772a0cab
0,       3736,       3736,        1,  1944000, 7cdd4c4e73705bde908997968ad40e075be41a3c2a88480e3cafc675328b55fd
0,       3737,       3737,        1,  1944000, 5de9b2c0aeeb66d507b3e5066cf01625e4a7c89b7fb83f5a73cd45f614c1a6ef
0,       3738,       3738,        1,  1944000, 6537e82cd9bf212bf894f84843b14e6e6167a63456ee9991a3bad8c073b09870
0,       3739,       3739,        1,  1944000, f3d809f7fc9c283683858f60c239530975387bd2b39f5c23fc41447eb517316d
0,       3740,       3740,        1,  1944000, 7d77510ef7c37d1de30b5152b622984f7e13239b50e55bf28a52887ec5c3c3a7
0,       3741,       3741,        1,  1944000, dfeddd722fe05cb9d49e2672a03b059c74af03ad97ffffc36d67ed88299c7892
0,       3742,       3742,        1,  1944000, 6d756ee06c3577257f1165c32d713382a2018bcb00d1f175b7b066b4377525ca
0,       3743,       3743,        1,  1944000, 6d756ee06c3577257f1165c32d713382a2018bcb00d1f175b7b066b4377525ca
0,       3744,       3744,        1,  1944000, 0cea65db0c55d32dbf46bcaf914566bf6946f25d3661c15cd845c55817d2bafe
0,       3745,       3745,        1,  1944000, 74cbd3c2a0aafaf8ffdd4c6b29cc341d8b415c8ec5b8d0efff7d3c3366ca9a0d
0,       3746,       3746,        1,  1944000, 28fe300d5eaae71cf5eb6bcedba586e0e744987482125d01488a5a4d4d924b39
0,       3747,       3747,        1,  1944000, 6e74f6d216e63a65dd4a6c331e6ba920a71365a0e8c93dc3b7f56a2091425f4c
0,       3748,       3748,        1,  1944000, ba810e4c67a829d3905e912b792484de49c79b3935466e6d6576e9ab180cd9b0
0,       3749,       3749,        1,  1944000, a23ecc53f3ed00dee373f7414dd78cc4550a321ef5e576c9cb1333ebc1e71ad6
0,       3750,       3750,        1,  1944000, 20d7f864de674b1f6d7d7fcde8871e6d05e5568e0fc91a6540ce44e6889defb2
0,       3751,       3751,        1,  1944000, 3822690a60b847560122a24a06e5419c15acd9ceec7c44d4c32b8b86e0263a1a
0,       3752,       3752,        1,  1944000, 0a989c84a17a7e252d9c8b5347d4a8109cd25f42fe68dd63467c60b8336ae7fb
0,       3753,       3753,        1,  1944000, 6847ef21c2b2736e180b38d5fd1a40309c52d7ddfa9cae7ea77a5daf755bf09d
0,       3754,       3754,        1,  1944000, daa7930e31ebe992e8836e1b87701a3b075a3bd1cb91da805619f411334f8b6a
0,       3755,       3755,        1,  1944000, 7bdb4dd2c32475862327251d559651ecce24bd25d812c9277779a556ecdf8be6
0,       3756,       3756,        1,  1944000, 1f434435c6ca505881ea3a0459eda2a62e99afc1353f5e804e86c13f39ebf8ae
0,       3757,       3757,        1,  1944000, 1f434435c6ca505881ea3a0459eda2a62e99afc1353f5e804e86c13f39ebf8ae
0,       3758,       3758,        1,  1944000, b944c5a55afc78d20ea4d77bea76bd6a82bfce9ebab5aa1bf109cfd6af3b57a1
0,       3759,       3759,        1,  1944000, 720fb4257c00b73f5b17bf5862c62e6d49d9e9e4878da5daf6d37b70db9307c2
0,       3760,       3760,        1,  1944000, 696136cfe666c686dc9cb0c3323183555908bc0dcf62c2033c1bf35241b8c1e4
0,       3761,       3761,        1,  1944000, 30b05b1f06c17377fc8b3bd73ae9706070a9811759d9d9dc61cf52e839af5e01
0,       3762,       3762,        1,  1944000, 21702ce34846e7742299b6f0eb0d7d5b953459a07ade297442a2f891c25c5e55
0,       3763,       3763,        1,  1944000, 21702ce34846e7742299b6f0eb0d7d5b953459a07ade297442a2f891c25c5e55
0,       3764,       3764,        1,  1944000, 21702ce34846e7742299b6f0eb0d7d5b953459a07ade297442a2f891c25c5e55
0,       3765,       3765,        1,  1944000, 21702ce34846e7742299b6f0eb0d7d5b953459a07ade297442a2f891c25c5e55
0,       3766,       3766,        1,  1944000, b2184dbe2da544822165e223ee011dd1219906b1bb916ba2607303cdadffe056
0,       3767,       3767,        1,  1944000, 26513b90d2cade1fcd1fe2204e2cf7efc2f2be450cc971cd9aaa9864d39e1eec
0,       3768,       3768,        1,  1944000, 26513b90d2cade1fcd1fe2204e2cf7efc2f2be450cc971cd9aaa9864d39e1eec
0,       3769,       3769,        1,  1944000, 26513b90d2cade1fcd1fe2204e2cf7efc2f2be450cc971cd9aaa9864d39e1eec
0,       3770,       3770,        1,  1944000, b42f15a6ec478a3011b0cfaf0062812cf3e73d8c06bb3efc91f2fe52d7493294
0,       3771,       3771,        1,  1944000, c9b74cc87ff65c462f77cb8ad6f552033bc619fce34b9cabfbaa797a642cf94f
0,       3772,       3772,        1,  1944000, 7894f8c34b51386fdd0edb34f56008c08e4dd6b041fe56442b78629b2fed4b7f
0,       3773,       3773,        1,  1944000, 7894f8c34b51386fdd0edb34f56008c08e4dd6b041fe56442b78629b2fed4b7f
0,       3774,       3774,        1,  1944000, 641a143645a97d4ad5195bb274d87e7d7813fe117dc4cc60d184d06b0435f308
0,       3775,       3775,        1,  1944000, 2f6075dfcc56f1ee72ccb22320a58213d47b4aba95d44e8d276978841b97d5d2
0,       3776,       3776,        1,  1944000, 2f6075dfcc56f1ee72ccb22320a58213d47b4aba95d44e8d276978841b97d5d2
0,       3777,       3777,        1,  1944000, 2f6075dfcc56f1ee72ccb22320a58213d47b4aba95d44e8d276978841b97d5d2
0,       3778,       3778,        1,  1944000, ec3db574675f02601b0e86d80b1c66058ba606fee8fac8bbb275c8be669a43cb
0,       3779,       3779,        1,  1944000, 7d15b17c0f3bd8877c31e8eb909d5a23a93a89c4a9621b0a5a546a6cecab8145
0,       3780,       3780,        1,  1944000, 6e4025e0269351d02e502d1894a4f620854311fa2531fef193155fa0c89f0519
0,       3781,       3781,        1,  1944000, 6e4025e0269351d02e502d1894a4f620854311fa2531fef193155fa0c89f0519
0,       3782,       3782,        1,  1944000, 3a7a8e72b7777e94d9203bda6cb25b95bd97674a19d7ad3a272a1e8895800cac
0,       3783,       3783,        1,  1944000, a5caa6c40d7ab1658c1a096419d413d46d82a99ce4967358bfb661a84822eee2
0,       3784,       3784,        1,  1944000, 872d4d97397835569e2281a87a3d260fb26ff0c3de4327f2594860d48c20ef17
0,       3785,       3785,        1,  1944000, 872d4d97397835569e2281a87a3d260fb26ff0c3de4327f2594860d48c20ef17
0,       3786,       3786,        1,  1944000, 872d4d97397835569e2281a87a3d260fb26ff0c3de4327f2594860d48c20ef17
0,       3787,       3787,        1,  1944000, 872d4d97397835569e2281a87a3d260fb26ff0c3de4327f2594860d48c20ef17
0,       3788,       3788,        1,  1944000, c11cecc6fba9c48ae81dad3341424f3dd2096291f4f6692329f639515651510c
0,       3789,       3789,        1,  1944000, c11cecc6fba9c48ae81dad3341424f3dd2096291f4f6692329f639515651510c
0,       3790,       3790,        1,  1944000, 1a00e5178c8da3b6a4abf85b2fde50cab227fd574cbad494be535849212a05fb
0,       3791,       3791,        1,  1944000, 531135e9c05f77e1a93b445b334c86ea072c36b26d2b002f731053e88731f38f
0,       3792,       3792,        1,  1944000, 5fd4a493c99b94fd45bbb926a6255ac47cb9c7bc5d1719ac2527ec1ac680655b
0,       3793,       3793,        1,  1944000, 5fd4a493c99b94fd45bbb926a6255ac47cb9c7bc5d1719ac2527ec1ac680655b
0,       3794,       3794,        1,  1944000, badd8f8cb547aa734299e82bdc5850cddbdad2bac04590a5bb055fe5ea1f16d8
0,       3795,       3795,        1,  1944000, badd8f8cb547aa734299e82bdc5850cddbdad2bac04590a5bb055fe5ea1f16d8
0,       3796,       3796,        1,  1944000, f8bde8c7c585aa8054c57289b6dda2471c78f338dce262f467c8582603f071a6
0,       3797,       3797,        1,  1944000, f8bde8c7c585aa8054c57289b6dda2471c78f338dce262f467c8582603f071a6
0,       3798,       3798,        1,  1944000, 9b324100e8fa77cd01630d9ce3bc1d7a9afad1dcb962ce689a7ad76fac346a5a
0,       3799,       3799,        1,  1944000, e7f13ded352eb4b31fcb8861827515f7aad34fe0ada07c8c9d1a6afd71eeb1c7
0,       3800,       3800,        1,  1944000, c43d79658d1829ce677b8b88ea4c5862dfd05fefa8803d89f2a7c65bb88eb81f
0,       3801,       3801,        1,  1944000, c43d79658d1829ce677b8b88ea4c5862dfd05fefa8803d89f2a7c65bb88eb81f
0,       3802,       3802,        1,  1944000, 97cc5c8160c88fe6efa14ad03759726fc2e4d63757bf745915aaa6639a0eaf9d
0,       3803,       3803,        1,  1944000, 29cad303c0321c68b95fab2b054d88efd12c0c084b006cb4a0fe259a879d9688
0,       3804,       3804,        1,  1944000, 29cad303c0321c68b95fab2b054d88efd12c0c084b006cb4a0fe259a879d9688
0,       3805,       3805,        1,  1944000, 29cad303c0321c68b95fab2b054d88efd12c0c084b006cb4a0fe259a879d9688
0,       3806,       3806,        1,  1944000, 77380f42b78ee1f74242831f92f3234202996c53f5ae8be6ad33dce153b68dbc
0,       3807,       3807,        1,  1944000, 7a620cfcd387306a5550e2835b8d4bf219c55075a50038f01e2c14f374a5b9a0
0,       3808,       3808,        1,  1944000, f53b806ee4d3126e214b46b7084b9f73affa6de485711cb5bc142eba7c8b5388
0,       3809,       3809,        1,  1944000, 257dc92ecdd94f3ed70e486c1de2bf44cf482aa94ebbff48ebe66eb629c6f08e
0,       3810,       3810,        1,  1944000, 044b315af6ba1276da7018b216f21eb5280534e7265e7bbad7ef85901a60d8ee
0,       3811,       3811,        1,  1944000, a6c3bd4ba3888b7775806fad753a2b970ea147c37f4d890af9ead54554e702a9
0,       3812,       3812,        1,  1944000, 6b4877b629057ee91a0116f97c040f1ad26619555b67daf73a95f392d9ca360a
0,       3813,       3813,        1,  1944000, b849f0c8ebe73fe6f5230da05143c3730dc0dac9751787fa8c249d2caf0f34b6
0,       3814,       3814,        1,  1944000, 7d75f98da2b572c77d1101ed690681c56d0b45bdba795ce78521480e7133fe3e
0,       3815,       3815,        1,  1944000, c5376e9e85c277a02186f06a1c5dece1041102a368e7cbbe992cb6581d1c7568
0,       3816,       3816,        1,  1944000, 6dfbc0753ac47f436da141d87e4bfb5c9abe626415c2f40559f6bcfef88e24aa
0,       3817,       3817,        1,  1944000, 58b61508edcb6d8d9a9fb9717a2371f29a8ee671e572c71b30c1ac4afaaf4606
0,       3818,       3818,        1,  1944000, bdf4064fd572ed5dffc8a2c898e0587823ce4ff453933c1d28ff3ccc0ea26a18
0,       3819,       3819,        1,  1944000, c639e39c9b76458f8592ed476dcf5d19349f399485dbf21452b140f868990a1b
0,       3820,       3820,        1,  1944000, 555e438e6c2eedfb6fee6051e1136e225dbae19c42bcb8797bf3e9cf6196132b
0,       3821,       3821,        1,  1944000, 42599faf7632191b8e5c27d23c89785c619e5c1d2de1f2b22f55b78a3a67cbe3
0,       3822,       3822,        1,  1944000, 9bc9ae192450bc3902aaae71c6171dfff641bb6fbffb2b7de2441bb73ffba101
0,       3823,       3823,        1,  1944000, 407af60103b4a3affb91831a102d163535b930b2bbc9b2a5e59e96b7cc9c89c3
0,       3824,       3824,        1,  1944000, 349a3d2ec68d765c8d0d73c91666ac77cacc39b78902fae28f37fb0eab05a49b
0,       3825,       3825,        1,  1944000, c9f3c25c1219f2f6ee2c62b84884f1152d8ae542f4bdc25eb8840a43302814fe
0,       3826,       3826,        1,  1944000, 8762a4d97769dfcff422a656bc9a790cceea0ecf2f4d98075ecf79cfdb77d13e
0,       3827,       3827,        1,  1944000, 6b0790dafaef2bb521f248234c48fa23b85318292b608a06f5abe31061d69bae
0,       3828,       3828,        1,  1944000, 7d0d86a5eb972f1da02026729055bd7b9a8ef1a9258dd5b854ebd4c5bbd896e5
0,       3829,       3829,        1,  1944000, 2c153602db85807a1be4b4928332b2684df30f4bc9f02270ba00055256495a13
0,       3830,       3830,        1,  1944000, 995531578c545f8c3ead95e5c02c735a742952b8cb6f0735f28e90044adc1449
0,       3831,       3831,        1,  1944000, 162a7443457eec85f5923a62ba295af32e6a798dc0d9aa23f7554f6c1ce29e6b
0,       3832,       3832,        1,  1944000, 53adb522bc4e700558016c5fa21550d3a7e1cda543c1b88e41480d375df8bfab
0,       3833,       3833,        1,  1944000, 864e61e4277c2383ff41eb9ec24d4dd404b69cee7d9555e1e6e5f52f018c25e5
0,       3834,       3834,        1,  1944000, 613877e9657f9136ff3f74ae8bf82913e38186a187a4ca18a09eac9e1eb8d490
0,       3835,       3835,        1,  1944000, 4a6e0784b562c056003a76fed5e7b2ff5e25245bdf2f3cb526986cff6309aa3e
0,       3836,       3836,        1,  1944000, 6516ecda1c6028491060240dcccfaf5dc6d4913fba6380100e2e86587a084577
0,       3837,       3837,        1,  1944000, e96ad9381c72ccf10f26018662e18d3ebc05bd67779cb4e74ef0402f31d1c026
0,       3838,       3838,        1,  1944000, 3249944060bdd5c60a545e9478e76f12504f549456794528cc8731e3f8c6274c
0,       3839,       3839,        1,  1944000, e43a0c4f38551152b60e47ca89cafa59ee6bbd2d49c325bb6488f5460d2a241e
0,       3840,       3840,        1,  1944000, d5ea949a4920b931ee7d1253457d5c3bc20d416ff7d51c86833864e232198eef
0,       3841,       3841,        1,  1944000, 62f37683a42d9c954ea2ae2c5fad883bd230466577c8d5e676dee23f935d001f
0,       3842,       3842,        1,  1944000, 9c62b43f68fc45ede131bd6b14f24b559e863bcfb52d8d3d5c9f6509edeab3c3
0,       3843,       3843,        1,  1944000, fcfcffc12ea244fb560b75081410740cf14dae30cdcb0d7ca4adb53516ccf7b9
0,       3844,       3844,        1,  1944000, 5902e3610d527ad6fed738c1d1de639c8b201a090f6914d98409ba0ee2ae65d4
0,       3845,       3845,        1,  1944000, f41e52f728a5c18e3e1f5b24eed4d5980d9b15fb1323bef1a6a9d1e6767cc728
0,       3846,       3846,        1,  1944000, ddefc9de62253bf013260ad5af623c315e947378a967578eeae38535e9918985
0,       3847,       3847,        1,  1944000, 356937f044db2bee1dad91a5a46b7d7ba1b32a28503a37015485adcb75d6614a
0,       3848,       3848,        1,  1944000, ff0a294c7e9d18bd9522ad84ea6395dbe4b88b5159e5c618e49f8d9bfdc37369
0,       3849,       3849,        1,  1944000, c4ccd44801fbb22115c3b040a1258ac265324d6a2d1600c576fd0f424ada95c3
0,       3850,       3850,        1,  1944000, 0faf1fe3d6303972c2356abf25d3ecd5f35676fee1004f84c9080ff17513aead
0,       3851,       3851,        1,  1944000, 92ced80a58ed0e97a6eff79cd0d9e7e6e0f99af0dc92a779d9993923bdef332d
0,       3852,       3852,        1,  1944000, 559e04730db5750090aeff1732954539488be1004a6652dd6569bcf5a65205d0
0,       3853,       3853,        1,  1944000, 6b0d83d5ac7160fbb79d07e976596371a513d3da89e416dc0d9eb23fd2325d6e
0,       3854,       3854,        1,  1944000, 4e59992a4171b5372cbfcb1ee701e2f4727c805b326fca3d5d9e83a8c4e4ca42
0,       3855,       3855,        1,  1944000, ec70bd5d3bda6738e8d21b5c90a75ee51e870c4420526286c112b8113b2295f0
0,       3856,       3856,        1,  1944000, ab36e5d4897f46ad97d270b7d43d654a621d0ab5f06994ed7b2413fbae17e469
0,       3857,       3857,        1,  1944000, 71de61089c928fc3f513633188e2f991c6a77b097e4b406fd1e4eeb86496ac6d
0,       3858,       3858,        1,  1944000, 1a9fbf9b6c86ccad4dc8670362ffa6485d35576a4143a45cd29e79936c27a1b5
0,       3859,       3859,        1,  1944000, 977d93d86775a9df935bf83f8d08633d76cd327bd52538d4dee0c4ffe86afd8c
0,       3860,       3860,        1,  1944000, 78d1ff1311b9b70a32065c8a9e27beb10767fb570364fa42f40c11d36fd00694
0,       3861,       3861,        1,  1944000, 41caf155223794a759e91c6224e33d10d45d6ebe10ace42bbffb6a7816ba6e5a
0,       3862,       3862,        1,  1944000, 212310b60bcbb721ee1f6c7a17ea32521930d2ee1cf510aebe997c33a124426c
0,       3863,       3863,        1,  1944000, 493a7b0d9f4b35efe58caf324bf7a1c2ff87bdc7cd50b0f01d948cec4b3d8389
0,       3864,       3864,        1,  1944000, 13d3e3d8c8623dc62dce3d0e934c97939a0e3e34d525abacb1080ed8c34a6ffe
0,       3865,       3865,        1,  1944000, 58e46520b8596b523762975de45ec4f031d9d687a9bc756c9d6ad0e7cc0d9af0
0,       3866,       3866,        1,  1944000, baee219d833ad1a6a5996c3071c7f8b986cbefdd47d9d1d1858eb91dcf418d1c
0,       3867,       3867,        1,  1944000, 5383322cafbd5b95994721882988461fb194b833769021d2d7978677ca9dbbba
0,       3868,       3868,        1,  1944000, 3efafa56d9696b0cde3aedefde7cfa249e5168860252e991eba2d3984f1a2d34
0,       3869,       3869,        1,  1944000, 8a66aeb7990effb9d5b17a424e612dd5ffb10cbd661106a6294efa0f9b864233
0,       3870,       3870,        1,  1944000, d32bafc4925f11dd470cef0f0f375145c07b5c64603809eef68d3b37585d1fb6
0,       3871,       3871,        1,  1944000, b603f31b1c40e11ae0678b2938ca5d47e7c6ae5228075a1e477aa20591d4d635
0,       3872,       3872,        1,  1944000, 8b879f3a76f571706c596e197880c517407f60953167d3f26a70a90d273b44e3
0,       3873,       3873,        1,  1944000, 1466d52fbc14eb730def9481ba5a9fa8c7f1c833e5f47719519bdb5428a2be58
0,       3874,       3874,        1,  1944000, 4b9aaf81de61d6a2c1fa34059d90aac1826a84a802057de8e5a6784c29660039
0,       3875,       3875,        1,  1944000, dcc842d4d673f5be5705af924eb8ba390ce6af3c3aad71c1a44497a3cb72247f
0,       3876,       3876,        1,  1944000, 1fbc993252d7e6b3900c076b2a123b245f1a5c4fe967e3b92d03f1908346416d
0,       3877,       3877,        1,  1944000, d640b6d91daf7091d1d6f76db5a7e405e2220afbeb4fd00645964d3dcbafd86a
0,       3878,       3878,        1,  1944000, 93f2d292fa86520702c813a1a8fe1a9f73353eb36f2ba47ac838244a35cde569
0,       3879,       3879,        1,  1944000, 8b10f9ad1a2623dec4b213c2323d7b6db2069993a74deed3d346212b891182d5
0,       3880,       3880,        1,  1944000, 907cddec3ab27307785653cc7be9ff1683c706cc05122e0d13c0211f7c608288
0,       3881,       3881,        1,  1944000, 54013d726d531ca435d0f956f3229395abc096382ac6ae6e5e07c0205a956bb9
0,       3882,       3882,        1,  1944000, 0e4a9d279ab8c39c65daa4ee5b66f34e21dfa66b34c25459299c03e53983aac6
0,       3883,       3883,        1,  1944000, b5ac8589dac1e4b68d47e912a1622a6b42ec56aa55685255dc17cb28baefde4e
0,       3884,       3884,        1,  1944000, 1df8cc1abc382d701cffc01abda093a85e1883a227adfa4690bafcf30bbb68ff
0,       3885,       3885,        1,  1944000, 1550e2efacc6c07928d0605680aadc0f952c8b719d366742464c394c373f1138
0,       3886,       3886,        1,  1944000, 78c6a6b45cc720f637da5bacc47c7c731bfa6f5369390f7ee1403cb544173f24
0,       3887,       3887,        1,  1944000, e38f23060c804002a3f992c46852d9cdab8c8a300a036bafe8f4a19e65e1d4c6
0,       3888,       3888,        1,  1944000, 23a090547d13c663b6fd4c2dc3d56d2913fe014abcd8c864aa6e3f58ea7218dc
0,       3889,       3889,        1,  1944000, 76800e3d1e63e7abb5409b4056343304fdfc78564fa38dff73389cde5b02e82d
0,       3890,       3890,        1,  1944000, 71db28e8d759029ad9583c81cb521a4109001d2fab589cba48d23a215634c45a
0,       3891,       3891,        1,  1944000, 08de2e0b96ad2b1d7075f1452997457b3e65981b5c63a22be387534a266c8cf6
0,       3892,       3892,        1,  1944000, 5cf2e1f0568942263c0946a61d674ef9d787a8f72c76d65b7f0c183bf613067f
0,       3893,       3893,        1,  1944000, 3ab83e6a3db49850b4b3305ed263a4f80336d092fcd97dc03dc994773ea4b453
0,       3894,       3894,        1,  1944000, 79b5c29b449e3e6f8d688a21023a8d798a4cae4f36c1d7159609385113eb5e96
0,       3895,       3895,        1,  1944000, 84e7e2bb8d10ecf194c82909e72066b07b62eb22189d910be4ea402efc456f1c
0,       3896,       3896,        1,  1944000, 472effd81536a97824f2f72c4d5ad8020e489fb09d74f096409ffbd389b1cdb0
0,       3897,       3897,        1,  1944000, 0ac412b2e4a2dd6a760b93eab29770eeb346f0fab4eb94258df4d31698781368
0,       3898,       3898,        1,  1944000, 2507efca236b1a2d3ba0370024a28223d5c5116008b154547adee01c5600b52d
0,       3899,       3899,        1,  1944000, 9fb7dcb8879ff1ce8f7a568d0a3f1734ed8d65bd75e191a46e78fa316216c866
0,       3900,       3900,        1,  1944000, 36308463895f4c1269f658dd18d7c3f0c161ca30483e6ef77edaf6c999e0948a
0,       3901,       3901,        1,  1944000, 901e14410f6c3d00b6b4ae63329545176146b688593dc89f93a7c2330a072062
0,       3902,       3902,        1,  1944000, 44f55d3465c0b600f53b6742bf6a108527e2a62ff785cf616568f6c904ed8b10
0,       3903,       3903,        1,  1944000, f02ba929e1d0970986c8f597ac47fad8c7d288574f05da94226966d059729e18
0,       3904,       3904,        1,  1944000, 96bcf8afe3fb6729ba607797cecffd25db0f56e31aed0538201bc0fe2ca376f6
0,       3905,       3905,        1,  1944000, 65dd4cf8611e054a019b2c858bef7766a54a7e5b1339bded70adc4404db86185
0,       3906,       3906,        1,  1944000, a2d1d89fdcf93afa2e0c58c629047b2985038a0c687d391a08c2f987c9b50329
0,       3907,       3907,        1,  1944000, f47ea5784ab67942e5f627436b5cbd6cbfb11fefd41a27826481eb5326e585c8
0,       3908,       3908,        1,  1944000, f70d241333cafa5215573792f537b1aee707fae313b947c5667c368955306af6
0,       3909,       3909,        1,  1944000, 1aedaf148f39a728e3d710bd1ef9e1cd86a72bc73d8d808947b0ca29bfad8ad3
0,       3910,       3910,        1,  1944000, 5c826220fd21d3391e5fd28ce539ac663cd68d6bd1e94afd9133e6765599ea14
0,       3911,       3911,        1,  1944000, 6eadbd326aced580212e142a2c53f0738073c10d490a609d7f00261aeef0ac20
0,       3912,       3912,        1,  1944000, d320fbbe88ee80500edb96cfc7e7ec23974ac7027f997390900b096c49d1267a
0,       3913,       3913,        1,  1944000, daff3ac59b2ce09d928b8709d31bc4eb8b83208178e5811daf8f3fb4b9a4c8ea
0,       3914,       3914,        1,  1944000, 113ca1704eb7d3657920b7f54e0b3234da598bc6e228eab5310fb636aacf88a2
0,       3915,       3915,        1,  1944000, 13795e8bc7d3558f66784b54dea0597cb98c68113be70799b11e88eea9c10e52
0,       3916,       3916,        1,  1944000, 63f184a423b69861318faa19f16cf5c3947a04234c6e0f34ed9f619b3c1d8ae7
0,       3917,       3917,        1,  1944000, d042d3be749d2d45eb975299a4d7f3bb8749201495e763e984bc19379f13a5f4
0,       3918,       3918,        1,  1944000, bdeb1038d6f6692c9d61a303575756e5cefd9af4198816504cbbd2de30874ff0
0,       3919,       3919,        1,  1944000, 6e195b6418147bb0b8a68d354d0973367603a4061fa4f46aed5e1dec181d2a24
0,       3920,       3920,        1,  1944000, b1dbda884f4a7f23229ae84ded1e407c34dba12a133d87400046352432073ef3
0,       3921,       3921,        1,  1944000, 96a38ab3e31c2101a4efa67bc14536df3cc7457ecd7e45900415eebbe14d033e
0,       3922,       3922,        1,  1944000, e14f19288e61e6d8e1765ec919d136e0a6e4b7d85f281964779a09eba06048ec
0,       3923,       3923,        1,  1944000, 0e895912f5a3f01c901117205c15aaf0437605dc1f8068c61162afde2f25cccc
0,       3924,       3924,        1,  1944000, e143f6cc3af18e0a93fdf38177a012c13e833e02bf3eb52c4011a75c8bc35e53
0,       3925,       3925,        1,  1944000, c87f8dc8c4dcd406ff517e946cb98a276482eb7e70ebc7275d32b1d921e7cb94
0,       3926,       3926,        1,  1944000, 4f81b51f316cfdd085a9276fc61b438e9fb08f209939447f3f56751c9fbbb5d5
0,       3927,       3927,        1,  1944000, 0bc7183b118cbabc7322fcb4d1bac2d174a6cfe692a83e67e15abfce2d30817f
0,       3928,       3928,        1,  1944000, 510a35f5bb1711fe92d8b0c8fa01dde11e9caadbf4eab17671f5839c13d04818
0,       3929,       3929,        1,  1944000, 7a73a1530895e8393345eb44a85b07424be8556b31d2202688043d81ba8395f1
0,       3930,       3930,        1,  1944000, 4337ea17aa417321e8045281531a5236fa01c16cec5d4f6186d4358ff91073c6
0,       3931,       3931,        1,  1944000, 2a2a33296c66021159ed8d3bf22940f35101b64144406cf31c1f50b322d80cf4
0,       3932,       3932,        1,  1944000, 95342fd581874559a25f3d1ef33f4f55ce02d9e47c4a5171ea4530632e8b4a3c
0,       3933,       3933,        1,  1944000, 40e13555d9ecc389e1316cfecc4b8501eea6a88863efec03b04ab00cb9d643a7
0,       3934,       3934,        1,  1944000, 4a20125525dabb28ea3cac5e5327822393a641100e6676d94e7d15309a8c7199
0,       3935,       3935,        1,  1944000, da89996fb34c0cc43e06d15e4712dcf866834bd8032294e74df7062e3d5306bd
0,       3936,       3936,        1,  1944000, 0b085550aa34c568abbcfd41e92dcbbbf4e46b016b29c037d81f34344744187c
0,       3937,       3937,        1,  1944000, 3edf399b5ad3d778459a8d7bafeaf33226fe081d5da5fb49513a0cabf62867fe
0,       3938,       3938,        1,  1944000, a344986e66268a8432a644f236a6b3db64de2f341ee57ec04b0f91dc66e1a9c4
0,       3939,       3939,        1,  1944000, 7084c2165e074a31be9dd32f12dbc1b6555dacabf7744db2c33b49a409db2a08
0,       3940,       3940,        1,  1944000, f6c834c97d605a6e46d1209e177a6b2bcd89ddf961a6de22002ed1235901e82b
0,       3941,       3941,        1,  1944000, f7f789e4cbd8923d43bf73d7c31907c149eb1a786431c9c5c6fa2ecc3d5f8865
0,       3942,       3942,        1,  1944000, 2280787583e7dc5019f586469a92469ef81925a4052db6b08d77c8ce6915d8e3
0,       3943,       3943,        1,  1944000, 1c5afba9934474d33c8fc19919bcf5cfcdce68bbf10fb92816505f654cf5ad3e
0,       3944,       3944,        1,  1944000, 8926768776a7c5db8fe0ae0ba408819858b29292cd4d3410622eaf5693e9971c
0,       3945,       3945,        1,  1944000, 992535c26b01d79e359fca4f4f4a33fed42ee300da3d163bc6ecceec5e82e735
0,       3946,       3946,        1,  1944000, 01bec98416d3ef28e9302510a30a58c44ccae0c19f756e789965adca86eb1767
0,       3947,       3947,        1,  1944000, ee6c922dcaf95752446fba32d8a8ed05e67e925caa5e6f0dc1e9582d28abb455
0,       3948,       3948,        1,  1944000, 8ac8b6743ce9f800f8613f82d754ddad48bd88dd7f6278cefb19c61984d1d52e
0,       3949,       3949,        1,  1944000, 5349183c4dfae1a8f9a7784b7ed8c2597d2fc8371e1450963a43a2356ccf8e28
0,       3950,       3950,        1,  1944000, 12bd8de2ef9eedcce95bfac84fdac1cf331beca8ceb4f96e88f4bd8ccb88c08f
0,       3951,       3951,        1,  1944000, 262b519b9db67c8b1cf666a55760fe50646fcaa9b914a091120d4dfd253d12ce
0,       3952,       3952,        1,  1944000, 508da797b5d8a337f0264668611ecb49a1138ee1a2e68c9fa514a7828160490a
0,       3953,       3953,        1,  1944000, ad9cc384bd86680bcbf6512f751a8fece6eae6a52c1570550cc1d6f6df0c6820
0,       3954,       3954,        1,  1944000, 73674597afc2ccddc27b0961bdbde5e5daea1ae7bb5a618d9887b8111b9d18d2
0,       3955,       3955,        1,  1944000, 0b0d795875383dda409b888b8db0be2d9b0ae6023920c48783956351346da3cd
0,       3956,       3956,        1,  1944000, fe5d0c4f65d4580512d1e11f38f9ece28e8ccd399ae5b667136b4f0e2804cfb1
0,       3957,       3957,        1,  1944000, 550e45cc2a7a91831bd849edc8a26548b5f81083699b987018f205bc8d32df6e
0,       3958,       3958,        1,  1944000, 9da2a706037951ee0f5c3e6924e6b6b54bb00f8ddf976624f40ca3ca7270cd48
0,       3959,       3959,        1,  1944000, 698616e570e4cc347c52fd3a8b985983bfe9395b4a4d33bf22579f51eae6b9d9
0,       3960,       3960,        1,  1944000, cc44d8141daa24684919f4434487ab5937d68c1e76aa4602fa41a8471b108802
0,       3961,       3961,        1,  1944000, 74eb8edb0dcbd6517117ec9c32f99f6227df6cc61fa5494b0c8967b6e6601c16
0,       3962,       3962,        1,  1944000, c7f5e443811a47d47b9d51901b51ed0bbc2c7e0e026a002ac2a4fbda96126514
0,       3963,       3963,        1,  1944000, c5c9a6d108fac36d4da2c73dc26eacb9ebe1beeb2ced4cd800ef00ece39e6f40
0,       3964,       3964,        1,  1944000, ad31aaaad6008d6344b2b4c545e5b10226ad3e156ba52c2112a2070d1d953b66
0,       3965,       3965,        1,  1944000, 193dfcdb3d5c783f6fcacf8f68882478afa8ec42f72bde8cb78a46b3c8445591
0,       3966,       3966,        1,  1944000, 97f23aee93f98c1ab6fe3b5e346d813257cbf3195d449df8c549916cc7e46419
0,       3967,       3967,        1,  1944000, bfccebb00c1ee2cdc7f5aadb523840fb24a1ab98121926a9411bf2d0dd7500de
0,       3968,       3968,        1,  1944000, aec14749d84a8596a71b4979c3bd2871dbd0c0cc7bf18be1cf863a67b30439ce
0,       3969,       3969,        1,  1944000, 47e19c357feb7ac457c39be429919bbb5d033949785262d5d21a9f13b424a074
0,       3970,       3970,        1,  1944000, 3e8c202accc09474eed1ef3cc44247af3f3534221862348f1d3d8ae3eba42ca8
0,       3971,       3971,        1,  1944000, fd7b190fecffc8c82150dc777410832cfbe1a5f30b3c02e905d74d8b0734363f
0,       3972,       3972,        1,  1944000, 2e57738c060cdbec8f313c366d7f5cf926b54a85b002fe765fba01d7b21e8af8
0,       3973,       3973,        1,  1944000, c6cf6c5ace5ada42eb2fcd401e3222b81fad58e7acfef98e9b8a787382cfd4ee
0,       3974,       3974,        1,  1944000, f1a1877c70bf7a2006982da2bdf800a10d7d5742ba75eeea41e750fd6f4778f8
0,       3975,       3975,        1,  1944000, 0b0d8d3fac24df252863c5290630a97975f5e1d11047681ca03ea22ab15aac14
0,       3976,       3976,        1,  1944000, 295c45e8bbeb32fa4f36cced31a32032af7e8f1ba1006d3e0245bb27101df8d4
0,       3977,       3977,        1,  1944000, 46271b66750c72b98adfc2609e4a7df389ce8dfad40a27da499623b23022644c
0,       3978,       3978,        1,  1944000, d8ac70a91bef9abd69cee912f992a492644c20c3a11dbfd1f13d47b061b160ab
0,       3979,       3979,        1,  1944000, e24ef20901399964f832bb69277e18ea358686f97737c47198a676f7b4f6d673
0,       3980,       3980,        1,  1944000, e58df54503539d5c4ca99d1845e203f671d6963a211eaea7181500320a52a26e
0,       3981,       3981,        1,  1944000, 873ba3788a53f0622383fe9d48fcd3b7184a0489dc9c44411fb00529591935d9
0,       3982,       3982,        1,  1944000, 7c7cb05ae3f85ae4171f40d53b4b2a7dab35a935dcd40a774e1c473adb1eabb5
0,       3983,       3983,        1,  1944000, 8d064d084873b159783286f746b425a8581238c96e4496e2bd9afefa8a295bbf
0,       3984,       3984,        1,  1944000, 08dccee91919aed770eccba34fda444752be04f2d1f42b8ff9857980423fba5e
0,       3985,       3985,        1,  1944000, c7e5864ee016a57a4fd97b835251979dfefb249d26ca8d2043cacbd40d656f45
0,       3986,       3986,        1,  1944000, 62d0ba8fc0e4a698bf2a70a3684d3cd2de6a7cc03c6751dd9cfc29d717b17fec
0,       3987,       3987,        1,  1944000, b2d6c988118be6ef92560c10ab223444b0877aea5b6e81afe82931832c93423d
0,       3988,       3988,        1,  1944000, 21d0f3d6743609612c3952858e96ce656a17998e1c38700b5c30096fe70b82ab
0,       3989,       3989,        1,  1944000, c7eeaf9217b86457bd575c6a78cdfd1edfe0f3113f087a479945ce3d69360f76
0,       3990,       3990,        1,  1944000, 35eebff5c0f2c6e4379277cc5f418d11347ac24202c6b16b46d59bcc66bcbf93
0,       3991,       3991,        1,  1944000, c974d05fb7f316776923e0c2cb22cd85c98b24dad10ec2a7c4bab2a3cb660316
0,       3992,       3992,        1,  1944000, b857e18156852fe4819a01d91828a3218e6e2ce130b712c2874d6fc65d3af8bb
0,       3993,       3993,        1,  1944000, d71b145b001a9c26cc4ac9569251e208a6417cbb8f09653b22142f9c6956b5c0
0,       3994,       3994,        1,  1944000, 75942c4d78a9a0a563e53813b073fbb82eaaefd9cf2085bd825f96c01f605251
0,       3995,       3995,        1,  1944000, a0eb5cd5e2b101abd0ee920a2479b342896dec64291c5d996a32249b009b3360
0,       3996,       3996,        1,  1944000, 858174f61b6d15b4aff5106eb157365252a048c576058b3d625f68415efdb043
0,       3997,       3997,        1,  1944000, 9796910e1a6adff3e6a24abab01f68ad57fb27cae0a426401d28e1b989240565
0,       3998,       3998,        1,  1944000, 1de95788e704bf06c5f8f6e1e1fce8844715df5476550ae075aacd35652ba03e
0,       3999,       3999,        1,  1944000, 1dc1c91a2d8d9bee55d7ed238ff78d75583279a32b5bf1f59e54c8f012d9c99d
0,       4000,       4000,        1,  1944000, 3199f4603c317a7263bc62689c8bbd34fb4a7191afdfe8f5568e865b9fdf6751
0,       4001,       4001,        1,  1944000, 0c231e314d8ae8be52928255105ab5080611f7a6724c3e6d6f678e6cf8f10ae8
0,       4002,       4002,        1,  1944000, 9cf6eb8b9646a82d16b7de0a9f9229fbb64bc53c520c2dbc52206f5c671f0e12
0,       4003,       4003,        1,  1944000, 92c713119e5132080ae5660dfdcccbd009e025f86b3ddb35e151c3b473526f80
0,       4004,       4004,        1,  1944000, e8b9f793ee1063f92029e3b320238fd688761b47e387d5921759bd10046668b2
0,       4005,       4005,        1,  1944000, 97db3dddddbcde6a7790a32ef4390c50e2a83b06a074c612c8fa4235c4b49e54
0,       4006,       4006,        1,  1944000, 418b43daa1ee156523b996bd4623bc2251cc45c02f429168f1e05a3a95f14ff0
0,       4007,       4007,        1,  1944000, b9aaae1b0027e744190541eb5e6bef9cc83a53740d024a39db47cb72e19f383c
0,       4008,       4008,        1,  1944000, c5665d3ccc1531d85f61a71e68e20610aead55ed88347ae9a6118e955b89c147
0,       4009,       4009,        1,  1944000, ba60a3b4c0cad3d593a097e10d32a690a7a001341c9dd7e5b04dd3b5bdbe70a3
0,       4010,       4010,        1,  1944000, ba60a3b4c0cad3d593a097e10d32a690a7a001341c9dd7e5b04dd3b5bdbe70a3
0,       4011,       4011,        1,  1944000, ba60a3b4c0cad3d593a097e10d32a690a7a001341c9dd7e5b04dd3b5bdbe70a3
0,       4012,       4012,        1,  1944000, 1c5115d1808b284791112dd5e1ce368bcaefac757594948e01d222e773666b1f
0,       4013,       4013,        1,  1944000, e9cdb28d86eb30e7169fc93137e630491e3119612217942871469c92a4f2dc8d
0,       4014,       4014,        1,  1944000, e9cdb28d86eb30e7169fc93137e630491e3119612217942871469c92a4f2dc8d
0,       4015,       4015,        1,  1944000, e9cdb28d86eb30e7169fc93137e630491e3119612217942871469c92a4f2dc8d
0,       4016,       4016,        1,  1944000, 8b4a74b99814b168e3c7104070531e981ad365077d2a11b04b1a8596cb3f30e2
0,       4017,       4017,        1,  1944000, 1ed61bbc4d6547dd9cf2f97cf381a0e96c27652e815b39ebfe23cbf6b2c611b0
0,       4018,       4018,        1,  1944000, 0ef6e11868d53bd12626c740f4f7950288bcd9612ad2a1ef83ce85918743d145
0,       4019,       4019,        1,  1944000, 5b2d6f9ac58b10dfa024224ff14c79fff11057dfb11ff7887d68fb5aebd48c43
0,       4020,       4020,        1,  1944000, f7426547b12363cde0f0b32927bd52e5bf6f2c34fc16e19522c0d8cf33c12938
0,       4021,       4021,        1,  1944000, f7426547b12363cde0f0b32927bd52e5bf6f2c34fc16e19522c0d8cf33c12938
0,       4022,       4022,        1,  1944000, 3c615fee5387fd042fedb66675b42d716a006477233dfab6629419bc79455d8c
0,       4023,       4023,        1,  1944000, 3c615fee5387fd042fedb66675b42d716a006477233dfab6629419bc79455d8c
0,       4024,       4024,        1,  1944000, 42b7b831d30a38671bf94143e6511553ea4aefe8770b8e3942d331c9ed9fd11d
0,       4025,       4025,        1,  1944000, 46703e275c79e1db117b32f558d1efe1638683e838829357316ae0166ef2c397
0,       4026,       4026,        1,  1944000, 46703e275c79e1db117b32f558d1efe1638683e838829357316ae0166ef2c397
0,       4027,       4027,        1,  1944000, 46703e275c79e1db117b32f558d1efe1638683e838829357316ae0166ef2c397
0,       4028,       4028,        1,  1944000, 615bc7c39ded307dded39419910c4c4979118055e424f5f480938a2a0e7b8cf1
0,       4029,       4029,        1,  1944000, 615bc7c39ded307dded39419910c4c4979118055e424f5f480938a2a0e7b8cf1
0,       4030,       4030,        1,  1944000, d49529d1b98074623c4ad3ff600400ec39c95d9139417f8a7b734c3506717307
0,       4031,       4031,        1,  1944000, aafc95375e20bee2cffb19da6c74b5b66d435a15b25a1e8d9b755498a5153d92
0,       4032,       4032,        1,  1944000, c2d3c7440ba9833250203a855651e1314a05a464ea0670378b1e86dc1e151862
0,       4033,       4033,        1,  1944000, b501af549158355872c81df12b3950917372926ec6d3946e44c12e7224e1d0b0
0,       4034,       4034,        1,  1944000, 67c3d10540e66915ad3c3eb707dd5be2386c7fa2449e344a0ea523c013c61d46
0,       4035,       4035,        1,  1944000, 67c3d10540e66915ad3c3eb707dd5be2386c7fa2449e344a0ea523c013c61d46
0,       4036,       4036,        1,  1944000, 67c3d10540e66915ad3c3eb707dd5be2386c7fa2449e344a0ea523c013c61d46
0,       4037,       4037,        1,  1944000, 6ee8cf40c49d489e5b91591c03642e6e3c1599eca25a706c2d3f4404cc2659af
0,       4038,       4038,        1,  1944000, 6ee8cf40c49d489e5b91591c03642e6e3c1599eca25a706c2d3f4404cc2659af
0,       4039,       4039,        1,  1944000, 6ee8cf40c49d489e5b91591c03642e6e3c1599eca25a706c2d3f4404cc2659af
0,       4040,       4040,        1,  1944000, 72fad7d9b0fcb519f68524c9fbdc20c484f4d3216d6db6d3baa107c03f3f7e97
0,       4041,       4041,        1,  1944000, 8e85daefe52ba8238cad17191b4a8467770231e8a20506ff354e494d4fdac5a7
0,       4042,       4042,        1,  1944000, 8e85daefe52ba8238cad17191b4a8467770231e8a20506ff354e494d4fdac5a7
0,       4043,       4043,        1,  1944000, 5835420a4b543a9af0e2326cbe5f42b7a44253ef1414b05baac0ecde1dfab7d9
0,       4044,       4044,        1,  1944000, a6ad697f2a2a6633ce672bb2277b0ca887469d1d3e424c16f9dcf9e50bb3b4f3
0,       4045,       4045,        1,  1944000, 7640ce2171069ee83e9775caf00cd94e0574c2f0656c8d53d158d47f4e9b43ec
0,       4046,       4046,        1,  1944000, 2eb18a9d2bfa4cf85516cce43d830f71c710068882fdb0bcd4dfd21b4f007707
0,       4047,       4047,        1,  1944000, 2eb18a9d2bfa4cf85516cce43d830f71c710068882fdb0bcd4dfd21b4f007707
0,       4048,       4048,        1,  1944000, aad48814c3dd828a5ae3782f1425a4dff9a66f7431ea63ff4de969fbb4acc159
0,       4049,       4049,        1,  1944000, e05ced77b1d2346ef7fd25275ac8344e227139b9f32e42473b0d5ac00be8c523
0,       4050,       4050,        1,  1944000, e05ced77b1d2346ef7fd25275ac8344e227139b9f32e42473b0d5ac00be8c523
0,       4051,       4051,        1,  1944000, e05ced77b1d2346ef7fd25275ac8344e227139b9f32e42473b0d5ac00be8c523
0,       4052,       4052,        1,  1944000, 22feff06fac59ab3315ac0cf6ebf3e72c351b4a0f118013fb13cf9b20bdc7ab6
0,       4053,       4053,        1,  1944000, 22feff06fac59ab3315ac0cf6ebf3e72c351b4a0f118013fb13cf9b20bdc7ab6
0,       4054,       4054,        1,  1944000, 4fad0f29f4e2bbe906bbfd77b0d3023fefaf56879d87f0e516114f42c3cae7e3
0,       4055,       4055,        1,  1944000, 8c1b5a8f5297995ab21ff86dcb8499afecb5998d1e186063984b241f1264b3d5
0,       4056,       4056,        1,  1944000, 5e7369abd8655b1fbbdd4fbbdbc254b4d51c72f2570b56e876e01101c196f933
0,       4057,       4057,        1,  1944000, 6d6980330fafad8fd8044298a04a43ba3a35a02d96900cb536a5d849cc0cfc1b
0,       4058,       4058,        1,  1944000, ed7803dc8c109beaa8c0abe3ad5790a0effb610ae720043f3a7ede8b9365233d
0,       4059,       4059,        1,  1944000, f1b58eb0fb0ba426671020e04da031f7f53c603093129dc2612fbe4719926a5a
0,       4060,       4060,        1,  1944000, 4c3500e0736d0cfe9c3b34c8a068069ff305ad049e599143f3d1d5794e53c373
0,       4061,       4061,        1,  1944000, 97007f06939531b37651bdc779b7c6f2546ac83e9c5d8582bdc82c1d760b6617
0,       4062,       4062,        1,  1944000, 5c8fc3b9f47837178c1e961119f7fe5c363641069c6062c6a5f91e81fdb8e75b
0,       4063,       4063,        1,  1944000, 5c8fc3b9f47837178c1e961119f7fe5c363641069c6062c6a5f91e81fdb8e75b
0,       4064,       4064,        1,  1944000, 6f114fa5c7d232afc1776c34edd6f1b801d3d3ad51aca90dc1c45602db77c49f
0,       4065,       4065,        1,  1944000, 6c11ddb59c073ce794aae3ec56f5fa8c236a2ed4f6ceffa7b8e1d9d6a269c767
0,       4066,       4066,        1,  1944000, 6c11ddb59c073ce794aae3ec56f5fa8c236a2ed4f6ceffa7b8e1d9d6a269c767
0,       4067,       4067,        1,  1944000, 1c8f3e1677e41b7c917385ea06168eae3a6973b96b2784fbeea5e0097f9972d9
0,       4068,       4068,        1,  1944000, 4066009b5f8a24383427c00bd033b8b102b4c1388df8d145f33b5871315d1ac4
0,       4069,       4069,        1,  1944000, c1ae34453dd9afae34eea07dcdfc58ffa90660d11ddf1119ede102f1849c14f3
0,       4070,       4070,        1,  1944000, c1ae34453dd9afae34eea07dcdfc58ffa90660d11ddf1119ede102f1849c14f3
0,       4071,       4071,        1,  1944000, 717f8fc8c4cbc11191d8027ba7198bcee8de3552b723d7d77583773616ab398c
0,       4072,       4072,        1,  1944000, 52891ff739a7c0e21406a3c0cfb38c59de30a6a679aebaa4f2a46bb9dcdbee22
0,       4073,       4073,        1,  1944000, a33227354fe4dd52adecd7859cd877cf4d05f9fe110768c915d6de7a32a54429
0,       4074,       4074,        1,  1944000, a33227354fe4dd52adecd7859cd877cf4d05f9fe110768c915d6de7a32a54429
0,       4075,       4075,        1,  1944000, a33227354fe4dd52adecd7859cd877cf4d05f9fe110768c915d6de7a32a54429
0,       4076,       4076,        1,  1944000, c117e96136291bd91506303590f7fdb8a8574426edb717cc32847667568ae2c2
0,       4077,       4077,        1,  1944000, ea631dfcf6f2fca5deab088969bd178c289284b6b8c062653a7800ff6f7276ae
0,       4078,       4078,        1,  1944000, f09c1c894392aaf2c01d09d1fb3675897c848f198b0f0e107470ac74204eb612
0,       4079,       4079,        1,  1944000, f09c1c894392aaf2c01d09d1fb3675897c848f198b0f0e107470ac74204eb612
0,       4080,       4080,        1,  1944000, 6d33e6a2ce4f92be6251fc86054ab11e55279f9a4cd68ad86057fa7ff18d98b5
0,       4081,       4081,        1,  1944000, aa978aec15455004aab442bf8c2a3453a03b87cc1c4ad2592b75a23a906a46ec
0,       4082,       4082,        1,  1944000, aa978aec15455004aab442bf8c2a3453a03b87cc1c4ad2592b75a23a906a46ec
0,       4083,       4083,        1,  1944000, 858127c86705f678ed67957785d3c55d0b0d677a1d38c628af1d8c15576c405e
0,       4084,       4084,        1,  1944000, ace210fa1e347582a51a76542de06c6c32335e69d0c21cbb174485f50412ed93
0,       4085,       4085,        1,  1944000, 858127c86705f678ed67957785d3c55d0b0d677a1d38c628af1d8c15576c405e
0,       4086,       4086,        1,  1944000, 592207491b630697545d8deb9a711f7716763d4f60446a63be263812a59dde37
0,       4087,       4087,        1,  1944000, 592207491b630697545d8deb9a711f7716763d4f60446a63be263812a59dde37
0,       4088,       4088,        1,  1944000, 86ad46ab992c910483cd84e9e8bd6146708e68c667f03f317f1c94bbcbfcd6b0
0,       4089,       4089,        1,  1944000, 6e247aae1bdf37c264f977dcd217fc82c2d21cc1e96f4b517a8e0c90e94b9745
0,       4090,       4090,        1,  1944000, 81677aeaa24d5c2c39adfcce2931698aa1570e51fb077258750e087e86b1f7df
0,       4091,       4091,        1,  1944000, 393b5ff63b6d8e49d3916073e857e77bdf2b247c3fb5c13297b34b8fbd6be78a
0,       4092,       4092,        1,  1944000, c4ec0db61f88c08c9b44ef6cfeb7b1ececc94a1cf96a0fe49065df08f1f6ef0b
0,       4093,       4093,        1,  1944000, 609e52b4a7e4dc42c0ab804b1abd4bf987b8b3a71129c39a17df363fa8cfdfe8
0,       4094,       4094,        1,  1944000, 609e52b4a7e4dc42c0ab804b1abd4bf987b8b3a71129c39a17df363fa8cfdfe8
0,       4095,       4095,        1,  1944000, c8b13277bae9eefdf8440562360606527e080759b094c05d9028c614de1ca8e8
0,       4096,       4096,        1,  1944000, 4686b51870f530063613a7a23b08559e99e521ad2aef9dd218f601855f4696e9
0,       4097,       4097,        1,  1944000, 06e48ca1ce36ffffac134933508d6e7784fcf92b234986b14d7199292c3cad52
0,       4098,       4098,        1,  1944000, 2eeff60a95011bb7c848d6ee5f31e6a590d0c868b096afe4bc71fe0cc634b792
0,       4099,       4099,        1,  1944000, 2eeff60a95011bb7c848d6ee5f31e6a590d0c868b096afe4bc71fe0cc634b792
0,       4100,       4100,        1,  1944000, 2eeff60a95011bb7c848d6ee5f31e6a590d0c868b096afe4bc71fe0cc634b792
0,       4101,       4101,        1,  1944000, 2eeff60a95011bb7c848d6ee5f31e6a590d0c868b096afe4bc71fe0cc634b792
0,       4102,       4102,        1,  1944000, 1e6ad650b0c1da01428f01e08e28236d0c8d25fbd9eff59ec887be4d2317079c
0,       4103,       4103,        1,  1944000, 1e6ad650b0c1da01428f01e08e28236d0c8d25fbd9eff59ec887be4d2317079c
0,       4104,       4104,        1,  1944000, a66a0abb2b7b44c44d35e9fd6bb524ed04da5d7cab9cbc48da22db6251055a90
0,       4105,       4105,        1,  1944000, 4a27d3db65dcb9b7dd4c9619226caeca853012830667ca15ef553d5601ab40d7
0,       4106,       4106,        1,  1944000, 77712cf28af590fc0512ed2451f45060d0f006cf7924c5c724e8b7741e1e94d8
0,       4107,       4107,        1,  1944000, 1ef4acf40154bb4fe073e83ca5842fbf63bd495fccb145b957c1ffd28708b78b
0,       4108,       4108,        1,  1944000, e93b2b20e49ea047d19b2644e633c21dbcd25409daeb6d58e7f438ed74a36754
0,       4109,       4109,        1,  1944000, e93b2b20e49ea047d19b2644e633c21dbcd25409daeb6d58e7f438ed74a36754
0,       4110,       4110,        1,  1944000, 9d2b6dc3eaea3c87668a5ea10394e26b5a76349d531b138d4335b8095bd56ffd
0,       4111,       4111,        1,  1944000, 9d2b6dc3eaea3c87668a5ea10394e26b5a76349d531b138d4335b8095bd56ffd
0,       4112,       4112,        1,  1944000, 5a3c5f44daded216a362f024958394681d8c5fee432be96f2b74357e3a114f0a
0,       4113,       4113,        1,  1944000, d873f3ace5cc3dfd985e9b9fbeb7a486d0e2ed70996d9553d1589f0c82f4c7cf
0,       4114,       4114,        1,  1944000, d873f3ace5cc3dfd985e9b9fbeb7a486d0e2ed70996d9553d1589f0c82f4c7cf
0,       4115,       4115,        1,  1944000, d873f3ace5cc3dfd985e9b9fbeb7a486d0e2ed70996d9553d1589f0c82f4c7cf
0,       4116,       4116,        1,  1944000, 5f011b888d553859df09c1a06c6a274a2181cb30c4db7529671e2472edf04165
0,       4117,       4117,        1,  1944000, 502df97982e9f10a98a4db3ad4f8d8d4a1310acb556b918d59e4411552d6763b
0,       4118,       4118,        1,  1944000, 502df97982e9f10a98a4db3ad4f8d8d4a1310acb556b918d59e4411552d6763b
0,       4119,       4119,        1,  1944000, 3b8379c59efc6173a61640d79bc34df70c235a20827ca1571555dee55c8bbfb8
0,       4120,       4120,        1,  1944000, 32159ac3b91401b9926193bdbcb582fbdb9775b3c3a99474124d704935976987
0,       4121,       4121,        1,  1944000, ed7cd387693046d5db9179834ac50b3ec3872df4435dd4dffe0b54c6dcf70e53
0,       4122,       4122,        1,  1944000, ed7cd387693046d5db9179834ac50b3ec3872df4435dd4dffe0b54c6dcf70e53
0,       4123,       4123,        1,  1944000, ed7cd387693046d5db9179834ac50b3ec3872df4435dd4dffe0b54c6dcf70e53
0,       4124,       4124,        1,  1944000, f43329e3f8f3255cdec7c2488b0d86c36077b3fcc8746d1b3149866057dc7baf
0,       4125,       4125,        1,  1944000, d3646350c72fa012cd0011ec7725437874cb91f9be9768668c600785a1dc847a
0,       4126,       4126,        1,  1944000, f21fd95c0a7ae6476b8009a48b770d5012e5d42cf20d67395aa945f8c5f54e2f
0,       4127,       4127,        1,  1944000, 8e5d6705c594b99364036720b38046fe7ab34b2660ce6667fe81bf5f6f8ebb0e
0,       4128,       4128,        1,  1944000, 3e2cd850cf32a929fbb47a7e4c9134db4b22a189b38d2292daecec83fa2400e9
0,       4129,       4129,        1,  1944000, 99d654e7cd876acfc55f5db036403b8b1ae1116569e9c8d6174daab56d40a6f5
0,       4130,       4130,        1,  1944000, 2d87dc3ca0c4df288f0192d152ad35b6604a749a8190925146f057d54e19d09e
0,       4131,       4131,        1,  1944000, 6768bf6546198471f44823e8d756319d326f786c2ecb1b40b07e28ad57ddd2a5
0,       4132,       4132,        1,  1944000, 080d9fc15eccf546411b600a403b61e6dd8dc65f332e4f21bbc523e8e3abfd43
0,       4133,       4133,        1,  1944000, 6313b5c42b2ce2cee30ed9dc1c0144135974680501bbb2d8ed15642a1f9535ef
0,       4134,       4134,        1,  1944000, e094cf4f90ed97918c64afa753203adc00a8320895e6505ce7e4509207f8bc04
0,       4135,       4135,        1,  1944000, f862303401cad5f1e7d2a2f5d2cc8bcfa294374b1747ab88eb8bff81ce91fee3
0,       4136,       4136,        1,  1944000, d56d60bbfb5bc0fd63a8ab4231a5d51e6ae4b984e4ac2b11fa2c73835acb63b4
0,       4137,       4137,        1,  1944000, 94663c47b65660ec9006379d12c0d91c29672747f4679eff3a9c3619e87920f5
0,       4138,       4138,        1,  1944000, 3a55f9893dfb9b59a15e5f12c7134dad9585ed2e91a6f0983f2d7eb208b5d900
0,       4139,       4139,        1,  1944000, 2c759e6ce9fdf12749260cc1c5b5b636bf458c0383799dc9295b36ad01e2aa84
0,       4140,       4140,        1,  1944000, e1a172b94e1f09c94d2f3414d7b68477a1541607a628cf0554d32b802281d50e
0,       4141,       4141,        1,  1944000, be24e344d3ee6b2f9d10651ed813abaf7e6244d8aba4980602cd05b9201f0833
0,       4142,       4142,        1,  1944000, d1e177818bb2e63f5ce3d8729afb921550eeaadeb85d057f6aa5ae932018f074
0,       4143,       4143,        1,  1944000, 4ef226903f1e318bd17d64922e87a6cc134224af4fb861f0fc6aeb6affc3a51c
0,       4144,       4144,        1,  1944000, f7f4b56ea1a482147d82fa481bae85d848ed191b97bbeecccd56f796e92d1005
0,       4145,       4145,        1,  1944000, 72a86b8cb9064748094d1ec7ad661fce389634315a8ee6ed946d1d33c86fc3ed
0,       4146,       4146,        1,  1944000, 72a86b8cb9064748094d1ec7ad661fce389634315a8ee6ed946d1d33c86fc3ed
0,       4147,       4147,        1,  1944000, 72a86b8cb9064748094d1ec7ad661fce389634315a8ee6ed946d1d33c86fc3ed
0,       4148,       4148,        1,  1944000, d14c855ed0ea07871b1a280eb6bd294575fcf7f17a1f475d17e68bae5ccce860
0,       4149,       4149,        1,  1944000, 9ffb9be97300ef862f405637a29410770ed91fa7cbd5ef1adc35609db884db79
0,       4150,       4150,        1,  1944000, 413e3f84c2289fe0ae494ec80198839088e0d3625e7e86da22d57f22bdc579fd
0,       4151,       4151,        1,  1944000, 8338c47a865479dc576d7d8b1216d419f4230426e0eaeb9240e131e28e85af70
0,       4152,       4152,        1,  1944000, b210b05c95a14cdbaab21dd0fd4adb85005113f719e03ae1c9b49364be47281a
0,       4153,       4153,        1,  1944000, 2ac392a1668e6afe466e7e486189e578de0b0f43dafd304d547ae6c17ed1f9d3
0,       4154,       4154,        1,  1944000, 2ac392a1668e6afe466e7e486189e578de0b0f43dafd304d547ae6c17ed1f9d3
0,       4155,       4155,        1,  1944000, fc216d0efaf3618f6cc5cd93122ef0fa1f69b33e33891a27baae58dd225e7ed2
0,       4156,       4156,        1,  1944000, a019a77339d99fd3ad5e7e0b3a164068c5fced165d89855c592286974bd5840f
0,       4157,       4157,        1,  1944000, 5edb49ba4f8a8cff45e8d55309235faddec2be6d56a0bfb5d91c9b3593cf790f
0,       4158,       4158,        1,  1944000, 5edb49ba4f8a8cff45e8d55309235faddec2be6d56a0bfb5d91c9b3593cf790f
0,       4159,       4159,        1,  1944000, 5edb49ba4f8a8cff45e8d55309235faddec2be6d56a0bfb5d91c9b3593cf790f
0,       4160,       4160,        1,  1944000, 9fcebc07e0d12e255795343f995880120e2750d4ae5a1ade86677f1f21ab9a20
0,       4161,       4161,        1,  1944000, 17da27019606cf57839edd0f19ba40b5965cbefb336f8d3d765ed05e692a966f
0,       4162,       4162,        1,  1944000, 60b54cff365f76ceb7e30b4bb5c102af2eba66cec1d5ff46e622037f0fe96e0c
0,       4163,       4163,        1,  1944000, 5dfa2eb295fb267fb5a5c62a9ebcb9b36b30cdb5a387a9f56313f661fa359079
0,       4164,       4164,        1,  1944000, 7584bee083619c4c4de449ef67fabbc2698f3aecd5f1aa932a4dd6da21916bc4
0,       4165,       4165,        1,  1944000, bffaea3c664d74cefe093df0280f4ab60ed136f174a01c2c5b62a78aaba00fae
0,       4166,       4166,        1,  1944000, bffaea3c664d74cefe093df0280f4ab60ed136f174a01c2c5b62a78aaba00fae
0,       4167,       4167,        1,  1944000, 036ab23a10e592eff6bb415f6ea8e2c49b6b1696915532a51cdabf6681716922
0,       4168,       4168,        1,  1944000, f829517672395aec75a948dc6da932af7ad6d3415f1f8e7d46830414b5165d2e
0,       4169,       4169,        1,  1944000, 5bbfbb7e1068092fa74885ba3a5f72e4248fd39c6079b711c09726e4cdfd7952
0,       4170,       4170,        1,  1944000, 938f8cae39a16e57fec094f41962cb9b4c86beeab5b1dffdcc1717a67a9b000d
0,       4171,       4171,        1,  1944000, 938f8cae39a16e57fec094f41962cb9b4c86beeab5b1dffdcc1717a67a9b000d
0,       4172,       4172,        1,  1944000, 0560bbafb06992f84988fb2e54bdd73f28d08b8c728c0d058a8ccf3df15154ed
0,       4173,       4173,        1,  1944000, ceef9fb516ebac189ab412e49340523d1df9f260b0cba24e99d1304be2f5f8f1
0,       4174,       4174,        1,  1944000, 58e0213c47309f270629fdbbffa32cf62a8bd0c79526cb3529fd9f9b2c55711b
0,       4175,       4175,        1,  1944000, 0078e3a8a52b28c337d77188ffc913ebed6036bf4acc3702a62bf526072cb0c8
0,       4176,       4176,        1,  1944000, ace948e57edf0fbe7f140d40b7ead74658391a04345f97153f9058c847abed6f
0,       4177,       4177,        1,  1944000, ae25900f63138227b7c6c91b85d03ac31733792ba12300011829ea20eafd0b20
0,       4178,       4178,        1,  1944000, a43eb1e0f7b8802f89702d03ab0987105ada4f61af98ce95c3436ced92f785dc
0,       4179,       4179,        1,  1944000, b695ea61d90db5762b059176e622dc53db1cfef12d71cbb448f3b4ef1aa260d3
0,       4180,       4180,        1,  1944000, d6870f8e14bd7c46b99c9b1f69afbc6fd22964f751fc7d159d2ce2bb32e8dbc2
0,       4181,       4181,        1,  1944000, 8240a65c2d9d45e84abff5c631aeb8dc39b277da50faa3ca5a751b64f53640e7
0,       4182,       4182,        1,  1944000, 6f2bb713eaeaf81e93863a1d502dac0d04eee6d16fdc1adce978c444ef2fcf4c
0,       4183,       4183,        1,  1944000, d6cd2c72a6d122594712fad54709f4aaf61e1f822aae8da17de0a37385df5451
0,       4184,       4184,        1,  1944000, 7add1bca2c8d41ff0c11f1495fa786032ff390e64b4f60be6f6e7326a38959b4
0,       4185,       4185,        1,  1944000, 29878563d21d2c14510aec3cdcc34bd352db407f43252373afd4cb48da881e4b
0,       4186,       4186,        1,  1944000, b8d79c3a012beef988c731001de2559e10907276eec635aace1d9528a3370641
0,       4187,       4187,        1,  1944000, b8d79c3a012beef988c731001de2559e10907276eec635aace1d9528a3370641
0,       4188,       4188,        1,  1944000, 3e44a429c87d112afd8f997c0d366fe6a4e7f52a93f6dd89277caee5afa37fdc
0,       4189,       4189,        1,  1944000, 3e44a429c87d112afd8f997c0d366fe6a4e7f52a93f6dd89277caee5afa37fdc
0,       4190,       4190,        1,  1944000, 3e44a429c87d112afd8f997c0d366fe6a4e7f52a93f6dd89277caee5afa37fdc
0,       4191,       4191,        1,  1944000, fc66ee9959523564edae1757a2ea1c19a18fe2898f6acc9fce4abdb3a596e794
0,       4192,       4192,        1,  1944000, 5e42c303f5a6f51b0ec09c549778c78eec3e4e3ee6d5e9390fabdc1136f17874
0,       4193,       4193,        1,  1944000, 5a6e64da30ef30a8cb400c6ba8de3f8345ccdff12db9d34b57a05470e579fa32
0,       4194,       4194,        1,  1944000, 7476083bc880c40008e5f2662c850cfda6d2b1a61f1a21d7372c83f30e991719
0,       4195,       4195,        1,  1944000, 7476083bc880c40008e5f2662c850cfda6d2b1a61f1a21d7372c83f30e991719
0,       4196,       4196,        1,  1944000, 7476083bc880c40008e5f2662c850cfda6d2b1a61f1a21d7372c83f30e991719
0,       4197,       4197,        1,  1944000, af21eece6dbfdc4f2db0d59042391466368768cf664c78d936c7adda24ed5af5
0,       4198,       4198,        1,  1944000, 68eabe47f6282b3cef6e2b87059442e82e414421610c32ecfe07933cd22ab67a
0,       4199,       4199,        1,  1944000, 1a0a84baf046dac4160636fa8b40036424e777b3e89eadf43300165bcc173683
0,       4200,       4200,        1,  1944000, b49a78a4a1a1d7e9f97b9ab838489fdde7b5ed81848ce426bd6f60c8ed88d4fb
0,       4201,       4201,        1,  1944000, 32233f5fa95c8fb82ebf4029d1e1f4df060ed21295c19bfedf28d7e1c8bde166
0,       4202,       4202,        1,  1944000, 32233f5fa95c8fb82ebf4029d1e1f4df060ed21295c19bfedf28d7e1c8bde166
0,       4203,       4203,        1,  1944000, 90076bfbcaac960cc9122a3cd70aaf800e23da30916ce4b33a620f69ca9c2ad3
0,       4204,       4204,        1,  1944000, 90076bfbcaac960cc9122a3cd70aaf800e23da30916ce4b33a620f69ca9c2ad3
0,       4205,       4205,        1,  1944000, 90076bfbcaac960cc9122a3cd70aaf800e23da30916ce4b33a620f69ca9c2ad3
0,       4206,       4206,        1,  1944000, 37046b7e0ea4d372efb785cffb657bb332b86ca444d17afa5b6daf82b5205055
0,       4207,       4207,        1,  1944000, 37046b7e0ea4d372efb785cffb657bb332b86ca444d17afa5b6daf82b5205055
0,       4208,       4208,        1,  1944000, 40361f0eb1882349b61c5dabc5b3061aeb828cd81d5626f1bd3e4405f765b176
0,       4209,       4209,        1,  1944000, 7849076174ff7f458a2c211beebfdba6f8b3cbfe82499438b09703e7c781c902
0,       4210,       4210,        1,  1944000, 246967141bee66377998daadc838908c73c1e8e32ecb46abd8632a62faa007b2
0,       4211,       4211,        1,  1944000, 246967141bee66377998daadc838908c73c1e8e32ecb46abd8632a62faa007b2
0,       4212,       4212,        1,  1944000, b944240cccba18d094b85b8554d7dc4ee901c4611945c474b42e57421d4f213b
0,       4213,       4213,        1,  1944000, c0a295d77b82d80e9b4b6eae1646828a2899551ce788255233d9d7dca8ce90d3
0,       4214,       4214,        1,  1944000, c0a295d77b82d80e9b4b6eae1646828a2899551ce788255233d9d7dca8ce90d3
0,       4215,       4215,        1,  1944000, 8cbe3276de36fca27346036272bc722d78b026752374af74f9bf0c13efe86fea
0,       4216,       4216,        1,  1944000, f241da2d8ccd27d30cd393e0d31a47a838a427c01b10653ebae534c079bb173f
0,       4217,       4217,        1,  1944000, 7fd9721bdef9c11d847c271ae2f1ad7c0b8f1213d0f36840a3be170807221222
0,       4218,       4218,        1,  1944000, 7d8543665a990eace5ce328d533bd2536abf43e99e69a739546751bf76b5ffb8
0,       4219,       4219,        1,  1944000, 7d8543665a990eace5ce328d533bd2536abf43e99e69a739546751bf76b5ffb8
0,       4220,       4220,        1,  1944000, 72a8a231bd2015f71bf57b089685b5241b55f10fd49dd54bb120dbdd79a03b62
0,       4221,       4221,        1,  1944000, 2987a79159d227d295bcad5f29fd48d6d76b5025dea2f937ed55dc0e9974f680
0,       4222,       4222,        1,  1944000, 440e27b932925311fe17770be77e27dc3bfefd7988e7fff4860665c11623c8e0
0,       4223,       4223,        1,  1944000, 639924fba61f63a801c412c90558e30f4a144a9a6e8698ac461210926a709bbc
0,       4224,       4224,        1,  1944000, 7bf3ca4c7f77eda440313c7daf9ad163bb8542ecd6863f987891a93a9495823f
0,       4225,       4225,        1,  1944000, 3e48ff8ad4ac680968ab9795a63abc1bfd108f908881a63de1dfd59ac8962cb7
0,       4226,       4226,        1,  1944000, fe3b94b7cf1f148cf69f3974fc58c42931fd23bfd3e5ef389345fac5e5ded488
0,       4227,       4227,        1,  1944000, fe3b94b7cf1f148cf69f3974fc58c42931fd23bfd3e5ef389345fac5e5ded488
0,       4228,       4228,        1,  1944000, 8bd4f4f5ffdf8936d0356142aab223a559a400d1519b14d117768b204911a6c2
0,       4229,       4229,        1,  1944000, 9b88b552b72923533ef735f39fdc2acff9afdc654dfb11767239a7ae67468ade
0,       4230,       4230,        1,  1944000, 9b88b552b72923533ef735f39fdc2acff9afdc654dfb11767239a7ae67468ade
0,       4231,       4231,        1,  1944000, 9b88b552b72923533ef735f39fdc2acff9afdc654dfb11767239a7ae67468ade
0,       4232,       4232,        1,  1944000, baee4778114f5a084c54659ebddfc213da824d4085f6a8f036a401c2a0cfd5e4
0,       4233,       4233,        1,  1944000, 66773a1c31c7c4ac850862f1899a749fd827804bc3a548f98489bbfb95a0799f
0,       4234,       4234,        1,  1944000, 0add4a7abf487152230fb6db3ac4bcb2661a3ecf37d563afb05d613ae6d418b2
0,       4235,       4235,        1,  1944000, 968b885036710df962a7976e9f2dc7a537345fc060a988cced1aeabc54b7b292
0,       4236,       4236,        1,  1944000, 0bec90cb988ce8e5daa7cf54ad422cdf2fbfdfab57796205e111662783dd5a70
0,       4237,       4237,        1,  1944000, af02d0fbcd40dd84f9e53a8de555d893d860f2ed6c41345ce1d11934b3fdc03a
0,       4238,       4238,        1,  1944000, af02d0fbcd40dd84f9e53a8de555d893d860f2ed6c41345ce1d11934b3fdc03a
0,       4239,       4239,        1,  1944000, 2e8bcbf08d2618e863e61382e8e4855a27d235a07d0600a4debb98ba27a6ed95
0,       4240,       4240,        1,  1944000, a59f42ebc9351fe24d818344875bab8c403eb2001fcbeebeefd29fc120dfbefc
0,       4241,       4241,        1,  1944000, e7393a7c1c127267afb3db155a898e392217c7de0812b4442c45b6d1888ea28e
0,       4242,       4242,        1,  1944000, ac900a230dfdc0fe88eaec8cfba15a681385286cc6bc3117e419f15d87c7520f
0,       4243,       4243,        1,  1944000, 6f31314ff4359f459e9957799b120dd65300e50de2aea8d02d96edff04cbe8a6
0,       4244,       4244,        1,  1944000, 4c956895782afe5142a4cd19bddee10658d472ffc8ae35463787b0ab72d0dd30
0,       4245,       4245,        1,  1944000, 0bf8d6e647b48ab1ee54c686f4a2659f308099a4c5035a55cb9f6315d4c5fba2
0,       4246,       4246,        1,  1944000, 4a6e5667593082416faed705066077c2ec42b1d813c87e26a0f84ab26c8c3d33
0,       4247,       4247,        1,  1944000, fcaa1e6c51005eae3dcbb7000ac3b247e518c3febc3e25268ceedd49dd1769cb
0,       4248,       4248,        1,  1944000, 050667925efbfe35ff2fdb7403ae92daffe3c2955571bea9e5f85c4857536a5f
0,       4249,       4249,        1,  1944000, 0948b47471db4af6bdf01d8c48106b1ba1c46de928ec2c593a17eb670b12f6af
0,       4250,       4250,        1,  1944000, 1053d434493e44ad0a2a01343b3869ea106c9f93ef6b364d364bbe97f7747b11
0,       4251,       4251,        1,  1944000, e002dd98742ef043c31713ec997930354c9030e601d7d395e96f0110d065a9a3
0,       4252,       4252,        1,  1944000, 972bee738b1b78e9c795f32060fc952e5d697913099be550a834152249bee60f
0,       4253,       4253,        1,  1944000, a43fabf529d91d89752598cccaf72a935a219a9e5905bc36de0c36c7c73988b4
0,       4254,       4254,        1,  1944000, baa2e5f3f82d814f87a35e6cb5613b771e9d958298654a1908fbb6ad477380e7
0,       4255,       4255,        1,  1944000, 205cbae62e3477bc5100a04aa66c7e13df739aad1f187a9063b3f42dc67249eb
0,       4256,       4256,        1,  1944000, 4f81cc7a6642602165bcc6a59c436079dae8d373778a396f018588bbccbc9b72
0,       4257,       4257,        1,  1944000, df954748ed3b96407abf45988a3352a0f2d47048c227e1f1bb4b7b432ac32f13
0,       4258,       4258,        1,  1944000, 306b9adc15c0f4159fec8bc12e821f1b0b3c7acda6bf6740fb573e3d6114f284
0,       4259,       4259,        1,  1944000, 24052388ef2785ca5ee4f743964b8e9f700c023b1695a551e5c47538b0673359
0,       4260,       4260,        1,  1944000, 2c8645de2e79ac6773bc293bf85ac2bfa6f6f25fcf965d0e8495df3bd2f8a9b5
0,       4261,       4261,        1,  1944000, e5ed017594df5c6e63613f31a59276d64a6f973e59281192864c0409f83fd0e4
0,       4262,       4262,        1,  1944000, ba77fdc8323395065e35488e88b10af48be95217aff72bcc82c386d036c46368
0,       4263,       4263,        1,  1944000, f491a0b44a73d2de97d7490d2f40c56faef11550ba6ec480197f335ba866e934
0,       4264,       4264,        1,  1944000, ba77fdc8323395065e35488e88b10af48be95217aff72bcc82c386d036c46368
