#format: frame checksums
#version: 2
#hash: SHA256
#software: Lavf63.1.101
#tb 0: 1/30
#media_type 0: video
#codec_id 0: rawvideo
#dimensions 0: 1440x900
#sar 0: 1/1
#stream#, dts,        pts, duration,     size, hash
0,          0,          0,        1,  1944000, bf0f2ec4a946a973a9634118f55875504a2af6013cb7f1f0324c3c1a0cc3b0ba
0,          1,          1,        1,  1944000, 6c647d2577dbc11d5b55ae34383572a3f4812c4d053cd7af033b1b9a9a19b207
0,          2,          2,        1,  1944000, 15816ebf34c6b39f51a5e8739a853a1e1fea435df2187771f16415e2183eedb5
0,          3,          3,        1,  1944000, 0a119771bcb31224ec42c83152a756ebee42ed0f6a3c9141d48fd14eb61a74cc
0,          4,          4,        1,  1944000, 9e0a4301468eb8682d99fe0e8c3e57ab4ae6baad070ea60ce3d4d8cea17a2228
0,          5,          5,        1,  1944000, faf369398cd5f4dc7990d0e06900441bfd95a672d0a4453eb980ee54bd44ecff
0,          6,          6,        1,  1944000, 11769c5cb6fee4f056c04f1be39c96bec5ffad663f2809276db7de30bcaff092
0,          7,          7,        1,  1944000, ab18f5227ce3d5b6c31fe497349723cde3dd0904dabc92a8e34bfe952ea8b559
0,          8,          8,        1,  1944000, 28260f2715b4024fd1b2e20361e58635ba2d20270b253271e8559664fbe77377
0,          9,          9,        1,  1944000, b2891f11d94c7c7ec412153363442c25ecd38211ad4b24920d554622e112cdb7
0,         10,         10,        1,  1944000, cb45a23a9d4034f080280aa58bc1426dbeacab55decbf632e892eb6f4edf2bac
0,         11,         11,        1,  1944000, 4cd408c98e86748146d945bbc7d1482966ffefd1afc1e887ca5bc0121b49f63d
0,         12,         12,        1,  1944000, 00a617dd719cc9ceb49ee41b89a1dace043b438492c934dbbb30c57a283f55b2
0,         13,         13,        1,  1944000, 81db7c7464ef2dfeabd944733fb44ac4f91c85af6ae98524be8e6c08bf45d68f
0,         14,         14,        1,  1944000, 735fdbfad502ce325c7a3bfdfa016c3341ebf936107199351cb30e3ccd58099a
0,         15,         15,        1,  1944000, 1e6e6948e570a4f719ea299baa0d8b43e58e900353196159b0e52156d6b5cb92
0,         16,         16,        1,  1944000, 9626e0a1f1f6894f5036d0b498a8314ae19ae45981a8c1ea5cd5bd7a401fea14
0,         17,         17,        1,  1944000, b927861c413691b0161ab322e53abf964fda0383adeaca8d60dc9877296e4e71
0,         18,         18,        1,  1944000, ca73d9f19c9bb1db8672f4f57b6f6f26af6e01c5fc9293944a902ad5f7784428
0,         19,         19,        1,  1944000, bd661ceaebbb28a5249299d45d8e0f6fcc31630cb245ec1fd38314d5dd9de6c5
0,         20,         20,        1,  1944000, f685c5296415f4339053777300b1427368de8d978babb789e0f41e17303c6f8a
0,         21,         21,        1,  1944000, 105c6ff3e3374f1dc9d4de1a806b51bb8bd9dff7d2860e00caa3f0fd2d15fb3c
0,         22,         22,        1,  1944000, 5d3512a3f20f632ac3e2ac4978809631a969397438b0af4792584dc09c183cc5
0,         23,         23,        1,  1944000, e5d5a37c560da037ca25d0e44c02065f80613373cece62812c3b8c10b501630a
0,         24,         24,        1,  1944000, 96e289b98b0a3b6b9c63ccda76ff4b40bc505b69acd8149dbffebb62aca0c20a
0,         25,         25,        1,  1944000, 1b1ee752d3ee651786a278051a73ae76c60c89f6407e4cd5b174c28a988c6bf9
0,         26,         26,        1,  1944000, 28e8f6dc325361586a67526f2459382d8683a1f04650ef76ef0f857dcda408e0
0,         27,         27,        1,  1944000, 0d6284b841f71500d2136966fef01cd656d56fe34cd42f2c38fab241d0e854cd
0,         28,         28,        1,  1944000, 1e248a9a970de274f6f6facd147d32fbd719924b4e7c8c641302ddcd8b350a62
0,         29,         29,        1,  1944000, 5a26eda48158844c4b14ac4e9e9f476bdbb74b8fa052aa1206221a41573a1502
0,         30,         30,        1,  1944000, 94a7d9c661e05d6bc4c6a2b093e4fc62417f4948b812d4b9a1474d939ae9ce6e
0,         31,         31,        1,  1944000, 9c1dfa4538fcdc1d44227389cf6bddc67724c502e77ad1a152d703f3a259131b
0,         32,         32,        1,  1944000, 3284061d68e8cc8dd80d298387a6d1a46f674546401924728f035a55861dfaab
0,         33,         33,        1,  1944000, 732d98838481b66fe2ec19957eeebc849c4513f07867cee342971cb6bd64dfc6
0,         34,         34,        1,  1944000, b743abb54c3480bd6af55df2021ae8a7ecd1e5a49810a899a1f7225258e09315
0,         35,         35,        1,  1944000, 9814c5b64a47977f40c1ae0ca034f5b80be7e0c6eff02a6f887e89e7f9f6b2e7
0,         36,         36,        1,  1944000, 8dfa25e9ce3939fcfc61c9d0d856964620cadbb277a990237ee9fe5da45009a3
0,         37,         37,        1,  1944000, eba59d445130d4ebb7f7e5de17450a93dc12574a6d0ec58371e32501a0cc6afc
0,         38,         38,        1,  1944000, 98642578536eeafaac74a069f02a8aaa701830f6539cba21d632d83159612d5e
0,         39,         39,        1,  1944000, 80511fa5542156a896f683aa741bfc80ffeffb4e063d7243787714c4d6321492
0,         40,         40,        1,  1944000, 9e2218364ccfd390ccc18f68c763f118ee88d57952a4de4ed719424373e90f46
0,         41,         41,        1,  1944000, 14e1baa28f9417d14245ed0f58d2c952eae472e8e6cfebf2889f2763e77dfd1a
0,         42,         42,        1,  1944000, c1e1f458044c8e90adaae050e6ea1bf978be851ee115dcf5a253e00da83b2cef
0,         43,         43,        1,  1944000, 394f37aa33e74b45ba5a9bfa6fae3e3ce0370aae235093acdc463e572e7efa5e
0,         44,         44,        1,  1944000, b6c927910cded02a2ffbeb35e795dbe1b4b7aaca684b3d310575a3c77eccac85
0,         45,         45,        1,  1944000, 0b944b34629adc3842c01b6a35f5db5287c7106e179ba3c935e98852532a4c18
0,         46,         46,        1,  1944000, 326ef8ee22ee1c11e4d537b1c977654693c30c971467a0787c89e9feb0d93d7a
0,         47,         47,        1,  1944000, 42d5cde7807e9bdcb083b696599b09619a97c2e5d4cae7f15ef7b2ce06b5e27b
0,         48,         48,        1,  1944000, 08b639efbe9b77ec69296b01efaa7ff3256d5aad1a95f41097667c45c2862b33
0,         49,         49,        1,  1944000, b9045cb63d8cd0faea1f5c99a40b4b165f06fe24811efd23527992fc345f4d6d
0,         50,         50,        1,  1944000, 9294fd51c3865d07c9b98fcf0687a22a765ddf33f329e4ac796682f5a9546744
0,         51,         51,        1,  1944000, cedb902e6fa32c8ce772748f3bba14163dacc9650d6468708921880b7b4ecff5
0,         52,         52,        1,  1944000, 8608054c0c95111d9931e8b1af6cf5962ddaa7c5f08583291838b5654f0d2911
0,         53,         53,        1,  1944000, eecc650f1a0b04923d303ee7c1d968fb16fbd126b024d1819f61b4b4b9f8e90d
0,         54,         54,        1,  1944000, 5ac0bbc979354af1705f8dd2687b5ad41ba96ddb179ce2f04334986b0d8ff06c
0,         55,         55,        1,  1944000, d01ba951aa49f5a64c8aed341cb1194a56baeadec074f56ad0ef5da204928cfd
0,         56,         56,        1,  1944000, b60db775ad34302b1c73e62f25355da0f556f78be471b2e575069863e81bfe62
0,         57,         57,        1,  1944000, 7ed4b1e6ea1eb78c88066b100c66099d61e2381e5e03f645b34674c3500699e9
0,         58,         58,        1,  1944000, 5e1cf5a0135b0884da6e595863ec36d44d525488a56bb32f630ba761cfe57bc3
0,         59,         59,        1,  1944000, cb7f0774aad1f54f957ee36c296676af65052d77fd0993a0241d10edb527b0c4
0,         60,         60,        1,  1944000, f65eb5ae12ad713c80c45030f45abf2a624e7f9e05e74dbb3c2c5f6254a46cc2
0,         61,         61,        1,  1944000, 66966262d1af8b31511cad2f2101bc56a24f56e7e3c6b7008b88b9dfef19ce5f
0,         62,         62,        1,  1944000, acb4f22af0791b5c43968ae04aeee33818284f33d228c036b16d7dd428e08c53
0,         63,         63,        1,  1944000, e79ce0f64c47016c40cb02f96a9ac773af2d2ba98b88a3eab8d056cd044d5798
0,         64,         64,        1,  1944000, 354b837f59e2bcacbc20c654aedfc1dd1896f92e6a7a64789444de7b48471069
0,         65,         65,        1,  1944000, de54845bf03c0d6d732f4dbc2d838a407c54ca1ae23760711cfbcdea763bd637
0,         66,         66,        1,  1944000, 962d407054bc5f3b3ccf40caddc41f423dfddd573b87df555eb000309c14a72f
0,         67,         67,        1,  1944000, 4e92201e3893385fc345a08a16562d3ea61e6694af77ff06eb2b28f6f843d8b9
0,         68,         68,        1,  1944000, 69d98ab1009b425b01e62b38207108afd237b090c28a9b3416a691b3c05132f7
0,         69,         69,        1,  1944000, 40c6c90206effbe38982b5199d7e805145ab622c8a8fd1876de664c32527b131
0,         70,         70,        1,  1944000, 271c1f8951a76a1e429b9c8f4df627e63627478f3009ae88517e5a93982c8a11
0,         71,         71,        1,  1944000, a8b8478945c5c868e2489d8600eb33b359762bfd4dd7e0dc0d2d232288445cc3
0,         72,         72,        1,  1944000, abe4d3bf5ec4e0b2001b9303f69aca618466d3e44d87e6f59104e9aa66a55477
0,         73,         73,        1,  1944000, 15391cddf8246e4eba873426a909a64375322afa1fcd97b9c0c140f9b437beb6
0,         74,         74,        1,  1944000, d287ed63a83d100d1c42dfca4c07508a2e94d991faa82a6eee04541c4f49f673
0,         75,         75,        1,  1944000, d0d26712a0adca36200b7ad7da5928edda2223fbe3fda1e840554a9c81d3c273
0,         76,         76,        1,  1944000, 39f7bb87c3c50062a5d7444a4121a905dba00a9fee5348552a502f68cbe26ba2
0,         77,         77,        1,  1944000, dd8d81ea6d8f057fcf6bef648705e54b42f62eff767d76cc115cba27168d28eb
0,         78,         78,        1,  1944000, 2399bf3c623d4a26a11c489cbaa77571fc4ba9049dffed91ba9ada43916aae6a
0,         79,         79,        1,  1944000, 8d8ebbf5f9382ea1ad33dc41ee12103c108cc7e97b9f9b6d4ee8ca10cf89ad49
0,         80,         80,        1,  1944000, 436e99e6d50c8d5e80ed18d8214ef25d37a96eac893943523360a2717560c6f7
0,         81,         81,        1,  1944000, abc86b49fbd5676cc9456e88b5a0b49f4a0099435381caed4b81bd2ccfe80b36
0,         82,         82,        1,  1944000, e025e5c2b643ba00ee9c9fb5861a56b1020e068fab971752b8ac5c7e8990ff35
0,         83,         83,        1,  1944000, 936fd3c057982bbf76393f22478c5344ad35003670de75585ca15f4a08129142
0,         84,         84,        1,  1944000, 64b95a0004c51eb8db137a826db81a508daf36902ca75c6ce4a96e186b436a78
0,         85,         85,        1,  1944000, a92e16d8abb44f4021100a7f187e6c62d9306c39e08ef6e85d076f961ef0f568
0,         86,         86,        1,  1944000, 3380ee27274bc3494a9b56ff66f2aa7dedc58b714e0cb57d35a7f36b89fe7c6f
0,         87,         87,        1,  1944000, 21c57e6fd45384de20dbd30c82e6f303ad3177653aa6584c42b9446d7ac2ca25
0,         88,         88,        1,  1944000, cb0073e5af54e7ecb0753d92c74469df72bbe53e9405e238a05f50d98f6c227c
0,         89,         89,        1,  1944000, 8a07a59d6ac5525b477b4210093a569f9cd5db0e156f3e20536ef111c7932804
0,         90,         90,        1,  1944000, 6e55559a18e0666db00b489424f87c5cbb4b14c3cb7b5715f2035c7ac53c7990
0,         91,         91,        1,  1944000, 652fd38ff02259d76bca9cdc65a937da0c3d33de2b2fd08167144ca0c03b2cc7
0,         92,         92,        1,  1944000, 12c5beec3a74f42117187b15019af6a2e89b7139618abd519c4332929d9b3492
0,         93,         93,        1,  1944000, a92db496d4d4109a31f52dfe71ee2fd913f249d7d34270116b40f29dbd69fa37
0,         94,         94,        1,  1944000, fdc8e5a04c65b66eac62fc8472e3f1341b6e6adebc7040cc44cb7f3996ff60b5
0,         95,         95,        1,  1944000, b0c8e1962d3a34114ea75ca4ad1ff6a8ec71326aa6c4075dead8f2b3043fd508
0,         96,         96,        1,  1944000, 2650c41b8e7ed65db8b58ca6e8530ede27e574d7293b99cb2e4710ddc36c5d76
0,         97,         97,        1,  1944000, bb3f65e00c4e934bae61ff513a925e2bf1e6110019616b7844b6e7fa1e21e60d
0,         98,         98,        1,  1944000, 70caa56ad65f05c58ffca76bf596bc797d5cf5b4450ea8d9e865e846f4a53c0f
0,         99,         99,        1,  1944000, 4120f2cff9373746ace7cf880883ab5017e2ba9a3ad7f33c06b1165dac54c10c
0,        100,        100,        1,  1944000, dea208f20da9ea9aac3bc00b64da37987e16c62140e4b43cfa9fabc30cd9b97a
0,        101,        101,        1,  1944000, 56fe87d8c03959d8e8f042a5464092478c4722501a568aea351cd1f2b485f563
0,        102,        102,        1,  1944000, f3340b3c8d3cec93537a074623374261c7e2875d07bcd0062df6f1f93a0c147f
0,        103,        103,        1,  1944000, ab7f23d74631ef105ce5f1288554a6238b28834f102e1e99339731f322ad6fb0
0,        104,        104,        1,  1944000, b3f762ba389c4ede50bb1d7f9f6e375b29377209c1a884fcbf92a16e93a5ad4a
0,        105,        105,        1,  1944000, 880af8a5755e9773c7989d5eb3f2bdd8b0a524b7190e38fdbe4a947d320060ef
0,        106,        106,        1,  1944000, 0bb8f3143cdc15528935cbd2bc6e249abad87824917aa143ef4b91e6a641337e
0,        107,        107,        1,  1944000, 37b9bbbf87f434d3a132981adeae6d3b6b47795ba5e3d945968d84ad384db9eb
0,        108,        108,        1,  1944000, 1a26efe50c1a0b27a7fbe1e2b44e370c29530e5a9e2376f8c26ed452aeccd23a
0,        109,        109,        1,  1944000, 572f123530c2ace266e7799b0c356d9d0e0fbfeff377da207c4cd1fd5471c53c
0,        110,        110,        1,  1944000, 4d31c7d5003f6f51c50efab12cebdb29018e3ef86d6a074c069a0cb32074e931
0,        111,        111,        1,  1944000, a42d6203e67e1e1d67dd786fed6f759f179cb8f9bf268393131e43af70aafc24
0,        112,        112,        1,  1944000, 86e3f28f2b31784585b9920656a264140ad50dee48a2469f6af871572701fd88
0,        113,        113,        1,  1944000, 8d36d550f6e68260fe41aeaefcd7552a5d2975b332bcd60a7dcad0609c05791f
0,        114,        114,        1,  1944000, 992fd76aaa06d4f63f0db521ac4ec4846fb1e2aecf94670987015d8eebcb2dff
0,        115,        115,        1,  1944000, 07b91c5f23752c427596b216baa03c1268ab0bf7375df5cf5a9f3156c608ce3c
0,        116,        116,        1,  1944000, 36985b0f23fdbbe57c696f72db8c5de502aa6e93d8552034d441ab3f0d4b959f
0,        117,        117,        1,  1944000, 2b45cde821ef46d518aa575f3e627d677a6d65b1b92a446ab7d1c54e3a87db7c
0,        118,        118,        1,  1944000, 27deb6eba1510f08838e0d0b48faddeac0f6897f05a81dbc49780fb9be8bf908
0,        119,        119,        1,  1944000, 0a8119b72eda66e657c0f90b7b2b0db1a33be76cb9a1a225c65e5d60d5572b34
0,        120,        120,        1,  1944000, 2af6830af720e3aa172a45bd204d46eaf174363f94ed6b684c70587de0cdcf13
0,        121,        121,        1,  1944000, 3b65a2862d14a29a9193d8086daf2c6c642dae3b8a67eff3fd1818d2c0984923
0,        122,        122,        1,  1944000, e763c4e6830550729ec24ebda214588b282fc4f872d898c59c0b19b15cdfe490
0,        123,        123,        1,  1944000, 5af0201cfa36a555de6cd3cac2c91fd61aea735f7222ae480d0efaec9d6f505c
0,        124,        124,        1,  1944000, 806e685e48805675704e80056b918954a4ed56b842fc593ca79ec010e3498411
0,        125,        125,        1,  1944000, f1dc3a7d8e3c15966cb7f426a2e9761fbafbdaa78aa5f438a5b292c422324576
0,        126,        126,        1,  1944000, 4c71860a8bb04be642955b3efe26e91faad8c3a5308bcecfb600cb570c6546a6
0,        127,        127,        1,  1944000, c326e995d900c667576fe55deb561017def4f46b63c2142fb0ec90534c750482
0,        128,        128,        1,  1944000, 8f43941c9075d84b4b66eb4f289a4ddeda0a3ebc28ded35797715fec5afd4a77
0,        129,        129,        1,  1944000, 542e41daecd6c94bee2e39a9962826fa623a799bbb2dbd596f670612fc0e6a22
0,        130,        130,        1,  1944000, 4d5fec948c69f658afaef2e106de42d9a6880ca990d74c17cb37629365c82219
0,        131,        131,        1,  1944000, 61b86b038491ad5e4218d5e85645b1634840d262d3275e7a2bb22b02423e3032
0,        132,        132,        1,  1944000, feef64b7bf8cb5e77072ffc21b438c3ae9c29edf0814b9c6c113873d8ef1381f
0,        133,        133,        1,  1944000, d49aac647df8def0164312936e65e69f733beb3fe4aabb43f4aeb1360f2441e8
0,        134,        134,        1,  1944000, 800fa048be8ab91f80449a26c97307835fb0b61ecd10b765e49dfc14138460b9
0,        135,        135,        1,  1944000, 40669f886e60d5b6162754dd1a902804a37d380cc3c8b9f2668340f732d296e4
0,        136,        136,        1,  1944000, fd7efe90d81acb1f512b3ea2b285805a0fd5ee1fa4f98e8021f89963d6d489ac
0,        137,        137,        1,  1944000, b93768ce29c6eed3f2f8422ec77f25c202fb692444035bae4802eb0d9a6e0a80
0,        138,        138,        1,  1944000, e578fbaf41ac364228006d0d4dda72ff27e5ab8c70289f6b55dc50538e72ef15
0,        139,        139,        1,  1944000, 7bb27ef4110854175674318866590f4a91597250ffc0a4a681737f707e167811
0,        140,        140,        1,  1944000, e31b86603e2d61ece1759e8ce5cbddbc533bb28fdc7d1eea8cfd903543c13214
0,        141,        141,        1,  1944000, 3afee0079d8079757ef18ee99c5095dfefb3de8693b481a40649195c0bbb5872
0,        142,        142,        1,  1944000, bdb263c73730b445472db5d69b77d1a6b095cdb57d5debbe56859e733c2656fb
0,        143,        143,        1,  1944000, a842c55cf7d2ca29f98035b06ae43a8d75a45be8774c796fafc5050b045911db
0,        144,        144,        1,  1944000, f4ec1f63f1bf564670e371d0356b2284a6d93945e65d0107d1ca419a8bd1371a
0,        145,        145,        1,  1944000, 3de96a3b2ff8e15411de40fe065a877aa55282113234651b9116cb702ebba9a0
0,        146,        146,        1,  1944000, ecd85f0d7fbcce658d8c4db8074650abdbedcffe26c8fb3b5389a6b8b2c69997
0,        147,        147,        1,  1944000, d9a81f733ebf9273afbdfcbfa9529cef7a36ea6a2a7f74b12ec37a612e9c7868
0,        148,        148,        1,  1944000, 33179ca339a2560a6c5dd4d4f0bf4570779b5621e2103b203885def7b9f864c9
0,        149,        149,        1,  1944000, 3efabea2821eaa9b3b697d5de075cfc4d2ca8a71db55effdf23a9e6e4a23fce7
0,        150,        150,        1,  1944000, 9fe8f6b607f886c0fce99f19a90bee6624d2fca4b0789af1737ac613dcbbf4e3
0,        151,        151,        1,  1944000, ee5ce70da53195cb74756fc08c267e7efb0307bf777aa273a2c63eb826f58750
0,        152,        152,        1,  1944000, 7bf49cdf909c13dfac4be544c6978baee88ac0ff1ef89d37b82e8c6a73ba93c2
0,        153,        153,        1,  1944000, 805c181d251d223e8ac500ca40c275e8b8e118fba3bc84f05b15e9a414db4493
0,        154,        154,        1,  1944000, 00dd851a64e19cfd03dbf30691e20fddd84aed5b310898838fb9a240d1cadcba
0,        155,        155,        1,  1944000, feda35c9b890413a8fef6d65b936217511d2b070894ecff14070ff3efb687083
0,        156,        156,        1,  1944000, 80e8addb43fe21d49e8d8ae94a3f5a99b980526f00652bd16936e8b70f656f93
0,        157,        157,        1,  1944000, 2784d0213258024fe3fb3b5db6d10559e7ffcebb777513995ffd150fe79e89b6
0,        158,        158,        1,  1944000, 035eb514e871c7e49d63adc449584f54b1459b1195ffa57222b158c86f8c551a
0,        159,        159,        1,  1944000, 49641eeca221fb4d4e3c74cb213f409650267c56d21302c74ab302ad4ae177b8
0,        160,        160,        1,  1944000, 573e983f040246b687fb96a87dd1f81df3e00fe86d7debab4a88147018c1d69d
0,        161,        161,        1,  1944000, c411cc17ecb106c9388a5c14b1f1c16effdb10b6253d73684a1e29d6297093ee
0,        162,        162,        1,  1944000, d24489d524f6bd93fc0bd8e0ee6d613ffe665ae403d6afceb5e3c9c70813803d
0,        163,        163,        1,  1944000, 2cc6355b5b511a4e7f3f3053d02de26c6c3dd9d47e928bf66790b4b1ef52230b
0,        164,        164,        1,  1944000, 277d82cc47869308aca651936980cefc62e996187d9cdd2702e5c77836d4535f
0,        165,        165,        1,  1944000, 1dda6325ffc324bec2830f4fb50350eae99e274b80ea832884a5454047982ca9
0,        166,        166,        1,  1944000, 6ed837e3f9df2022face5238ac88d95fd99171248e144ad202d6e50247d1a5d9
0,        167,        167,        1,  1944000, 055593732507f9fab8508f643921324043a8b3849db43fb453fc720c69db7239
0,        168,        168,        1,  1944000, 189caae845a388c855152b77d9b419a45dc1476e447b43e256b7fe1c9772caa5
0,        169,        169,        1,  1944000, a532423fcb3b20a9b024f84c3df9a8935ba9d01015eea955e4900c5723bd8ebf
0,        170,        170,        1,  1944000, cfbcacf8564f619a04144ec7ed5ac6dc69b264e66e88a58d372001478a19d9f5
0,        171,        171,        1,  1944000, 5e51119b5f0f2393c404a8219e3a848f921ed5f4b1305f8d7438c7e36862a660
0,        172,        172,        1,  1944000, e1a386e06999b145dd0ab6057f167da97a64826f5ab16beeffa43bb9501a0598
0,        173,        173,        1,  1944000, 8470fedcfa9e52f6219a1276ec4660c3a94f7b82a423c05287c890aa2ac52506
0,        174,        174,        1,  1944000, f5b45c5adb3c4565c6b576849faa4f6042447f00ea49c0de39c3259810c544c7
0,        175,        175,        1,  1944000, 6a164ec1df68a0e5ca18e3daa3a801e769be04994db7be8f4e68afb047bff710
0,        176,        176,        1,  1944000, 9f67c440a1828db5e24dca74d3a771e27a298f2b05b44af044bd5fbabaf60cd0
0,        177,        177,        1,  1944000, 8ee0c8f90ff544a93de30ce7aa225689c7e1d8397661e30796a905fed5b05f72
0,        178,        178,        1,  1944000, c34f1ab3a93ee5c3c1a5c431b9b88cb4d31707437b20c55ab8904a03150c3723
0,        179,        179,        1,  1944000, 9cdd2e6efed910bfc7affe4992c6af741146dee201d9712d1a8b103dc9ed3f60
0,        180,        180,        1,  1944000, 984d5c092c0bd4df39579f930f738403e2e21964281828ec8169d2693e737624
0,        181,        181,        1,  1944000, 3e4fe11dfd1fa743c23043494deb4755291f03746c16bf7fc998f9280e7942b9
0,        182,        182,        1,  1944000, 6db7e401a9a66db6e75dcab991b246268402e6cdce8083a0be163d0c137a8e7d
0,        183,        183,        1,  1944000, a9bc82b46cf161671fde8076af919c7fedc56b05e042cc9441a363e98a9706bf
0,        184,        184,        1,  1944000, ea3f57a61138ccec8f711fa8362a684b4ad5242e2bb043dace599c36a158ab15
0,        185,        185,        1,  1944000, 7e8c4336cbc47f26071f40e4ca2604dd5a07098c84819d04a4b511ac1f8690a3
0,        186,        186,        1,  1944000, e6104512a75e40ff292f50f5a178354f4a2db23e68b8aed8e04f92dd8360edc2
0,        187,        187,        1,  1944000, 756501c67624392578af1cf53931fc7074e9791fa4e6e244fd1fa1e99c5aca96
0,        188,        188,        1,  1944000, 4659d4fc4b59b43a0e032fcf6c602e44452a3c388946392b4efc41853a318f34
0,        189,        189,        1,  1944000, efa4fbdcbcad7e4141318c1e1cbf3ac2d68d888f62f9ba144c9a180f4bd2af8f
0,        190,        190,        1,  1944000, 34ca3328707907097ff39832124f0f158ad97911db8b9af4963eb7f0dd1cb2b9
0,        191,        191,        1,  1944000, 684293ab1e21933719f45a69f6ad27f48489496e4422ae0e9c60e97e2968e70e
0,        192,        192,        1,  1944000, 92bd0857f989f0c7e0351fa5b7b0d7cd620c86d094ff0c815348191c8d375c5f
0,        193,        193,        1,  1944000, a0e2bf2ea800deeccc1430cb1b2bed07117a84cfba2fe3daaad9227a9899eca8
0,        194,        194,        1,  1944000, b891f8290ee38a1952849e3106f8f2b0206ee6344fe5b8b846d9de0c9705e571
0,        195,        195,        1,  1944000, 4a2abe1978be48f258a20106700cab8bd61d74fd0b39ef5a358cd41975ef22fe
0,        196,        196,        1,  1944000, d756db59195d9c7afbd39e9fde56ab6189f0e71307015cbb29ca6f65c059b9eb
0,        197,        197,        1,  1944000, a0c1d3063cf0a3f7fe1591296d6d5bd9ec949ca8386a19ad8fbb1639bf047e3e
0,        198,        198,        1,  1944000, f6ae83f03cdafaf8a27b5ad63b7f4760f27c52b5b4a7f0b36468a57d1cef8ae5
0,        199,        199,        1,  1944000, ecead918a5616d25a9d8134d65a959454400e99a32b558b178aedfcdba4be939
0,        200,        200,        1,  1944000, 0621c2ac4b9017ab4dd5dd7352eb558e93f8f1e775ae135c66329ec2e02ce719
0,        201,        201,        1,  1944000, 14ddfd8ea799840feca89b357c9da2813abc599a8351578003d91cc42fe514fd
0,        202,        202,        1,  1944000, 31985990db100bd60ba57509f91c4ef64037e8aa1a93f687bb926e0e9aa5a3b9
0,        203,        203,        1,  1944000, 0ce9e3ae701522fddd43a7016609c454dfa57e4f279130d3fd5da9d69167d4f3
0,        204,        204,        1,  1944000, 0af81a00e1175b27a3dc984f28f9f103e9135b5996ad56d7ac29aa98f057655c
0,        205,        205,        1,  1944000, e5b41135c153af1436acce24ca5db61c6a7fed119cd3208560a4a55ef2b0e507
0,        206,        206,        1,  1944000, 2a52004f09b80c7e3f03227bad5b3db45afc4fd27b22eee912feb3e8d7225154
0,        207,        207,        1,  1944000, 655790788e4d17d07fcc063fd9356f63d3113a0acaeba3cde977ed04dc1145e2
0,        208,        208,        1,  1944000, e83be4ae99b74ba57a8f930bb9c16411603a65cf01b275a056537705e464f265
0,        209,        209,        1,  1944000, 15e5cfef5b107ac4861c379b3393f9b32188dd04a02443a5b25dbfc1e8917d1a
0,        210,        210,        1,  1944000, 9298c7f62daa94594d52a2bd5af0c6e130138d12c0e99f93f52acadfa61004f1
0,        211,        211,        1,  1944000, 42be3984709f5b0a305c1d407e09b00380534bc8a4e4bc6e95128542d4e66e92
0,        212,        212,        1,  1944000, 7024e136340d370920a8bf6eb17c82f50debea72994fa1ffeb465a1749be416d
0,        213,        213,        1,  1944000, b007bcc1ecba0c8c170be32e01d2b368395d5eebf619edf54834c6b8d81f75ed
0,        214,        214,        1,  1944000, 69c20e9dc58118252628db4145a79cb86509d477fae72927be649ebe1d3f419a
0,        215,        215,        1,  1944000, 418e279557b5c31ad90b218ce10d03f643532fd9e42f7fcb2ef144a45e7b4433
0,        216,        216,        1,  1944000, 080c56a9b90cf496065eb09d532276f01969e10703766fc607056b7d0cdcdc2f
0,        217,        217,        1,  1944000, 69d480ee53031ea733cac711ca678c2c173d8e498a5ed82ed8e32d9e787d79a4
0,        218,        218,        1,  1944000, 0fb8e50b305366e54002f6fe507220b71926f170ecbe0169c49386d7d6bfc55b
0,        219,        219,        1,  1944000, baa639b18f94fdfdb68a82796613dde45af1c42993bbe0338c0d1f98b864288e
0,        220,        220,        1,  1944000, 045422e26dbbc8e30145fba29c3c0c135a28c468fdf8154ca69a63a881bf6542
0,        221,        221,        1,  1944000, 0da2226e01a00cc53399b136eb4b3ea8ccd48b03377bee65f58c2be892d8d075
0,        222,        222,        1,  1944000, 196724b51a850143010167334c4436364fca27874addd066f558ff6c93ce3c58
0,        223,        223,        1,  1944000, 56a4dcedc4db9297b0f9cffcb4c6ac211fc220e8e88d667acfd66f4b2a8c6dac
0,        224,        224,        1,  1944000, 0d9f6dc927091242e4c9bdf4dd3835b779845cc59d6d0660d435c39c2ea60bc1
0,        225,        225,        1,  1944000, eb8c6f537ab871833d337593449a7cdca3c3d4b43fca229a0a9ef436383f9b77
0,        226,        226,        1,  1944000, d909e43e81edf1bbce098a84ba484914aa4708f41c174142f859222d5611c9b2
0,        227,        227,        1,  1944000, b55967b0f81ee613689d48e0ebeff3fc2ad1a80c289c721fd161c3fe6d24d6be
0,        228,        228,        1,  1944000, d6533f4c8b58c2360f13651333263e3adfc957051ed95ab82edd0d574bdc40f7
0,        229,        229,        1,  1944000, d6533f4c8b58c2360f13651333263e3adfc957051ed95ab82edd0d574bdc40f7
0,        230,        230,        1,  1944000, d6533f4c8b58c2360f13651333263e3adfc957051ed95ab82edd0d574bdc40f7
0,        231,        231,        1,  1944000, f9053429af057065e9f32932d7ea4a4a95260cd4c62c5574e727f7188a28f361
0,        232,        232,        1,  1944000, 74ed29612b075276744ebb872c7b714bfc6943620d8f7582ae2312cb4abc95cc
0,        233,        233,        1,  1944000, 2ecb56095a2c7e74345688a54f5fe920482fea7f5a4fd733fd2f26448ecfde97
0,        234,        234,        1,  1944000, c9334e60af06d9fa8bc6f940eb2c9be28bd0e8e34b303692245767e86c01592d
0,        235,        235,        1,  1944000, 492a887e875d7f9baddeddcbd090aed2183f4b30a76ae8b41560d92186168e62
0,        236,        236,        1,  1944000, 7d8a53305bf5ed7e54663d73cdcd80d7e5a874fd99205bac22b1810421c62c4e
0,        237,        237,        1,  1944000, e478fb11c1c3cf78ef95fa9f29e5bd2fb750ad777ddee1ede5268998eb67ea98
0,        238,        238,        1,  1944000, e478fb11c1c3cf78ef95fa9f29e5bd2fb750ad777ddee1ede5268998eb67ea98
0,        239,        239,        1,  1944000, 05730c1e8ce0b6803586278d6cbf4df97f018ec9af1ca145576cea60ab1acc78
0,        240,        240,        1,  1944000, c26a3a48f6db849bc1cfb93303fb133889fcbb0c3a03709b57172be787274c48
0,        241,        241,        1,  1944000, 7dc844f1f3da6bdd1124bc41ea7af0d1e047fd37be4f5906f95e0f6a1152a483
0,        242,        242,        1,  1944000, 0ab61f8ca6013c8ed0c9945e55fff4a50a7673bc739d0bb9ea013cf76c0bbee9
0,        243,        243,        1,  1944000, dbe324486b48ca76ee431d3a1027cf83cf18dd30f81d7d3b728c3a07c7200812
0,        244,        244,        1,  1944000, 41a0a675da86b64e939c98f14e7e16b1512db159228fad28d704ff15a2554986
0,        245,        245,        1,  1944000, 17ce3258fd948d1a46e90bb681c44133dd2d1dcffb45eb496431b93c09919285
0,        246,        246,        1,  1944000, 645b838ce28f04956035c5cffc702869dfb2db6628eb93699e8f3caf12b1f181
0,        247,        247,        1,  1944000, 45086115d32841d6942865500d8423456b0b90b594c69d9b329a3ec542350e34
0,        248,        248,        1,  1944000, 054a5328325afb366ae93602919b03213a7341596ef2f185a34156aa3ef3d2b5
0,        249,        249,        1,  1944000, 45086115d32841d6942865500d8423456b0b90b594c69d9b329a3ec542350e34
0,        250,        250,        1,  1944000, 105131dc6873f3d1d4a18b03382112356308b0065b2e99b19a8db2cbf84cfae5
0,        251,        251,        1,  1944000, 3cf556743c43f1f0c4aa4fce6402220b97956d7828c71cca76e36cf53942604b
0,        252,        252,        1,  1944000, 3cf556743c43f1f0c4aa4fce6402220b97956d7828c71cca76e36cf53942604b
0,        253,        253,        1,  1944000, 3cf556743c43f1f0c4aa4fce6402220b97956d7828c71cca76e36cf53942604b
0,        254,        254,        1,  1944000, 588b08efff743f38ded7b0b184a2119808335439a37e2c72a75903124ddfe6ae
0,        255,        255,        1,  1944000, 7587f9edfefe4798d0559be4e47b37849a461dac06bef3ac698b90d939deb15d
0,        256,        256,        1,  1944000, 23f693298975800f58c6b2b59faf5ededa69e44dd6b5481a996bc8f53b1a4132
0,        257,        257,        1,  1944000, 418fdb53dff1711a65cc29b96456a014fe833fdc813dbbd848e10fc211cc749e
0,        258,        258,        1,  1944000, 6023b0605d0ac69e2a49c58cf5aa615be6f2cfec3ef5f73e2d493fe8c9ed2f60
0,        259,        259,        1,  1944000, afe693e4c57b15d464ecd19f2f2e3f8d44201a836537fb403ab44456a355d180
0,        260,        260,        1,  1944000, 1604d606cf021e526117777ad2c2b274f5ce88c0b5c433837b5a65b3108966c5
0,        261,        261,        1,  1944000, 500a4b4ef5aa16d58d6090c6700b0856e0392ea480d1df0cb3d0bcee4fc7cbad
0,        262,        262,        1,  1944000, be56819b292610894d96709a8028c7cb9ca8a78a639361e41f8807d5b62917db
0,        263,        263,        1,  1944000, 4c5820c7479cedb8d4e1e9f26414eed7601bc093d4d4353583a021bde1122e4a
0,        264,        264,        1,  1944000, bf18d96d27afec3113aca35a38692d5b6f8a9d5fc365ddc09b87b98e95bfc0d7
0,        265,        265,        1,  1944000, c82019a735867b253015a3525d80de5b282ee2fe87a99ee926b0ca504357ac50
0,        266,        266,        1,  1944000, 4b060f708e0db9cb58055e30bbff53c0131ae7dcdc3db4dfcbb93fca1a3d1c5d
0,        267,        267,        1,  1944000, 1ef9b4da4cc800653f5bf40457ab240cf7a9155a1bf5243a2eb6e54f693ccf19
0,        268,        268,        1,  1944000, b2aa138fdfe8c5881c6c3ce6fbc319a769c5e7cd9f07418699eda9a1700a9e66
0,        269,        269,        1,  1944000, b2aa138fdfe8c5881c6c3ce6fbc319a769c5e7cd9f07418699eda9a1700a9e66
0,        270,        270,        1,  1944000, 1cd20146cd6d9e10be342bf9cdd61b701c584f9d8770973790355bb6c219501d
0,        271,        271,        1,  1944000, 1c6b684753346fa599c6bcd5c347a9f01b8112bc2fb7bb61728d65188cb990f0
0,        272,        272,        1,  1944000, 644e4ae0e4399055b81e967f604f5c0088f4e2e457a2f6ddb9e3d78c92db3bf1
0,        273,        273,        1,  1944000, 8c2327caab1f96fbb321a58f53aec64f97105a9d40c679ec62cff743577d6280
0,        274,        274,        1,  1944000, 93247bfac25b88923573b54610b6eaa96d59042dcce312f51e6f8c8bd6b762c0
0,        275,        275,        1,  1944000, fd787288508ea21fa573def44325ec38c083b4a162c2072bcc1127ce97cf3762
0,        276,        276,        1,  1944000, 83f9222910a0c23a450a5de8cafc820acab48e8d29051d43f37ba35067804e83
0,        277,        277,        1,  1944000, da5df4f7e7d306d68b2bce068054d6fa3b6765472de6d4466478549c9c99b2f3
0,        278,        278,        1,  1944000, b4357bd6ac1e78c7c86fdeef71ba52e972183f05c51ca7f009615b3f0aa2fff3
0,        279,        279,        1,  1944000, d9cbe26d31380bd9c5c72f43193544970ca336410769aa7165eba3276e01b983
0,        280,        280,        1,  1944000, f891ca73f44e87eb3da0802c17496e1e9583882701c7bf953536d34973791476
0,        281,        281,        1,  1944000, 5018299f0c24c9f2ecfb61d58b81b0ef9644adce2f158e4cc012e4898f190994
0,        282,        282,        1,  1944000, a8b27eaf2e7051db6b6f5c75f3e388e083196a6ec2ef40bbfcfd5ab6d0fad7ad
0,        283,        283,        1,  1944000, b3099dc2e2b2dad20513bc0ae3e309a5399f2681330e2312dbba905177fd7f8e
0,        284,        284,        1,  1944000, 5a3c5830daaa042b6c2a3a3a38faff49a56413227e87e8ea9336f5a85871efe4
0,        285,        285,        1,  1944000, 51df604dabc097d031a4c1c7be052b0418305150d54ab3cf122e91c53e19eaed
0,        286,        286,        1,  1944000, c21e0727ed26d758862a0e3f3a1bdaecc457db2318430e92cb6443c70da6c86d
0,        287,        287,        1,  1944000, daebd721e2857a715f3ab07feaa1d511000d0fba95ce4ad8120bf14576417f64
0,        288,        288,        1,  1944000, b17d73c9ef32648d82321952008d96cb5532fa53f99281f15b243cdcc861f619
0,        289,        289,        1,  1944000, 11f770e60420d16e4f4ddc46d1d555d48cd112e9f9983e61b5631b8c1dc84383
0,        290,        290,        1,  1944000, 7ef671c0fd52aacdfda31cf79fd6fc5af623224e4dd74cb003d16c8dff14785d
0,        291,        291,        1,  1944000, 3654b86f0d8c0e2f358ea3cf0c42a92cfd59d2281cdeb7fa9f560ac55921447d
0,        292,        292,        1,  1944000, 9a686931f2b8d89c30d671f523d74339f3660bf08212e9087fb012d18120c979
0,        293,        293,        1,  1944000, 7592153a642c170d3a6df32d0032291f2e283a920db418dea2641ef8dbfbfb56
0,        294,        294,        1,  1944000, 781a1d054854dbe192204c1820ae48aa7268186cede677c49e85093940060050
0,        295,        295,        1,  1944000, c86e290e8dd843b4fb85036dbae2f1fc1c6545fd8b7b3d01d979b29faa17a63d
0,        296,        296,        1,  1944000, 5fbe9f41807a7d5848bfa979225aa4707af0fae0a935dbe9da885c67f4605497
0,        297,        297,        1,  1944000, a991ef039ad1d46ca09408711105862f720aa6829f463094b275ac0b82d4921e
0,        298,        298,        1,  1944000, 099ef1612fc9ab94695cba60c485de4d0b20bebe703dcc26f2eeaf839697d965
0,        299,        299,        1,  1944000, 2dcf54276fee7ecb36d4ee92cf2f85812ca10548bc423df39d386ebff32c59af
0,        300,        300,        1,  1944000, 17a5e179fb7258fe4c680027782691a6b28c3ef63c52bf2b027862859dff05f7
0,        301,        301,        1,  1944000, a4c3e10391810a72c6d351a63bcb9f55ee4d0ba9eebb923e6f3e4eed07192c3a
0,        302,        302,        1,  1944000, 886482e5eea55af31c641676eba0d0b7bd0e216480b495856f90318a841d8d97
0,        303,        303,        1,  1944000, b73e65d5b6b9f1773e79e57a89499e7df3300222dc0addddf8d2376bacc8e696
0,        304,        304,        1,  1944000, a7fd6e68c57678e5041360016d232902dda3e273ba85f4c96d98d6f0b53ab0e6
0,        305,        305,        1,  1944000, 1fe564f9e7df2092a1dd7d831b732315dc5f801cb2ee7e6d2ede9d22a572ae63
0,        306,        306,        1,  1944000, 0b4fede45c95364281994b0731fc42d4b51cc75095d8668975df73ad1d8936e2
0,        307,        307,        1,  1944000, 30c01eb792d42b3c32636968e39d703066a69dff49187602ff3d88b6f25051ca
0,        308,        308,        1,  1944000, 97a83576d676954893dd030a1755e8c6268674a97cabaa91eb6fbdc6ec081b2b
0,        309,        309,        1,  1944000, aefee02c14531471c8260fdc749a7cc765362caff0bd6bd9935cf3f4de4c2e3a
0,        310,        310,        1,  1944000, 888cf60daf28e9a49e1068c961939910abc6380594b07344da845510dda50097
0,        311,        311,        1,  1944000, 84acc461162870de2987824e5f86873f927775912378c15b9c6fd7ba3de32d4c
0,        312,        312,        1,  1944000, 90a30ff6dba7d2bf7ed24176e848b433316326ec27746ee38b43426271cf7868
0,        313,        313,        1,  1944000, 90e57051e074d14bee1d699a2387634e8c1b00569f3efc6402196abc0d4e4674
0,        314,        314,        1,  1944000, 87624c938d3f786791c2abb0b7b5399a3265dbfbc8a6eb859df81f5b778a3590
0,        315,        315,        1,  1944000, 9a1eac9e5261ccf2ba4160713ae967c57a1b095692ee9c3ddef5e87cfe0eac44
0,        316,        316,        1,  1944000, ec14e7ebbcd92e7844abf7c7293ca54bc3c9e1ab826520543b06d468e981780d
0,        317,        317,        1,  1944000, f68d32313c2010f0915bcbaef3ec73c9feec04605b33fe31d53d001885d7f668
0,        318,        318,        1,  1944000, 18b6d3f7e61f5b89747d78ea9e67c72a43f038f77c3f13323ff67164e165213f
0,        319,        319,        1,  1944000, b5a4b0c91fa841ae469ceef88261fcccc4107d3df3c32a1512b898afd5ef7647
0,        320,        320,        1,  1944000, 34709ec8e22aa44934154f29252ecf22e9a562db0aa029a2339ed70359be5a01
0,        321,        321,        1,  1944000, 510e65b40e6106df59c8d1c55d9d3f52ea92b826f0330346b6afc56a13cb6765
0,        322,        322,        1,  1944000, 00c80f929f42f6dc8fbd932c78c111a7f7fc45479b1735e0218e967d9985533a
0,        323,        323,        1,  1944000, 0d68d2e528e31f6e4bc52e4dda15481badbc5454c7cf5ac48b7a57f9dd49219b
0,        324,        324,        1,  1944000, 66b8e4c818130dd37a98c30548ed2dbadf0d31e77c0490e8ea73b087133218f4
0,        325,        325,        1,  1944000, aa83792c4954788718a2c57cf4f40ce96349408ba716fa7d5d9a2efbff9487ea
0,        326,        326,        1,  1944000, d1f94be41a04e1837dd35ff0cd80e8edf0b1dc17ff3c33fc3b35e35e460588b9
0,        327,        327,        1,  1944000, 346e2dc9c02641b471c666a853d096cc42d525afddbf4801dd8b0e1ddecf6adb
0,        328,        328,        1,  1944000, 0b15a276770b6f481ade67294e0a7780197b2490da49350f089e6b6e617ed0df
0,        329,        329,        1,  1944000, 7ac627a1a198fc295f48b5073c5b3df20b52ea93292545a5ed829c38c94948ac
0,        330,        330,        1,  1944000, 86e5a216249996c6e77cc8e90e2b4097131fae3cfeb35f70400c39448920b040
0,        331,        331,        1,  1944000, a336cf72c026499a19d2fb771f00de5ed56b28857459d1a9fefad6d67ea58465
0,        332,        332,        1,  1944000, 19b9977d02153f5f685d17768e946b54628351478d7bf7eb488bb929ee8c045b
0,        333,        333,        1,  1944000, cd3c8e8e335e00d6ce17e53639b4b4f51eb22f0ee0d88825afc81a129d0d2f75
0,        334,        334,        1,  1944000, e439870e9daca3079b514ad71035a831325d769d9a9a21cdda86c8b20195e278
0,        335,        335,        1,  1944000, f61fb823b75aa36ccdcfe78f2a8efc2fc0ac4f50aafc77b090e0dc572a30aad5
0,        336,        336,        1,  1944000, 3f81467f93365b6e2895be06305ce3216c2d021e33815438b71c9b87cf782dc8
0,        337,        337,        1,  1944000, f3b7c359e377e7a4dc9db21dfb7278b59cf71e74ad3ed60594138b6c759ef336
0,        338,        338,        1,  1944000, fa68cd0af826977fa94f38481ecd97f2331c086cff8600e270f3695d9de27c92
0,        339,        339,        1,  1944000, 708d7c0af2efa8d80e5ad4714b8b8a263f7c43272661e7a8d6307856c5f6607b
0,        340,        340,        1,  1944000, 91c819af7910fe9ac9980db549f093bdcdeb77475c500f34d25e7290768ccc05
0,        341,        341,        1,  1944000, 0af7989301cb927f790ea2a734da08dc735bfb29b5a1f0387196cdcf5d08df54
0,        342,        342,        1,  1944000, 01a5611758905c481e3de15a9aee966c15790a6aae179f77dc9799ca505bfa73
0,        343,        343,        1,  1944000, ffd0fd1231ec735099dfd722ae852fafc7b9ecc57b3218941083c3debcbcdd93
0,        344,        344,        1,  1944000, b4d63ec9320399d0954e7473e99e0400c8af91c3200d255fc2287f9447b090bb
0,        345,        345,        1,  1944000, c6c003b083afb37d2c8a630f0a795e663ec7e64ea84bde77a7f410fa768cd9b8
0,        346,        346,        1,  1944000, c8aa1b50f9bf01bda0879bd16eb3a19673d92d7397b853b59b0b9b337a7a613d
0,        347,        347,        1,  1944000, a78d73b47be3b51e86daac0e043718b0a3f500622fd168ddd626234710dc7533
0,        348,        348,        1,  1944000, 48f55826c8a45e81d731d75200d9d0e2d7923f7ff3934915a41d7d7a7dd4f852
0,        349,        349,        1,  1944000, 35ebc9091b0c7fcb53c50ab738e857b7ae9a36bd26de47e9ce76d267fcb7b2fb
0,        350,        350,        1,  1944000, 93dae93b8a4ae407044ea47e094bbd5c29d86a20a5e5fe61e99f184e017ea3ed
0,        351,        351,        1,  1944000, ba7ebdf095b32fcc5c8c2bf7425ea33e560c6f91e3c6a4eceeab4eca53a2b9d0
0,        352,        352,        1,  1944000, 187e7ad552678a25ed9520b62b6e54000c3d800ac03a4f0981ffc90220d62453
0,        353,        353,        1,  1944000, fe3b059c29279022d13b5387a578ea8096e45f1d33f6721d4d59ac9939b6fa32
0,        354,        354,        1,  1944000, 1464a560dfc6638ba9cf5fc1f719622138e2cdf0fde61bd45534a366073ae514
0,        355,        355,        1,  1944000, b8875e1f5b3f7169f13918b6f892f51b75fcdf740125f1d771a784996cc77797
0,        356,        356,        1,  1944000, c3061fdd4d067ac2525eb63c48b5c5ba2c4bba6e3ca61ee63f87957e48ade875
0,        357,        357,        1,  1944000, d6e29d15fc8f48f29b3b113df6e16dcd295b21d7a0fd8be194b6dd648bdd490f
0,        358,        358,        1,  1944000, e437128ba2bcf235ce50d89e4f1d9d79333c9b095e03b50b9976ddf1e9b4f732
0,        359,        359,        1,  1944000, e9589a4036ed4e6943631118a45a88131761b415a7d050eac127a18493485593
0,        360,        360,        1,  1944000, 6e3a507fb07331fc05e25dc1856cc0d2c23d5f0bf459de56343dbad8fbe79835
0,        361,        361,        1,  1944000, bf0136a5c7c7fcd416d3523b6da0edb66e2195f8e8c06f2ab2f8067503257d17
0,        362,        362,        1,  1944000, e8988dcfb95d42ba7d8db23e4a2df0ca99d1434a976c4c32b805915c3d0718c8
0,        363,        363,        1,  1944000, 29cae8fd685169226d8efee1b6730f3965493786b0af3589136e96a07768bf69
0,        364,        364,        1,  1944000, 44af9aa2fb915ae05d9ca650f73268a9498d99afb0e37afb75675e222a85e56c
0,        365,        365,        1,  1944000, b723e0df8e5bde92390874bff9018cab35c003b9a4e7e835a6b92ccf695eae54
0,        366,        366,        1,  1944000, 9d34b771f65e4f671288870e7c28168a155e5ec34d604bce3f84a883aef29234
0,        367,        367,        1,  1944000, efc84fcda42b76c70e59179c3d013bc28b6d45efe837abe493de37bbb987d1a4
0,        368,        368,        1,  1944000, b8ccbdb90949ae7af4f05cfbf79024a5b9fcb30bc591fdb7f5331d84f2ad1ce2
0,        369,        369,        1,  1944000, 01fbbaf778a63197c42893ddb42fe403136bca1983784bfb556625431d6a2910
0,        370,        370,        1,  1944000, af4a723cb64a32dcbf4621cc8b4507def7ac05b83431f6163ad62961050c3719
0,        371,        371,        1,  1944000, f0d2e58ef770d13d10c06352c228b434bb9b50a92708c9fa83da6d384dd59a01
0,        372,        372,        1,  1944000, e1df7096ac6fd12c6499cf12780bf627a7462fe870ce31e2afe0fff59ab119aa
0,        373,        373,        1,  1944000, 7a77e483b297b2ae62daa3bc6d8cb6a76c1814437c26fb0fc17f33764ead877d
0,        374,        374,        1,  1944000, dd2b824aecd46996b79c2d437fd7ca41094dd7e1a05bfb3ff850c2d05a26092e
0,        375,        375,        1,  1944000, d823b5c665506138f3fba6177f5f22af136412a478e9a92af24288b5d0d96641
0,        376,        376,        1,  1944000, 991b7cdb32fbb3b0ea4b3c593f787bbdfab2a62cbfdf5e250dc4959bed3941f0
0,        377,        377,        1,  1944000, 0ee28ca884d42c01088ebbf9baf23c240bb54c2f0afb6a8243e88d7066d4db03
0,        378,        378,        1,  1944000, 21466d91500ce89c857bd5b0693defa12c63d90d093d9358f1ee7f6c8d033b6a
0,        379,        379,        1,  1944000, f358c5ac73a8b39371601d89c086d506ab5a764c0d5534ce51d49dc7b91c3c76
0,        380,        380,        1,  1944000, 0a9db3f30da7341b721901e8b6174e43eeb445f719bd706fad15d4e40bd614f4
0,        381,        381,        1,  1944000, 3379f6256779b40ee6afa90be192f6197ac93ee321d924deab0228290d0382f3
0,        382,        382,        1,  1944000, 471989fd92908296059e346f84d06daf88729aadb1567246759152e0deea3351
0,        383,        383,        1,  1944000, 5b0723507a0ebf6b5be19e6671698ec6f2461e66a2d5d620bed383d9fcc0d0b7
0,        384,        384,        1,  1944000, 47a9abf50df17ff63c3b3af397e5d7a5a89ec332eec60c8cd442ae5b0124882f
0,        385,        385,        1,  1944000, 75d9bc3ccdf60605cbdcdc72054053b47c8da68fd773768080a605a402746d82
0,        386,        386,        1,  1944000, 947b128536f3f26d9735112fe10b73ca386eb9a143196004b857d182487b58b3
0,        387,        387,        1,  1944000, c9d8064b2ace1a20a9ae846d035cb45db614880a93d82802e60e5fc9159f89e6
0,        388,        388,        1,  1944000, de6021be98b358081902331c6ef7cb262bbb5cae630cb3dfccea4acfc0a4434c
0,        389,        389,        1,  1944000, efb66c3a0b3a5e83c5c389a4314bebef4974cc4b720b969e01e9d8510e5e50c0
0,        390,        390,        1,  1944000, b68e13fb192fba88df609c773d97ac4c7ef9fb6bc67fa5f526b50875821416eb
0,        391,        391,        1,  1944000, 0790621a602699d6c794181f87f12f7c482b6609be8437f43b9df0b294d117bb
0,        392,        392,        1,  1944000, 28b37677dbb4c762fd2222cccf9d82f7ee93604d2da79725f723b617100b5ba2
0,        393,        393,        1,  1944000, ba9e0ba098a102f3f0787e765ce2080a9b0bdc721b4955dcf3ef07ec096fe90d
0,        394,        394,        1,  1944000, 41296d68a2317e0390dd6c12e3ff0dcc4d721c766944bde34f2e6d629fc2d564
0,        395,        395,        1,  1944000, 18a45c2d086f13cca01e7353df0fc6c4c2cb1ca2837832304a5acd367adddbc2
0,        396,        396,        1,  1944000, 3eb7daf67c965541672b68e6333db74bc5e0db5df74154e117f0c1028724d803
0,        397,        397,        1,  1944000, bdda97f6272b3488d80bcb5a0d28d3b9721a008f3ec07af5e4ab8b2509493db3
0,        398,        398,        1,  1944000, 9662162a501cd519eb76269a400f085eb33aed0566a6af04a060acf1e25e4e73
0,        399,        399,        1,  1944000, bac17615e0edca0b1569411ba151d6f9349e9f7a1d8ee07a5b330df934aa8280
0,        400,        400,        1,  1944000, 28e8b5ae2ca09b9b846aaf3fab10cb891deda90fa0329bbe6094dcf254680184
0,        401,        401,        1,  1944000, 6371418c56ffe0ef7bf6ef0fd2454baed75a904f50d8328fe593e38710a80f89
0,        402,        402,        1,  1944000, 3e814fbe77976120036c6edec709eccff4aebe087325113b9bd6443c7b59b344
0,        403,        403,        1,  1944000, 72d2cfae2df83e12358fd35da9eaf076e6d1eee016d6698cea9f15b2369b940c
0,        404,        404,        1,  1944000, 675b6f50a45072d5d32e2531ef35659cba56de2a2d485ea0406c3d60f6b47553
0,        405,        405,        1,  1944000, 80351b45d426fc5eadfb19374b1f95b6f61a4a9495f5e65d2804521f983ea51a
0,        406,        406,        1,  1944000, 47746a46c1bbc5027b2b0753b34032ab5f9e37c70dce112fdb9be94aa52d321b
0,        407,        407,        1,  1944000, 8a4f64498456b2c96614b3d68934f2989196216bf15a45dbda7d248cc154ebce
0,        408,        408,        1,  1944000, a236c9650c834bf162dd9d8197756dc53ca1bd465c2747945deb0d4a003b8a44
0,        409,        409,        1,  1944000, 4eb7c5116ef3530d40e8bab7d1567f5559b9b6a787cfab5e407ccd95815ec410
0,        410,        410,        1,  1944000, 5e8cb316c28e9056adaf6f44b0c45f53fc945b414652817c26f2ab790139226f
0,        411,        411,        1,  1944000, 4b8a2f9e6805ec5eb7e9a37c9e5aa401da9b4eba2244219943c85352281d0d77
0,        412,        412,        1,  1944000, 00a07aed0b3d43f3f682753e493d1b99bee5eb8245f04a244dfedacd4277df31
0,        413,        413,        1,  1944000, dc738ab6696dc177b09045a8985fcd86bd1ff55eb63a9218ded792cfc6aea448
0,        414,        414,        1,  1944000, 6ee8bde2073f7151ab841e67819c43bd99a68ea17b1e7b08caab2ba4dbee455d
0,        415,        415,        1,  1944000, 1240e90c2494de7316cae11e21a0f7857f9fafd1d65a873e210cdd839f34c587
0,        416,        416,        1,  1944000, fd6b638a39182b05ceecb21fc12beb9a34b824c08bc9af8611356b2a896a032e
0,        417,        417,        1,  1944000, 5e48c059bb0a8fa59784a02459d9c31d4a2e34cdcfd4c7ff72075806ab7ddd71
0,        418,        418,        1,  1944000, 282c8ad5290b93b2db32f4d16de5798dd87669b4b8918d9c1cb2ed0d3c4f6e7a
0,        419,        419,        1,  1944000, 0dd0228abe92a231a898480bae06dc48b4670ef8c5d7656f06b612b1d6a6183e
0,        420,        420,        1,  1944000, 30aab91dd67dc3148db7ad1a1701a6476f7792313f00ee23a89ba99b9a9f060e
0,        421,        421,        1,  1944000, 5e9afdf6c61f6db8a7a49d658e7ae253afafd9b497e39cd6c6e5150237548375
0,        422,        422,        1,  1944000, f6e99462214c47eb6ae856e101616f80da174f0d332db0f7c15ac7ad6e977e91
0,        423,        423,        1,  1944000, 77e7915245932f7e6c0eb8ddc7e0b77d3287da9bf11841a957fba539a83be7fe
0,        424,        424,        1,  1944000, 13388342276e4dfe5f6a2f465e40b9a4ca61142ef6e29be0a078ce89f386e90c
0,        425,        425,        1,  1944000, c88cacb69711c7c83f42f7113ee741a40624b46a77148303993efeb60a1502b9
0,        426,        426,        1,  1944000, 5dd68c80ed5bd6b2240df0789882a258a4fd3f1a2a889fd1830c67ac07446e6c
0,        427,        427,        1,  1944000, bcb65c9f5470d4e02268ed28e29aa26a8276b437583546e6b6987ee8c35f6fba
0,        428,        428,        1,  1944000, ab50314308089de7a77f31db7c7b0dd4cb3a8e88638cf1be16c3caa6cc6c1f65
0,        429,        429,        1,  1944000, bf6ed3349f11411214a08367f0c5d2a0c0247b797008677d8d47fa22461c9c57
0,        430,        430,        1,  1944000, 6c6958fe4cc1a57a1040d8304009378f712b8039841894dede9f03ed06760317
0,        431,        431,        1,  1944000, bb20af06080e1736b326789c6eb63be58225356fcd13dcae18acfe1211952e09
0,        432,        432,        1,  1944000, 709eef61b25e22fbfbbc8ed47912a379c3573ffdc7be9d7530bd9b9f6b2fe0a7
0,        433,        433,        1,  1944000, 9508e9169b04f60c1158c9d01e3f48f141019db0fe4bff0fb2dadc43bee5458c
0,        434,        434,        1,  1944000, e19e6f0efe59e19af600b43162549723323a57c12ee9ec054923c37550f52598
0,        435,        435,        1,  1944000, ec356446fc487d1e01ab7eb92a8658e2626d9c5c79374f6c3ee926ba7b2ffbdd
0,        436,        436,        1,  1944000, 4c61661fae962eec482cd740ec38a546ebab9f66cc835551899b9c7639d968c1
0,        437,        437,        1,  1944000, 4f738beef706bddb7eaf535c6f446c2e12292b620dfa169fdb69dbba1f3c9319
0,        438,        438,        1,  1944000, 9c3f417e48ea5805177afa4f9bf1952dc32c1c3ebc36e04252998c5a2a636a70
0,        439,        439,        1,  1944000, 7e244362581a1b05c9b90603b6fdf47812e29d14c8342ffbe189efb3dc284213
0,        440,        440,        1,  1944000, bc04d40cf6d621a18e18af01228b4ef703803850041ce467ffede5eed5539c20
0,        441,        441,        1,  1944000, 3adca0a4af90b97190b6eec010e6e66e90d337a7be1d1b0e40b9ca333419f10c
0,        442,        442,        1,  1944000, e781ec088f3a1fb0e52fb84538d224756c626065965d4e80e6e830c9c7ba9d3e
0,        443,        443,        1,  1944000, ad24beeff97d50295b34d82cea2cac1895354554b10686f49d954c71ed50e221
0,        444,        444,        1,  1944000, 3db5120635f27f1b776797ed9bf35750a007df72cf01a0c79c0d992bc5dd02bf
0,        445,        445,        1,  1944000, e08a60f0d88918a015e3f0ffeaffd2843459061d3208e91c2124ce844b1ec8a0
0,        446,        446,        1,  1944000, 14f604d6c7c5687d89c3741a9336b7d83e73ae95e804fba499a745829385f5eb
0,        447,        447,        1,  1944000, 84b1301e5a5a68a9334552267fb4cca5b842b00b2efb740d56481b2e1b8c4475
0,        448,        448,        1,  1944000, cad2655e8f3479868ddacd2d6a8a908887aab1a8874da79e699626e5291705f8
0,        449,        449,        1,  1944000, 171af40b7331084627e60f20576d665d2e5aa69fd9b4ae69006c0b0eac41d1d3
0,        450,        450,        1,  1944000, 55f43e58867016784e6a99b070e7d8c137ffacd94825f327577346295f29d9c2
0,        451,        451,        1,  1944000, 7ec33e0714e9f1c8d89de816b0c591fa1e29703da32870834e08d1447c406588
0,        452,        452,        1,  1944000, 73620c5a15198cd03d936562a48dfb366f6af1c9d7bd7e2324db291d8fb222b3
0,        453,        453,        1,  1944000, 9a6901a6c2d702b42260940923af1dd8ebc2936b90eef410f6715937b33c535d
0,        454,        454,        1,  1944000, f9432f5d6120f86a2a6bc7b36119fc3df0e291b4496d7831037e83ed437520d5
0,        455,        455,        1,  1944000, 1f65205de73edfe5389f4a7d2660083175005f4434f1fd015c2a53017061e901
0,        456,        456,        1,  1944000, 856a2d59219fcd799bfa6e41b9692c2f28674c4c2fbc3916358fe5f3bc33dbe7
0,        457,        457,        1,  1944000, e7f5f486d18386a1c9bfabb1c3140307a9fc040add515ce7d387e0c6ed58e28e
0,        458,        458,        1,  1944000, 1ef1962016d41144268256101efea4b98b77e33e914cbd5ccc0d6d7d67677764
0,        459,        459,        1,  1944000, ca2d897bf7c40775af579d28da38fe98ba98bf887a7305a0e8bc10227eabdb6c
0,        460,        460,        1,  1944000, 8332886a634bcec3e32e5e634c57cfd43d9d58bb4dcdfa0063f346b1af475027
0,        461,        461,        1,  1944000, f6ae8f21e868b4765450f956dcbb14edd23d7917cd0d9ba8cf335fc58f244eb0
0,        462,        462,        1,  1944000, c537cb84fbc2e844614a56adac3aef95978119a110466815699bd29c2d68eea9
0,        463,        463,        1,  1944000, 291783d5a1b8498ec978806d6c234a097892bcdd1d88eff521e9cef7104c2a7b
0,        464,        464,        1,  1944000, 7c2b666586412fbaed832197042b4c494e711844cf0415843bdbc5c9543de9c2
0,        465,        465,        1,  1944000, a33ff953d9246ea605c236cd0b9df35b9657ee1094b6c5427141870fe40cb78e
0,        466,        466,        1,  1944000, 5c5c0222a6fb6e4e456a87626ee95f13ebf7c4b8228b16d9007095373f9c1a79
0,        467,        467,        1,  1944000, 24dd0b5284a3c48f465d5438ab1581af6a9b928fbd853d1b64f16c07ab8a0187
0,        468,        468,        1,  1944000, ec2314ccee21f32cec367c97db7cd2f1abca03dba1a04ee397aeb470a462573d
0,        469,        469,        1,  1944000, 7b6b1adf0cf9803be5dde0da86fcf7af17924a51ad39bd645c23bae52a9df314
0,        470,        470,        1,  1944000, 664b9f9ca0cca558635b5de879360613f0b350de1e2a6624f5f4f67d950f5838
0,        471,        471,        1,  1944000, aa13e4c08b934ca96b7be814fa9d897c92f851ff77828e39ca4be6c4515c521e
0,        472,        472,        1,  1944000, a490dc0ade782197589053eb72b66318e0f19708b17a391ec1571a1deae2703f
0,        473,        473,        1,  1944000, 4d47847e1c89c5a84058d89cdfbacf382723f088952727cdb8eade3452a14996
0,        474,        474,        1,  1944000, 13b095c2236f24756dea5195e37505d6a09d2255e201edd5b2764a81518d0178
0,        475,        475,        1,  1944000, c3ce179384da49aaae457855cf0293ce8cbd9fb43465bc0f527ec099549f8f3d
0,        476,        476,        1,  1944000, f88b12f10cb1998153dce40ea9d4c9a5b7c1677427b93f840d97220fed89b0df
0,        477,        477,        1,  1944000, 39406bd363fe5776c39320d3e60f83b661e6f57b55dbf6d1e579a9e0f29bb479
0,        478,        478,        1,  1944000, fa8efb699d282c2b2add9ca1faf651f649beebcee68912f03152fa53e476e78e
0,        479,        479,        1,  1944000, c174059c570e9c95383d21173aa2dcebd060e6da52be1d01c284814741efac0d
0,        480,        480,        1,  1944000, 49baf688b6e003a108f2d885d35969d6459cee7c279abdc45fe6eaa0333a3662
0,        481,        481,        1,  1944000, 2af059d0fbd5e6c2cbbf4ada99d35ddb48c317902ace3d04ce8bf957d94cc08f
0,        482,        482,        1,  1944000, 09d06cc6b15ac1d668046846b7b76072cb49e812ccaa8d4978325e4ca977e19b
0,        483,        483,        1,  1944000, f685db24fb6bf393daada681b52accc28c7dcf0411e831fea0c39ffe35cb0411
0,        484,        484,        1,  1944000, 10c7d1aaba6aa9df09971496e7e79405dd6ef6d508fe22e27d513af243f0ff3e
0,        485,        485,        1,  1944000, 1ab8e01478c34384c411d553f25e3eea97361c1f5a4608bb1941f176a6c8384c
0,        486,        486,        1,  1944000, 8853f2caf2d850c09f04c81809bc1822ea083184c9ded7d624515d20673e0367
0,        487,        487,        1,  1944000, 555ea8b8e7e54b4ea9371a195b65683af9dfb30f7952d10ce888d23ad25470a6
0,        488,        488,        1,  1944000, c7e2a9026186433a30e0ed7392829774d3dc2b89197a1f02ca084173ce9e5116
0,        489,        489,        1,  1944000, 73ebc9f3b6f593e7f19ce53a850114361b70316da68502632dc4bf3d0dc45795
0,        490,        490,        1,  1944000, 0f63737868be5aa59b5845b9851385c059eaf1ab99e918c66cda006b5e71d276
0,        491,        491,        1,  1944000, d1887466dfa10411b94f2cfd5f6864516c29fb4fb1f726b11d9a23b31956b818
0,        492,        492,        1,  1944000, caaeb398a9ac0ac0a51b7e35091dadfc39cda83142c21250fed738ad7317fcd6
0,        493,        493,        1,  1944000, 594fa44e1b79f9a060fac8e4e059d7077cef8eabe34acd900922192762a58cef
0,        494,        494,        1,  1944000, 0bc97296193c0182bdc33d636f01aebf45724b6122ec1ac9b7dd71c44e995c62
0,        495,        495,        1,  1944000, f4b23a3fc5cae74102d0846db9fb1cb7f5777ae725689e5162bd3b3245c95474
0,        496,        496,        1,  1944000, cd04d548129989fdf5307c9300e823190262d18e73a84dac33a40801ed470916
0,        497,        497,        1,  1944000, 20c1d6faa67d2d03363162271c919fa1dee99da1d2fe73845dd016450774581e
0,        498,        498,        1,  1944000, e441a1a36361dc98056027ca0ffa9d90d7c1f83656bb2afc3e89d545decc24a9
0,        499,        499,        1,  1944000, ed0ad9624f3f3cb78a4241bd3f2d941eae596a8a3cae6628d721832dcb8a8426
0,        500,        500,        1,  1944000, 31b3bfe0ce28f8408a1d3ff0b9ddb521c82dd58671a3782cfa22657ff868fb2e
0,        501,        501,        1,  1944000, a9c301106e4a707d381f45cbcf033bf16e57e24c40e843e19ed5479d2fa48869
0,        502,        502,        1,  1944000, 0cadebbc7b98cd68e7c2a23daa19425f3906c17bcf8e05cd91029fc24d0d5709
0,        503,        503,        1,  1944000, 17ce9e5c1480499aaa12fbe1c929b441bbe400f7f88d71d5fa09a40c67918c0a
0,        504,        504,        1,  1944000, daef7d6b241ee07436df098d6216b009bd3385d0794693bd55bbc8dbaecb8caf
0,        505,        505,        1,  1944000, 85b368a2f3b67a0ba02fbcc191159954dbc31605501feb22cab85f99815c61bd
0,        506,        506,        1,  1944000, 21579cff408c7ab2194c0e3004401463b5e9047d20361df6f120f48280a1eede
0,        507,        507,        1,  1944000, 3bae2539a8ea43f551d96ae9cf96e7aea0162061317d7c5914cb837284fd7358
0,        508,        508,        1,  1944000, e1b208a2acb6f8e5c34683985fb22877f7cb9892e98a39d4c93f7c7ada947e2e
0,        509,        509,        1,  1944000, 2927187f46738dd01f9162fcb81ffef2d727a38539f3b8d4e2a9ff9af55ee7ab
0,        510,        510,        1,  1944000, 86221a390518934968928385fd2d025ec4904707e707b8121123cb7099522251
0,        511,        511,        1,  1944000, b8d7295e55d612783e9973580706285fe56a829a2bf231af07ce71919f5817d6
0,        512,        512,        1,  1944000, 0c492840520a40a105481f3337b661d4c2925b179170f4c71aee05ad6361f7ef
0,        513,        513,        1,  1944000, 78f66c3f732d6dd5178a288f0b8fabbc98c1a3298c4f92ac43269e07668d2fe3
0,        514,        514,        1,  1944000, 0de0d4918a1c1fde85f08ce9100004cc1fc831c10aa6de77b9fdc43ea9f5c7be
0,        515,        515,        1,  1944000, 4fd8dbcfc905a4c53951967dffbba75797a5404cb76d30e4cc7abfb9da9ba0c6
0,        516,        516,        1,  1944000, d0c0f5911c227cdec946f0ca3598a88f90697847fa8590dd6258e58568bba5a8
0,        517,        517,        1,  1944000, 171bc39f8d4fac7f3251e2375253cb86c850f9368c7d099f30aff33cbae44de3
0,        518,        518,        1,  1944000, cf8ab2bb16d61a5b9d70dd9dcefe95ae1a153c8d3b8619212109c367571d1395
0,        519,        519,        1,  1944000, 78fc3ee0ab64cee935355b05577222a4a07562f6d8eae126c3fcd6fd912f9ed4
0,        520,        520,        1,  1944000, e39a4ff35067d53d597c39b2cbd92422e04b33d29b732a3727700834bbd99b5d
0,        521,        521,        1,  1944000, 246d6a071f655a94530c2699fd2b997b921e324b593e33a352b1d1cbb45f09ec
0,        522,        522,        1,  1944000, 246d6a071f655a94530c2699fd2b997b921e324b593e33a352b1d1cbb45f09ec
0,        523,        523,        1,  1944000, 0031f590bb1e1ac58a3a995692bd6d0d08d104a58e77abeebc096f76a2a5e262
0,        524,        524,        1,  1944000, ea169144bd1eba741f3baae1eff52c6116c9a63cc604bed2c169b7dd8a7a9ec8
0,        525,        525,        1,  1944000, 8efbf604282b310a98bf64494ebf50068b682cb7d4cfdc391e42552d39d9405c
0,        526,        526,        1,  1944000, 8efbf604282b310a98bf64494ebf50068b682cb7d4cfdc391e42552d39d9405c
0,        527,        527,        1,  1944000, 8efbf604282b310a98bf64494ebf50068b682cb7d4cfdc391e42552d39d9405c
0,        528,        528,        1,  1944000, 25ecfc73c0c9994be6b4752a7407bb3862555979ef7141233101d962d167c651
0,        529,        529,        1,  1944000, af312fa87f30ae2c87ca1afbc9c83471422e1b3685c7b7b09e3edf80e75c73e2
0,        530,        530,        1,  1944000, ba98b4009f09c7d67aa1f1bc0b6aa61b96d75e59cdb7643e8525bd8937f0f951
0,        531,        531,        1,  1944000, 74f304cfbb251e39107fa4424b44d0e3caad3289b10aae6b17fc7a74f60fea7a
0,        532,        532,        1,  1944000, 21f61c575cce43ceeb797cfe0e76fa2dfa70d8d0553bc6b17ac8419ea7814e0b
0,        533,        533,        1,  1944000, 0ab797887a0425836c64269d03ba8ae074aaa7fcceff884ec99baebb1db152f3
0,        534,        534,        1,  1944000, 0ab797887a0425836c64269d03ba8ae074aaa7fcceff884ec99baebb1db152f3
0,        535,        535,        1,  1944000, 0ab797887a0425836c64269d03ba8ae074aaa7fcceff884ec99baebb1db152f3
0,        536,        536,        1,  1944000, 552a3237e3ff138fac6faf2be44c7f9b4f7128ed6b6c5bc47a4d4c6746ea2b7c
0,        537,        537,        1,  1944000, aca281c1c54c1739f4fdd295d91a5044ed19a9944c3b44648f2703408db78bfb
0,        538,        538,        1,  1944000, aca281c1c54c1739f4fdd295d91a5044ed19a9944c3b44648f2703408db78bfb
0,        539,        539,        1,  1944000, aca281c1c54c1739f4fdd295d91a5044ed19a9944c3b44648f2703408db78bfb
0,        540,        540,        1,  1944000, f57744f07c465e2480c813a33f5fb9b25b027c6f0f39f4a5d4c114b06b3472c1
0,        541,        541,        1,  1944000, fc7f82edfcfba2af3adfa867da4f0bc0385f6b37ae6d75dee3c56b2694744827
0,        542,        542,        1,  1944000, 97e3131d4a27623d3855b6245526c12922cf4c0eb490bac1aea247be8af04d02
0,        543,        543,        1,  1944000, cc118821dc52e61a01c95317a6a63060d10f33a80c4b3e0bb03e2d743c8c2ff6
0,        544,        544,        1,  1944000, fd4a0dc2a914a1e1b328159f5f47d6befb41e63bdf49aec8b8072709745497c4
0,        545,        545,        1,  1944000, 7e3b902ab9199bfa2e34c8e2d31a7fedde25f95e6ac924fded6960d3b4fd8a73
0,        546,        546,        1,  1944000, cb5fcdf90545782b8e87ecf3be6743367900db10e6889f96323b47550a75be6e
0,        547,        547,        1,  1944000, 7e3b902ab9199bfa2e34c8e2d31a7fedde25f95e6ac924fded6960d3b4fd8a73
0,        548,        548,        1,  1944000, 0a789170641a13759be5ba31beb76e04180212aa44f0a0e8f006388262798a24
0,        549,        549,        1,  1944000, f8aca2d70cb597e3c1c98c647df1b9965958fb25f94bf94d1d31270526d93392
0,        550,        550,        1,  1944000, 445a8c0059879dc1458d118b11348d2814744d0a9f83a2361649421de3b044a1
0,        551,        551,        1,  1944000, 1098d3daf754ec0f315c2ff48abd29801be96a7ea54e9554f3d1ccc95bf5a5f6
0,        552,        552,        1,  1944000, 49c3a628c802801fe70ae7a375cb59f0246548f3db67836d4422e9d8646a2675
0,        553,        553,        1,  1944000, 3fd0491ef65f4bba7bc3edf71b7af5044cc1ae72d7d9422cf2f67e6559e68b4b
0,        554,        554,        1,  1944000, 53b6fe84dc5922ef4d492311349fcd2d5a3c30228144c13c339ae8d9364bcb6c
0,        555,        555,        1,  1944000, 3fd0491ef65f4bba7bc3edf71b7af5044cc1ae72d7d9422cf2f67e6559e68b4b
0,        556,        556,        1,  1944000, c32fe345e8adfde6067bf1ceb4de4fa43d79f559b1bf9bae6ce44a92cfb3284e
0,        557,        557,        1,  1944000, c7d8421df671c3505f939f86a17f47b50fccebf9a36c401841584958cb868dd7
0,        558,        558,        1,  1944000, c7d8421df671c3505f939f86a17f47b50fccebf9a36c401841584958cb868dd7
0,        559,        559,        1,  1944000, c7d8421df671c3505f939f86a17f47b50fccebf9a36c401841584958cb868dd7
0,        560,        560,        1,  1944000, 1c784e4ac5b92d7316307a3f86867780a1cb71a63252a0ab75a7b7496d65bdf2
0,        561,        561,        1,  1944000, 4278602d445b544ecd0b5a3ee657b845f7ff853522c7696f5c755ca0ddf577a6
0,        562,        562,        1,  1944000, 4278602d445b544ecd0b5a3ee657b845f7ff853522c7696f5c755ca0ddf577a6
0,        563,        563,        1,  1944000, 4e413f1c7e97b1ab48d08c99200c62ce96662875816377af27caffe3d62161b7
0,        564,        564,        1,  1944000, 0377bdaa61db56aee593b2e5333000e6a8fafa5b3122eb246b0b2c5498155c89
0,        565,        565,        1,  1944000, f90c83cdf1dec7fc0fae9b112ffcf7e662804ae48c7a7258e0a3e77a11b927be
0,        566,        566,        1,  1944000, 1c55bfb142f450ea02c2838a8c6eae86aca30da78c44e12cb243ada2f11e0548
0,        567,        567,        1,  1944000, e5bd814bf9ac7a75b028a2486c2459f337a1d3cdc22c4da8e7a3bf80efcc1300
0,        568,        568,        1,  1944000, af37404cf416789b988600511e2eb26084288933c6a24a51a5b64a5f92b154d0
0,        569,        569,        1,  1944000, acd22aa7eab92cb3d9fdea927651e623c5d879a11e991a124f4c6ee37e1bbc09
0,        570,        570,        1,  1944000, da130504956a5d0bd883c3e7e1d9984d3a2ef6815be4ab161ce465ef2b264897
0,        571,        571,        1,  1944000, 1f0a95ae2154ce35b2b6d9890cf18d99cb0ab246ef1594787948b34976196247
0,        572,        572,        1,  1944000, 2cba33554e98cec7a9667d1960b06fdbb64942dc8a1fd77ed37844d7237871bc
0,        573,        573,        1,  1944000, 435947f52e051f6a7234806b125eb56601400ce94b9d2da23bc151478a695f19
0,        574,        574,        1,  1944000, 72cd07883236766e3f228fd915acc5c74fa00c4a08e41675fb3da0fada0ef0f0
0,        575,        575,        1,  1944000, 3423e4943aa398396fe85d71029bf004d1c11f736055d16a117c2eae64977996
0,        576,        576,        1,  1944000, a48772f2462a2e59bd1abf282a7ce312803d332a5f952d2c339eb4486cb35317
0,        577,        577,        1,  1944000, fc97b7815191bf0d99d083b71b2b81e79936e4745e258156576d96e4c4a0bd29
0,        578,        578,        1,  1944000, c0b8162fefe3fbb2478bc39ed49b1e776fe7b565bf1284ce4ca2571bb919c8a2
0,        579,        579,        1,  1944000, c0b8162fefe3fbb2478bc39ed49b1e776fe7b565bf1284ce4ca2571bb919c8a2
0,        580,        580,        1,  1944000, 94f304da6f3ff17cdeafde3df533898ee609ada6ba1972b0f099ce3fb3827c7f
0,        581,        581,        1,  1944000, 184e7d2a2ed418506650406fe6755a21e07e0d0cf48e0e94789f5163c28c8a3f
0,        582,        582,        1,  1944000, 291abbbfd3dd1674af98e8110097917b69f3274398dee856b3840cf185ef3ee9
0,        583,        583,        1,  1944000, 5393eb498121251fefefc431b59d742c0cc928b475d72a96dae12bdf6dc1e32e
0,        584,        584,        1,  1944000, 673c2a685e5899438ac9f1e0f297e9599cc259ad5547036e01fe4da8ee85bbcd
0,        585,        585,        1,  1944000, 496b06c6c6e207b457338148577a8c7e9ad07ecfe5cc0bacb460252c62805e01
0,        586,        586,        1,  1944000, f433effe5947bb21a7efe567afa220b92b31ddb6e695aa70d4ef1c8e04eb2659
0,        587,        587,        1,  1944000, f433effe5947bb21a7efe567afa220b92b31ddb6e695aa70d4ef1c8e04eb2659
0,        588,        588,        1,  1944000, 1e97484bc3402713477369000d1de4607d0411b0323b5cbfa26d9e8cd6f678a0
0,        589,        589,        1,  1944000, 18d55ac6584341383875e0414f114c53bb178c96f959eb5895ae496c54cc2711
0,        590,        590,        1,  1944000, 18d55ac6584341383875e0414f114c53bb178c96f959eb5895ae496c54cc2711
0,        591,        591,        1,  1944000, 18d55ac6584341383875e0414f114c53bb178c96f959eb5895ae496c54cc2711
0,        592,        592,        1,  1944000, d042e165096f5608c3120c64a17e3abe049a48db78cba48105a4cf7b3a84238d
0,        593,        593,        1,  1944000, b6a551fb743bfaa66b736787d4b7cd98e65b00545d005c61d402833a12492648
0,        594,        594,        1,  1944000, b6a551fb743bfaa66b736787d4b7cd98e65b00545d005c61d402833a12492648
0,        595,        595,        1,  1944000, 14e4e96115a1e01c1764fb48de834359926e7d0bc41a0251a0f5e4cc49410b25
0,        596,        596,        1,  1944000, 7a9fa0e5249d71e3ce44a3ba2599cc7960bd79d8482b6f0d26b9368d3e9a2e89
0,        597,        597,        1,  1944000, 9934b499fc8f551c669d216b4bb3dcdb4e1b19adefcee65c8100a215b9117846
0,        598,        598,        1,  1944000, d9b2205448f0c6c04aaf22666605a92a594ea746f5a63ba15a99b0773196406e
0,        599,        599,        1,  1944000, d9b2205448f0c6c04aaf22666605a92a594ea746f5a63ba15a99b0773196406e
0,        600,        600,        1,  1944000, 9cc80249b3d2e0ae28c14a949fc87fc09516566a021a866c4da70f125a400e69
0,        601,        601,        1,  1944000, 6b773559d98cf4c1c88db349923419f2963a2abb5f5d28a9daef4f9ad6f64817
0,        602,        602,        1,  1944000, 2f7e3ab98d1fc2fbdd03ff197306b7580ef5919bde814a4482c1d3b3e66d8f3c
0,        603,        603,        1,  1944000, 2f7e3ab98d1fc2fbdd03ff197306b7580ef5919bde814a4482c1d3b3e66d8f3c
0,        604,        604,        1,  1944000, 1e55eeb9fe86417c28b12f05b2b83de51056a0e9817b6d626cdbe6542c21f3e9
0,        605,        605,        1,  1944000, b899eb949f63ebf0c7425a63e430c2f01fa08ca714e93fb42bdb65fa3cf0402a
0,        606,        606,        1,  1944000, b77d07c6ff4d2bbc7d653ebc58a8cf9f1ff821b6976eb8f895829eb68d277240
0,        607,        607,        1,  1944000, b77d07c6ff4d2bbc7d653ebc58a8cf9f1ff821b6976eb8f895829eb68d277240
0,        608,        608,        1,  1944000, 5cbffef9d8bf08334c5df709ad6f67a25822665c200065b7fe3173976c0e4c78
0,        609,        609,        1,  1944000, 09bc0e7afaec2a108eb78b16ddaffe3f01d97acd17d620a383ae39ebeca1bb92
0,        610,        610,        1,  1944000, 6fae231f98bab6b79ccaefc382a81ed882d22e87dc8d77ff2767dd15bba7957f
0,        611,        611,        1,  1944000, 6fae231f98bab6b79ccaefc382a81ed882d22e87dc8d77ff2767dd15bba7957f
0,        612,        612,        1,  1944000, e327a849bf674c7a0a683c3a06886f0e3a9e7195bdaa601b09d80dcab1bedd7f
0,        613,        613,        1,  1944000, 88153cb2539e4233cc7cf2fc880feab3cbe736251a34947df9bcdb95e47f852b
0,        614,        614,        1,  1944000, dd00c3e3990869b6de39e5b38ed87f6ef8b12eed475c14f18ad7d03457574c6c
0,        615,        615,        1,  1944000, e71b575ce10b670813b61eb8580f5597a2245fd021ca3ba0e2a65e190f88c64d
0,        616,        616,        1,  1944000, 4cb62a6b6eb47c487928eeb8f307e0d0548544be5852304ff78415fb96b4005d
0,        617,        617,        1,  1944000, ab812d81e2a90e0f6dc75c10924628dc04b3b863f1ba33448aa80740e286489c
0,        618,        618,        1,  1944000, 9ff6b8e864601a6f774fc35e3081bdc8fe77893ddb7edce19bb1f8d78c02550d
0,        619,        619,        1,  1944000, d5210c9f86ba5929ced7ee97cb3195a1475cda65e6e3e4d808c72f6cfdc20c10
0,        620,        620,        1,  1944000, d616d5500d99ef62e22c49815bbbe11ec9ea2c803b9d7c78e79cae61e2fa89a6
0,        621,        621,        1,  1944000, e394092e9da23087ce482fc5bc67f9d3abbd25823f532c20e970c1b3b5db0e3a
0,        622,        622,        1,  1944000, 05cc3a233d9201253d0a2482da80c2604899b77b8a2cc006c350ec1cc1452031
0,        623,        623,        1,  1944000, b3b9143692cd0b368007be6126db969d7d8a893b8a5f7b0d99d8b26960d9cf74
0,        624,        624,        1,  1944000, f7b36493bf9b88b6c6828374a51033f3a432d5c325e675ab3bad7175487566ea
0,        625,        625,        1,  1944000, c50eaf7f81f1cf9fabe6d4860a9f7320a69d8c49fbc6850911c4d3d376022c97
0,        626,        626,        1,  1944000, 20e2517ab6ff83ae2e9610acb298358c8baa59c4ee3a1e94c44a488f894e8b7f
0,        627,        627,        1,  1944000, af984ffb887589be9efbd8c88ef5386d7d9bc28bdc2de9ae4cf89495788ac35b
0,        628,        628,        1,  1944000, 7245eb448f9ce71aa37bca88d1cac1d2d93ea08ff44c9c1c8f829e758ee423c5
0,        629,        629,        1,  1944000, 88c6266c35e3f1898019641daea05991395a0f06ac33b8d4003aebe57703659e
0,        630,        630,        1,  1944000, 74c399df4aa2c579ba8b0f0174315f3ec0e37ff86317cc7d0499066432dc8fab
0,        631,        631,        1,  1944000, bcf1a0a8c2c3812e6b4b855a2f948da8ef1cc81b5d426f3fe7fc12dc347b1a86
0,        632,        632,        1,  1944000, 35b6e4b53a6db2dcf55070be551b875e35395a1e5037a44c1d6f109cb286a7fa
0,        633,        633,        1,  1944000, 7be9021effa8881027040364c10770c4b20690e29d5d50c51e2d4ca146f4170d
0,        634,        634,        1,  1944000, 6ace0b6574f8d00790aa5a191fd7d77097ff3da679541e92863214fbf603505e
0,        635,        635,        1,  1944000, 162a380d4d6a3a8991b3f31fbfbaa96c879be68df4c60ce3508c3739fe1f0b4f
0,        636,        636,        1,  1944000, f73a0f956b192445bdbcde5bbb81c209c20152c31f7160bdb0132b7ee69972e1
0,        637,        637,        1,  1944000, d47238e85bacd08e470691f600b90d0a28f77517803528e7e3f347ea32f713d1
0,        638,        638,        1,  1944000, f424aa5f07a7f8e8fa43cef8894b15a46419e5e672e821bd5e67fb65a6ea1100
0,        639,        639,        1,  1944000, 188ce22efdac4bbd8617d3c699ffbba17b34ee15cd47bb3d58d83a71a220bca2
0,        640,        640,        1,  1944000, 123701ffc67b61f6e61714694a74cd732134f816c92ef517b3ced4f4b722dc22
0,        641,        641,        1,  1944000, e0f805cca3d027c31ffad6bb4209cbe4e623bd32ffae7c3d15c5784e18296597
0,        642,        642,        1,  1944000, 4d6249e05332a4b12244e7f86d64eb3c60f4678b0c67a34b40fc53e8f40483f6
0,        643,        643,        1,  1944000, 7d04016ad2c6092fe49c68aff0639f7685ddd1609e602da1487424559d049a84
0,        644,        644,        1,  1944000, 59483853700c536a20f13b0761fa25521281f5d665042cb0240977b7f6707090
0,        645,        645,        1,  1944000, 726b2ef6ccde2469007226cf01eecb1f1e9c9f62fc63e2b1cd0cc2cf1eb6acf4
0,        646,        646,        1,  1944000, 395b7086713625f0ab66f15697c2d9f39145f1b7923924df18252030581a0fc5
0,        647,        647,        1,  1944000, 4dc7f8a4988a1cdbeebf4adb6af07b3a55ae500b5d51eb61dd04046a41bcec79
0,        648,        648,        1,  1944000, b2fbce5f35f3b37be33109f1e4540ecbccb851108ad64670702ef3199b05f6ee
0,        649,        649,        1,  1944000, 40020223a83ee8e0a26f856fdbf057736b086d5d5ef4231961046cafa911f599
0,        650,        650,        1,  1944000, 0c0e621183f59a34f7d7acd217c2add005b0a171427f389bf32bc606ddfeb662
0,        651,        651,        1,  1944000, 092242cce9446006c6c3a35e4ff04f4cfa8666ee035d81445bb59ea1798faeb5
0,        652,        652,        1,  1944000, a0a7a3cdaa96cade201cd63bd4b2c358ca383215660547d7ed891193ccd17525
0,        653,        653,        1,  1944000, 22cad92b218fb6646154ad5825a15b01a185fc920e854a43802e9c4117b4b101
0,        654,        654,        1,  1944000, 7de11318be487ca45131572ad9dfba663b38a124c7d23772ef5973da74fba9c1
0,        655,        655,        1,  1944000, b4a9f1445d8dfcc60e90b68de4dc87cb650c2ef759e181f1ae51eb6ffbbbf5c3
0,        656,        656,        1,  1944000, 4c130bb0a05f4e3e2f3a1cf17ca74ba91d5a7ad3da6ceeabd2cf662511447dbe
0,        657,        657,        1,  1944000, b30df79ecf66526d8128e0d1721205e39c1480bef14c90b26100a9e7b41a7078
0,        658,        658,        1,  1944000, a18f5036272b976d0a80aeac085888fae5425d4fc109d70e51720bacdb062a88
0,        659,        659,        1,  1944000, 4484a1960ec6ac1458052985a02201c13979e6f0924aef1d01493e997fe7c056
0,        660,        660,        1,  1944000, 477147cc97e77c8a8d1bb357e13735b2f4510377c59bc63bcb8a9602415507fe
0,        661,        661,        1,  1944000, 96c38c87c0f5af3aea275255d773d120216a6214b2e1d7af11ae9086d4465e14
0,        662,        662,        1,  1944000, fb047de87ab90622ff89a107288f1d55c887efb78c5f50ed8e6daab38b292b23
0,        663,        663,        1,  1944000, 211845f9145afcc58365252c22cdbc7a7b17056024e8f47f42095286ee74be02
0,        664,        664,        1,  1944000, beae2f77b30b8b00837e7ed350ff64487ce1d116d94b8891f9224806fdc136c4
0,        665,        665,        1,  1944000, ce108d3405a8f0d10c804190aa7363e944f6bd9bd5e7896b5335fb760fe16772
0,        666,        666,        1,  1944000, 02559d735a81585b0aa0ea74afd1cddca921d2b93b72ca2799ecd63450d4d29d
0,        667,        667,        1,  1944000, 5c685f0a3ac7b869c39c989210aa61fca3a4425c82e89a57def0dabef97e6d2d
0,        668,        668,        1,  1944000, f339fff3f43dc85d526d145a8b41b8c8fa7f45c8d56229b8a7b8730aaefb15ad
0,        669,        669,        1,  1944000, 443cdbe693e0b294b601fc59f527d94f3f5f20efa14fb57b50ad5a3b89177840
0,        670,        670,        1,  1944000, 3766ac7243fccd11744e44dcf1e9e9f14537cdff643addd2326a39d52b19445f
0,        671,        671,        1,  1944000, 9ab4744e17a422c35b1f579a6baee5682d08fc69eb07129127d9f288d20b3f7c
0,        672,        672,        1,  1944000, 5c1ff0b91be2fd7608f16cc4a94e9aeabf639aac7290fa99f45cfa599ab9a49f
0,        673,        673,        1,  1944000, 2af41d577f819c56a81cc52540587159915c968d240f2a2365ef10c609842086
0,        674,        674,        1,  1944000, b4034fa0b831fce97c99242f6339ef42bc511aba19cec85da26a605c415ddb0a
0,        675,        675,        1,  1944000, 0848ffa6bbbfb324017b29af27fb02619ab796adbb6a4230fedd5516091ba5f0
0,        676,        676,        1,  1944000, c4cb32a6abc73ab8fe107cdd5fe782809ff2edab5896cd6c3c853301567d5ac1
0,        677,        677,        1,  1944000, bacefb95e574d8b3e873e21eb13bb037468ae90e666e4f7715072698e9a7dd41
0,        678,        678,        1,  1944000, e0b1b724d2d49f1a4c9b37822ad41c3eb75fa10017a925f53dd39b5d8596f0c5
0,        679,        679,        1,  1944000, 18d2ab6614fa82ed97ea96f65b21185bb1412a9887efe9372d6d06902ceeeeea
0,        680,        680,        1,  1944000, 0bda44b70573c118c37d20a5f658f74d402ab40c2036a2c0c98ef15e6240c3e3
0,        681,        681,        1,  1944000, e9e9185beb49896640507e5b9f178d44ca40e52c51c5ab7493f56bf294bac90e
0,        682,        682,        1,  1944000, 46223e367d6affe01cafe6adcf46f128046e8dfd04810ce0f1296f86fb0e09ee
0,        683,        683,        1,  1944000, 5589fca849770220006b83d24a827bb3a0faca1d20265e6803105ea2eb3d5260
0,        684,        684,        1,  1944000, 2f24c5880dc8290dcd2f176bd7cb127ce4e80fc17fc8226e1a8844dfc013d8bd
0,        685,        685,        1,  1944000, fd24275b087cb1c2d787d216e3f3309a2ecba2bf1f3e875b3c822db8a6680e56
0,        686,        686,        1,  1944000, 26261e1ec1e99fce603444429110d27fdff8e307156fff2e8c58ff45a7108deb
0,        687,        687,        1,  1944000, 0b99e3f749ed0a59be594dc48bb658ab69c704587286908113bc9056362d90c1
0,        688,        688,        1,  1944000, 1f01a683bbb74babac051644bc1762d6e7d7dd9db123dc89259e66ae20908052
0,        689,        689,        1,  1944000, 740c1bca6970c0a863438758897e9037e27074eb879dc1e2972c4c122294aac8
0,        690,        690,        1,  1944000, d3acc9282351189f905b20606955a8c30d7dd8a54d8de00de90bcd8bf1abdd39
0,        691,        691,        1,  1944000, c75a22f84024767d20f39d93458211f02b96a7f6c7dfde2e1a7e200f8da4fb37
0,        692,        692,        1,  1944000, 87e4336a3ab6edf2d163cff3a0fa26063fefbc3fef0e70b1f3de99c86d9bd3d5
0,        693,        693,        1,  1944000, 793eee482530a2e45434d8e15b39c4a6309f0f0ef32c88a54e56901b96dc23e6
0,        694,        694,        1,  1944000, be000c67115bd2d841f6f6d0a2a1f6a94a17df9bd35903ce5f080759427388a8
0,        695,        695,        1,  1944000, de0f8677dfa10b17e6d7f385a5f21625e91630a5b86292f71834d12cc94a3e65
0,        696,        696,        1,  1944000, 35190c35357589823f43da76b6328be01839bcf6710d3f1aa6322053a65b4c49
0,        697,        697,        1,  1944000, 69378714a10e7ce0d0c744bf5ba34d4a48648bc7eb23a6e3ebd260bb41ca04e8
0,        698,        698,        1,  1944000, f478193ad1523efa12aaebed35d4acea54186992c1a7b209d9fd5b92abb481da
0,        699,        699,        1,  1944000, 537ee686c9197c7aae5e49ec21dca21d66a49028516b08df06da278f92ed718d
0,        700,        700,        1,  1944000, fb015db5d636601512e3c904b3c80287020bdd389816d7ae1072ed8efa1e08e5
0,        701,        701,        1,  1944000, ea8d3f31d56ec03704ec832052b321a79b13236a89dd3749355f49e97a33a5e1
0,        702,        702,        1,  1944000, 280b3261b617d8c4d9dc959c4632d82ec86da8c2127c06718ba9291157335cba
0,        703,        703,        1,  1944000, 69ed7b1ae4704188f27081fd9cdb7eb7a1ba2b70cb678c531cd5b735e55d8e3f
0,        704,        704,        1,  1944000, 95c02c6d8ca63807e4bf60a8e5079a2a0ff703c789018bac1f3f1c8011537c96
0,        705,        705,        1,  1944000, 0189920082f80b178fbdbafd7e1b3494efb1b5ef5a19ae43934c07cd3714e300
0,        706,        706,        1,  1944000, 7ee95b2958ed5837a2b3e7e2f45507a4f775eff01771c4b15d8e51dede8c4754
0,        707,        707,        1,  1944000, 7861b9af32ec2f59e07c2c350c6e82febae4c28bc9ce48a1b408e9baaffd8b98
0,        708,        708,        1,  1944000, add1468821f92e7a59a38c12af56f57b3eef67c6605d266ddc689aaac185df5c
0,        709,        709,        1,  1944000, 1137d753ca1450d18a15b620eca44804407ab56405f99c555cbc6cfd5264f004
0,        710,        710,        1,  1944000, dd19165242719fdf9db309ed2bd656faa96c3bbac4722ee1d819d27b0443c872
0,        711,        711,        1,  1944000, ae53017f9ea1dcdd6b5b0da7b4e37c24568a70694f091e929b739aa354de5e36
0,        712,        712,        1,  1944000, c0050ca235496466178683ba32088ac31dcf784656321f36566bbab2dd882286
0,        713,        713,        1,  1944000, 6a9ec0e38260ac107c70b5a0f4269dc42d143d238325593774fcc3f596b3493a
0,        714,        714,        1,  1944000, 660be5d02886a2b05925512496c57f0f097da2a49ba38b88e91a50dc3c165ccd
0,        715,        715,        1,  1944000, c93291f3b08dab28c6d3b2c856d4c5c797947f70b0850ecbb90e99d8a1911683
0,        716,        716,        1,  1944000, 621392fa981dfecd14e16b3a6da8681cbefb08ed420c5cbf6c0c0da4e0334d3d
0,        717,        717,        1,  1944000, 4f2f5d7b68e5b1c642692e22f46f32d2d495704b710d704ce5162a7e7e2da2c3
0,        718,        718,        1,  1944000, 454cb0f2aed157449a7889a9ed1e5ce2e66a0c5ff4c12813c8c8e6e9c91dffbe
0,        719,        719,        1,  1944000, b26c9b984adecd873feab99f37f79bbf0af8be1ee7f9d2e9f3deb7c6b86c77fc
0,        720,        720,        1,  1944000, bbe9d1140880926a9d1feef0b0a80470d224355f42af3fb9f85a86ff894ad310
0,        721,        721,        1,  1944000, 76cfbb2a96a2e0c78a0ca17a68d2d60f469dbd7e0b8a0d07cd8be41185343176
0,        722,        722,        1,  1944000, cbaaa434a53979511bd69ff4fad3c648e288e7d2a4a21eb9732848328d8e7705
0,        723,        723,        1,  1944000, feb4a9897630c418a04eb17a8ae98ff6a5f2ec325c7f6999f17a125b2de29f0a
0,        724,        724,        1,  1944000, 33cb6778e0a4b15f36e60190a9b0a64d63446a7d36f10c921c774920bc44dcc5
0,        725,        725,        1,  1944000, 7bd8a8f3de96b9d957f862a8dd2e0194b08f2e9d2d9f58342d67b1d62bb8668f
0,        726,        726,        1,  1944000, 8cdecb95abcdd2a209db9f8d0d2e972e879dcca21454076df758d86a170c7d08
0,        727,        727,        1,  1944000, f51f817a954fd878e176ffe5c747c0aab02b91e46123bb4386e7488525e955b3
0,        728,        728,        1,  1944000, 3e19030cf4792eb9a9e70c5256caf1e7818680cb3b37484d74deb01bb0f5464d
0,        729,        729,        1,  1944000, dc46024c60e0097420972dd01a34ae5efa398bd0946cb33990a3862b7b70f898
0,        730,        730,        1,  1944000, 7c6943b502f0eca3078da7cbe2d07d7d19c36d7616a100144ac8f08d3bcc1629
0,        731,        731,        1,  1944000, d4ae1846d5d6393670cfab80568cb636e9d02cf334a7983e1186348feec8bd93
0,        732,        732,        1,  1944000, 429a1076aad49fb0c3bdc70e6c18080da71e9fe31e34c41203e64e4bfd42da42
0,        733,        733,        1,  1944000, 36c9da540c686ec1459a2dce5985cf4046192cf2f2ac7c451b6ff8db757600bc
0,        734,        734,        1,  1944000, 97c59d4bd7dfe8d9870856c1f0175287b000a5443ea7bc519370dd70d34b49a4
0,        735,        735,        1,  1944000, 1841fce33ddbca625a068ca379b5d0d839b6c872f02b83e940531f4fd3fda363
0,        736,        736,        1,  1944000, bbb0c46a274d970113a4a299edc6740a69fe47b94861e7438ef54a9bfd2dacee
0,        737,        737,        1,  1944000, 73b714aa134dbe22c1bfebc80e7560745afdc8843a46f0ef99c4d7199e768332
0,        738,        738,        1,  1944000, c4518ed07de83bd4fa12efaa6fa0fd93ee3aa4941c5b683b753603cf2a201eb6
0,        739,        739,        1,  1944000, d2c5cd5a391bc59e77253a36402174b80e75bf189657943d1b5b669535e6c3f4
0,        740,        740,        1,  1944000, 8d70e15b79bceeb209bd317962bf494a2dcd5ecbf91d864750ebf97718acbb7c
0,        741,        741,        1,  1944000, 3dd8c84ee996073f67df4b116face0e561211ba9a67ab72dce708428aa2f15ee
0,        742,        742,        1,  1944000, a7f1256febef98db63f9091ff705666a0561ac4c6c4652d44f2b63e4d07d9930
0,        743,        743,        1,  1944000, cd740e2216c5c6de802901e6d5f78d58a54a9dfc5727c857dbee040a69ae6057
0,        744,        744,        1,  1944000, 88ec677ffe140fdd4b3c2364792d1c5fd32743ff451a3523223139d19c524b14
0,        745,        745,        1,  1944000, 68c3cc28efbe5e973a5663e2582c13358ea7f4927818dde9b05808747169844e
0,        746,        746,        1,  1944000, afd396c9bec0f88257673c2b02d6b4f2cbbd040368c77af98dfebac346d6e2cb
0,        747,        747,        1,  1944000, f37367504058f45e11fc73775fb31eb11c0e3ffb6d202b02b94abedb330fcc05
0,        748,        748,        1,  1944000, cd589b53a458a1fba7eb511c71076061deed3019eba67e438c8a52a5a7923d9a
0,        749,        749,        1,  1944000, 0c54d0b5b573ca67db4381fa2e1a5049e23f17bf539359d2341ed40aedda50f2
0,        750,        750,        1,  1944000, cc0a5082691fb57b9290a97b89069e5092d7acbad73511bdb538a8b98dceea38
0,        751,        751,        1,  1944000, 38b0993234a72090be94c2914c0a3a84caeed26b053e25901def8a68e83b9282
0,        752,        752,        1,  1944000, cffff86bfb8c3875f4648cdc78834d332b865d434f55bf8ad9d0eac9ac4a888e
0,        753,        753,        1,  1944000, bf6069f8c586531c5f28ea4812238aad55decab0fe61fcf7be77bc324d49fce5
0,        754,        754,        1,  1944000, 968eabb5ad0dbf861323e35a9b389c4181aeb5b9fe486f0c74f5819cd233e070
0,        755,        755,        1,  1944000, be84afb5adaa3418e8b650188a46a376b609b8af6ffb038501e8b5247f3be5ca
0,        756,        756,        1,  1944000, eac355fc720760f6952572ce12f2d813eba169352310c2e1f664778789c49ea3
0,        757,        757,        1,  1944000, eac355fc720760f6952572ce12f2d813eba169352310c2e1f664778789c49ea3
0,        758,        758,        1,  1944000, e71621125e86ad8b6704e4d21666ebfe807ea315f1b0b82492f37ca890e9cb0a
0,        759,        759,        1,  1944000, 8a1f120f3b7b305267006e3c6e614624d149544eb6e3146c95f5159ebf18d05f
0,        760,        760,        1,  1944000, 5b110e228c8e744e8e11109f8ec4d1130f7149d877173465d2f3d84ec33e53d8
0,        761,        761,        1,  1944000, 6e73468e8a6edbcabdb82a4c92b581a8ad3d14068c10ae6699918d21805fd9f1
0,        762,        762,        1,  1944000, 49bbf9203881fbefb37fa3f6b967e4f6d0fb6b0cfab836964d5dcfac8225ab6f
0,        763,        763,        1,  1944000, 53d1ff48e3fc714652d7bd1b6dd6722a45bca60ff5051e71df5aa6801deb659c
0,        764,        764,        1,  1944000, e5b596e3b088495f9f9935e8b716c7746e2ec004ef27d0325f687b7aa9003d89
0,        765,        765,        1,  1944000, 9ad1b62b9c83ab34bc935d20051d4f7fbc0ae926fd3d8071fd8ac92e06bafde0
0,        766,        766,        1,  1944000, daf2b43c3d874a7edf8f93d23ab818a964031f618fafb09e5838f32166e2d442
0,        767,        767,        1,  1944000, e8d5623dc96f670fce9a2ebc7af57defb0f20b0def3cb8d7f5648a6d6d43733b
0,        768,        768,        1,  1944000, 5ac0f54a41dd2b76dfa517aca3dec26da96eca41ec481cff8b9a053ec1d7166d
0,        769,        769,        1,  1944000, 16b4829429640d4e9ee8f18c42e09d46b1805a6e1bdfb62256dad980360ed73c
0,        770,        770,        1,  1944000, 0da32b34d6f14ffab131ef2279aef94c25ec09b605758ec55861224478421ed9
0,        771,        771,        1,  1944000, 738ca497f0094dc96be855964730ae3d558b2d36ba7e068a8bcc8a0b44328754
0,        772,        772,        1,  1944000, e683df4fef5a83d7ebc588f923109edea82109937699ac45c89496aa62c4ccd8
0,        773,        773,        1,  1944000, d899933fdbcd91351f5340a6dedcc047bf101defa7a266162f71c2cc52094a1e
0,        774,        774,        1,  1944000, 899ae32d8530935c71e9ab691068fc0f22035fad3f087d4d777cfb01b00925ae
0,        775,        775,        1,  1944000, 912b4157cf49fa455a4b0ccffe38ac0c0602f38ee95a5d357846abb68e1e1cd0
0,        776,        776,        1,  1944000, 52509c8ec1dafbf83ecb9a73f5dff7331c0d9ae1fc93d6f5102754f1f4bd57f2
0,        777,        777,        1,  1944000, 35edf22890ea4329b2cb7dd6f43b22acd865c17c1f793eb8a7a14d90be42418b
0,        778,        778,        1,  1944000, 3a8f2f563500d71d6105720d85117871ccf2c2c159a0a2689521b358722e6a5b
0,        779,        779,        1,  1944000, 44e1f35ab2d73781124eaa266d209a4790c3b7040e07144fa0933e93149c7d8f
0,        780,        780,        1,  1944000, f6d467232ea99a274f814369dc73dc8e6d908a381f4e6002a8a0ccbb9c0e47e3
0,        781,        781,        1,  1944000, 97166942719dfabb90a6e6353eda9f5ca2a60a7746d85f4e1f7d9a29fb7ae24a
0,        782,        782,        1,  1944000, 9772ce63f819022ecc053bc07da8b9b70fb045692387c4b93286cbaf006fb625
0,        783,        783,        1,  1944000, 048cfebc3bf7a730b6f07adbd75fd836bad1614a8a336ebf554f548dff832dc2
0,        784,        784,        1,  1944000, e934ed99b53db4ec8118706374983f9e721587a603200b915488b412831a05da
0,        785,        785,        1,  1944000, 352175f20c74ea6673b3ab3216bc8d3a07989b3586e96ca976b37050f28a5844
0,        786,        786,        1,  1944000, f32a7f701bba929fed83fba929219a52ac8268e870aca13d7394bb64546d6796
0,        787,        787,        1,  1944000, e772c1e9f0b5ab69728d4ace6a0fd46bf6303c958b86ceaff11e0d05966d5409
0,        788,        788,        1,  1944000, 6f96168a3163efd6696903704fa8a2b1dd0c727e7f2f8571cc98b05287c43b58
0,        789,        789,        1,  1944000, bdb146772c21631efe4d30af90ef089554f84cdfb7a891f47a7eef9576bbb797
0,        790,        790,        1,  1944000, ef1b97ddb0a3d1a68280d3c3ac2cbccd6216dc39b6da79546a2f4ccd1bfbc24c
0,        791,        791,        1,  1944000, d03634f5b62207da3121c05343c3b592cdd817c4d6ae4c6ee9505fe7fae1aad1
0,        792,        792,        1,  1944000, d38c3e5368cf42a22f707755d69634f5239a9f59b875a2e130c7652d7a5016ee
0,        793,        793,        1,  1944000, a556c8dab31bc097fe4406035688d35eac734fdba24cd6ebc2911762a5ca1c87
0,        794,        794,        1,  1944000, f08b1ed10d4b438074f7c4e03085b5eb3b87d602553ecc1a7cfe2492bf2f2bce
0,        795,        795,        1,  1944000, 864b7263a9db80f869d06443ff67c39f1b58bbcf1de2c79876137aa21ccf4862
0,        796,        796,        1,  1944000, 994de5ede6088e5d52457bfd3143e871e69b63abfc552052a68ea6b7c9f3abf2
0,        797,        797,        1,  1944000, c8c3a2e8b8f67f03fd82c7e996adad218a46c620c30eb571073ca652bfb560ec
0,        798,        798,        1,  1944000, e67bfcdd4c5bad9734fd53e91af41a3a803967f015d5695033a67fe89aa31c64
0,        799,        799,        1,  1944000, 28e37bf3f911f6a455bfe4f88012bd597a7f2d7b39a2fc8a20d83ca45b6e93d9
0,        800,        800,        1,  1944000, 8a211fc4a113625d189c2af7b0aa2a9d99d272f01f8e20ce9aec32ae0cafcb6c
0,        801,        801,        1,  1944000, 4756ea84856d8589537ab6f2e299e2c14bbda0623dbf960b06cabcd30e17c496
0,        802,        802,        1,  1944000, 048e93b00feffdf45afade029c62d3e9156cc710a81e376b281f91cba08c68ad
0,        803,        803,        1,  1944000, 94d3b1fa951661d1b12784e0df28de8b1bf480404beb29c2a0d8ef6e5a02b29e
0,        804,        804,        1,  1944000, dd2bd3390a70574f10ec417b3c75d523f7a7885fa6287e6fe8e483bee3da407d
0,        805,        805,        1,  1944000, d62949dc18d0b2c352e629e15afd92131586d1b804c42a0731e3a395341a603f
0,        806,        806,        1,  1944000, 4da5802cc09e1f5969d6312611ad03405d6bd5561656e6f6fed75668f6263568
0,        807,        807,        1,  1944000, 70928f73dcf84d308e5f57e375edf8ed3a104d96c86da391c64db0aea113f599
0,        808,        808,        1,  1944000, 6a520cc8c14c9a8ca5ba9dc0e74155e86990a40ee9b26dc7a4c4b238b4475fdd
0,        809,        809,        1,  1944000, df9464c452eb364ad776f4f78b793c7264545268d749845469183c563716bab4
0,        810,        810,        1,  1944000, 1ade262462d0c7bf38910b7b53134ab94a4c6d3aba574147ceccb4306c23427a
0,        811,        811,        1,  1944000, f89edee90584a9a909073c8d4c68fecadcbd0e4a98c635418b412d35255a9f27
0,        812,        812,        1,  1944000, 3cc982eeec7b3255500de3997645579f0c571619fe2c206ba2138752b7a58881
0,        813,        813,        1,  1944000, a76bbe387379309f38ea4568464a25b1dc7d44f4d2afb8218c25e1824550bd2f
0,        814,        814,        1,  1944000, e07c61c9cb9647a33e8b29b307aac8a3ecee90c3c2fed5e0e7567eda62ba4e86
0,        815,        815,        1,  1944000, a41d6659f9e0f2cbaae7e8c73d6e44a76c69c8a77388bac32ace16eb3a2a0eb4
0,        816,        816,        1,  1944000, 3db230a57ec7f01883bbd69740676c298733bca1732362b3d20809013f218abb
0,        817,        817,        1,  1944000, 7f337c60c5aa5dcea67bdda6ff9a2b832d7bc2177144124351de6d96c04f93c8
0,        818,        818,        1,  1944000, 2374ac43b84e2a4ba206885bcac7bba0633398904e0c5c8add085e33a111890e
0,        819,        819,        1,  1944000, 261aad9915a74c1454f7e488556865de91af4854a81075aa415be42b8e41f068
0,        820,        820,        1,  1944000, 522c21e7229d56f04ba8a17dd8a630f4ec5ad953a2a2582cea121e4014b9eebc
0,        821,        821,        1,  1944000, b5f55fe333603be3c9bf29409f6847f678e982a0a612b8713d8c3ebb78a00de0
0,        822,        822,        1,  1944000, 497f31c7e764c00adde7429582529fb682c226d7c57bfaa1211f9447d618c15b
0,        823,        823,        1,  1944000, a1f93083b9c7f31e33c642291d3d25e52f67f47a1da216f8fa6cfcfeaadcf5e5
0,        824,        824,        1,  1944000, 27313b0241e36efc06f3de84d9d238fc5674e6c207b88480afc45647b488fb3c
0,        825,        825,        1,  1944000, 2394eeda55eb566bbe3bfeee7b04cebde0d02cdd58838809cabaf15e156b4cb2
0,        826,        826,        1,  1944000, 2d3d538bdf4eb1ba38c05041edfdc26c5f9967f93a9dbb40ea0f9c8c8bf2931f
0,        827,        827,        1,  1944000, 7dc3dad4e538b670acd51fde386392073404a56deb793a9d5341c3f94e7da871
0,        828,        828,        1,  1944000, 2dd0607efa7b2a54003790165352ead407fa72bd41e4999461534544700b52f7
0,        829,        829,        1,  1944000, 8c93276e0051de4363bd6523b3dd3f65113755727154507e2674d748d2b2c116
0,        830,        830,        1,  1944000, 6c7718cbeeef39fc275e1738201d30d133a16241d358108e5bbd1eafa0b3f933
0,        831,        831,        1,  1944000, 051adad178c16463f8d05e85d056121b2cc0148e2f039197c8b76ee1a397c4c9
0,        832,        832,        1,  1944000, e5b081adcea1e5d4686b4bdaaee0a62bd2e49a1018f7630e4110c67f5c3b43c8
0,        833,        833,        1,  1944000, efde3fef07f4def1c7967591f951871ca1292976c5193c1e5ff1d93f8dc06b3e
0,        834,        834,        1,  1944000, 7cc49b1f4bb361a791c9580b36025112f740e8aeff9e0f277ebbe82de2ae947c
0,        835,        835,        1,  1944000, 2cf33fcc04175388d77775d36468db597ed637dd3ca4f61e14c2625a16a6728b
0,        836,        836,        1,  1944000, c5f7549523db2c4e072475a3d963dd03f3c149585d48c8581a249af92f150355
0,        837,        837,        1,  1944000, 95d18d3db804dfa9e681ba2be94b1a6e09938b1e0b0c9349c6d510460627cd4f
0,        838,        838,        1,  1944000, b0ef14760e104d8d89159f436b73a46be192543d2d395e28e9d0a053363f23c4
0,        839,        839,        1,  1944000, 5ae984873690a6daf554fc6e378993aae729e3b291a70d983be1e29330d0970d
0,        840,        840,        1,  1944000, c984af856796d5a7603a4900ca71088d9f9517111089169f2aa9ff90b7fd8551
0,        841,        841,        1,  1944000, bd6b5451141fe2ab29bc68f2d3022d6cf1a00e54154487ea3c7381039f71c03c
0,        842,        842,        1,  1944000, 0224aaa30b2cea51ed1e98f2c21f83b1cd969d549bdd4807c54a06d15e0929cf
0,        843,        843,        1,  1944000, feb8306f74f24c5cade636b2de10e7977aec9f999b4d2181dc3f8db2066babd3
0,        844,        844,        1,  1944000, b9e224a7d53a28a15fdfff28a51c5db7125cb74fc5f73cf865d59cad284cc1c3
0,        845,        845,        1,  1944000, 7125f355d47d5acd10ee7bb9cb05c38e3a6c43bc53d1e799458dfe5378587ab2
0,        846,        846,        1,  1944000, 79afa04f8ad81bee80bd9374a49a28c59b16d42d443df8ccdc5b7f7c38044949
0,        847,        847,        1,  1944000, d714ba448cdc705638881d34302f846c3c05b78dfea52678a368d4862fd5e564
0,        848,        848,        1,  1944000, fb0ecb7f8ce873909d9ffdb13f423e1a0a4203b027d6b9c03fd4b86b1c0875ee
0,        849,        849,        1,  1944000, 7f91ed1dc463b8d1c83c425e9251753a25ba37bbf4de4efebad1b0da14f971ed
0,        850,        850,        1,  1944000, 6a086beea271354999798181570376984615c2fa369f997d93e76b2588aeda91
0,        851,        851,        1,  1944000, 4808024e8362ff6e7c18293fdf2643965d9387d529831eb9b2a540611883a90c
0,        852,        852,        1,  1944000, 8f0f0a299b3b10bc062fcb30877f386cbafac37ded17216407ebe8fab51ef4cc
0,        853,        853,        1,  1944000, 72b959ec2f24e7b00d94aa3a6b08f89a69862f771c789a965132ce01a3b92ad7
0,        854,        854,        1,  1944000, 8ba5d665d5c07fa08eb8d2cbdf751c641ef5efb2f90e84dfec89c009582225e1
0,        855,        855,        1,  1944000, 9d623ae2adb3412f4342659c79bd6f3780ff5ab839da0217ae523351dcd395ae
0,        856,        856,        1,  1944000, aad5b6d59ca68d6eeecebf22998b5283f55fe5e2a367f4f3f5d4e21e380f0529
0,        857,        857,        1,  1944000, 68948f13921fe4cdd251ec42b8742075d0a5a11dc0187c46915fb797b499e8d4
0,        858,        858,        1,  1944000, 55815c5d85f84b431fcc2b91c1396ea33e05b62f376c730c865f53d846758af2
0,        859,        859,        1,  1944000, 8a1925c7a274bb5617fe1f478ec7bbcbb30a5a2751428b7e31e642d83f7b860f
0,        860,        860,        1,  1944000, e8ec32714007e05828e1bc185ff28be2d918c32b011e01ef6c83d660b80313ad
0,        861,        861,        1,  1944000, 827227f1fc76629cb0d6e02e01a0a232c2a4955de4c0cc4b9854647c2ecf86ce
0,        862,        862,        1,  1944000, bfe44ee0dff35786452175c70fd5446b51faf31a4a3f064e28e5bffa09212495
0,        863,        863,        1,  1944000, 57085009c0fe8a0686a2c099c66417acd676e786f0abf73e59257e0cde77b5b8
0,        864,        864,        1,  1944000, 8675f48c7d7e2133b340416027ccd62e2bb81be331232a9158cffef19d5fc266
0,        865,        865,        1,  1944000, 77c797421b580327f2ac4ee86b5bc4ec48ebd8cca18acb705d51151b0485951e
0,        866,        866,        1,  1944000, 45a67e64474ddb7cfc37a5427188c5b9a56c4f271114f2dbe4f71438dfc26e92
0,        867,        867,        1,  1944000, 55c9e192cccb6b1f7a07dfccc653dfc55d558fa40ddee97dc6125d030b4a1257
0,        868,        868,        1,  1944000, 8a1d4ae7d4c40a97c186e5a595807bb771bd95e5ef457f324225f00126d82109
0,        869,        869,        1,  1944000, b6061bf941847a5040f0529723d2d9af02ca7287602429822d6bf06e77f4d4d3
0,        870,        870,        1,  1944000, 245a7a917b1a468372a3b48056beb2abdf58307d64430e4654cf8510cfb2ed79
0,        871,        871,        1,  1944000, 0f1d2b5b5299e2951a69d99b2a9a9bbbad687cd462cc5d9e64962842d4a86efd
0,        872,        872,        1,  1944000, 637890a933f15ea8da30de050f784b218a07e1e25f6b451b1a16ae5977f72c17
0,        873,        873,        1,  1944000, 2f91acd8214ac2fcc4c6bfe0842d65f6f5b5eb4b3a7b81a8bec99cce73eba75d
0,        874,        874,        1,  1944000, 54b7e016e376871d4dae4b90db935ad1767d3cc1e7253032b1ea644ca629797e
0,        875,        875,        1,  1944000, c49669e9aae31fa4a6941026365b99b06dab243f16b04d46e9570f76b68293f0
0,        876,        876,        1,  1944000, 4ba44c3f62ee68c0662cd238b763920a22b9d9ae967d6ce37ad8e2a7044e7986
0,        877,        877,        1,  1944000, 6eac1e43125956a51c3ad9b97e693ca6f96e7dc11f4c2b0e8829cfe7a1d50ee3
0,        878,        878,        1,  1944000, 73950800fedf67bc30a110d3e1f33d4a2affa091618365f34b9eccdef75fa946
0,        879,        879,        1,  1944000, a77f6eda71c945376659b7e8d5d14fcfe08267c05fa315da84e740abe00a579e
0,        880,        880,        1,  1944000, ff2b64f4e4fb256631ab68b96b35c75b79d1af370e723e85870429ea2198bc82
0,        881,        881,        1,  1944000, 3a3d9cbe945ac2af97e1e7861458ffb4a973c0b42303b93d0214937f764c3475
0,        882,        882,        1,  1944000, 4847836b4e70f5458cf6a582aab0de5af66ab05c437fd816700cb1802878d13c
0,        883,        883,        1,  1944000, 2e8f86c3d1a28c537a6acddce7b6d0fcc98fd1cd6223457aab632cc160f2315e
0,        884,        884,        1,  1944000, 85014bbfa6981b774060798aa75629dc283405f2d3bfcd04428c67709e7e8792
0,        885,        885,        1,  1944000, 777bfd9d5da9816a37b4611398a23a9c323458e1b40b5615c412465c90ae3432
0,        886,        886,        1,  1944000, dfa4c3ad268dc602461b42e7b084fb642c3c4a188b3728099670811069db0bec
0,        887,        887,        1,  1944000, 1a8c9f229a0a14f78e99ab341e678b54329d57b9164a9510af040a0cbb69173a
0,        888,        888,        1,  1944000, f80f40444802a3db9da91f6d32bc12cf1884e82965e398be527f45941a697373
0,        889,        889,        1,  1944000, c13e74ae9537682079fb3a8d768b38fa41b9d428f8dcd26bbe9f8d385f695133
0,        890,        890,        1,  1944000, 5a1e3db8abdda3c26af30b72fe6fdbdb47cc8f7053072309cf1970cad50e6407
0,        891,        891,        1,  1944000, 28d12d4dcb38b83e37d5921c27c31d4e895f451de22d0f8272a6f40537b9c0f9
0,        892,        892,        1,  1944000, 3bb453d9722e7ad1d3301a94e4f3ad1acdd149194c38ee9edcc6141d5f28c8bc
0,        893,        893,        1,  1944000, 7bb1169939571d03171c86bdc735f3ae2e1e2906250a4605a44bb44b242a42b2
0,        894,        894,        1,  1944000, 13254230a79013433da245ee5974397aaceb8dfe15d9937a600a08ffadca4cef
0,        895,        895,        1,  1944000, fe50328dc35fd07ba1b31133126a6a75db78e6bbdb6960441c3906d9285a2c2e
0,        896,        896,        1,  1944000, e8b866f7b7e9b82d4ec5a0f3f05c80516c1ad8aa42c7f0af31885e4046d58a76
0,        897,        897,        1,  1944000, bed0dfb84f9f7740be5e96e79aee2f5d05701114165eeaf286f1278582e215c0
0,        898,        898,        1,  1944000, 8bd4928e77de8aae8a590cb5beeb4c2b80a38e85566c8029ff233422e660176c
0,        899,        899,        1,  1944000, 06ef9c8d70b578cf3e7af2edb51095055c6a26d88583eba8f85c91b07458fb26
0,        900,        900,        1,  1944000, 39e8c561116010f9b0a3f990a9a9cf274815d8dda674ba3df3972b737b4436ef
0,        901,        901,        1,  1944000, 88cc0ab8f8ed035e4fe4d3338c055b2939ff059b8954cdfa43141e125275f680
0,        902,        902,        1,  1944000, 7cc6b5b831ef730dc0ba2f7ffa47ee30bd7d471ed5c5dca19ba9de32ec2d49a9
0,        903,        903,        1,  1944000, 1c42dfec50e696f6d454e5a4843b591aa78472a175659e430f49cfb1254ae4a9
0,        904,        904,        1,  1944000, f75fa2c35a5845cf099651cc426ae2361806ed227f13b5d68d480764d54db1a7
0,        905,        905,        1,  1944000, 836dde69d849f1621cd3a5bdfa85a8711dbf96bfb5cf691044951cb74bf26162
0,        906,        906,        1,  1944000, 2d56ee4a084c02b395989df65f478b4a5c01caab3d054f1c00c1e1f787c6c351
0,        907,        907,        1,  1944000, a09df9276a5bbbc67b9ea9d8669ae24596b15aee3d9595bd1423973ca1a77855
0,        908,        908,        1,  1944000, 72cd2446a53ab15515b20aa3f344124657c869b3184707c1569751691bb6b7ee
0,        909,        909,        1,  1944000, f43acb7f1a07221d2ba3115587201a758d58668d8a4a747506e6d171998e2895
0,        910,        910,        1,  1944000, c9dced8e03b7b88f27db2f98aba7b2e30c21b49613eff156dadaf6e98cc30752
0,        911,        911,        1,  1944000, 1d424e59978866f49b1e7c0b1440c3a2a59f7ea81a917d846d1d3bc2216869a0
0,        912,        912,        1,  1944000, 6d769e111ba7b4e41f9aafda126b02275b4e8a4ed54bac58c96c27d84eab7043
0,        913,        913,        1,  1944000, 491911f480f29b312d7ee5f378ac8c8d8992e924c0d823d02be0f28fe3a6bb7c
0,        914,        914,        1,  1944000, 1fb39d3faf50bdeea94482a0ec0d5aa61e620268648f3aa49855c98524416901
0,        915,        915,        1,  1944000, 38a4a4d8dd51dc2bbf41f5fe6ee80302f8e959f28b22be6b954d1249a8f68611
0,        916,        916,        1,  1944000, 68dcd59720c7bfece67f266bd158262104ff6f7fa8cfc483b0747e0af45024df
0,        917,        917,        1,  1944000, 2f6f255e92cca5c8bc6f943e8c71613d2c8b5d6f6f7dfa9361590c8d14f95f7a
0,        918,        918,        1,  1944000, 535dd4479da18705a7edb214ea133e5972dc875e43c69c436d47a8bcc8db96d9
0,        919,        919,        1,  1944000, a8ff5d1e542c650e701ad3483cd998287e89e17e168b58c912fac787aea9b862
0,        920,        920,        1,  1944000, 4c939b4c1d53b9633930e354cf8e7810d1afb189e43a24cb8987fa800e9c35b6
0,        921,        921,        1,  1944000, a5b2f5545abdef8a702b42dce318b28e28a94b8d47c7b410bc84dcc680c84703
0,        922,        922,        1,  1944000, 5045a4e3cbb5ef0485bf4f7b0e814fd54b6cf64704610b2c3ee338f9171426eb
0,        923,        923,        1,  1944000, bbbc53382b091b4ec9c878506430ac1ff2298bff81714feedddceabd302c7506
0,        924,        924,        1,  1944000, 739672799c4c71d8226c5788f9b7b16d50aae51be203252d1e8b5fbfed9fd1f6
0,        925,        925,        1,  1944000, 172dd17630b313bc45a1473a49bf3da0b551643f51032d3267572ba485a77171
0,        926,        926,        1,  1944000, 7420d1de50159a4b63c9627988183853e831cdf243ab2c8b059b252e321f7f14
0,        927,        927,        1,  1944000, 2e88dfe4ca802d61fbe6fe447eb4f3b5b09f8012d852eb3e6c167a6b4e0e76e8
0,        928,        928,        1,  1944000, 7039aa30929ae7f86ae8989d9a64b8939ef3738e291572cec770302d05764167
0,        929,        929,        1,  1944000, 44c504e737afb7d055d0231bdba0146f03125fab022cb46e56759e0e43a65293
0,        930,        930,        1,  1944000, a62d7e28aa62de0457d01e76b7ab0f1f511caff03f99f55cbc2b4b45758302b0
0,        931,        931,        1,  1944000, 67e9da4f4da5e118a78f6ddbb19490bb910d32a59c77dd57611b01476dde716d
0,        932,        932,        1,  1944000, 0c25d395d9852db858cba9a68ccfb55cbe41aafb108c044f5abf2d23d55f11c4
0,        933,        933,        1,  1944000, ae615c43196907e94a0cb55446f94d1f9cedba1b3d2e4fe48c2fb6e729a94507
0,        934,        934,        1,  1944000, 6aa76a79cc1d32c465bfebefe27ab545874e5de0730a2d24a87acef515ed8e67
0,        935,        935,        1,  1944000, 8d5db6b4e8211d8751ccf4c65bf688d4b6c47d53a2ee17a1b2fb99819c966c61
0,        936,        936,        1,  1944000, 0d6f8c8d84613d86b74451aba6f14d133875d277f8930a3bf38c81d92ef7d443
0,        937,        937,        1,  1944000, 978b50ffac73717b011d649dc89580b4f1efcc35000b9b5e495204d8568bf8ab
0,        938,        938,        1,  1944000, b8aa8ad6284b32c19586d7b813676f3219f75646c00518cf4a8593404b600fdd
0,        939,        939,        1,  1944000, b76552ab3f5658886c8dc2e34843cc4899fe92f6c02a4332270c10cf84e132bd
0,        940,        940,        1,  1944000, 37e0f90b31a253eabe16a44f7b7255ee270719a7fd34c59d2241836d3a43bff9
0,        941,        941,        1,  1944000, d5ce6bc36b64ee9cd0d76128af64cde50df3c91f12d2cb396a604fa3483f8475
0,        942,        942,        1,  1944000, 521de68a642a966eca691b6faaa7f1218c542367683d5ea2a4ed4ffd0619951c
0,        943,        943,        1,  1944000, 264596ec617d05c8819c63abf83bb5e47b4d846cc4c93de21c6f50e9f3e7a9b1
0,        944,        944,        1,  1944000, 22b301dcc28319fb932d4729fc8655596e197981fa5bf46a9eaea39148229fc5
0,        945,        945,        1,  1944000, 3fb6d4058f8a981f1b4b9ff9b6da3d2f5dc62d70057ddf96db8396c2ca49bb1e
0,        946,        946,        1,  1944000, e903ccd436d8b59ac3594a5522bd93d80ea7fb44bd0c75e19540915e5ed8e088
0,        947,        947,        1,  1944000, 0eb1d6e4b394ef71523a643adb56d0e5cadfcb015f31335981c0193b9f2d5cb1
0,        948,        948,        1,  1944000, 17b542ba8b921291a1c54c66b254639f24128bbd9679ffce3ab928061c11c8bd
0,        949,        949,        1,  1944000, 62a065f499e8d408dced803c6580629d212a96feaa9ef17fa5ef07807f464370
0,        950,        950,        1,  1944000, 2705695ed3911ff0a8b9bfae585cf40ffcab4f4834728beffdeafc2bbd9fd641
0,        951,        951,        1,  1944000, 24eb8ba93a8e25998a071810db32ecca87d08f2184568f2646a6b1edd3391bbd
0,        952,        952,        1,  1944000, 1495aef92a55cf94e12f7a04b0119b381cec839699c630957f6de55060b8e03a
0,        953,        953,        1,  1944000, d9b841f64eb1d9de2c2f26b7f7c04c22d7a1fd746bf767de5afeb3ea797e17a4
0,        954,        954,        1,  1944000, ea7984fd1a1ed4207c348a576ce1376a2093f3045c2d30a30110f2a96694d38e
0,        955,        955,        1,  1944000, 6c2472cdaaac8170c3558329090f1994b2147bd6200e58a54bb84e269f364ad6
0,        956,        956,        1,  1944000, 47744d395d0e821ff2bd17f7657c4175cd91587be06bde7f77de63881f6bd81c
0,        957,        957,        1,  1944000, 24acbced0f3a865fe84bc4d0d51273f9dee3a13ac72e3748ff14331a0207947b
0,        958,        958,        1,  1944000, cf3f75a93b929d05cce4f06ec0487ee97568745ba44ef83a5a26282f2c698756
0,        959,        959,        1,  1944000, e40be588ae050bada209cc389a8a6369c4ffbc1915a163c1cf9e0554c130638c
0,        960,        960,        1,  1944000, b82e55a54030c0d03e9c7566f45e0a3bd855fac1d2c82e86debe9811ce40a610
0,        961,        961,        1,  1944000, 03b56d8a685b085a5e3f5df1faf6d752a9bdbea9c4e615038a366296d03b3ca7
0,        962,        962,        1,  1944000, e589173c8b22448ef5eecb47692f33b594fab9b57e96deb3b30a10faf20c31e9
0,        963,        963,        1,  1944000, 698cc587aae7da54a45b32d390fbc87b16b97d8a0b3d61085e1e505592cd17c9
0,        964,        964,        1,  1944000, 33d64c848928232abefc90669d9c38049b046f47303a2a1f9ad435e11bc26478
0,        965,        965,        1,  1944000, fe6f48584c63a1074bc82deedc983aa6455f260efb979315054bb937fd88330d
0,        966,        966,        1,  1944000, 76725f74e25987963c96913c1e62e402aff29cd27d6ae36af52395e138641390
0,        967,        967,        1,  1944000, 9b71914a5007d02a464e4724fc193bde58582cab91ad0d3e87188302c65a40d4
0,        968,        968,        1,  1944000, c92eef9d40dfc06b39f17b333104da7b933b32cc514d3e7e68d4e9d19db772de
0,        969,        969,        1,  1944000, 08f90586768ee153045293b4557e8cfd2653a03c1a46b02e2411f3c0e2b8498e
0,        970,        970,        1,  1944000, aeee95fa5bb56668a0cfd05494a5a01fe3cdea1069f75593a7ae2e284701fcdd
0,        971,        971,        1,  1944000, fbba14de3b272f8b3225f4763d2546a428949e2bbf9492bc6bbaa7add2ae1021
0,        972,        972,        1,  1944000, 4eb0d0b8763d7841529d3cef25ee412b0b2dcb64f24d72f2ab62566cad7e0896
0,        973,        973,        1,  1944000, 8df2d1f783ee6a91696e31620df20bab7c2c975aa3080bd1d8e75dafdb740f04
0,        974,        974,        1,  1944000, 7e95c4b855a7cd66a8ba97c496b2beb4201b2519466b14da12013dcd58d1e7e5
0,        975,        975,        1,  1944000, 5be8a0083f1e49ca8273fc2a2c0f4b3c26ca0f4a44a2e96bb3daad1b92de25c5
0,        976,        976,        1,  1944000, 84b9567de640b4ec330c29d96918ce9352b20103ae6beb91a678dccd9c02c857
0,        977,        977,        1,  1944000, 62233607f0a494ee1e5f66dfea996ca325bae52f193d1509fd9adb332ef69de9
0,        978,        978,        1,  1944000, 90f47aacdb6b366f90d456a1bb7dd5997276210b90e42c008d1e978df840ea42
0,        979,        979,        1,  1944000, e7bfda47d217bf60d1d73d5ffc9ae3108333d8c8901f8818c0e1c46d19d638ea
0,        980,        980,        1,  1944000, f8dce09d9ab25500cdd81603c22ddda0e25772e2d1791bace857b806f10e4b9a
0,        981,        981,        1,  1944000, 2ad7eae935c8073d6b7fbb4e8e7bde3c70eb44094e0d16466f70c4a2b86dd06d
0,        982,        982,        1,  1944000, 93a6c6679b623bfa5c39dfa275e8e17e44d56e6bc69b1b92b7b8dec7fd1a73ff
0,        983,        983,        1,  1944000, 407a4e5b41b6989275cb6fc3b84f1d999255dfdd07c9d17d9d0a992a1d9bc38e
0,        984,        984,        1,  1944000, 56773e979907a48b1cddecc93c406453deac9a93e8f6eea30bf060c062387fa2
0,        985,        985,        1,  1944000, 3098c48e30b305792adef1c42ee9b21a200c7c139433a19994b6ba43abe2a635
0,        986,        986,        1,  1944000, 0d158a4e6d0259846337a08fa2d2644b29895775362e92df7be1881edb545b54
0,        987,        987,        1,  1944000, d8eb5a3afb60ec873847c58970e532259c6a9c797f13c623ecdfad6ac9c63894
0,        988,        988,        1,  1944000, 59cc5cd15c1792d8eaebe5921930fadb158f671ea5dacde549f78d3dec755474
0,        989,        989,        1,  1944000, e4dca8d38f64c1d76a73fc909d42dff15d864cdade3accacdc0711b0c9aefe5c
0,        990,        990,        1,  1944000, 56306abe7c7157f88a179c09bf4754aa69c6f80c7659a324754691639cee204c
0,        991,        991,        1,  1944000, aa4dd391e79048cefc43c5f67b2f760ff3b13eefcbd0a59fa70c5d259ef2fd8b
0,        992,        992,        1,  1944000, 99481a534a0319ad9b3a2c74b2fb4f28e6bca47f42464f0c4172f054c8e8e62e
0,        993,        993,        1,  1944000, cceb025a33f695169e10d39ee9d838db8979f6ccd6d6df6c54aecd39677d5ed5
0,        994,        994,        1,  1944000, 544546a2ca5383d505ed2f33c267f411522b40d2b47d00cec031feedc3e09372
0,        995,        995,        1,  1944000, 7cb7658b9a3d4124f1b9be50ea797ada49e148ef26266e0711937f2f79eb03a7
0,        996,        996,        1,  1944000, c8fa2c820818374807bd4d3b1e6e75b761d0fad3d44ddd38f1b829e6a1729c75
0,        997,        997,        1,  1944000, 1b05fc6c9de0e5e288f49229d67abeaa9d8e106ee64be3b6d506057f3703797b
0,        998,        998,        1,  1944000, 6969a7c4e587efaeb72263c7a00b3248d51dfd9079dcf700d0d826c78fd0ddb6
0,        999,        999,        1,  1944000, 6969a7c4e587efaeb72263c7a00b3248d51dfd9079dcf700d0d826c78fd0ddb6
0,       1000,       1000,        1,  1944000, aa58ce8a614657a7542007c77bb4ad1ceeb445294e5815fb4e0d540b89a30948
0,       1001,       1001,        1,  1944000, 51adb3ec77f8483b63dfb3beed48769bfa7cc3ddca32a8f5f73c2779a18c0f9d
0,       1002,       1002,        1,  1944000, c2e4195665752afd2e88608548275ca741d9fd2e84023b0d910d907182e4ac30
0,       1003,       1003,        1,  1944000, c2e4195665752afd2e88608548275ca741d9fd2e84023b0d910d907182e4ac30
0,       1004,       1004,        1,  1944000, a2281cabc76c12e2746c9fc33a1cfe87d6479e9cd73ca16724287dee063713cf
0,       1005,       1005,        1,  1944000, fcf97c4ad70227b8530eabbdd5185acf4db36af194581431a9b764a17197032b
0,       1006,       1006,        1,  1944000, 166cda7a7747dda51ca65d8125b7e1ca0004aca7c9f35d2e8bbd5672b838a07b
0,       1007,       1007,        1,  1944000, 61d7604641f2d122d94e3723c5496dd66898ce7b46ccb44ddbdc411f797712af
0,       1008,       1008,        1,  1944000, 338da4774096ceab6a367473bc9c933bf9c1a007bca00a52a4bc175a25765df5
0,       1009,       1009,        1,  1944000, a3cc07ddde7ce3d8abaf8eaab32e1f154b1808c804b82f730f0b7f98d9f29379
0,       1010,       1010,        1,  1944000, 2030575067e65e2009e21185e95c8bcfbbe7045ffe38c6782ac200d3e9ceefec
0,       1011,       1011,        1,  1944000, 8832e2cd482cbff1681ded9e28c13a4182325125a4cc1311e5b7cdee858b80d7
0,       1012,       1012,        1,  1944000, e3dd660b87ff91bb4944836a2faaf2704b8046096721f6b628ae4016b16b6bdb
0,       1013,       1013,        1,  1944000, 28d6059f7393660c7f282e43348c32074ca1120c17ed760ea024a639fb6c4306
0,       1014,       1014,        1,  1944000, 6a9c7c91e314e669ec2319a60c110653386b9d16a5f11c38b3ecef8175b94939
0,       1015,       1015,        1,  1944000, 1e43d83cc9948a5a6b9c976c4189ce36833c59fc1574217c4e69e6c250f19343
0,       1016,       1016,        1,  1944000, b1ed5f296e20249e1dd4f2fc29657e11d1537ec24628ffc0ca1f3356d8b3d76d
0,       1017,       1017,        1,  1944000, d7efabdba0ede9bf081079d6c9d823af25e009c4bb1e5c7f07dc1dc2506a7bf8
0,       1018,       1018,        1,  1944000, c3b23696b22af36e2237ac04e547fd5992a574b7d433ea550ffb9b0ac33f245e
0,       1019,       1019,        1,  1944000, c6b2fc34743b2ba124df3bb1f2a825fe7942f77ebca452099190e9da33c7cf02
0,       1020,       1020,        1,  1944000, 05c428c187506d3457f8e9e7140ab5b977cb8628970c222fe10325d03b6197e4
0,       1021,       1021,        1,  1944000, 8298cf83d4ea99685d68a2ec4017180c8f65a66c1006748003bc8deba47e32dc
0,       1022,       1022,        1,  1944000, 60cd23ec638de7d04496c94aeaa31f6bbef4bd22380e7e2484bd1a57a3458474
0,       1023,       1023,        1,  1944000, 8028a4e323fb712c2470c9352cd74ed8ba8ec2314a5374d1b8780848ca706c01
0,       1024,       1024,        1,  1944000, ff16cd382268c930f552ce20eeaefa825ba327678210b4ec75740719eaa7713b
0,       1025,       1025,        1,  1944000, 5f46dbe91b1daac5597f3de312aced7a567b11e95851ddbcb70949348e5451bd
0,       1026,       1026,        1,  1944000, c3dcb70143024f7d23df311b5b4d14bd833316b3469af20aa4a76fbce9dade7b
0,       1027,       1027,        1,  1944000, 3efdea901f051028cad2467f5c94f566cdeb4dfe348e6f513ba294e39abdbe99
0,       1028,       1028,        1,  1944000, 5d9344e983413bcc1a6fab81dcf49b2c910c2cc30f72515edf11b1e37914ad7c
0,       1029,       1029,        1,  1944000, 18c8000dec56d0256d72e9a8e545e189f208a29074f0e073978af3de55f6acc9
0,       1030,       1030,        1,  1944000, 5fc17b8f15b0f986eda6c864a06e04e9afc75ed1db25b227d8329e49701f6ac9
0,       1031,       1031,        1,  1944000, 37432705269a799e44de1def8eb958abee8195f8aebcd1f6046ecddfa435048b
0,       1032,       1032,        1,  1944000, fffb61649962fa6863b40f62125a0b7d12e14c75d7f2ca32f15f1b3cc3d440fd
0,       1033,       1033,        1,  1944000, 9d542833e9c95e74a445fb8490d772d8977f9acf4a084b3882014239de8a69e6
0,       1034,       1034,        1,  1944000, 170bf0af55043ac6573574aab90e663976a1ce40a8195a8e6278a85fd375ac29
0,       1035,       1035,        1,  1944000, 253c1bed0360cdb175fc8f40c6e127d4ab8711d7e94f199639ba79269887bdcf
0,       1036,       1036,        1,  1944000, c02cc0ec58a5b4dc49e727c18f1e10f7841d02e9f65dcaba074195eac0555f4c
0,       1037,       1037,        1,  1944000, cd3756f95b804e435d79d43f94ebea2aecde5a8505269ca79df0e6c6a7b81677
0,       1038,       1038,        1,  1944000, de298fc1e7f0dbc06fd7eaf1c064d26397488b687b70e6493a618d90fbd50b09
0,       1039,       1039,        1,  1944000, 12a2682447cf0fd59559e07be8aea538ee74846eae89c6910332b053a4d19925
0,       1040,       1040,        1,  1944000, e928edd3ed4c54c3767e3a1a2dd2c3d89b56385195dfd3d31c2a86a87028646c
0,       1041,       1041,        1,  1944000, 5c0d71e8327ed00ec4112344b4b976535b4270b3cd7513296df33521608c97ef
0,       1042,       1042,        1,  1944000, 24b2ff67eb31d0c9fb77f93d741cbcf8d3d1115429b9027b114556e735381b21
0,       1043,       1043,        1,  1944000, 901964430c0371288fd27bf9d7b46b69c82e84aaec167fc03dd2249740e12f10
0,       1044,       1044,        1,  1944000, a1aece660002704a44d6f8d3f4800d333d3dfffd803ae47bc52873d62e22af15
0,       1045,       1045,        1,  1944000, 17c5a6ef477c151e9bf1f452cbf4b01dd894962bb657e601ced3774a752c88e7
0,       1046,       1046,        1,  1944000, b3ed5a95950e1abc1c20602cddeb08786944e8ce0bd72910473c54c7994ffc1a
0,       1047,       1047,        1,  1944000, 050dd273bc2323311a6b85b24ef9845405e849c45fa1b8902b1ca3b871540c45
0,       1048,       1048,        1,  1944000, c7ecf012de860a4e67aa89570fb21c95fe9750d5f7a2244585e4e6ccb8014f39
0,       1049,       1049,        1,  1944000, 41e9b1aea2702d634584ecf5881778655d863a34a404fbc865b8bf9c9d7cdfc4
0,       1050,       1050,        1,  1944000, a037de2c19527c3dad4640248acfc68ca0f3bd3a7a64215eed464d2f10cf8157
0,       1051,       1051,        1,  1944000, f874fe716519a484271437ced369a9394cbfd4d3411731f01af1fc894977a7f9
0,       1052,       1052,        1,  1944000, d01b6837046a4ebbd811668fffdc4cb3911c53d4bb0d2f5fc88f565c9978cab3
0,       1053,       1053,        1,  1944000, 436393921322d938f1421108da52b74110305d888278a6dd973791b7582b1afd
0,       1054,       1054,        1,  1944000, a9c788de0f483b820f7d995130e25b2cad1086defff185455e8598f1442e990c
0,       1055,       1055,        1,  1944000, fea0783941fe167555a230eef46c4fc9f903145e253f3361a4ab0b193d422a20
0,       1056,       1056,        1,  1944000, 1180d45a53e6dba2ec8fea9da9c4c635be29b778b8d1c40085c18b6d88a62e97
0,       1057,       1057,        1,  1944000, 271dc0e4e3cc7abae4040fb4cecb97996ec20d8310e556615818ceeeea24e5aa
0,       1058,       1058,        1,  1944000, db63509c84fea21090eacd0b59d273864b90d3d272b4757623c727782dee7b2d
0,       1059,       1059,        1,  1944000, 6cd9259b956ef62c6704c9e84803c509b9587f3a7e16e9521ef31e794ce828b7
0,       1060,       1060,        1,  1944000, 431e66c685a07dd8b5d490c9bad9db44fd4e48b6125c9102458cd1ef26cdfd6b
0,       1061,       1061,        1,  1944000, 3168f304e4cbd5f32d22561d4c310f59c7a6beed124e3eaa713057bff241c25f
0,       1062,       1062,        1,  1944000, 91f06a6370452802439a58313d0f900ce1091771a131b6fa64c206d8cd516ae6
0,       1063,       1063,        1,  1944000, 4bb06342e0fd856c7f3697d383a9d034f75a9df76e9e909bd8f656d11214ec29
0,       1064,       1064,        1,  1944000, f2504f10627e564276ca9d9ad3c51a9118995176649de70b4f0b55dc4cb37181
0,       1065,       1065,        1,  1944000, a72889f81d069ca6e4309ef720e160229c8c06e687d8ef6eab96a2727c79442e
0,       1066,       1066,        1,  1944000, 58d7d9155252de47f9a816dd1700fdb842481b4648d2fee51f06e47cc99e215e
0,       1067,       1067,        1,  1944000, 735d6888c8b3d1d8543072409bff63e46180b24627143a0bf6527ded03aa2a2b
0,       1068,       1068,        1,  1944000, 52ae39bcb42e0c75ab874f3644dbb6620f89a10f6cf001872ee24ee3035a590f
0,       1069,       1069,        1,  1944000, 4c4588d6373fcf6ef4b532a5e384920bfdcf5683e1b334aeb7300537ce9904d0
0,       1070,       1070,        1,  1944000, b47c5b735422eb039f4cf1ad0f05a335cafb52cead768197338158ab7adb82d7
0,       1071,       1071,        1,  1944000, f86053b7331b24e81833acb18602592241574aeca364abdbd6274df0224cced4
0,       1072,       1072,        1,  1944000, b245a0c19880c0769d4f96c61e7a75ce22b44d5c72137d3da4580a2167142f3e
0,       1073,       1073,        1,  1944000, 1eff66b3395dcfe85cdce3add93444f8f80b6360039f3ab446f14239d0b023fa
0,       1074,       1074,        1,  1944000, 42a0ad5b4994d3b5b06fbb5464a42760aa7e530f15bd054332a4689d548003eb
0,       1075,       1075,        1,  1944000, 7f139f107fb2cab1df9ff35a8235d6a52e2b2f86dc65200b37b383ff9c19167a
0,       1076,       1076,        1,  1944000, 82948a0ca1d782e55e4602eadb349aaca164e3d928412d67c5c213b776673e3e
0,       1077,       1077,        1,  1944000, 6c12ed5b61977a3fe27b1ae2549e85aef3ea31a200dd9ad5ff843380f0c63f83
0,       1078,       1078,        1,  1944000, 884836ace820a61c987b6e47f48a711560008d7e63d352cf402082e6a563041a
0,       1079,       1079,        1,  1944000, bd80e5ac16299a0dda75aeed63add3c5ac73b44868c89c884a5505ab5ef6ab13
0,       1080,       1080,        1,  1944000, 87a518a0c23b52a959fbbf0bb27235a076bb30a1a13f236bddc5333a61af9cb8
0,       1081,       1081,        1,  1944000, 8d89e90c8eec5f7faad43e5d265ce247c7435aeb8318f1ea55db4911907ddc84
0,       1082,       1082,        1,  1944000, 41b1c57e39f3c0d5cd97691bc39e8b893fd8cf318056c20301b562918833068a
0,       1083,       1083,        1,  1944000, 976b526b1f475466ad15728681fe52a584ef9affcbd278feb0566a6ba39b2192
0,       1084,       1084,        1,  1944000, 76a4909fcd337cc11585c4233ee93af26f88ceb0afb612206275dd65f3c78cae
0,       1085,       1085,        1,  1944000, 7d0b6067142914f5c8e2a8f2d226d022aa56128024005fb2cdd499ecf6b71f33
0,       1086,       1086,        1,  1944000, a711102a60c3c9dfd0d6119fe59836cc56dca64829e72c352f42b07b55a20e5a
0,       1087,       1087,        1,  1944000, b77c80b6e3082df2c257c952566420376740b91a7d7ab59b2959aae9357bdcc3
0,       1088,       1088,        1,  1944000, 7bf4cfc43d57d05a20c8f9e80ef23addff9fed5bdb68a63a5cdc6aa2140e83cf
0,       1089,       1089,        1,  1944000, a22dac1b77888a0bd7df888f0e993a7a1481e146ccef12dafad3b9a55bff7723
0,       1090,       1090,        1,  1944000, 6507e4ae410bce0ab527cdf88a0331d9a4dc55f78451bda1d052ec7d11aea678
0,       1091,       1091,        1,  1944000, e8121d73d55dc8cf41815414266862bd28224224430715e9b3838afcd4063812
0,       1092,       1092,        1,  1944000, 3730f4ddf571b1cfcc794e524286f6d56407ba6e807b58d602146ac814154a4d
0,       1093,       1093,        1,  1944000, abda16dffb80b75258b58329ee3b1a27225d4a9855f4e91456253b32bbf7fe88
0,       1094,       1094,        1,  1944000, 5abfe19ba049ea8fcce66f752b97ca32ec6fda0558d9e14c969ca8e4baffea79
0,       1095,       1095,        1,  1944000, 7be7cad47dc02ad3b0aa295797f2c3b6c08e4224cf7a51107308cccf19b1d389
0,       1096,       1096,        1,  1944000, 74e7d16534eebdfdf324dc1abdf3d5aa6089b7223172d55c92938f7df8b73385
0,       1097,       1097,        1,  1944000, dff3448838f449cdc8ef05f59e2cea6b48d35ce5d9382d5442b75d45f770ffe5
0,       1098,       1098,        1,  1944000, 0d906d9235071fa786e50cde63d03b8c4cd103aeb641474493b3631d0707a235
0,       1099,       1099,        1,  1944000, f386fde46da1c1b88dacf47af14fc4a26711d79666ffa86937ccefe14868848c
0,       1100,       1100,        1,  1944000, a036b6727ec278d8441d16647ead6fcfa8b46499979675aabf5582162b8c13a5
0,       1101,       1101,        1,  1944000, 7381f65a44fee521425c3b2552e6c97a98beb02813f66ca836cdf4a3395742e0
0,       1102,       1102,        1,  1944000, 9259477f38e142bb621122c9b6284ad4c6fb43763cef5763b2d6d320bdd1f035
0,       1103,       1103,        1,  1944000, 4164307f7abf274d0c0ed30a2db9fb4c1fd22a4651a7ec2b48d87aeb410f80ac
0,       1104,       1104,        1,  1944000, 483aa0063d1f60fe031d0b7ef973a15ed0dc414e49340e49766044f34d4b3915
0,       1105,       1105,        1,  1944000, e7803b4a74f56d19d0f8f545af642c67c000806fffbccf95237a75b44663971d
0,       1106,       1106,        1,  1944000, 41d4d92dabbc1dd3e40c356f9a8f18ef48b50553c8ee0de2b154e4c47821e9b8
0,       1107,       1107,        1,  1944000, f20ffc45b8471ed1220d4f46bf5351dcec8832fa4efdd84fb1bb89e44f88a06b
0,       1108,       1108,        1,  1944000, 507c5c31af39a0b2eeb94bc99c44e6b758fc5a4a9c52fb46bcc61f5d13631b72
0,       1109,       1109,        1,  1944000, 18209eaa20cbd5d059b368d98bcb4a3b6176d1f08f312f880ead121042c8565a
0,       1110,       1110,        1,  1944000, ba896e6ec1215f9f4b8c0182300e948dd81bf0795b4bef060ec69f195e2673fa
0,       1111,       1111,        1,  1944000, 66d297d5e2bc239773579bf7b8a1663335f0f74598511baf697d6f98fc9e28a4
0,       1112,       1112,        1,  1944000, 0c34d5d02804cee554992ae60564a02241115d4044ff38c572367e743e03c2af
0,       1113,       1113,        1,  1944000, 942252ea0a0db4342b97401f2773571f5ee8b2129c8b921ad9cf8077d0fe590a
0,       1114,       1114,        1,  1944000, 28c291153d586a523aefec2ab46e5141ffc6ba4361291c5ec49d21c341b75491
0,       1115,       1115,        1,  1944000, a2c0b2b730efd06848604977ac301178648f7ad4b8728f2e4d10e403712b9d80
0,       1116,       1116,        1,  1944000, 5366edaf9258c809d52620501b79b480275b08a093b25f9f38958f993c0e4f53
0,       1117,       1117,        1,  1944000, 1a83400573a85750c537e3e3e52012228fbcc7b02c2173033433becb20414af1
0,       1118,       1118,        1,  1944000, 9bca11b937f851a9586136ae1f613a97d9cc723ee78bed0a216ce506390830d4
0,       1119,       1119,        1,  1944000, 013b4d28bec0ce479b22b2bb3b6fd668fdaa0fc41b1bf983e787c954fb503fe1
0,       1120,       1120,        1,  1944000, 6399949d935906ece7571993e526073019c1973f90252ce4699f8600182ce7b7
0,       1121,       1121,        1,  1944000, ebf9c73f85b499fd4cf45a02764a0a74e58f64dd5aa732ef4e55528cfad178f9
0,       1122,       1122,        1,  1944000, 47fc232a59f32244dd89e0186574b40385bfc46487f0d456d92ec5693fcc13a3
0,       1123,       1123,        1,  1944000, 8feb6da910e29b5f772d0d3c37de2160258b2a88a1661c4a2ba46473e000870c
0,       1124,       1124,        1,  1944000, b62d7f32eb606f1a1259422d17f9af309ca41809d0cbc9abca185a5c5103b170
0,       1125,       1125,        1,  1944000, 6f75b81adbfea786ea66d30000aa8eded995b6008ae33b7b7f13a0d83c0e9d61
0,       1126,       1126,        1,  1944000, 0af2f610766d953f1fcf35bdd5c1583da7b66762989e38c70529327b41c55879
0,       1127,       1127,        1,  1944000, 6b5410d0895e1112ae90da222d874553101265cdf55ad5aa2a4c22f4942bff0f
0,       1128,       1128,        1,  1944000, 9faf948537ab754cbb8f8169aca93cb9646edeeb62da754af15fd7afa58ca037
0,       1129,       1129,        1,  1944000, fc30176f2395ce2d9b161f8e698f8acd7e2b31809bce130d19cc83c06b17b0f5
0,       1130,       1130,        1,  1944000, 2e4946283037d139d2ecc89576a5c3c5e1e26f26e74ef4cbf0e9df83caee15df
0,       1131,       1131,        1,  1944000, 80979c379b0f5d4843a926bfe19ef58989d46ba6dc06914b26d7cbfb4a73256a
0,       1132,       1132,        1,  1944000, 90b1a57af4bb16aa061d8a24b91e3a21fa89591870afbb60e83f460925e65c98
0,       1133,       1133,        1,  1944000, 7348ba8f3431fe55c8c4eee1efb379a31d5c8fd8824adec8e1628446dc29431b
0,       1134,       1134,        1,  1944000, e286aceeaff0c357b2d8faf60ac05f98755e1a9ef62fb2b909531e04d4b7c161
0,       1135,       1135,        1,  1944000, d369bd34046ae059340379980e8b73c82c142b9178fd455e8371124c96e1ebc2
0,       1136,       1136,        1,  1944000, b1ed4e794e905b6c3aa27d45b8154b40b288d807a90a4b2365b0ef00095a4817
0,       1137,       1137,        1,  1944000, 3063cbd5971cb6458cbbc426e448dfae35a31b852e05331682d902b224e48975
0,       1138,       1138,        1,  1944000, 925f0b2f82dc174f93430f28e69a49baa8728f0d2e47bff57591412a21a7590b
0,       1139,       1139,        1,  1944000, bd2ead33e6a9ddbf6f8829063a22c656a40a6d4aeb393faac5a6d8476378d51b
0,       1140,       1140,        1,  1944000, c7b7fcf9f27715708093c5140dc8c16ac82354292954d596cb547aa7e8df2a17
0,       1141,       1141,        1,  1944000, 9e67fc87627bd2bde8931a0a10410a726e7aa68fd5c1b8026f0bac6fc39664bc
0,       1142,       1142,        1,  1944000, d030916b900a8a2a508c64be71d2a62c2fc30759a8b993ae28b4fbfdd5890eeb
0,       1143,       1143,        1,  1944000, 45e6fe370a82074dabd5e0bda3df3da52ba04fea0295642075b96e79b5c2357d
0,       1144,       1144,        1,  1944000, 85e08af229930391dc629331b2a0ae758112c9117d0e534c1f63a0c2ed0d3699
0,       1145,       1145,        1,  1944000, 6fb97febdac25ec4fa616019aa13b0866dd0d13544e7cefbdc0776d0b69f64a6
0,       1146,       1146,        1,  1944000, 484fac48a1823e56dfbf7fec93215468edd569e770e3e8ebdf54747af56896df
0,       1147,       1147,        1,  1944000, 801741dabf443b3f663f3473b6cac5c7340d4477a9e8c435abd6cfa7677773e7
0,       1148,       1148,        1,  1944000, c9a39b65b8220b2a8df5f49705bd9aceba37a1b5eb25fa80d169901d0d0d76b0
0,       1149,       1149,        1,  1944000, 2b97922964bdf83b927516dea3a5e59488617fb946ae6aa4cc8f374aa9698c6e
0,       1150,       1150,        1,  1944000, 230d28a992465e017f3fe4da3db35cf7e569a865f91be507ac911aefbc9dd7d0
0,       1151,       1151,        1,  1944000, 17853c0bd2a1bc3fe5afcb842a086c01ff365f138b848fdfd3820794387de7b1
0,       1152,       1152,        1,  1944000, ea1d834a97d1316193f325d146b2d44a0709afc95ae55c772fe2d54285379138
0,       1153,       1153,        1,  1944000, 8e60a9b689c6c2e506e2b8e519ffa4a45faa0f701cce33d0295f95befecf240c
0,       1154,       1154,        1,  1944000, f466c8d67f2ecb9dafd946d58a854cbd3c673132efb184ad3e6dfd08337e0599
0,       1155,       1155,        1,  1944000, 606f294671ea4bcf8d1b099569c79d12afd7adcbb2b0fc28fbc7ac970b83c0c2
0,       1156,       1156,        1,  1944000, a72c8d73c4296881121ca1dc9b715a60d0ff694c6b9435b9b0a9c6b2e842702a
0,       1157,       1157,        1,  1944000, 416799424b9876350de18b9880833ca2dcd5cf0a2fb28bd226b64d4c0596f70a
0,       1158,       1158,        1,  1944000, 7cb3d997827b4d4d1a6bdce2af860672289d25e8b43681c794ef06d4b1ef1b59
0,       1159,       1159,        1,  1944000, 83c6c4d8c0368712bd0d8b8b5ab8ab734e1dd04bf44d2f36c2fcc1a592882d04
0,       1160,       1160,        1,  1944000, 800f0dc343a0ad9e29f205c9d41f1f64775a542123b51dee9da6a3e00ea36dad
0,       1161,       1161,        1,  1944000, 9fe2f5b954c9c27405893a3acacf9b5767351cd806e7822ea0f692e2b40f2d31
0,       1162,       1162,        1,  1944000, 23cc55f843fb8817b50cce51870745921177a92ceff3c57ddc78df4abd182c83
0,       1163,       1163,        1,  1944000, fa7d7ee6a31fd184c35ab151d322fcc719227a0dba72dcfd838a3676089128fa
0,       1164,       1164,        1,  1944000, a2148d04311123fff2a8f9eb4de6e50b0eb5184751fdc463b14b733864eb0cc3
0,       1165,       1165,        1,  1944000, 6734b14c5e39658b04859dad8fa674bd88f09820f3e35455edef442464049d5b
0,       1166,       1166,        1,  1944000, 17ceaa97cacdcc256a3d4c8ce8edd9e0ce73355c22497e704160cd94e413737e
0,       1167,       1167,        1,  1944000, 2f16cefbb768b9285ec545116745cacdf32e73edc2292e142f35fa75819273c9
0,       1168,       1168,        1,  1944000, 3246eaa0f90a1c5ef3e2f9ed20319240c4677b27c67ce3f17d511dc4a6e01d7b
0,       1169,       1169,        1,  1944000, 58df14d593371d34d0a02444c9bb201fa67195193c864fd87610b4edd7a91094
0,       1170,       1170,        1,  1944000, f67e9b048c6949aea25e6d914de11f24235f0efaf962fa34c91b631174b1a25e
0,       1171,       1171,        1,  1944000, 204211dfa7154becef549e26e3254c95825d98e9fd19c72accf1e8d2a2cf2176
0,       1172,       1172,        1,  1944000, 263b6dcbb1626991988376ed30e8703ab9384a49b6886850ca87355f3556631e
0,       1173,       1173,        1,  1944000, 08c259948bc966df61acc8c1dc3c39eaeb0ddc7d318b231700e5bf03270f105b
0,       1174,       1174,        1,  1944000, 31d2c945605569f9c523b3a45356ea289df71450a43d25466cd9ce771257f522
0,       1175,       1175,        1,  1944000, b9e35762cae1672e610ce3fa72b55c07124e8ee8e621f9bd1db13a738ccd5809
0,       1176,       1176,        1,  1944000, bc33ac6bdad68a06b17c7fe285330de8340bfaedebcf271d94c910bda99a94f8
0,       1177,       1177,        1,  1944000, 43a878517d0a72ded27d28561fb55741b6240e13d9f911c0ec389596ee7d0116
0,       1178,       1178,        1,  1944000, 38935561cbbbfa724c59f239dd06e8e4b4057af16b529053409fd34688e0eb28
0,       1179,       1179,        1,  1944000, 01a489370d5eda36770aab8911fda70b8c2f9cc7be035e5eaaf178590a615a49
0,       1180,       1180,        1,  1944000, 264e6ffc82ca5e1677ac5f3306678b6bc165f0b5033c514581043b05a14638a9
0,       1181,       1181,        1,  1944000, c3fd8cc4db6631ca3a8a83c3bbf37e3bdb155a1588ed37be1d005da76b6265a7
0,       1182,       1182,        1,  1944000, b2d9e0b6f5d09028f1f03b1b24291d4d89a6116aa80d4af53f3b07cf6383e21a
0,       1183,       1183,        1,  1944000, a248a543f3c12be24dfeeaacf4af5a4f84bc0fcabc154568a073c1917c989999
0,       1184,       1184,        1,  1944000, 00b1362847ef1e44c3e1b58987841ccc07620410c4eb0fc1eaf2516c26a05455
0,       1185,       1185,        1,  1944000, 3a89e097dabe3b7f8c9cb859c7d617d24726cb5f9d7686262849e89696fe43ab
0,       1186,       1186,        1,  1944000, b7c8603f353c09519fbec4fd9804364f25a869dd23fc147a79fc80a960431c0d
0,       1187,       1187,        1,  1944000, 7b037452499da5518e1d807d8936df7e9e3f4c5927d9e1c7cdf65afd49cc6bf5
0,       1188,       1188,        1,  1944000, 84e6fc37c06e865ee8e76c18d0c1d1ad9e66df32bd5bc3d9759427c69d6a7349
0,       1189,       1189,        1,  1944000, 885814125a9c7ccd60ded28b10cef314a97bb7379c22ec6568e2829e0f4be938
0,       1190,       1190,        1,  1944000, 3311d3e4b4330c07a34c5ed15ade8b7854bcef42d51b8503981d667dbb60c53c
0,       1191,       1191,        1,  1944000, d2630f7f37118e17d3d9c4d457f616c51c6d6f625fe28f2312ecc21a8f0a1689
0,       1192,       1192,        1,  1944000, 08d1e3faba46a6a2fcb0a32aee569f86f3a3c4b9031273139773a7f6c05870eb
0,       1193,       1193,        1,  1944000, bbdee963d12dcb1149801e9e7350ede817cd77f7108b856f5af0d9eeacf18457
0,       1194,       1194,        1,  1944000, 5a0927ede910934d458b4c4777bce8d0dc843b0293d2f90f41857a57782258ae
0,       1195,       1195,        1,  1944000, 956933ff798abd7ef70ce3db41612a106c71d782f8c6a873d50e082e9e85402b
0,       1196,       1196,        1,  1944000, 1d507f700be942fa6d50d44bade7a4a5ce33e76f0e8606ce377b218e61fbb3f0
0,       1197,       1197,        1,  1944000, 13019d852369e38bf705ff97d281414f8ccd7d5d0cec5222917d2f2197b9b182
0,       1198,       1198,        1,  1944000, a8a82cceebf0d337076cfd5402d00d223362adf9db6309ff42e2c092e50b45cc
0,       1199,       1199,        1,  1944000, a04a9034e55db5b52cf778425fc06e1dc25476f86497c18a14d40ede9739722a
0,       1200,       1200,        1,  1944000, 18ad91dc9b04857fd77ef591129994b869b674b9d9d70b13502a18c5a80dcfb6
0,       1201,       1201,        1,  1944000, d8ea7944b54aae3f4b63fa6f5aa311dbfdb21464033e11b6f113a49d5ce8ceb0
0,       1202,       1202,        1,  1944000, e491ddbf8274d72cbece01ae0d60ddb95a9c3caaf515e1b917bd5d8512bc1b37
0,       1203,       1203,        1,  1944000, bc2e240efe5e7ae822a62d3873baf368f42949fb2ee1951744cb72fbfd7aed1b
0,       1204,       1204,        1,  1944000, 209061027e8e34f4dd71bc76167208f111a9758751199cc1396cc5f686e727f4
0,       1205,       1205,        1,  1944000, 39f0bb2c0d55b416ffa1e1e88b4d9ca60eaf75d6099a17057dff28a747bc98bd
0,       1206,       1206,        1,  1944000, d3a6de4003761863e0a07629294fb0908ab71e24e3ee8a5978fbedd6442a445b
0,       1207,       1207,        1,  1944000, d97a67dc10210a917950eff21b043c97ff37916f05b58ca155e3c1c4b47da3bd
0,       1208,       1208,        1,  1944000, 4c01cfdcc0d0580ad2d1628ac8508b6682c44094e699065066ac024767421a5d
0,       1209,       1209,        1,  1944000, 5f30c5cb2a3140c73bf968f67a7bb6c9f66a8f5bfac8051fc18ea05869a5dfe2
0,       1210,       1210,        1,  1944000, aa4960e19550b34dcde6e201e9ac5eb7e68b21ef8fe3a1a9c303e0af33db6b68
0,       1211,       1211,        1,  1944000, cb2750750f22fdbaf3d64eadf3faa476dd83348fc8798897d021e955eb43c4db
0,       1212,       1212,        1,  1944000, 95aa4700e8ea53a225b2465150ac7f794ae7141ee9fe3376ae9f71b7f2cc07d6
0,       1213,       1213,        1,  1944000, 1ca83bf4479820db640cb5b18d65b42df22f009f4c72497fec4c275c6a6e5719
0,       1214,       1214,        1,  1944000, 0e972bf1ef0ba21c622cd5aab0c071ee86ac4f26ded6547a39bce9b177e5912b
0,       1215,       1215,        1,  1944000, d427e3b3e40c7cd8219415bb09a6ed7f635ea9440a5167d12ad92c1c7bb81feb
0,       1216,       1216,        1,  1944000, 65b93dc3fac82e570e54e7c65cf550534b0d9a17ccc4d50c3ef7c2d4b146de7f
0,       1217,       1217,        1,  1944000, 6ed344e45eec49998a5e2a63035d0e69018f0be3b5d459140afaed0423e23b44
0,       1218,       1218,        1,  1944000, 2aa211055e73cf080a7a1741a646f6d0b5f2c13c6b2d553be0d8b67a16747569
0,       1219,       1219,        1,  1944000, a7b666c5d4d1348bd99f8c74c5381f68c1d1b96a58e28f7c4811a9de5027f9c2
0,       1220,       1220,        1,  1944000, e76d56c4bc13f4eeba75f06f1fb46dac5842b9b9aff42e0ae5f7076bea5d1166
0,       1221,       1221,        1,  1944000, eb1bb7b39de68562780014fb1287405b2ae48fed02585c336973b6fd36551a80
0,       1222,       1222,        1,  1944000, de70e6015d2a13fa017a0f1ef54efc5807e26077de2959c1c9a3dc12d3e9db96
0,       1223,       1223,        1,  1944000, e584c3650f9c3a430d9a8aa4995e9d7f7cf2dbe6d29bd1d91aede9b863def0be
0,       1224,       1224,        1,  1944000, a712e7b8d6147d79321c41ead36154219f8ff07d8ff0bf2f14545338f756a3de
0,       1225,       1225,        1,  1944000, 6be8f661708d304bc7f7844ae16038d1867a6bb1e54844529fcc558f4f5fde41
0,       1226,       1226,        1,  1944000, 8dfe1f7fd021dfb4156289e0ce9cafaa2777dc865de816234e8f416e459e7b57
0,       1227,       1227,        1,  1944000, 5fe83cabae23e05fc3010cae2bb4ec9523c3703105ad6bd17311fce21d4acca1
0,       1228,       1228,        1,  1944000, 480d74a1a529d3d76d9758edbe30569efec90f2f235852254153b1fb05d7528c
0,       1229,       1229,        1,  1944000, 6d90fb262142d6334615b0182832508e51295372a554e7117f33a12fe314e85b
0,       1230,       1230,        1,  1944000, 580ef8a162d835def0d21ffd1860b86b31ff90c2e9e63bee6a5dc76ba568d577
0,       1231,       1231,        1,  1944000, 92a7def0ad081fc3618b2b4751a90a5eb3205e42b12f4759c09a3a010b35e1bf
0,       1232,       1232,        1,  1944000, 4283d39a0d506247ff6c67fe33df5215bc65a9c126227d73a94b55d36602862e
0,       1233,       1233,        1,  1944000, b5e4442cb4ca07861fae476a01514273e628b7908a502b8a2e03091f912a2200
0,       1234,       1234,        1,  1944000, cc56dfdf88d02cf8320bac9f9ba6a02045ee3d27976fcdf898e390815f2b7c9d
0,       1235,       1235,        1,  1944000, 0c2e2268409fe5df495543b2655f00d4e50ba4a50a623478391a28b1237d0523
0,       1236,       1236,        1,  1944000, 8891dddd750a60259e82ce03acf483ffcb68cfe6c08692aef3892c162779c1e3
0,       1237,       1237,        1,  1944000, ac83c93f2f175edcae7aecc49212b821c635192631909051d601a6a872a30956
0,       1238,       1238,        1,  1944000, df6387f735ffe0cd999b1ee20292489edc94675e097696be41221a5d62788b48
0,       1239,       1239,        1,  1944000, c37f3e08f0d1eb45a4391118ea2b52be55dd7805995cc545c6bdf30fda78d33d
0,       1240,       1240,        1,  1944000, 5c8c0e8a0e8c9c668b20279a0c63c34b0f04da6a367851b6b34562bc1c13c449
0,       1241,       1241,        1,  1944000, 30a453692e03721155896dbd2cf34dd3887798c7dc8a81890680ce4dce7d5a43
0,       1242,       1242,        1,  1944000, 2e3c3d0897cb639cf420dbc872dec24f2add15af7f0706b6e0493f5bb9e35059
0,       1243,       1243,        1,  1944000, 4233dc1f41f0f622a56520b3e129499d22a86d2d8205fbecec9af587ed989d3b
0,       1244,       1244,        1,  1944000, a74a02e720fe6972e136d7eed6728809ed75ec3aed0c6f8860fb57122c411c47
0,       1245,       1245,        1,  1944000, 8dd18ddcddccf87de6ba6a687bc7e7257378bbdfabe15fc64f65e0fd5148a954
0,       1246,       1246,        1,  1944000, 18713df672d05b262ea14a01a15fa8252c19f2203c3c40c1cb36f316dde372d1
0,       1247,       1247,        1,  1944000, e839b264bbb4dd9bded4b152d9bf291d4e0f42e3d560f0ccb49e21b92e8c6f34
0,       1248,       1248,        1,  1944000, fa88582a9e712e9d984e8baeea0d8ba6d44b85da0d030116b12baf39a3592129
0,       1249,       1249,        1,  1944000, cd4eb72c0b5b0435e733d818648d30ff28eff85e8a4a67a3752e7270d7d9b427
0,       1250,       1250,        1,  1944000, d403300c2ccb23d9a74782cb62e6a16a7a35675405cc97774f403e3edfa4d835
0,       1251,       1251,        1,  1944000, 1f02222eb4fc17f1242fc714af70aa8242fa490f402e99c89a7d5a2d34f3cf2d
0,       1252,       1252,        1,  1944000, fe8a9261d9c8a3bacb5ed1a329d15c849c2698d3c105f84343cd90a718a1aac6
0,       1253,       1253,        1,  1944000, 002c1bf9309e9a443c54e888ed8b2fe2859ed88d07d7a1908484ac1515fce00c
0,       1254,       1254,        1,  1944000, da55ebaad7e941a6049bdab7727de3b6c6dd9bfd49d61aaca1a3d89f0af1135d
0,       1255,       1255,        1,  1944000, 2dc4615dbf4866d5af7374561a3e7f391b10e92b55afa6818456a8704c11382b
0,       1256,       1256,        1,  1944000, 2dc4615dbf4866d5af7374561a3e7f391b10e92b55afa6818456a8704c11382b
0,       1257,       1257,        1,  1944000, 2dc4615dbf4866d5af7374561a3e7f391b10e92b55afa6818456a8704c11382b
0,       1258,       1258,        1,  1944000, 3cf50f451617bb162347748ec269ceb1d2141203909e174f11bd280c1dbf04c5
0,       1259,       1259,        1,  1944000, 0d786bdbfad5efef12329f1fdcae93299e4cbc41d28af19db5a9464eb7134eb6
0,       1260,       1260,        1,  1944000, a52de8320859cc32f122cc6f35b1059315d018e78188fcb6002b767a02159cb1
0,       1261,       1261,        1,  1944000, 3e90c8a74c5f6617d75ad6e91ce80befe2c9f574bc502ba6bd09177069db04c1
0,       1262,       1262,        1,  1944000, 7c95e22905dd2cf90f39f58c8dc5b85fc4d5d6c52a975a94797c2e3f76aab496
0,       1263,       1263,        1,  1944000, cb2d56c5f58add539542bb404e218c1ba0f0b8d9d8ec8f1e5cc148550beab327
0,       1264,       1264,        1,  1944000, 640ae39bed6e2a8b99b944f3e896f91ebaee3278f350a7bb9cf9ec154e5ef890
0,       1265,       1265,        1,  1944000, c6042e37b470929791c43e74bcd71680cec534bb9012f306c6555e07e86d5600
0,       1266,       1266,        1,  1944000, f9fc528566b2afb9fd136ff7ee15df19b6509be2e0427704f7ec413ff6653089
0,       1267,       1267,        1,  1944000, 608909da696ecf8f34985a9c1b1f49f6893016155694613a4d247c585071cc9e
0,       1268,       1268,        1,  1944000, 8e47b19f9e68333656b7f9bb88c433698da8888dfbf287614080fa1ee2525fbb
0,       1269,       1269,        1,  1944000, 8e47b19f9e68333656b7f9bb88c433698da8888dfbf287614080fa1ee2525fbb
0,       1270,       1270,        1,  1944000, 66397f75a2645cefc63de4217043bd68dc1a5d4214f070165b2e07c721ea5a1b
0,       1271,       1271,        1,  1944000, a43dd45123a46059af24f6ec1cf7673d1eae0bf646955da203e272811b3a9c44
0,       1272,       1272,        1,  1944000, 1917c162e85f4b6da5106fe953589c08f941f4ffc80a14b9ba4f2d45c5f0512f
0,       1273,       1273,        1,  1944000, d3e8a1f0821cb1dd5272096ba421f14ba619592a5d74a1545ed5c3171e0ef0a0
0,       1274,       1274,        1,  1944000, c9a7fd6bbba6b0ad8ccd918dd4d2eda5b4260815d3b5201390028c84d9078223
0,       1275,       1275,        1,  1944000, d0a9bc413f4ef1b5137c373890e447375354a65c955ea837328d56e61c20caa9
0,       1276,       1276,        1,  1944000, 974574d25e67da0e2590a513f49c2e9d0c78fd6743703d2f82a89ba9fadfa532
0,       1277,       1277,        1,  1944000, 9a1eede6696f8c734e17e2bc87705800d405d2400fa253bac81e7e2f38c35250
0,       1278,       1278,        1,  1944000, b008b5fb22bf21b96c650f3aba429d9b7b5c235682568980b070b3c1a6b6e6ca
0,       1279,       1279,        1,  1944000, b764218553372fac02d48a5ae3ecf1a3bda8bbab8770c546ef5458d8f26c0c14
0,       1280,       1280,        1,  1944000, 1212411cc9402560c9748b8465bad9829540e8229edee001a50c42b99421ddf1
0,       1281,       1281,        1,  1944000, 4e5e66b93b64a868164ec1ce0c69354885196a1cd695d517330e9a4a4c9a4324
0,       1282,       1282,        1,  1944000, bb8ef059450e6cd62106555b9804cd0cbd95fd0d0790cce12f63f90e9e5b7eb9
0,       1283,       1283,        1,  1944000, aed620fdd62b4b3b98a719bf61fd4abc1bcab76211b1ced8abd70dec5a4331fa
0,       1284,       1284,        1,  1944000, c4649f1c09cb7b058146b214501e45ed0df67648ea0ae19ffdda2d82df687aee
0,       1285,       1285,        1,  1944000, 8ad9360a6f715dcae694bb713511789320c4c41cf14e6cc1ec48198957ac1650
0,       1286,       1286,        1,  1944000, 92bdcd569cdc02417547b21b09554376581b159380ed8c0f3be62a874ced8b7e
0,       1287,       1287,        1,  1944000, 0f28928c0179f0cbe1ccbbc86aa81b74343be80bbcdc34a8c7818633bf80424a
0,       1288,       1288,        1,  1944000, 4e19a3e6327121d08736e20e4b2237e5939fe3d4544989e78ada2bfcb965526b
0,       1289,       1289,        1,  1944000, 48330c88c60163c24cea3ca42ca06b98077e6fda5159a09db2a6f4084ada279c
0,       1290,       1290,        1,  1944000, 4ff23baef7ee6add5c8f6fd5646cdd75e695b6c3a157e4baa5e84b8446ddf2d3
0,       1291,       1291,        1,  1944000, 8a8fb4da90a9a0d03cffebb0079da07c0fddd2da9cc84839aa63013d41bd82a7
0,       1292,       1292,        1,  1944000, b11113d7e3426aaa42376c23ba3fd3bd2f4ca41f9d835e28818ade210e47c07c
0,       1293,       1293,        1,  1944000, 476a1e9214f2ef0e21f071f5248e18157732d617074b7fe301e1538080765f5a
0,       1294,       1294,        1,  1944000, f5f4119e4649447803ac5586b5aeb945f48f9200f2d8c9464bade6cc783b185f
0,       1295,       1295,        1,  1944000, 6f1df7b9d974d17d8410b7af9c0dd50687d2fe8a49802b3780b0301c354509ce
0,       1296,       1296,        1,  1944000, dced76043bf986bad515cca77e5892552c075fe0a703f9dde9966634a2bb7173
0,       1297,       1297,        1,  1944000, 61705b02dd4f32394630c401f6ce58e0518cf1077a69ee165e6400801b8f176a
0,       1298,       1298,        1,  1944000, 873cb92ff41e31203d25c1304aaf67a65e2215227a75a9dc18f2309d568c71ec
0,       1299,       1299,        1,  1944000, 60d06c3abee9f97cdce8af4f54a2ab6e2c9f35d4beb4364d1faad5c0e6981cda
0,       1300,       1300,        1,  1944000, fa386aa180ae6335fe3f8a60adedfcd4d6b27c94e136ddd0366291ef89266fd0
0,       1301,       1301,        1,  1944000, c17e328f22785e8668b02791078979e00b465070eaaff01f9e0601a91c06ce6d
0,       1302,       1302,        1,  1944000, 1b7f810078a5fba5e6c17b454c691ca2b76fd9f30a27cc39e06db979a35a38fa
0,       1303,       1303,        1,  1944000, 9ff3746cf7b4a65a8e7c71d0e861ffbe8c2094d7efa7e3501de13792b99aec11
0,       1304,       1304,        1,  1944000, e294f3afd2ff2bafc1a554ca77036d48612798add3cfee39e188454bd052533d
0,       1305,       1305,        1,  1944000, 8b70430240ee07cb79c3794b4ae19c663ab932aeb92ee1c1dbfbc6fed7f4317e
0,       1306,       1306,        1,  1944000, db8be18db523ac4058458dd45d66b0441c96158de3fbf11170280b944d97ffb4
0,       1307,       1307,        1,  1944000, 720da9bbb0fdfc5336285dad90d1b403ae4650dc855792ca2be5382fb960b97d
0,       1308,       1308,        1,  1944000, f9f426462bce152f88e788e22fd605133dbf4ea5883355f5909735c2a592f558
0,       1309,       1309,        1,  1944000, 0bcbcba7df5b6832526ec1947aa25733bfffaf46a4a8d6f4bb3f7fc460b7eb51
0,       1310,       1310,        1,  1944000, da0f922c074e0aae8cbd0a2746a7b086cf57f792d6120c473b853092686ad5fd
0,       1311,       1311,        1,  1944000, f16e81f87f8779d30f8ebe3da317926b99fe8dd6f861c49b5e70461aaf864322
0,       1312,       1312,        1,  1944000, 19808b41f8c72f3d51107adb5d489305d6beb128e7e6650f9b62210e740e389e
0,       1313,       1313,        1,  1944000, b0da1abd868cb31e72a17f2dc588e2e5ff9cf84eef5637e23de7bd65e9a368e4
0,       1314,       1314,        1,  1944000, f60b4b0dfa7356f51fb366c65cc051f5aba27fadcb02f1ffdf11b67cc9293fc5
0,       1315,       1315,        1,  1944000, 3a4b75b09dc1cc050a464e0ab02504e6eae32de87934a522efc9cdcbf67a3bde
0,       1316,       1316,        1,  1944000, b6731d1a776612835ca3b2a5ed3506eb06b6c28cea74ba7340bae5089d6cc434
0,       1317,       1317,        1,  1944000, 688edcf08e21aec6dba6ec50666268319ea1a0879c04de726a5492fe37276e19
0,       1318,       1318,        1,  1944000, f45063688b036710c2f6917ee8d5b5254806f6bdfadd60ef9e5beaaf5685cc72
0,       1319,       1319,        1,  1944000, 2bf93a2e5053eb9ae68eb7abafec7efe0aa844ade9e1b1fec098aafa7c5cdf81
0,       1320,       1320,        1,  1944000, fcb5c3619686a325724a55067ce7f1361392f02b6ba0eda9f8f002afa217b066
0,       1321,       1321,        1,  1944000, 8b4a36cb7f6b58db6b825ccef6a408006eaa12c93ec6bd87cd1b4247c6c1a298
0,       1322,       1322,        1,  1944000, 34cf06a89da50bea34437ad299c5da33a9814935c8c3abf1826ea93877c0da90
0,       1323,       1323,        1,  1944000, 27fc507c3ffd92f7322ce9e7dad47b3a52b90086d1bcc6a66e8b46a7aac0d82a
0,       1324,       1324,        1,  1944000, 49f66e50b2bc230601cefff839db297520984567688a2a7bdc6c4835f7800ca0
0,       1325,       1325,        1,  1944000, a39912b3469adba2de8f9f390247a212e9f54e7afe73376f9547ee480af3a9df
0,       1326,       1326,        1,  1944000, 75ea0b90b74300661e99a69588ef149fc9c3c7b0cca9880081eb50c6d440e0de
0,       1327,       1327,        1,  1944000, 5579b6d3e9502362ecc2a13a1fc5117446f9664861a021a5005c3e9e43b54f3a
0,       1328,       1328,        1,  1944000, 86dcc48d1c5cf2b9fd6daccca459c03d61565e797ec603b7d333f609c3beff5a
0,       1329,       1329,        1,  1944000, a52863c0e14aba95e6b3cafcf93ea32146a562721033f81c9d2a3b4c2f7a2bf4
0,       1330,       1330,        1,  1944000, 9bde14b02d99354444a74234e6df62c2a6477af4baa409b311b9ed38a2a3616f
0,       1331,       1331,        1,  1944000, 0fb17e29d5f3c4741b762697ba92dad3efb0d11af95a9e40a2db91dd3f4157d9
0,       1332,       1332,        1,  1944000, d0814d83ba85576e5d3a6d668412ea9c7f1d778e89e01b0fbf0a73410fce9425
0,       1333,       1333,        1,  1944000, d0814d83ba85576e5d3a6d668412ea9c7f1d778e89e01b0fbf0a73410fce9425
0,       1334,       1334,        1,  1944000, 71cce29c21d8a7cb1f33efb1bc84c2c80929fb84ec5f046b0cdc4f3cd3e1c698
0,       1335,       1335,        1,  1944000, 8d5d4b86288b82a476821f2b800d1ea618d6be9e532a94fd263ff2a9c747fe07
0,       1336,       1336,        1,  1944000, 09afedb21eaa0288f75ad533fc88b47fe7abd9bfcccf06b1f86c6accb885dbf4
0,       1337,       1337,        1,  1944000, 1603bb820d0a1ebb151051459ada8c0aeb0fc3985d41024a22c4603a2984e1df
0,       1338,       1338,        1,  1944000, 44bfe247d9817cead501200ab1235e55a7c8d6758b075dfdca8676481141d583
0,       1339,       1339,        1,  1944000, d49b3e8db65851668102af66d6191d84f169e6b3606fbddcd8b6d164b1ac1d99
0,       1340,       1340,        1,  1944000, 0db969c861ea1d2f587536f66348fd209a27aa4a2bfea5ed5606dce078d7ed52
0,       1341,       1341,        1,  1944000, 0db969c861ea1d2f587536f66348fd209a27aa4a2bfea5ed5606dce078d7ed52
0,       1342,       1342,        1,  1944000, d63714b8f513431b5bb284003fce5bbeeec27a272bfea6e5b1b7b6f63c13b9a5
0,       1343,       1343,        1,  1944000, 98f473acf37f00aa88144185a72ec13018747742b6c0cd969e458e68756863cd
0,       1344,       1344,        1,  1944000, bca60985f8db6df148b10df05e3d1a33709a1b296c6a0e52fb5c4214b51cb130
0,       1345,       1345,        1,  1944000, bca60985f8db6df148b10df05e3d1a33709a1b296c6a0e52fb5c4214b51cb130
0,       1346,       1346,        1,  1944000, fc059a6b9a75e32bab1e293eed597ea94a9f7619d9a91e453ebe7a0a36e8f473
0,       1347,       1347,        1,  1944000, 8b6bef58e0d186107e5ba51849b6abdc1f6470870ec547f113b3f669aa81619f
0,       1348,       1348,        1,  1944000, 58946cd85acb341d288b5c5cdab730c3b14d862018c5ee6452ce74464f6744a6
0,       1349,       1349,        1,  1944000, 89f70417da11d3f3024d698184b50b7f7a533b11e6f828fa113f9662bf11b782
0,       1350,       1350,        1,  1944000, 88df5a61281249b9ce69787b41f990b92d7e1791987e5fa12ff01222bf8c1024
0,       1351,       1351,        1,  1944000, 8456327eef2ce3546c91da048b32e60a1b8d9a8277a77dbc27eef4ea769f2b85
0,       1352,       1352,        1,  1944000, 27eb2bdbdcae0e8b1620c3d6ada831580cb8a60702c735959e9826fa48906712
0,       1353,       1353,        1,  1944000, 47e97df84ef3c0035ebe26536516eaf53c2517bd720d3f1d8fa59a706240e340
0,       1354,       1354,        1,  1944000, d175719113ea468ba64c1eabec41121f79a4b1827b971ee159601e3b2ce13993
0,       1355,       1355,        1,  1944000, b58a16b61e9b8d45d983a35e3496e10a7a4911261781570eb2326560aae2910b
0,       1356,       1356,        1,  1944000, 82febc9f8e318cf53e24928a6716430251a35a15e34b69096c5d2d8f1d05e171
0,       1357,       1357,        1,  1944000, 82febc9f8e318cf53e24928a6716430251a35a15e34b69096c5d2d8f1d05e171
0,       1358,       1358,        1,  1944000, 78c9b2c0a6e975df6cff2a0718c3c12dfd4bd6f304850bee3cf6611827ff62b8
0,       1359,       1359,        1,  1944000, 82febc9f8e318cf53e24928a6716430251a35a15e34b69096c5d2d8f1d05e171
0,       1360,       1360,        1,  1944000, 65f8d6212e08e9f9686d99e96c1351240aac10c00bb117dc7327fdc4d6f7f7ac
0,       1361,       1361,        1,  1944000, 2cd2af786e4c9d779b2c302d35b5a9e8ffad46cd572c18e974fade28ab4ab54c
0,       1362,       1362,        1,  1944000, 86d4ab333753c6b8ad4de80de75c5a64136255ffb0ac2343a4a78d67c13e9c96
0,       1363,       1363,        1,  1944000, 52571ce10198ef0becad8226a01c74d9380bb1d763d3f95cdfc57e42d5609941
0,       1364,       1364,        1,  1944000, d786fdda163414a62e8413d5eaeae858283559bad065bb8c0869274028db4b09
0,       1365,       1365,        1,  1944000, d786fdda163414a62e8413d5eaeae858283559bad065bb8c0869274028db4b09
0,       1366,       1366,        1,  1944000, 18034ee8cb8dcb0048da0a7009b207b5efb5b76277ce7ac83e4149e1b5e755f1
0,       1367,       1367,        1,  1944000, 4208eebc726f95548ab164b551f4224c3f270bb6bb6f2535f4397a87a0eee6ca
0,       1368,       1368,        1,  1944000, b8ab0ae348b8f65e077139e9c6626917c73504126ddb154d7098814824390b66
0,       1369,       1369,        1,  1944000, 2f35d0f281fcf87662b591d086573745a429de6d336cfe3399587a25eb661871
0,       1370,       1370,        1,  1944000, b5a63126d4b7ff4164da4fa527ec8d222e4973fdc28dd130701e076088800c4a
0,       1371,       1371,        1,  1944000, 56867982af70c17c191b368cd666df7dfddfcc1a8e4d3cca17ac30db245fd237
0,       1372,       1372,        1,  1944000, bfa57c183d84490f0b6dbef261ce969382750262dad79d496a9d668469ba3e0e
0,       1373,       1373,        1,  1944000, 599364b9d15abfe96c1c4a218e53db880e3782baf7340d7db579b958ae8a1b81
0,       1374,       1374,        1,  1944000, e092a400271d23b6b5fce3603575974d16bc6cada9e0bc65439209dec2df6385
0,       1375,       1375,        1,  1944000, 4143d6074154e76ca18ded03280836e37b22fac6f2198417486fb5379a503372
0,       1376,       1376,        1,  1944000, 561beefa5b7bbe54f7928d782ee4d9b0fd450425ae46a959f7e4b16b62bcc80d
0,       1377,       1377,        1,  1944000, 561beefa5b7bbe54f7928d782ee4d9b0fd450425ae46a959f7e4b16b62bcc80d
0,       1378,       1378,        1,  1944000, 1ac851bfb3aaba1f0206c7ebae2ca580132caf685606622522d87b39d4a74a5e
0,       1379,       1379,        1,  1944000, 9297bba3249b24e6981e5422cd2858a66789ab179d515958d81bb116982821f3
0,       1380,       1380,        1,  1944000, 1de31ebfe4283f19d642737d181a02f8c81114dcbfad89ade0129104b16e71ea
0,       1381,       1381,        1,  1944000, 29062f8bbc928e531ee9ff4257c7e8f0d9147b79ca7a4bdf597a0dc6dc4fae70
0,       1382,       1382,        1,  1944000, 3aac7b2c173ba0b75b951db83a2b2c201cbcc8897bc58ff9296dc7e8f7348768
0,       1383,       1383,        1,  1944000, 812a88638289a087947f016410d680ff8ea05abd1c48c2d3bf9f8a765d2c5ea8
0,       1384,       1384,        1,  1944000, a84131cdeb697f84e48c9b1304809b07b5b2a12eebabc5db8ce55b62cb563eba
0,       1385,       1385,        1,  1944000, 551983cd31bda245c8aed52d0d0df98e1329345a8d57ac036abef8322a63b2f4
0,       1386,       1386,        1,  1944000, ec117aee4e16b10ef4eb8e3c782a3086b192c8fc766bcd93b19d4d20571f5f8b
0,       1387,       1387,        1,  1944000, c0333269de8cd0c9c0ea04a186a2eef242d92b48a7ea41b1fd0d1255511bec1f
0,       1388,       1388,        1,  1944000, 80b68cee6e4ce5afee4704af2d5e0529eb43123233d6bfd68d94559551867f47
0,       1389,       1389,        1,  1944000, e89131fbc80c3eed5555abf8bb02a91dc7135fb8155c09cf7915c9a70db18692
0,       1390,       1390,        1,  1944000, b72f561b5706da674a2fdc40c097b2b2885b0a74caa4597c7c063d6ffee4ceae
0,       1391,       1391,        1,  1944000, 9c8c7a61940f981aa7f58580aa55dbd9980896f478204b6bcf83c74d3e515e34
0,       1392,       1392,        1,  1944000, 7900f1f14280ae8eb6701162107d39a4d6fd0506461b3b87ec2f282b89e1155c
0,       1393,       1393,        1,  1944000, 79aa70a0a760d78d6f4f2f4c721a381c6f70ee0f7d6ddaced6f0e1de1a96449e
0,       1394,       1394,        1,  1944000, ac021dedc084a9b85e89171e6b2dc93d9757de7d2b52d925a72fcb654ad63a82
0,       1395,       1395,        1,  1944000, 69094e21fafb300cadae4a132b0f39c0e8bb7e775d887f046d4e05308210e468
0,       1396,       1396,        1,  1944000, ec7b9e4d6888cbb69963803e5d5a115a2b09d21146f495a45aa72a635bcead4e
0,       1397,       1397,        1,  1944000, d0746991c833cca38627a0ace9447fb67cb95ef5c76b8b13270a63f1b8338751
0,       1398,       1398,        1,  1944000, 5f3e5b3d1b36eda9c8f8990cb68af4c7ebdf2126db5cddb883f8d63a7e5f7636
0,       1399,       1399,        1,  1944000, 65ab2e79d114b8d8c03cd5cffdda318b931c18c7d653089befa8089d8713ef3f
0,       1400,       1400,        1,  1944000, ddf2b8c883e208b32bdb0cdbfee6abdc2ff3911099ce666d1014fc69a223d1d5
0,       1401,       1401,        1,  1944000, 2ec074c693e04b5f6512a78b41547203fa13bb610c8b970f364b06be1fa88167
0,       1402,       1402,        1,  1944000, 75967f854f66cb9886dbbd99223efb00121b13a972a6caa099eb0d40fb97b342
0,       1403,       1403,        1,  1944000, 25edd7bf71db3531a6f1375fc36ae65adc2918d31264b30878f70562191ea0f8
0,       1404,       1404,        1,  1944000, ca61985fe66f180a700c16abc491ce82e77ad3c7702ab01a9d46a75fff953299
0,       1405,       1405,        1,  1944000, 9998e6478541f49f69655889391100eaaf50b0394e6aae4273cc0d977fffdd46
0,       1406,       1406,        1,  1944000, 9c963bfc6f4e933acfe82a9a6b8f153b52f5677675bf7bd9bcef73ed89973c1d
0,       1407,       1407,        1,  1944000, fd359b03e99890fc1ce2f0fe6e98995403de4531d546aa343ac300a5f8b619f1
0,       1408,       1408,        1,  1944000, 900a07529575ad9a2ed86914c8c60274480f3fac3e1b0833e1cee1192bf3445f
0,       1409,       1409,        1,  1944000, 13d2a1285c41fcd47630827eed5573061cefe983959e0fd9553b05ca8c1216cc
0,       1410,       1410,        1,  1944000, 3559824e793666c2bd3738d17df61cb7351d5f13d3b0d169620e092103246b3a
0,       1411,       1411,        1,  1944000, 6aa64028fe90c09ecf7ce49d2aa633406d4278dadd60bb98f7382adf2fc9573c
0,       1412,       1412,        1,  1944000, 78deeacabf4d8a6e6e94472edfb12ab78217d84306a45a8446204a1ecbf13f15
0,       1413,       1413,        1,  1944000, 3802b99cb06ffc6b0dbe11b388f929c299453503184e90c367e380b24b5ebf4a
0,       1414,       1414,        1,  1944000, 4c9fe8c0d4fe9d7e93cb0e89cd5fae5ac2ff4ca3bbbcb55bdf571c1e13f9b82b
0,       1415,       1415,        1,  1944000, b9ab22d75c1efeedef7338d7d02aef2bef092e95f655d23c57642c56a96b21b2
0,       1416,       1416,        1,  1944000, 478c276aabae915cdf5a946cf052068a8ddd31ebe548336e05dce5b992016e8b
0,       1417,       1417,        1,  1944000, ea5db59fcecceb0954e43e3d8dbfd75364b5d0ebe23158af579177eddc9acb3c
0,       1418,       1418,        1,  1944000, 76f3be9e358eb0e3b9208f1061eb8eeca59f9c8738131fa5829ec21de80cedab
0,       1419,       1419,        1,  1944000, c49297a562495f8304e2eb26d1688187fb7718b15d395a47d0a09708248a0c34
0,       1420,       1420,        1,  1944000, d82febbea1c7c27bb27a4134a406518018b93db343aff663e34374d1fcc531a9
0,       1421,       1421,        1,  1944000, 183609ecd74b235084c187dcb2a4dffb4e7ba554fdcee443a1a2be020a54c526
0,       1422,       1422,        1,  1944000, d5e5c43989fcf1e4e8dbd8cd33356534750a4a769a26ac32bc3b1a658bdf62b6
0,       1423,       1423,        1,  1944000, 7832d7e2687479e7894b6ce91e047f7a6897f40beb93850ab78e6742997f5f21
0,       1424,       1424,        1,  1944000, 5211a74bdec03e1e11f6b9915e63f63105a0b9a51dfaa700dbe8e982f9a2416b
0,       1425,       1425,        1,  1944000, 90cb836f7d770590bc233dd913795e835f0ae459d8847aa6ce733ea0b47125ca
0,       1426,       1426,        1,  1944000, 6d3b1ad1dfb6185854be5a60ae8da0693d04aa0c132a3efad093b8e6b4d0b62a
0,       1427,       1427,        1,  1944000, e8f5f16e3081ff7d32aa62fc0fa16c8078ae7ff9b0492a6844bb867db8cdfadc
0,       1428,       1428,        1,  1944000, 596f6744e5cf1485e131716f17454c418a149bad6e407889caa4a5e41faf9c69
0,       1429,       1429,        1,  1944000, f3d87796dc6f1e188b71b14f6fa278af5a3fb1c832dde0fcab940083cac3f65a
0,       1430,       1430,        1,  1944000, b044284a5ea65d85a29ae8d1e8fe6eb84db28113f98cfc62646268dc515aa2ba
0,       1431,       1431,        1,  1944000, bb85e858b35a11e85a3cb5dc49a656d12ea0110908a89b7be920c3c47761a694
0,       1432,       1432,        1,  1944000, 426e15bbd052e88fea9c8e4c7b449e70abcad8ba846c830b34fe23f89ce0220f
0,       1433,       1433,        1,  1944000, 0754f24331965dd7e67ab8fa898122b9e6dfd9e0c709ad8204d4c690053595d2
0,       1434,       1434,        1,  1944000, 01c077c6e3f74609fe49bf0f015f752c73b2ad8a543d5a63dfbe4f60c576a725
0,       1435,       1435,        1,  1944000, 5fbee81fffaeb511278a25030908504c9d4c05d394faa9e012d17b94ad325de1
0,       1436,       1436,        1,  1944000, 3f7f3801c96f156b22d5419948a319cc22d1e0e4d34294b8fe461db89432bbec
0,       1437,       1437,        1,  1944000, cb148d206c10162f6dd3272168b316e0b455748b520ac9358cbd53c584e72486
0,       1438,       1438,        1,  1944000, 20b22147aea4b0178bfe0f6162a09f932bc74a3e59dddbb7663ef2cd30516e0b
0,       1439,       1439,        1,  1944000, ffdeadf24f1c9b0b5a40945c92c351f73472bcc64d7db596c1c5e87ce98acf90
0,       1440,       1440,        1,  1944000, 2edcdf44b799d68e6aae82681ead0cb0a677b531173bb0a0696aa037204a2f5e
0,       1441,       1441,        1,  1944000, c12eafdacacc4fe7da8a84db875fd833f0dc6262b828e7172a7c0619b1c98b11
0,       1442,       1442,        1,  1944000, 9a7d1eed46a4bc2e8ab1927f54f4244a96130bffdd5cf5918e8d1dd622432adc
0,       1443,       1443,        1,  1944000, 738ea4cab52126bcc43707eb8b2845a46ff3bbdf7127496537b9f3167f465f50
0,       1444,       1444,        1,  1944000, 5e40d24aa95b61b212d4f57912bc4219b228d863e081e4bd23f8be7e07ede3f7
0,       1445,       1445,        1,  1944000, e8e75cfa64376117e8dc58d95aa74b344332222b6f4b4d3995183a19bf530099
0,       1446,       1446,        1,  1944000, ff08d1ff7e866597ca63323f570efae7ddc9aba28927565473390c56c84a6ce5
0,       1447,       1447,        1,  1944000, 4695ab5720f6fa4ae4b508e981b7cf17a192555ba35a935391297d88bf8c649f
0,       1448,       1448,        1,  1944000, 7556d6a6f48c16a9636c84ba637e41ab78d50ed1133c1756c25016bac875114a
0,       1449,       1449,        1,  1944000, 4695ab5720f6fa4ae4b508e981b7cf17a192555ba35a935391297d88bf8c649f
0,       1450,       1450,        1,  1944000, 13ac96c04298f8b01b311bf5d74d5eceb70f67f3c0cb55ebe5bb7f51c10395fe
0,       1451,       1451,        1,  1944000, 9868a69732021e7acce8996ca98b652713632ceca74118587fcada610145dab2
0,       1452,       1452,        1,  1944000, 520aaa31823408c8d0b6c0ab0d3ad5889f852c90a942bbce7aa7ce35737286e9
0,       1453,       1453,        1,  1944000, 13caa4d8d66a7d1b45aec23033f08602259857f0710fc28025d09c17061d95c0
0,       1454,       1454,        1,  1944000, 7ec314282bfe52f43433fe0ebcea4121a962b60703759a5a870913b607ac42bc
0,       1455,       1455,        1,  1944000, 0c48d121829d171aac2aa32844cba56f1524eac665610d90983d51ede9fd17c2
0,       1456,       1456,        1,  1944000, 9cd31a7b0f5ba9bc0c4a4eee5f8ad45e92a87f234dbf00095bf1077014d255ae
0,       1457,       1457,        1,  1944000, cd9f1047692a92d49c43fbf42eee7e3b1f0e0bb3f0181ec3a83ebaa99e17c25e
0,       1458,       1458,        1,  1944000, 46f4751e615ef168ecba94c8385f6d3215631e6571ced0d99639e0ec0ef433c1
0,       1459,       1459,        1,  1944000, 0d24e443cc269c9301e431cccfced41efdc9932db7a1ce26c08b3400dee670ed
0,       1460,       1460,        1,  1944000, 57ac7852171f8e90d663008ee740645fa63b662f19500cfa1b09eca65481136f
0,       1461,       1461,        1,  1944000, 86f034ac8f8d9657a2bf5a14a9731b7f55ee16e06628222c26b73bc8bbc507a6
0,       1462,       1462,        1,  1944000, db2409972440fda69299b4927f139ba077830857e7c6922ab4fdc51b715d2fa4
0,       1463,       1463,        1,  1944000, 849fcc20f06f680fd7335275f050c8aeec50cb180a941a92964bca648dd1d617
0,       1464,       1464,        1,  1944000, f3009235904045a88222c9a8e97be4ffec07c296fe3977dc82c43cb5353af095
0,       1465,       1465,        1,  1944000, 25b2cbb8f5c9ec8c0498083f43bc5432aa7a5f11b420a74b6a66f156f659eb1f
0,       1466,       1466,        1,  1944000, d4367f8beeb5540641571592b4d68c251f40570485b08f5430d25e03949a3af1
0,       1467,       1467,        1,  1944000, 48fe06971dd848562b2ee129e5a83672be6243591c5ec153cda2ad7263d89b68
0,       1468,       1468,        1,  1944000, 92c4d45d92b0b77fdc2caa662112926455829d386126aef1afd32c96936633cb
0,       1469,       1469,        1,  1944000, 9c289d4438c7ab0e193ba0e05934e19e6b9b90d92303913e93c1678f11b951af
0,       1470,       1470,        1,  1944000, 28ada998a030aebc17cefebfd197e08e93424743d3937f8569057324a1b87672
0,       1471,       1471,        1,  1944000, fd358edf2b13ac134c18abec34dd3a72fb3d3cc731f8bfe1609fdf595af86ce8
0,       1472,       1472,        1,  1944000, f020a1cb32c938dde0b47e7c73621fbb384a6dc8dcf7dd1fded260c67f73cbc8
0,       1473,       1473,        1,  1944000, 167d0d573d824054076af82b73de7275d50e59d01d5f8e535f087681e18c26a5
0,       1474,       1474,        1,  1944000, c563f2bd46dcb023a5c4c29a8a37c3799da2168f91db03283bfd665d1ee0d2a0
0,       1475,       1475,        1,  1944000, 0a586febeccbe2f8074734b3fae10d18fb9656bb0c880822e214e87e16523ef2
0,       1476,       1476,        1,  1944000, 5958344b9b126412a8deb0ba85916568f02924fb5f40cbd7916b788962f42d1a
0,       1477,       1477,        1,  1944000, 5d4224d470cf50c60d52d9cb1d000e642972e088e18aa75c529125e5cdeda613
0,       1478,       1478,        1,  1944000, 4d4af5dfa74582f13668e95bc84a026379deabfff3dccb81feb3ce6a522eef69
0,       1479,       1479,        1,  1944000, 99f7550923fe8547a69e0a7097c08364cfa8b041c35eb46f98d1fe265f5abfdc
0,       1480,       1480,        1,  1944000, 5cc7e5a1e50808f4e3f95144fe16774c0a801eec1cec3f955a1f890f3aafa9e4
0,       1481,       1481,        1,  1944000, 550a8569a1f4dd0bec8674e066c582f8d1990771db100153a8ebaeea1f0e3116
0,       1482,       1482,        1,  1944000, bbe866c0974b0a5e5140ace8e7d1e38d54624c5d0fb3fc2595a9b5aa9b5efc47
0,       1483,       1483,        1,  1944000, 5e08f03b8afacd97ce7f8fddc323f205eba58df3afe61c471f3396326d913396
0,       1484,       1484,        1,  1944000, 6f9d024b64f87155acd87e2e338f1639f94269d9d28587c7c66888bbf04b4b87
0,       1485,       1485,        1,  1944000, 27bd7c81261a6e926091196b60f13d21249591ea71e12f3dc9784d987cf8dfd2
0,       1486,       1486,        1,  1944000, b70290decdb0ec55007abb24ac0ef4dfa7a9a5f73a8f53a3263281973cf650af
0,       1487,       1487,        1,  1944000, 3ccb3aa6ecc4bca0be9ba96471c10ef6a77305b6c0146643c8b29cd12cb39448
0,       1488,       1488,        1,  1944000, a9578fa564e5512aae66056161955ab8997f657b120b9b740ac6e7aab3885c3d
0,       1489,       1489,        1,  1944000, a1e4370c12114a8400d94fa64115c8b870ffb674d2ddf030ea06ae4b358dc73b
0,       1490,       1490,        1,  1944000, 166ef30278bfd5fc27e8eef1b1a1446c6bb2fca2544fb2deda5c212715f422dc
0,       1491,       1491,        1,  1944000, 6f0f384f8e99715368214f0a856b08d1b12136ca2e9d02772bc00b1c7ff448dc
0,       1492,       1492,        1,  1944000, 2d8120931e263d814d2fbe90a517055d6a5c008cf1752cebcc784ae4cd3829ac
0,       1493,       1493,        1,  1944000, 9989acc482ee2b88a17c4ee064f188206b0014a8e36bf03d11217a27ebaaa9b6
0,       1494,       1494,        1,  1944000, 3ac82731df748a4c3f5c0145098115c9a7f4ede1d39a5b24f09c541048b5c652
0,       1495,       1495,        1,  1944000, bd45c46b87b336fbaf5cb4fd6f28b7d374a784fa0af70807d27a79a34c236683
0,       1496,       1496,        1,  1944000, ae326728593538a7c6951e858b128c707faccae7a3ce685f58420bbd5c69658b
0,       1497,       1497,        1,  1944000, c6bfda01147e425aa885d940c2a8d0a3bc13e603b68522a5cdb74ee94c0b6abf
0,       1498,       1498,        1,  1944000, 8c4a78d1c7b1f9948ef766f066c5f9e1d175a6ac39bd73409ae3d79a6852e1c7
0,       1499,       1499,        1,  1944000, bcda1b2e97987095e21a429c354255404612fdbc977ad87df41dabdc99b4da4d
0,       1500,       1500,        1,  1944000, 4a10b2e8a16cf2e80c1190c9b7bbccd2d875d0efdc08dbd87c54f61cb27eeda0
0,       1501,       1501,        1,  1944000, 743e225c632aa50727f3d56475a1b296dce42f1e7f44d4ac110d7a33b7db23a5
0,       1502,       1502,        1,  1944000, 3dc1454b7932f14efcef0ab6ed4b782aa7e658a2d2f3db5eb709e05258182dfc
0,       1503,       1503,        1,  1944000, 171526d3b09fda6a4bd28e6f3c60fc9259bffb1d751e649f7944a6d39c299cbe
0,       1504,       1504,        1,  1944000, caa87d80aa2d54533347444aca55814fbc32f445ee4850366075254abfb38e91
0,       1505,       1505,        1,  1944000, 2d9cca4654a9485558d3836c49a03d1a54d922d891afdd42cc0c668d42a7a3aa
0,       1506,       1506,        1,  1944000, 8391ed78745d811e89a6b540e9c9f44dec354b68b236906032102badf6adbe46
0,       1507,       1507,        1,  1944000, a156cd05245c41c42ced56248e27e357aa9965071f82a1a20a9d85d310906c40
0,       1508,       1508,        1,  1944000, 3d155603e88fb53e959bae4e9c97a0f719cd931babb2e13441180e6865bc6010
0,       1509,       1509,        1,  1944000, b40267e3830c7f6add89bc9cccf43ff83ef9b390b3655ad8c6aab1e7929b98c1
0,       1510,       1510,        1,  1944000, 044b5b1f5c14cccc4091f8b427c85b81dbea42306ea131286f6619bd3f7f176c
0,       1511,       1511,        1,  1944000, f16c147db41078a7139b82a6f5796681346c3462ad07c316abc440c894294306
0,       1512,       1512,        1,  1944000, eeb1307f760cf766188a585378042524d0e55099264c1cac24c272c22416e592
0,       1513,       1513,        1,  1944000, 635b91f0209e8c7d5821f550b7c01414f8494b477857fb89ed4111f736264eb3
0,       1514,       1514,        1,  1944000, 53c02cfacfd3a15f9e9ead09bc2aa414b6f2e0d6961a6fe7b846e8b3465d1061
0,       1515,       1515,        1,  1944000, dfa02492afda8c1b942535ff8e8de03436d5a1c360358d5510f1d14726e157fa
0,       1516,       1516,        1,  1944000, 71d00c82f9b4d9a4b746ae7860f9fe1f7c27363ed2634ab519b03ef0885d685d
0,       1517,       1517,        1,  1944000, 25955eaff8f2424f0eb0bce1396dec4523d39fa3242e69353aefd18aea8e6482
0,       1518,       1518,        1,  1944000, 1276f1e50de22d73878fe6a660cfbc8cc7d91964918167c6a37cc29a770529da
0,       1519,       1519,        1,  1944000, fe7f4c2a6ff9e6d2250fcf177bda79af491432a01781af6ae83cb3840eb28d12
0,       1520,       1520,        1,  1944000, 33a96fe4cc8ac6753a1e8c2d991719ac0dd1511a3b54fb2bf9793f053a643bbb
0,       1521,       1521,        1,  1944000, 829470f0201b7e364421b3945008799f8eb8a39227c4c062caf69eb286848529
0,       1522,       1522,        1,  1944000, 94df4f3076af240368ff57cfdedfb6f23197fc57576165b6e6b6510193dc17f5
0,       1523,       1523,        1,  1944000, ae53310f774dc530ef70a34c1959993b41bfa084afc18c6c2da0883bd345d18b
0,       1524,       1524,        1,  1944000, fe193ca58bafc7f79d183c6cf13b1e0556b0426e46f63903d4dfd7fe919c42d1
0,       1525,       1525,        1,  1944000, bf2d1cabeb16a45b9a375085415b3046ac2f1fdc9718dc5c878dfdcc9abfee27
0,       1526,       1526,        1,  1944000, 697e9308256130ceae4396f799540ce261de8c04ea5ac003a8cd3fd51a3f505f
0,       1527,       1527,        1,  1944000, 9c79ccf19ab8d61e088b67b37b551ad6aba8876fee6997e61f7fac6c12501f09
0,       1528,       1528,        1,  1944000, f13023af3dfdb844f14cf722d9a0acc56ca9966189108b2b182ab4771dc1bc4c
0,       1529,       1529,        1,  1944000, be2df091f3cae8c30c3ee2a76dd87e1a45a561417eb941bcd853b5f67a1e4b61
0,       1530,       1530,        1,  1944000, 9507f63fc24082c8b7016463d1d85a66ba758edb80f3a5f0b823668a55093c68
0,       1531,       1531,        1,  1944000, 556dca80e466ecd5be60e94ac6a1a581c5918d897674220a52b5ab2ff6afaace
0,       1532,       1532,        1,  1944000, 23faaba6ffce03b254fdd101d3838c23e897d717366fc01b5450a6f8d1d93c68
0,       1533,       1533,        1,  1944000, 8d2978c78c881c03545b556eb5836b4cecc2c2c402876cbe1c9766897e18f68d
0,       1534,       1534,        1,  1944000, 716430c5d99169b7b778dae757ac336bd0822faeee0c8556a678bade25ea2db9
0,       1535,       1535,        1,  1944000, 590f0628cbb2ff65f5cee59302461a913616070358eebb7686148d6b350a7036
0,       1536,       1536,        1,  1944000, 398442e0bd64f18dfbab3617baf70712f479180ec59d01b0514eca2243fe6da4
0,       1537,       1537,        1,  1944000, 24f0252d01a1300743bbc9fe0e0db6ad6787fadbe6d5bcb7d8fe9f5c9eb6c38d
0,       1538,       1538,        1,  1944000, a5bdb4df23b6c0ced07f448b924198fb5caf0d7ca82c5e4a327ef56ccb4b9edd
0,       1539,       1539,        1,  1944000, bfda17eab2e1c112059016d1b5d6a926ac125d1a9b7c4d1e38731af798ddda34
0,       1540,       1540,        1,  1944000, 0b178f8d6be3a9fc428e9a326348ddf1e53c01ec1a08c44d30dd645a6c9f71a6
0,       1541,       1541,        1,  1944000, bc24b3566889b1c1a6cf016f6896902b3b4920d96fbffd3f57f9c6da9014996a
0,       1542,       1542,        1,  1944000, 570670630fa394fc36215f0bbdfcc951ff5ef31f3bb94dc6e98576d757c15433
0,       1543,       1543,        1,  1944000, 85726a72c17cad2ed66624cebe8fa6c92402decf9da50f787549b079b01f455c
0,       1544,       1544,        1,  1944000, 6f7eb9a3d95f7473a8698dd68b7fcc2d4ed20449bbe5bf15a4ae3636d34148ac
0,       1545,       1545,        1,  1944000, 62752f21408b363b43bc8fcc040f3f5f868becb2ff20d6849cac8d45ec84c406
0,       1546,       1546,        1,  1944000, 2f1a453f0c41d9464b4aa188f9544e4ba18721a410434f138b936100b2d18450
0,       1547,       1547,        1,  1944000, 460a4fa04cafba4c0eea294517a4ddc33a0421ffacff5b32904227f8642c1a95
0,       1548,       1548,        1,  1944000, 6cc1f09a031dc37073426e1cba635bc08eaf7ac17e70c4bbd3fbacf630352611
0,       1549,       1549,        1,  1944000, cba0a546833f7e9bb5db721b976e6e24640b4fe1b4b383638f1ffdc0ef36318c
0,       1550,       1550,        1,  1944000, 71faa9284b72bda3dc37901431b90a29ff5ddb77aedc608a858c55a06ac2f202
0,       1551,       1551,        1,  1944000, 96b8827fb1f67bc4db6531f5e6176cada234a70b7552301100bfae8ecbbb2b31
0,       1552,       1552,        1,  1944000, 4274747e053d6114505bcc4972d317c6c60fc4b1e230ad11e94ebfdd29c0207c
0,       1553,       1553,        1,  1944000, 226c21eebfbfa22f008357e145463513e04c1ba04d79a5bad59d43cde789b223
0,       1554,       1554,        1,  1944000, 9fbc7550b0cd26a5da8f00951e02722f17dcd75238e6ec3362457c81c7ae148b
0,       1555,       1555,        1,  1944000, ecfb8b154912c4a90fe82434fdcf46d6b29210f3174ac7c919448b6a4d15874b
0,       1556,       1556,        1,  1944000, cb03d34608140d412a81d174e9fa7081322708792af447c48bd8ae23a49ab9c0
0,       1557,       1557,        1,  1944000, 4ffa8cf2c02e222a4c9fdab1ce5eba3b283ac57e67357620b37c455972e08c66
0,       1558,       1558,        1,  1944000, 67f1d2bb5c72f8c1491891d2a1b751cfe338682de7ad894537c7ebbf0ac05a97
0,       1559,       1559,        1,  1944000, 21fdeba283bef43ee7545844d6d4a332ac177e1a82c7f1b9afb4531a67ba9429
0,       1560,       1560,        1,  1944000, 56cdf8a9ac2a54d51f27f4d2678853d61d03f7759d620636bd9ac1ffc77e5f2e
0,       1561,       1561,        1,  1944000, cbc7e0ad81184acd73b8c3d29653f4f2806535b5fa39f5c4029b880abdb0f49c
0,       1562,       1562,        1,  1944000, 13dd4cb73cf7d8a47bd6e0fc376e6a9eef32c515d1f331d056e0f5742609bd8e
0,       1563,       1563,        1,  1944000, 30d219f7af40e3b41878160ec65b4e383733ec9d4ec423005beee8560ce71645
0,       1564,       1564,        1,  1944000, 9215c3ceaaf0be244c306470e3ad7a412edd3964f24e8e112a96e92622957d2b
0,       1565,       1565,        1,  1944000, 9a7b1f8f19da33738c955b7936392e10cabeca8c020dc417af03d6fce43e8e16
0,       1566,       1566,        1,  1944000, d285455320cf18e8c5a893b3830fd25d095316df5d282628f7121c337c618677
0,       1567,       1567,        1,  1944000, 9485043e7f467d184e21862abbf2a97196a3d76b756bf615510be2e858b9f047
0,       1568,       1568,        1,  1944000, 6fef4ba2964bb3a3776fe013ac0931883516d2b5a9073ea1d7a57d2d718c48d6
0,       1569,       1569,        1,  1944000, cb83efad68460324627b37615ff6554005c3489192ed2ebed2acd5034b204b51
0,       1570,       1570,        1,  1944000, 036e54e2ee992ac3f2123e5fb3a3b00f5f194ff41ff8c7873dd87cac7000653b
0,       1571,       1571,        1,  1944000, 6198f73be559766bfa9b960f54589dd0d5003170757d16e287d3edffe64cda93
0,       1572,       1572,        1,  1944000, 502db411bda8746682116501d13df89e4b461c821cc2b99e07c5851eaf5ea508
0,       1573,       1573,        1,  1944000, fa48543a57f94099787857dd1c8b4de6361e3a195fe900a37f77f3ab07c24e0f
0,       1574,       1574,        1,  1944000, ac66701da5327053717fb40b6955ee2ab00ec906c2347af29daecc5695db1fa3
0,       1575,       1575,        1,  1944000, bbcfa4fce59912f5364a21b5533aaf9a6ed0995d2eab7d2b7e58c0d687478760
0,       1576,       1576,        1,  1944000, 74eafa340513e53bb99f61e3337362ba9d10f73744eebbadf3a8e0d3b19e10a8
0,       1577,       1577,        1,  1944000, 4b26da991c1b41b8181605f7f90446388eda4f4af598a50b1d0a6c029c0f594f
0,       1578,       1578,        1,  1944000, eb13d5157233aea495fa702542ba846e959e8d2854599b77c955e54b8c94c3f6
0,       1579,       1579,        1,  1944000, b1b7b508ff50c4fe7b453152a81e1ecfb4b1fdd8ea8c7183a771d83616fb9d92
0,       1580,       1580,        1,  1944000, bcdfa1b6ec575481b6ea875f546c0e637675419ae7825804f44b33d6fd0fbdb3
0,       1581,       1581,        1,  1944000, a1372eee640d51da65ff33de50893ac4c52f2554ceb0ef3321c6767809d960ee
0,       1582,       1582,        1,  1944000, 6fd1331cc5c5d30f48519be62c8be59c76aa4113747710f7a289601fa69107af
0,       1583,       1583,        1,  1944000, 6e5750c87f0ca0e9690cc5fa55b6f2298840b24671cfd478326746ef8cad6987
0,       1584,       1584,        1,  1944000, 52e38fe486d790b4c9159c362240e28bfb581b12a5f9115e7bafda51a7e2d9d7
0,       1585,       1585,        1,  1944000, 07b96802ca384e8c5b3e7b17d98f6e0f89472ad4800f10830213c613120a502b
0,       1586,       1586,        1,  1944000, dffdffb6cc8423fdd3a1b303f947c2df1d463c37ae5fd366f9c1a2d3009c0d35
0,       1587,       1587,        1,  1944000, bfa3a211d3197c33fc306c5baa2a5e55d7325d5540fa1591519d47b75b3635ac
0,       1588,       1588,        1,  1944000, b061f30534c96a87deeed5eb8ec7eba31e2ff7c6beb540c83fd8118c7cf894c5
0,       1589,       1589,        1,  1944000, 94f93e6fbbba797906d566a5e0eb025e733b26148f4f176a7f0ee7e236402ca9
0,       1590,       1590,        1,  1944000, f7233c4604936f0cc7fa668a46c80a84b90fa5605f05b64d84a0685a7c6d57f2
0,       1591,       1591,        1,  1944000, 91882474548dd050dd1250d7a07a716d7f48d138d5c62ae49ed86f9f98ffbdf4
0,       1592,       1592,        1,  1944000, 6b4f7377cb28d350458f6c5ce8e1d1ed12f5a131d47f2da4d7a2d12bb3008a41
0,       1593,       1593,        1,  1944000, a0c3ee9d38fe33a5cb9650695c6ffc3916644adc8e8ae6ca17098607a6a99256
0,       1594,       1594,        1,  1944000, 9d87a9aa1afb31dbb58bd048426cbfa462be72db4b3b0fd2806f793826052d45
0,       1595,       1595,        1,  1944000, 98d76dc8d8a6e601575c0cfd553b3a425addb12e9c873859e0f17159207ecaee
0,       1596,       1596,        1,  1944000, 98427dbf4d38143668526652049bab915d93e1c73281873cdb864a4aa0c279ac
0,       1597,       1597,        1,  1944000, d451b11ebb2a883afabd4561de29212a37d6935cf24a86cc0d1400fadae4dbf9
0,       1598,       1598,        1,  1944000, 1e1bc46fa212dde90f180d21ab941042fe409578fcb6cc25021d3282414b7c87
0,       1599,       1599,        1,  1944000, 7510e51508f5435ce222e5d743e98c1acbd309d37dc197680b85c909a67a2059
0,       1600,       1600,        1,  1944000, d9da1d1a9c783d4b13b27856d4ddca85391f73398cabc3854ef5929e80bcade9
0,       1601,       1601,        1,  1944000, 62d6c1a1ac548fdb390e8a4c1d095ee3a6fd3dfcff18ec93171b4178ae65b577
0,       1602,       1602,        1,  1944000, 24b964c9a84738bbf1ae67169d5235d6edbfb88d591a25d66f2dee7b2d193b5e
0,       1603,       1603,        1,  1944000, e09c27e30be67576b462f038bea77d330ce9ac41631ef8f762be916080cf5e27
0,       1604,       1604,        1,  1944000, 0e8d3e6ec5090fd522fb0ae4b70bb1675845e71ef780ec39bd69cc77cd742a08
0,       1605,       1605,        1,  1944000, c7061d0d9071ce3afec0985d76b745c06e27a5ab14c8edf8ac37c8acb8c66f7d
0,       1606,       1606,        1,  1944000, 54961f3ac5e6a7f093850c68c04ca74c7995d0f7c10040060156ccb55213b453
0,       1607,       1607,        1,  1944000, 2b2b354f363284e5c2d5b1d36d5c72ea13afe98e9eaf51f7e2d89918c4df5a87
0,       1608,       1608,        1,  1944000, a604249a45d92c60913106bb67774ff04b0f1715fa0c9fd9f84b01de754d379e
0,       1609,       1609,        1,  1944000, 5e92bb14a557f1551db2c0cbdf6cfd2f98c4e2e214189794cd8c4dfa11bd1c21
0,       1610,       1610,        1,  1944000, b606ec70c0f8006538d84feed47618495ae1cf4f9e56762572146f0e680671b4
0,       1611,       1611,        1,  1944000, a63f007c3847b2075e8e5760eaec6a4f783de806ca24ac6dc51e99b036520056
0,       1612,       1612,        1,  1944000, 944ce083d7b3f358920c66276bcf3797ded44cb607bf8c9ba5d00b5c5796580a
0,       1613,       1613,        1,  1944000, e9c706540d2c8d2a3327e53a63e870783b4a1a0a136a2eb7a4eb2cc826862f25
0,       1614,       1614,        1,  1944000, 44c666beb530fe076896352b48467ac8153d8a0b5fc9e860ddeac9af204fc198
0,       1615,       1615,        1,  1944000, cc4434b1a73a7a913ce26807471e577f754522146f9c57df1feab744a8de0dcd
0,       1616,       1616,        1,  1944000, af26b57671496d11d141a082ed6f376bd341b8441b13e0229cf6b3de7f2e2172
0,       1617,       1617,        1,  1944000, 2af3fc3a274cbb61e40547fd6e8085171a086f8776d5d6311ac2c4ecca5c7194
0,       1618,       1618,        1,  1944000, 4fdb8c4d09720ddb8d09b135d84df0ceaa93a40360405a3be2fd14657700f63d
0,       1619,       1619,        1,  1944000, 6265d19749e4da86b7d9eabf0a2cdc84cdbf92a07768aa01e43369a581362605
0,       1620,       1620,        1,  1944000, b207c311e39c12ed929fb97236cf43ac0c8a1f18ac726b4962fc5e890f519303
0,       1621,       1621,        1,  1944000, 97f8a96a1eab032840130cc3cd7bd7f38055c76803b57625ebdcf3e0e5b0ef23
0,       1622,       1622,        1,  1944000, 775f3698a715f8d8797d537b9987889f2e562baa4db575f29f80c0a1fd3d682f
0,       1623,       1623,        1,  1944000, 80f5f5896ecaf5e057d5eca07156646ebd6cce41076797a2e510de2887092e8c
0,       1624,       1624,        1,  1944000, aa7f8ba2add094d52bb210876d3a334edca8868c0605a40a2f27cfaa9cf35bb1
0,       1625,       1625,        1,  1944000, fe3163ed4ce649935230bb33b62b00e51a398c07af4fe2023c64284c60449bfd
0,       1626,       1626,        1,  1944000, 89920e3eafd91fefcb62478dfa730a4a852314a0c904bc2ea0a747a318f1c20e
0,       1627,       1627,        1,  1944000, 3fe84526c5cf2f17cc6a2ca9162b56abe156ecff023f5f9d2f150823a255eb6c
0,       1628,       1628,        1,  1944000, 67cda5c7ffa37421582120ceaf8348e68b2ba92dd034cf3f061c7f912b1d206b
0,       1629,       1629,        1,  1944000, e4fe1ac50ea916cff6e96c672efb612746864a3fae5d350e46b4db0abcec647a
0,       1630,       1630,        1,  1944000, 60801f1613e140303d3bcc5a18013cceaed18a4942e17781b41da5be6cc5476a
0,       1631,       1631,        1,  1944000, 729e2d93506a704fff20c151e72730cfe574a994b43140fa94d3051ea616903c
0,       1632,       1632,        1,  1944000, 806e9ea41be0ca369a1f6778b207989d96e6210aed197d3262fcd81a3aa78614
0,       1633,       1633,        1,  1944000, 36e0bbb81f30612551d503d2b19b528489a285dd03f74026b52045b56739eea0
0,       1634,       1634,        1,  1944000, fc2230e525b00a36797f5bf3399f7b045867808b26a467f942f8ebb36ae1ac35
0,       1635,       1635,        1,  1944000, 36e0bbb81f30612551d503d2b19b528489a285dd03f74026b52045b56739eea0
0,       1636,       1636,        1,  1944000, bf62aabf2f622f32f3522b8eafb99039048f2913397b0c2557cb851ec5b0a38a
0,       1637,       1637,        1,  1944000, 5ea437d1fed9258ee32101c95b555a3bab356d483f787aa94dbe4d9941470220
0,       1638,       1638,        1,  1944000, 88d0843a4384b4ad7c5d6a05c2e4dd0b3b1a1224e3f87f78dd012ad94ead33b5
0,       1639,       1639,        1,  1944000, 0ee8a9cc307fe2e7dc84748bb88e6aa6feb6858646db4eee4ea3243b3b13c8ac
0,       1640,       1640,        1,  1944000, cb970267a490b51de6efefc58f3ecc4de4740d3645a21c6527ffb63249d5d609
0,       1641,       1641,        1,  1944000, 13bf19687ff5ae187f52a3addbb7621b7646850b24d30d6717e6923d1f6a3fce
0,       1642,       1642,        1,  1944000, f4c81fd9fbc6090f678f63762eba95642ffb82254c4ff3beb3a0abf1539eb509
0,       1643,       1643,        1,  1944000, c94e291c3595f519f240fd46eed573475a0fef4fcaeabfac4be2a946fa7bd63b
0,       1644,       1644,        1,  1944000, c98cf4d619ba4111c0a67642f0537772ec69b39688a07c28b9b4596c1d40c2b4
0,       1645,       1645,        1,  1944000, 6cfed57940419e40cd438ef4779a8ed95b39ebf40d064feee43d19336736810c
0,       1646,       1646,        1,  1944000, 67e937a98981c0b7108200564cb1a1c9ba855c648bc24273289cb08686415a0e
0,       1647,       1647,        1,  1944000, b0658cdaffc50104278a645bd53f460e47b525e2eba23c086a2c3053220ae95d
0,       1648,       1648,        1,  1944000, ee4bc07d1016e0f8dccb2315b9436f634e0921c2ca9c05b98286e54c4dc19054
0,       1649,       1649,        1,  1944000, 36bb0749e927abde88841c04b0736e8daa122d9f6777f4d36e00b912077d5f7e
0,       1650,       1650,        1,  1944000, fa94a8dde662c5d12a484be41c2bd042a4d0f3cdd2e777c7123f853f09936523
0,       1651,       1651,        1,  1944000, e0842cda51795d1d602a0b1e25841da5e9212f10c061e22200b2e07004f9f7d0
0,       1652,       1652,        1,  1944000, 98ae1a9d232136458d05a41238a10a6a709785105952ec47da98afd9b56a678c
0,       1653,       1653,        1,  1944000, ae948e09ddbb5d198ca7b339b69398e0b363249b4402e27e90138840729831d6
0,       1654,       1654,        1,  1944000, 469e3203a22dcdbd0501a9c1e289f62df6a9e48385d5010e5d683f28b4e8315e
0,       1655,       1655,        1,  1944000, 9bc024f5ff0e5f463390fc74481d7b697e8dc27e75e464dcbee433918d2534ae
0,       1656,       1656,        1,  1944000, 2e10c8052f651a1332fd64e853a1e1d2ebfbf0403b8ec0cf49a23c7fba5881f3
0,       1657,       1657,        1,  1944000, 8e38e71dc90538b1b00f593a7d294bb9bdbdaf84ea22d6a06d022981a60b3667
0,       1658,       1658,        1,  1944000, e0d06d416aaa38161454089313f3c2c383da640bdb91718d026c249aab922b11
0,       1659,       1659,        1,  1944000, 85d3f692fda76601aff141f5accdb93f354d31cdf2937809c19ca25d250ae865
0,       1660,       1660,        1,  1944000, 8ee1b34e07bc6e25cabab562fb654d7185a33db422cabd11e265bbb4b85ad1d3
0,       1661,       1661,        1,  1944000, 78084ae4b4d4adddd6a97769a84b501d2fd692a6af86cc26f4da34800fc49399
0,       1662,       1662,        1,  1944000, f8f57b23aa6744bd4a0f147057c8cfe43eaa1b9396b7f74d5a7b747662ae4ead
0,       1663,       1663,        1,  1944000, 3ba6a7c1c16be9dc5136c4ddcc223f5cecdb95fb8e1747676cc3ab7d80905d0b
0,       1664,       1664,        1,  1944000, 1d7dc2894754ded8c634de02f7e0a683d17b95366035b78a1d40f1f4fed608b3
0,       1665,       1665,        1,  1944000, 3a4a61d66e93234a719811eb10b8d42334abfc482ed88959887f3fd71effe727
0,       1666,       1666,        1,  1944000, 91bbf0b03aa81aa15e05d38f80b0abfa3ee545c336cc983976d8af98f03ca52f
0,       1667,       1667,        1,  1944000, 33886edfffe48ef053a812a8e0ca47fd36514dcf74a5d4847e2d069e05b9e477
0,       1668,       1668,        1,  1944000, 9c9b0f7f62cb9ec63eb842236b414a75e52d1fe9c83852de85b664158d6733dc
0,       1669,       1669,        1,  1944000, 7b34e3a232b56fee9bc4541c06b8f440acb0f2ee757abb67f349e82d0fc94378
0,       1670,       1670,        1,  1944000, 8b6d929814b6605545e1fe0cb48ba2b37d2ce301d48210b519717fe83d2e3b51
0,       1671,       1671,        1,  1944000, e5a3d1d8f30b3558e97b5ebf0f10fb0afe9255d0a104ac014b293f677009b045
0,       1672,       1672,        1,  1944000, 983d5c3ea923c4d04d7b84b2f97303d36a61d5378bea77887a7e7d58bdce38ba
0,       1673,       1673,        1,  1944000, a6c8b8a18e2588b0c78bdf3822f019619c986d0b458668fce6b1a268e3aee7d6
0,       1674,       1674,        1,  1944000, e631f6107fcb740d7ca99429ff981d5b9209f64e7c9e0b551693bea55c85afe7
0,       1675,       1675,        1,  1944000, e5f583edbe68d3e2d05c787435c4f805005ed3f4c9d9fd7a16b655663e7a7299
0,       1676,       1676,        1,  1944000, d7a30cd5354e4acb0ed2c6068db795a7255ddc5df1d71acbd3a22e2650147f80
0,       1677,       1677,        1,  1944000, 203474e5bd1e9d198d5e4bbf4297300d9eb696aa4c1ceac0b0a79db972f5780a
0,       1678,       1678,        1,  1944000, 08c5e3f4feb9d7f5e0fa4d1166d211f5915ac9352457c7166cf353d4f4e562d9
0,       1679,       1679,        1,  1944000, 24c484db5acf2b42ec4ffdaa30cf78e8cdc0d55d5e201d6f4bba39326c8e1964
0,       1680,       1680,        1,  1944000, 5621fb86100f97491ba85d6169bcdc387f0522b6851cfc8752e0cea67d634a63
0,       1681,       1681,        1,  1944000, f534b5c21024f93aea2fe2e69d86159d77e2e3bdd8d7376b054853c348c7595c
0,       1682,       1682,        1,  1944000, 15396e85f227929eae328878e5b8e37dad269d8217c470ed91cc1a5289b0e026
0,       1683,       1683,        1,  1944000, b1092a0a3b098730de796aa2f6a97888c26c47db857a919bbe051adcb6a1dbb4
0,       1684,       1684,        1,  1944000, d8f0c96396c428d6d235bb297349606ceff662e8d0bd6a7e5e684c66c2ba3881
0,       1685,       1685,        1,  1944000, 407d596e81c476f98a08cc21be73beb853d7346c66f0123c4de95b47010f014d
0,       1686,       1686,        1,  1944000, cfd2cb8f7207ce88f4655045a10c4a682678cc28a1c58ee49e6a447c1dfd7fb8
0,       1687,       1687,        1,  1944000, e3e04a3110a87d56cced5a7c75cbb21643bef001349dc2d75372aeb639533842
0,       1688,       1688,        1,  1944000, ed16bc981b58cf6206267ac4b1d6c5937b14a7e5c55d9fdb50e3e3e39eb87ee3
0,       1689,       1689,        1,  1944000, 9043549b8d83eb7884bf234f5295fce949b969c7ee51d6dc0b3c36e5184f30f7
0,       1690,       1690,        1,  1944000, 853ee05e7bc2d3417aae2403e725cee050fd66e619934ec751a99f80a39dc92e
0,       1691,       1691,        1,  1944000, 8ab6f8fdf5fbfa6942cee2d13eb5e098df640e55b7b6fa0c25104cc66655e6a4
0,       1692,       1692,        1,  1944000, bbcac518248be1159b01b6dc10171e3b0498f0230fc2f94cd82ff03bd2a6e8c1
0,       1693,       1693,        1,  1944000, 4c3b22900d6e1e59152a7ed6d7d8159c42c5d6638dea860805fc37506c923e8d
0,       1694,       1694,        1,  1944000, df32a7c197d2239811687c57098df95d2ae02b667c142958099ec9d23344ce7b
0,       1695,       1695,        1,  1944000, 4ccf4c45a447eb28ab53afab6c5b9cca2568e59c1cc01ae907af4076d6f1cb24
0,       1696,       1696,        1,  1944000, e843195cb83d834d87ac999da65091463623707b22a7f717608d653c5731fc24
0,       1697,       1697,        1,  1944000, 2c99ffb4412532f967682529268ba639b653538a5ca64e21d2a6ca89dc455182
0,       1698,       1698,        1,  1944000, 7163bd31dcd574298c4402c2c3691820f636a44f36ec75d4ea307b0fb18150c6
0,       1699,       1699,        1,  1944000, cd3982f2ce1d8fc3b9019b8c7cebf738cd4da8f7349ec4b42d7380427fe5a1b7
0,       1700,       1700,        1,  1944000, cd6c9bb2cb1d9f67b929616d0a3c270dcc7c382260e036eb2bc8a474b0ed5636
0,       1701,       1701,        1,  1944000, eef83a22a34991748be937cccf23abd7a7866752530dd1cc793708d2af7be589
0,       1702,       1702,        1,  1944000, f1110b7ef0b8906446a0e6a946249ad01107e7ae98ebb5b5e78d2ebff0dcb9a2
0,       1703,       1703,        1,  1944000, dc6820ac123d5ae798a24e57aa570d3c242fb618a4441cd8718ad6d7642fe3bb
0,       1704,       1704,        1,  1944000, 7c2cbde245db6861f94fec365f79d49574631a0c604d014da2782b036d0331e9
0,       1705,       1705,        1,  1944000, 7c6e927cf102ffeb8afe15e2fb8b133dbd0f41301cc4db30a35f0316ea26d72a
0,       1706,       1706,        1,  1944000, 7aba02a01d98fb924681b1321d0322b5b309c5a9994a793c98eaadcb47a204fe
0,       1707,       1707,        1,  1944000, da9f7c785aa5f4e92125c6c457f7f95b52e382194ff98d43f0def2875cc97ef1
0,       1708,       1708,        1,  1944000, f9b9a6d15e594c18378eb9fc88ca100130c3c0b4d71889eef6c332247e225a4b
0,       1709,       1709,        1,  1944000, 92f7e968dc75cba28634db683109f277f2908da893e2b6ed9953da65e0704af9
0,       1710,       1710,        1,  1944000, c09bdd0a035c8c70274b472b4f3f7e65586964229466c6a53a0ac0db02757dc2
0,       1711,       1711,        1,  1944000, 9eeaed2eaed1384ad7a1a192e7868207e42066401da0cea68a08cdd844dd5db6
0,       1712,       1712,        1,  1944000, 16ee9f521fa833d6f2f40339537dbd70166f14eec77f33a4c77f846016129c1b
0,       1713,       1713,        1,  1944000, 13fb74fcf0b79cf78bd6dfa42a97041428f224804ec3b4ac77aafeb98eaa14bc
0,       1714,       1714,        1,  1944000, e20071fe54e03fb4271c8d2bdda1205abc7a021b49dfaa5ecba7fce41c5c2a66
0,       1715,       1715,        1,  1944000, 449802c9abec0fdd78cf43736b3d40c1524c155d60781f40c9df27858e7f0073
0,       1716,       1716,        1,  1944000, 40d2ba3913b9b2a93c9d884cc0e86b49ae694d65d46515c105847d24ecce20e2
0,       1717,       1717,        1,  1944000, ce4c712d24bff7deba23c3f033b2279bbad0acd5cfbef794c415dac5c254a991
0,       1718,       1718,        1,  1944000, 711c0f474d1a0927dc9db94aee20f1a596c6ba4fbdb7580d303deb9abcd185c0
0,       1719,       1719,        1,  1944000, e4472a9541b76fc59161321f3cb7f0990083b9017c216fe91941fdb1ddaec8ac
0,       1720,       1720,        1,  1944000, 6743d05fc444d0e9ae31ad41b1cdcbdf15a2e83f00cb1f08835ea17c4798f4fe
0,       1721,       1721,        1,  1944000, 38a4e3a391c8444c19d1e98ad7f227ed5fcd5edce0fa1c243c54e480088f209b
0,       1722,       1722,        1,  1944000, 283556f4085c99c45e2e1c85b7aa7fc018f4d006116865ae1c7c4a2a6e0d383c
0,       1723,       1723,        1,  1944000, ed2a2f9ec72de46b70978cdd74a9090f1f052c056bcb757d36fd905101db4c36
0,       1724,       1724,        1,  1944000, e3106c38c1c12c3508e93725e8928950901bdd952b82f36b65f635483bff7d32
0,       1725,       1725,        1,  1944000, 7942885ca90dd8d291a3025cb78ebb947c40bd0bf48c3da4067a706de6b12972
0,       1726,       1726,        1,  1944000, 58ded97df41e9c8819db24f7dd60b10dc39bc224960401eef7b6851d4481b14a
0,       1727,       1727,        1,  1944000, 0885554801eb25f19524d3aaa24f0fcd878e88f8e36cf20b407c175ac24642c8
0,       1728,       1728,        1,  1944000, 0f7a0d77c2975eab9c3fbb696e7a5fdcad5b84911cfe1f01a8959d65b3817744
0,       1729,       1729,        1,  1944000, f7ed42fc4dc3f54df9d1b41dab71af0486aa1782fa46cadd1f0122a91c443e86
0,       1730,       1730,        1,  1944000, f654c62c97bfbfd7db09c534ad779df329039b1ae1fad33e2fc40c1b0795ffc5
0,       1731,       1731,        1,  1944000, 9e0b10050f0232a082d96aa86ebe454fcb9ca8922c419a3d02f5b9da0d599cf9
0,       1732,       1732,        1,  1944000, 8fcc72a59334dd11aa9d6af65838a1b032dd2710e460c3d0962ea681c6418e2a
0,       1733,       1733,        1,  1944000, 460a9e33984f26d172b3cba3cc37cbe654a59956493cdc68235307e68a9b5b3b
0,       1734,       1734,        1,  1944000, 0f1f3276bff49e3f5af6b5157c3a40ed2eb7f00764146e13f1d6a2bf408ac882
0,       1735,       1735,        1,  1944000, 93fb4e003ca8bd3471c446af96f45e701bb9fb7da8c81e3e3a04677492df60e0
0,       1736,       1736,        1,  1944000, e4a066c621865156453432840d99f2e14be04dfb8c9b64a7aac2037308d4f086
0,       1737,       1737,        1,  1944000, 529f60eca241baba53354a2399a6993aeaa99f2d7c0c63d525e992e09b138ffe
0,       1738,       1738,        1,  1944000, b305d0d43bf9c91bb802be6a04d3d15872d47c81e534e6b366e590d04d7814dd
0,       1739,       1739,        1,  1944000, 7386ccaf9c11684183cc37d36fd6d8adccb4b607450223272af5bd70d13d6e41
0,       1740,       1740,        1,  1944000, 6f50f39bc4035dfca99645a10451cd12694cada4ec9b3ba9fd7699a351184041
0,       1741,       1741,        1,  1944000, b727c565982ec5275a631e4a1f05a362a26ce550e8fcad277df93b8b5b0159e5
0,       1742,       1742,        1,  1944000, 095a6300bb06fe15abeaa51b9ea7b3f21306b1b7605d6210e361d1ab981c23bf
0,       1743,       1743,        1,  1944000, 7d404458358655678c0d8406855693b1a1b557711b055c0e769681b9ff9aacea
0,       1744,       1744,        1,  1944000, a66178dfecf14b4f84a658452c72080759942cd921f06b4c27df4872b3f3b4fc
0,       1745,       1745,        1,  1944000, acf779332c23fcba000e1450b97b2f532e939982fbdf559d9afe87a341974949
0,       1746,       1746,        1,  1944000, 98524cbb595f6a524dd04af72d10cd3210b9399db60d2ee64041c6102e593852
0,       1747,       1747,        1,  1944000, 6a8f7acb287ec0a492bfffac4a33bca6c3b6422d0daab0c3e6889a880212cb94
0,       1748,       1748,        1,  1944000, c8e141ef9651a81258be8344c2de13c010d7eaf8c113fae6b3370bafe7c1b15d
0,       1749,       1749,        1,  1944000, c8e141ef9651a81258be8344c2de13c010d7eaf8c113fae6b3370bafe7c1b15d
0,       1750,       1750,        1,  1944000, f849c766ccccd30458b17b8acf95d59591be097fbc855bbe9948790b8d90204c
0,       1751,       1751,        1,  1944000, d4644e8ff13f93240612c24b481d970e188b59c026d731d8fdb4d34ac1442dfc
0,       1752,       1752,        1,  1944000, 14e65e300c6aefd047365f674a6adc68050dd39cd5beb774a27fcae71dad7ecb
0,       1753,       1753,        1,  1944000, 14e65e300c6aefd047365f674a6adc68050dd39cd5beb774a27fcae71dad7ecb
0,       1754,       1754,        1,  1944000, e146886c021bb55d96233e5fdd287a8397469ab262b06aad560a73d85907b332
0,       1755,       1755,        1,  1944000, 153eda882870dde225362d72b958a2ede32b5eb165dabd6808ab015e6fb8c341
0,       1756,       1756,        1,  1944000, 76ab46a33af85a8848377e1932999f04078ab1f0aeb4cea77c9e8161c22c9ba3
0,       1757,       1757,        1,  1944000, e0125e3c8568a0b330ffb517ec99349a93955d9a10f4d167d6e53f0d71f49a12
0,       1758,       1758,        1,  1944000, f64aec60456ec97d53926fe34bacbfff2eb470ed70e5953f1bc0aecba2797648
0,       1759,       1759,        1,  1944000, 8c83882cb1af8fcc43f4dea8dfd31fb8c5f16dc754c5402f53cbb0efa1053d07
0,       1760,       1760,        1,  1944000, f6cd49637c5e8650b46abad401247fcbb6810f156899a82cf180fa627d3c11b5
0,       1761,       1761,        1,  1944000, 7ff6b124d7b18a703b17629e4605492f5b1172d96413ae335ed0b6d58b5233ee
0,       1762,       1762,        1,  1944000, 560b1ad94befbdc3a060d5a3d0dcdc15696a63618749ddd36e582abedb6d26de
0,       1763,       1763,        1,  1944000, 14dff39be2786a3de88a5f999b921143988faeb2a542109ce2cf25a760a46c10
0,       1764,       1764,        1,  1944000, d7d2f3d427337f3c8f21920ac8f61ccad2fdfeb1fa34921e5ed59866f53f386b
0,       1765,       1765,        1,  1944000, b898930a223db722c740c441a6621bb31b9ddbec01603e70f12b6641f16cd962
0,       1766,       1766,        1,  1944000, becdc607dea7847c7abf6b809937a20b150a81456a03e93113e4059363cd4be9
0,       1767,       1767,        1,  1944000, 3e66afe5e8328fe521f99affe8f6d7fa39c264b51edf69324ac11f717dc86487
0,       1768,       1768,        1,  1944000, 3e13fb74e2e461d51b2553bac2a6c82a6dfa0cc4771bb45bc38cca14e4913f82
0,       1769,       1769,        1,  1944000, 6654c79b5e5ef3fcdb6c11f538b78a7025dde9f4ea9ed1ce2c1e98b1e9b34247
0,       1770,       1770,        1,  1944000, 6714077ae7e916a194cd244967cb72d8b5e91c27bb3a27494d895a4061425842
0,       1771,       1771,        1,  1944000, fe9043f42b33dea24d9c6f29a20fa7c393c82de6a2bf7462637076fd41d396b9
0,       1772,       1772,        1,  1944000, 8c8de7f804da85bf2f2fbb1a69f24087fdafd04d5524c3ab73e344d484baa06a
0,       1773,       1773,        1,  1944000, cfa07622e0f6ef043491437fdbc60d7298d90a9c9e190a2bd657c272dae65cb6
0,       1774,       1774,        1,  1944000, b076629a51ab58b1415bb0138f035a8bce37b6a3ecd42e8dc04558a214e8e7be
0,       1775,       1775,        1,  1944000, 094809493ea7c8bf1a9970ab4ea602f98c432d4a0cbe2011ca6cd441c8ffeeeb
0,       1776,       1776,        1,  1944000, a541c13d49bf27336b20829a14c9291a550a57a63895421e2141f11a85f3e963
0,       1777,       1777,        1,  1944000, 0d71d4e3a51e9e2f95aa9cab9d66dbf04a508370f7ce553d11e089933c1b0f23
0,       1778,       1778,        1,  1944000, 5d54d5e0663d4bccdc10d8a54aada50349429adfa3d1df9a42936331ad93dfa7
0,       1779,       1779,        1,  1944000, f873785a3cac7e47c2b3599cfece4fb7f49635973dddccaa114bc710cc849e45
0,       1780,       1780,        1,  1944000, be4548945d767b9c5edd87487086860bc63ab7b8a8359feb8e0f15f3b8776f4f
0,       1781,       1781,        1,  1944000, 77bc105b51336f2b831481a91d9f6586ad05151ba5f20020ac55388f0dcfe83a
0,       1782,       1782,        1,  1944000, 7ccc0c155565cb979d8ba40cee5f317535d5ac4d7394bc5bf87524c58b9e9d2b
0,       1783,       1783,        1,  1944000, 81eeb4dfc7944dca06bdda783701a4667ddff0814411e32fbe5b49bc2868117c
0,       1784,       1784,        1,  1944000, 98a27cccf5e030664db9fe8065c86e284a954feb6ac0e5a0df3f0abbeac614a4
0,       1785,       1785,        1,  1944000, e939cf532c1bd2a0d22ea4476eae7beb274ee6a04a43e7b1597692305e20a170
0,       1786,       1786,        1,  1944000, dac08effa65b893384caff746a84dd775983bc5ea6ee3b7311a0842f91ae9f0a
0,       1787,       1787,        1,  1944000, ab5028317c3b1109d923aeff80fa5ec7c41c1c989fe1b45914e897ad5c890785
0,       1788,       1788,        1,  1944000, 89f63bb9d258415b9ff104a3a09b4b37dc9ae762fc7da79af2b2fd584bd93d5c
0,       1789,       1789,        1,  1944000, 444cc453c04b167d03ed12809b7542fdc12531dc386eae285a81785ef031eb8e
0,       1790,       1790,        1,  1944000, 3b5186b26a1f2374fc611dccae4eae68016a0f445deb0aaec749903409b61aef
0,       1791,       1791,        1,  1944000, b767c6e7d6de4e10385112593daf76ab91acdb19e9f483a60e63369cf76abfbf
0,       1792,       1792,        1,  1944000, a2db8061ceaefc618f9b13d73e630f1d14aca1f6d354943be36b3f5795199e58
0,       1793,       1793,        1,  1944000, 479a5f74c539f9c809b858ac53de35b64bd481ecfcf7e48d973908975949b289
0,       1794,       1794,        1,  1944000, 8c8debb4c7a4babaa5b859c21515583c2ded9950e9a96150d5b58ba0e73d8efd
0,       1795,       1795,        1,  1944000, 5f336de5a886554581c54c8d1e97d2e55670b264e3d0dd1962d62d07b41f5147
0,       1796,       1796,        1,  1944000, e6f5c98f8714b2ca553eb0375980ed5c81ee55303d6f9bf919c2a939926e07d4
0,       1797,       1797,        1,  1944000, e6f5c98f8714b2ca553eb0375980ed5c81ee55303d6f9bf919c2a939926e07d4
0,       1798,       1798,        1,  1944000, 01efd2a2aa79f25106a3df0fa494b3ecf986df9986e05e9bc4cce85d7a88a961
0,       1799,       1799,        1,  1944000, 8a003f6666113e04a318e59a71fcc77b74e65f772ab631b191856100332f428d
0,       1800,       1800,        1,  1944000, 03a303a684db7df3ff4225ab55326131b69b752a31b477ad04a984cb87d1e43f
0,       1801,       1801,        1,  1944000, ff01b637cadad19a0a432a216320450112ede9916372b44c6cd74d25de6f64ac
0,       1802,       1802,        1,  1944000, ae19ceccfe6028d09b6e85287b70b822f22e9bf55a17c61a274382a6fcd3c3b2
0,       1803,       1803,        1,  1944000, 484c1009c9e6c57f3f38594cca8112c46e78c75d8ceabcbd381509f1e242ce69
0,       1804,       1804,        1,  1944000, 33a498eea64dc78be4b1f63efa5abba952cba46de290fca3308900411de3f883
0,       1805,       1805,        1,  1944000, b1b584f252c7a3071eff9d2af62141b046246695a41452bb1d75284f85376fe6
0,       1806,       1806,        1,  1944000, b554704b2238c49147c34cea16627cb26047e5adb63853a96a5a505b8191c910
0,       1807,       1807,        1,  1944000, 07a7d1182cbdf60114626b30730952b3d5799d446cb549c2b41ce5cd84b5b2a5
0,       1808,       1808,        1,  1944000, d28d3266635b7d9a0d2609fe5bcd633530d0df20d58e0d2dc97637fb63f8e0e0
0,       1809,       1809,        1,  1944000, ab2bed2fd613e7820e60be96cee5b40630548ba12caf1c0f6766107750fd66ec
0,       1810,       1810,        1,  1944000, 13197540f7bd8cd8f2494371a1b340eb02b981df4e3a0792a7a0eb75a94d4428
0,       1811,       1811,        1,  1944000, d1ed12d623e837b97c07bb512f624c0bb2434242cb35be91580f3362493bb658
0,       1812,       1812,        1,  1944000, 900ff6cdd1d33d2861f687af6911e3f92a54071e3035381873524230295f8e23
0,       1813,       1813,        1,  1944000, 19348e8ed9e61ea741a006fb6c162dd1e20a87030fe642da95c3735214092eda
0,       1814,       1814,        1,  1944000, 7958b8f5ecd4795b886715f3767a8389ec0a07a11ff104f155aafc13eb19fb72
0,       1815,       1815,        1,  1944000, af67cc636fdb35c7fedb9e2248e61fbd0779a0bf7abc7d7e48f70fa1c93c044c
0,       1816,       1816,        1,  1944000, 306f98966a39e91f3b881471220320c22352c019c4bee296f77921b7c5820052
0,       1817,       1817,        1,  1944000, af67cc636fdb35c7fedb9e2248e61fbd0779a0bf7abc7d7e48f70fa1c93c044c
0,       1818,       1818,        1,  1944000, b1c96cca6f62cccd21657b39b2b099bf0b316270fac226b772c0e7d1fb1d59cf
0,       1819,       1819,        1,  1944000, 2c1b4be6144a85b223e1d894b309d1424ede2155e7193c1ff144a26dcd5d5cd9
0,       1820,       1820,        1,  1944000, 0c524b2c9ce9d84115c35c8ef61ef8f844e6838516ff68d814b9fdc9dd207a49
0,       1821,       1821,        1,  1944000, 0c524b2c9ce9d84115c35c8ef61ef8f844e6838516ff68d814b9fdc9dd207a49
0,       1822,       1822,        1,  1944000, bf256acf088f52ac345beec89316235fb99ff5c33d0bf0c566f0adfca69a2136
0,       1823,       1823,        1,  1944000, 7337d09053d3da0db20af35fb147d47bc44343dd58769cc5c742d6c4211c81b6
0,       1824,       1824,        1,  1944000, 170cc97cd09e87eea8b5765e89cb8e8291cf84a087b5ebad25c92a8d5d39ecac
0,       1825,       1825,        1,  1944000, 31b4d0a6d8dbd976dea56377acdbbc96ea6ffc86b8e42e024eaa122a0a5edfbe
0,       1826,       1826,        1,  1944000, 738f557f7ea320cb364d13651f20dd9dbca0ac4b77da0fe997d66b91f3e4a7d0
0,       1827,       1827,        1,  1944000, feebbb8c1a9e203c6ce2365909560f3e2b51a11128d11ab4ecc68eb0e3b1e23c
0,       1828,       1828,        1,  1944000, c559632db8010e4c6abd902c47320881bfb0877ed27fd8c530e508cd00590fc5
0,       1829,       1829,        1,  1944000, c723e5cd1336270e31cb3449051f33a35f31b67665cfe816f883c7ee9ac50015
0,       1830,       1830,        1,  1944000, eb1d51ea534393f0d9c6f06acbb942d72633ef7f19d1aceb8b89151581c9f4be
0,       1831,       1831,        1,  1944000, 49a393c97bbd886f9c0b34f0472c364d27daabfd19398366f75c3822c19eefc1
0,       1832,       1832,        1,  1944000, e80a762a4458ef7eeea1ec93d5c4dea485918cdf62e1eb5fdee699c2ead56025
0,       1833,       1833,        1,  1944000, b5a7b25e59ad14f543d56352429ad7392394e82bccea760a5728f08e8ae7b618
0,       1834,       1834,        1,  1944000, 39ef3bc60877d5497e9c915c5e20486f7e56aa774ab1888ae2073db0f204c0aa
0,       1835,       1835,        1,  1944000, 4a7322690c1c053a14b728abe082d42a38c3da40dbbd945f338f32c7cbb0b953
0,       1836,       1836,        1,  1944000, 4a7322690c1c053a14b728abe082d42a38c3da40dbbd945f338f32c7cbb0b953
0,       1837,       1837,        1,  1944000, 4a7322690c1c053a14b728abe082d42a38c3da40dbbd945f338f32c7cbb0b953
0,       1838,       1838,        1,  1944000, 8e2dd98bb66bce4bb4eebb491849409c14a0efcc03f9ad2476740ea783bea08c
0,       1839,       1839,        1,  1944000, 95fac1bb90ebfffacfe190d651cf7d00d2576c642bc895aa5996c3077957463f
0,       1840,       1840,        1,  1944000, bf5800566f9cec8dd8361673002db839dd23c2d19e2f525a875a1f985241da73
0,       1841,       1841,        1,  1944000, b8f16b0fbb7e0e5ea3df70b8f75a28b49e6a82cb2d0606cc6f97df04d4303804
0,       1842,       1842,        1,  1944000, f52d0c76dbfa4d6446ff7a6dfdfd49ebd5fdf44bb5149b192de54d779eace9de
0,       1843,       1843,        1,  1944000, 7ad6f23282c32e67996b5c5a6833c40560267567971241743306b32fcfb4b382
0,       1844,       1844,        1,  1944000, 53e2918a7438119deade43454a58ac7a583711621d8577367c522f414abdd763
0,       1845,       1845,        1,  1944000, 623156d5f4c967f1ca6876ade40dafdabb02239dbe631cc0da85071cca10d673
0,       1846,       1846,        1,  1944000, d680f619a4994623e14dba7747faf6448fb578c4319edc3d7c8fde40b3b6ab59
0,       1847,       1847,        1,  1944000, ca0c5078f8a061f2a9ab55add03804c443f61e781b79b75fcfaa9fcf5733a2d9
0,       1848,       1848,        1,  1944000, c682d6b1c230c43d00b875862555a3ae782eee1cc99fc334e14813b8059a5ef0
0,       1849,       1849,        1,  1944000, aadf544e4984ed3e9689ba8815b57f1d48eabfc242c08ceb73b3650ba8bba3f7
0,       1850,       1850,        1,  1944000, 772793f0e94b6cad61d04450f42e9023cfd2f228e59bf0ad71834ae40e8f2a2c
0,       1851,       1851,        1,  1944000, 5513df21cbabe6e5ee521a7cbb2eb438d6c73b8b29787d097d4f56ca683ee260
0,       1852,       1852,        1,  1944000, 1f497e338a1979a2ed32ee5e6a0ad404bdae81020163c336a4a2686d1f3249cd
0,       1853,       1853,        1,  1944000, c312b385d50b8e765b6e0d13f6eb12ebc130a0a3277e146daa4e1e11871efec8
0,       1854,       1854,        1,  1944000, 4e78c938b6f14fb707209cf7d6947c8df899a023f7f2c473b5aa2bc84b38cf97
0,       1855,       1855,        1,  1944000, 4441265436581e3d216080fbb4ff365e07871d95594b70a989750948cd453384
0,       1856,       1856,        1,  1944000, 039eacd196b341cfe580e5c1942d4a506b1f0061625343349588da6f019086b2
0,       1857,       1857,        1,  1944000, 546fe7b2e459cb8c462d1808af3d13b632f80b697b77ebac5caabff242171f48
0,       1858,       1858,        1,  1944000, 2a082b736d6be40bc447031af4cd66d350b5b63df58753b0be190e5688eaf567
0,       1859,       1859,        1,  1944000, 41c7c71ecbc42602866f1f512001e5cb05e43bb7db7e4dd4224d19974affde95
0,       1860,       1860,        1,  1944000, f23c0eecfca132c6f6854f3eb253260bcdbc5c52ff24a06c7129195cdd4e78f9
0,       1861,       1861,        1,  1944000, fa527b64c22fa6d880341ddfd28ab26b7cb1f96ff98430e739e94f57f474d79c
0,       1862,       1862,        1,  1944000, 6b12eaf8c19c5117085e5e2ffdc57337798f86ec15230225c80996401f8e8ab9
0,       1863,       1863,        1,  1944000, 0346beb691e82e17d92b666cc0858f291374a7ec3b6068ed6ab63c8497ed8fd6
0,       1864,       1864,        1,  1944000, 854eeafbc8d83f828937f7006ae4e3d4b87f72e847750ff20c6622e8a13e87a1
0,       1865,       1865,        1,  1944000, 67f900292a97f90e4ba1e691c1b4d22e3da0f14618c5781e74d0a8d147899dc4
0,       1866,       1866,        1,  1944000, 46884acbab0bed3829002037e37ff3028e2256179ab2c7e358194023e5199b82
0,       1867,       1867,        1,  1944000, a328fbb33825085bddfaa3a21941563012179818d677d623c0cdea8f4a48104b
0,       1868,       1868,        1,  1944000, 3b722847787fefc88294d15ea7143042b8e9fbcdcd8e0f1c60272d534eb7dc34
0,       1869,       1869,        1,  1944000, 34ffbec718195621e0be494aa110cd40dde599a621c93904da5e3763bfa9fdd2
0,       1870,       1870,        1,  1944000, eaa116ff974300289221af3d3342b9fb386e734201168f97b0c703d58277bca3
0,       1871,       1871,        1,  1944000, c876f0957942ad475ff21526ac5d01a89007de6f5dc2762859a9dc787c7a7a91
0,       1872,       1872,        1,  1944000, 50ed21ee02831dab396ccedbe31e995b9f3f1b4febce217e9432a63e26b0741b
0,       1873,       1873,        1,  1944000, 90dc6384cc4f0b304229aec4bf5f76b2e375507230236d271e79154ae17732d3
0,       1874,       1874,        1,  1944000, 642fdd82153f6eefd401055f53fc2a615d3c89584fa1b9c294fc4ab52614a7eb
0,       1875,       1875,        1,  1944000, eb0e8ef99a284373c89f011b4a3e0da2238adf628726304a7b2f0a2e0849a92c
0,       1876,       1876,        1,  1944000, 6b5fcb014217428270ade33490b82f35e957631ed7f466b08709640bce4fa3e4
0,       1877,       1877,        1,  1944000, e476058f37afdb2f74b8a6c153f2acd823588b7bee901d2860a046a8ca6d3e0b
0,       1878,       1878,        1,  1944000, 54364cb53ff042e3a293e28db535b2e36af56000bea2170c9caf00ee4469d6ea
0,       1879,       1879,        1,  1944000, 724d0859160b971d3a742190cdcfc7a43d5e4ce414ac4250b7f77dd366c75a85
0,       1880,       1880,        1,  1944000, a30c14854b37117c67241ecb195c42e4b26f24953e8aeee20559a199493f0a48
0,       1881,       1881,        1,  1944000, a3b0e5938f010572d93fdd25e311fdd321187ea5143b292335ed32954db19999
0,       1882,       1882,        1,  1944000, 590f0abc9b5ef4ab8d1ec9af49c64e045f5f96ec6cca8ac441a6385e3cf55827
0,       1883,       1883,        1,  1944000, 9b4153787bfb116ee4c3e4f5646dd8d0656fcfcd1f231a87392e713b7b08acac
0,       1884,       1884,        1,  1944000, 544fffa7d2acc879758ad2a58c04687659a87735e3029b30c928f887376eb9ce
0,       1885,       1885,        1,  1944000, 6ca53eb54a3ac6c9985b326f371fa918ce9cd559c6e853c73ee4c05297b7058a
0,       1886,       1886,        1,  1944000, 33b0d52eb84404dc2579a2b55554b3fd6375aaf16a108b9224d4d75fe786ac6f
0,       1887,       1887,        1,  1944000, f55237f751e47bf45cfb521c9dbd4fdf6a53e4903b3be48cbab8ee97d837fdfc
0,       1888,       1888,        1,  1944000, e28f65d3f520d735665fd5b439f0c5885bb110c987812116b4083e26ffd7b682
0,       1889,       1889,        1,  1944000, 2f974e97d3eb31f80c612535c363a4118e96d24f45fe9ceca14f52713137947b
0,       1890,       1890,        1,  1944000, 2f404878ca2e1e8403c36c6e3d55c16b994a5818ed8c534008d437171940fd75
0,       1891,       1891,        1,  1944000, 38378894c28c188650477200e82722cfde42a0a6a2088be633657364e9dc708c
0,       1892,       1892,        1,  1944000, f7b940eebb7d2dea1421fc7cdafd6b3ae7fae57fbd108cbca3a37e988397768c
0,       1893,       1893,        1,  1944000, 2a171787b42f8ea3538071ebddcc8b83adceeaeaddd6d761c62738f8cd01a272
0,       1894,       1894,        1,  1944000, 97c15ce53a4c949849ec9bfa83fb95f329422e565ec4da0731deeb01aa904f03
0,       1895,       1895,        1,  1944000, 6edcf663866e5f410ceffa9b534f27e6f8ebca92b3686f96fe20ef9ab3d8bcb6
0,       1896,       1896,        1,  1944000, d5c71850d2cfb0753337f60a730e7fefdeae5abcd181671614df4f4230884b0e
0,       1897,       1897,        1,  1944000, 004943a31757d92994ffe710e3dfd62b60bfbfaf079178a01775425846834f78
0,       1898,       1898,        1,  1944000, 77f703d26247be4e65bbb1c76c88acd1d3b6b7e2c3136e99c3172abc92cf670d
0,       1899,       1899,        1,  1944000, 0c18eacb1f153808c57862c6beb499529ac8dd792489559d8abb759a38f523f9
0,       1900,       1900,        1,  1944000, 186c502c86aa0c5d6ff6c50d7ef6993cee6102fc38c3bbc2d98fb198d8d6b025
0,       1901,       1901,        1,  1944000, d97824080187762157fd1d53ccbad3e7923b3126c7a8010b771a21723efdec16
0,       1902,       1902,        1,  1944000, b40007caafb5e26787710e8e01eac232921ae92e34006eec877e564291901cfe
0,       1903,       1903,        1,  1944000, bb6cb2c7195e835658007ebc08aaf77a38171f4782bf816a678bd062a292d4a2
0,       1904,       1904,        1,  1944000, 9a837eeeeef4eeada8bcbaa2432716279af917f031cc522d3fe4da025fafd05e
0,       1905,       1905,        1,  1944000, 9bdf73937bbf1aa6420fe0d0b53c563dede125cbdf475e9bbb17afabbb286511
0,       1906,       1906,        1,  1944000, cdc3d02907682f39db168d6a35e820411ec3969de205097de6c38cfef5983992
0,       1907,       1907,        1,  1944000, 2a7a1f288c54473813205117cfd02bf041388161fd721e99b61a80b26afe4023
0,       1908,       1908,        1,  1944000, d8e6ba5476830ab81549ad76a181d3a45a08ae0656ed991ae74528963f06e1b6
0,       1909,       1909,        1,  1944000, f48269b8bd6ffd5e7655bfe2bc04f337c16435087430d34520dbacafd2faae96
0,       1910,       1910,        1,  1944000, e7c6ccbff4d98e377df7ae1a15c0adf76496fe595ed3af55e2e240c2cb2350db
0,       1911,       1911,        1,  1944000, 60b7738554f4fb93d4e0ed75df1858fbd68401ae9f91c2619c13014c48a559d6
0,       1912,       1912,        1,  1944000, e3d3c005c81e9a89219cd34c4e7c3a359cb180ae591fd00b7c33edce0cfe506b
0,       1913,       1913,        1,  1944000, bf2faa34763ef88dd9c6f5a5729daddb714e19cba059bbae9a80b81b19676dd6
0,       1914,       1914,        1,  1944000, 4fe64598b1404c959b705da96c6c62a402d7e8e1848fd14cf0f52ae4e8891b90
0,       1915,       1915,        1,  1944000, e3c660ae0ccbccbf6c8875b90ac3ebc36f6630b1b4740a40ba755e537d3229cc
0,       1916,       1916,        1,  1944000, 4a801a0e53883b4f4d89c1da5abc3fd9947d6e91f0291e8560bb369f2cab1b90
0,       1917,       1917,        1,  1944000, 5194711f47db212ce87543d8a14dd909c1681f00b49dbfd32e3586a111cf2257
0,       1918,       1918,        1,  1944000, d52c58a50f19fba3744dc139649721ad26e778ac87a40974a6a0fa1d79d43a16
0,       1919,       1919,        1,  1944000, 433075751a5db66ec917667e68aed073d3d7adbec5a4a7ecfe6abb7529bfbafc
0,       1920,       1920,        1,  1944000, 8b1ea3cbad53cf5c1a69c17f138a2241cc6b7eb060574bec1ec6486bce0c4433
0,       1921,       1921,        1,  1944000, 37cc2b01b5afa1baa9bc766a48a6119e17af724c457b1896c655f526063f901e
0,       1922,       1922,        1,  1944000, 738ad75a70c5bd00c2d74bb1126a92b50e62d48abfe72b5842495ed1bedfb149
0,       1923,       1923,        1,  1944000, 131348ab51baca7b995ce18f4a7a1e9664a956710d29ab6ae8d6a0e77a1a7aa9
0,       1924,       1924,        1,  1944000, f681b949d0b4a767977f81fcb63e3f557fe02bb86458c9af3ea45226f6848b14
0,       1925,       1925,        1,  1944000, 1f14525ca8c1d178362e35dd9c94288c3ccc64364fe887cd0f5b41d7296d0c8c
0,       1926,       1926,        1,  1944000, e796678b3522aa0c285f00b55f91e1b2f9046afe185077fcd2a772a7c3812f5b
0,       1927,       1927,        1,  1944000, 2873ad01dee568c98992736054da44962ba314ffd72301f497a5e1cd633189ff
0,       1928,       1928,        1,  1944000, b992145d8ca27790b34286a54639577eea675169b5f340385610bfac68d7b2e2
0,       1929,       1929,        1,  1944000, cab7517e6555913add08f2fdc296f7abe9361a35e6b5f9ba044043f1794b430f
0,       1930,       1930,        1,  1944000, 57e557f6dfa02f2543c6dc5c9534aedfaad107242777010e40eca6e02e0faaee
0,       1931,       1931,        1,  1944000, bfbb617fa62c1b1e06a9c22e5c4f7d9b52b35792ce968cafb402433f6123f437
0,       1932,       1932,        1,  1944000, 3b8ac1bcb2dac323dc4a0b0cc4c15b129e749e0650a6984e69581db6869a7c3a
0,       1933,       1933,        1,  1944000, 63bcf5117ec632a572df8092d38cb38901af1b5839f0397aec07e3ad7f5396d1
0,       1934,       1934,        1,  1944000, f80704caded6928ab1020a443898ab431d6ca1d48fdaf4445dda96e93d451660
0,       1935,       1935,        1,  1944000, 770042cd2c9d10630bb1da9c77dc4c8e95e2f6558a74e9210bfa771125d3a408
0,       1936,       1936,        1,  1944000, a54603036ba77165f1808e0919e85d68aea467c93470e47b17273998afa18b1d
0,       1937,       1937,        1,  1944000, 7384f7eebb0f2650d5a8a71dc56a17fc877c254bdf323e8d6b5e9429687c0654
0,       1938,       1938,        1,  1944000, f1328f4a80fa7a0cb9181d857c4230ae655e3ebe396b95d9e17918a34867c7ef
0,       1939,       1939,        1,  1944000, 1ef375e2afc95ab37d10a02cc8b06e20acb5150230432388a8050b9c452d6497
0,       1940,       1940,        1,  1944000, 325304fada5d2f829a75b86928b5b2d22beaefdb5438362e9f22621e1266360d
0,       1941,       1941,        1,  1944000, 6c47f1c1dd3e2b3a1038cd4a21b064bfbd12a38f5d029767342a75fc751a3326
0,       1942,       1942,        1,  1944000, 02352153708cdb5255237c0d98ebbef9662280984f92a18014b447e4fa726354
0,       1943,       1943,        1,  1944000, efffd1d34228e709e73abd77ac3e1769cce31233a111ff96b5fa4ad67d56aad9
0,       1944,       1944,        1,  1944000, 05c08e6aa966f7b827392a89b8230edd37cf92bb6b6abeeb840ac00880e772e7
0,       1945,       1945,        1,  1944000, 47b2b11b8340bb94bad0a16134532e9dc55642645983bff76b87ea0e1b5564c5
0,       1946,       1946,        1,  1944000, 2170d7ae5779dac0e9b3494b914772de2e4faa7d86841358bb2aa0586c3deae9
0,       1947,       1947,        1,  1944000, f1b93cbf9b283aa9532138872f8e8634b1deb3a582b2fb84408d6307b5741d6a
0,       1948,       1948,        1,  1944000, 1f13e8399769638f4ea8b828b24522a96797066682ed599f0b54951459a60318
0,       1949,       1949,        1,  1944000, d630fba9428c8b7a487c4cd6a92780be2d7db5061069f7ca83814e79fa4b54cd
0,       1950,       1950,        1,  1944000, 4c45564306f28c7dde4aae52675f33540341338391d7a6bb52fa11098b58abdc
0,       1951,       1951,        1,  1944000, 807e4efd06da71bb3817a95f1edadbc1aff5c939b04908e0ade737a4a898227b
0,       1952,       1952,        1,  1944000, bacbb7dccb4a0094ff9988b8e21cfa086d6a30010b1c80e245c071821dcb6636
0,       1953,       1953,        1,  1944000, dfa1d8038a378c896737221df3dbdd84b6007535025ec4ddea6af2817fd56330
0,       1954,       1954,        1,  1944000, e80fc073922a108e19d8a8c8e38c95c405f1d6191e2d7da2873de95cc4314641
0,       1955,       1955,        1,  1944000, b4e871879e00ce31cc384ac0ebdee00d34407d49f6e5fd259b179c4d2fce1d33
0,       1956,       1956,        1,  1944000, 79022baa038f3c8954e5d113b52a6bd56aedbb80e22327aa6c66c7a1a54bb7e5
0,       1957,       1957,        1,  1944000, 3d1a26348a20d72bd23b31419333a0870549fbf3642571f5be1a25c8b82fdaaa
0,       1958,       1958,        1,  1944000, c96de84d3f90df4c397772ffaf282b0d919006c072c5b37467f57ee6c4919398
0,       1959,       1959,        1,  1944000, ced613db34cd33f2cefacd5e1e0bff93c9d18ad81513a6386498c0fd95c7de5e
0,       1960,       1960,        1,  1944000, 7b355e17f414efa0d336c0fd18010ce3c767c6e744362d7bca21b04c9500c1ad
0,       1961,       1961,        1,  1944000, 35cf400f007492ce7e159ec16c56f4c69e8ffa1732d13fe7b9d18d0c56eb1f8c
0,       1962,       1962,        1,  1944000, 8c11a058051cdaf4d4881d24c131ec83026634251d9b647eca4c0505ec7346c1
0,       1963,       1963,        1,  1944000, 9093c41d682ab5e72d37674b95b0d7d02c752bbcdf93676e2593e2562a8d0b55
0,       1964,       1964,        1,  1944000, bc91aca96539f35f10de1a81975c50f3bf043b35ecda099ffe624a732f9a8ec2
0,       1965,       1965,        1,  1944000, 36bf9df8ece68fba0ed2e0a8f38059a04b701fbb90107314cc81665f7bead780
0,       1966,       1966,        1,  1944000, def3de6d7a04ac831180121f00e9236c17061e310d2d1063912a708fd1c0b81d
0,       1967,       1967,        1,  1944000, 28e81419311423f632cea5b1bf1353ef14607b582598f9de38cf1d2c750afbaf
0,       1968,       1968,        1,  1944000, b9bcff74fb6704a706c2328404c5e2a1c5848467823d53378505fdfe4862e7c2
0,       1969,       1969,        1,  1944000, bd27b9d4e14db791b407af68ca2b459adb7a1b76780314f1e6a0c68a895f24f6
0,       1970,       1970,        1,  1944000, f53d8fad1674042aac1a3cd77a26c5135b3137feb10d4d8851e08fc35f2ddc57
0,       1971,       1971,        1,  1944000, d2e3130e83b13428f109d5d12bddad5591a8cb9f4fe7bdfa59aa0855a71899ec
0,       1972,       1972,        1,  1944000, 35a3d5954d502e97809ee7398bd9ce78ae030b13411373f5efbc7f4dff100944
0,       1973,       1973,        1,  1944000, b29cf0019417f04dcc65fd5fb54e225fb1240aa7dbc24c67dc43ed39165b9207
0,       1974,       1974,        1,  1944000, 94feeb648963ed7188fd8b246fe89c87b9bd69fd87aa709342506a19b97e4333
0,       1975,       1975,        1,  1944000, 09d846a048d135434358330641ce6ba9478213d3661f62133ddc9d55f7e7bf24
0,       1976,       1976,        1,  1944000, 59b91a2946bb87abeedae7b5ac7c5cd81e3568c8f5913220001aa9362cbb442d
0,       1977,       1977,        1,  1944000, 5493b1f239f113fc0b3d0327d0443107eb028301a5268a94347c66ba76d196db
0,       1978,       1978,        1,  1944000, 11c956212b4f7c0ed650efce625fbd1081e563d0c89b2a3eb0f571c776c8aab7
0,       1979,       1979,        1,  1944000, 1e0a09fb07a080b5b9da00073e4c5e6ab4865552f1f960250e528a3dec6607f0
0,       1980,       1980,        1,  1944000, 3c42a1a16663cc89ab67bbf5856f8ffe5623b0cf553c21e62cde6bc758b7d419
0,       1981,       1981,        1,  1944000, eed7173ccbe55c1f9da9f3f3977ba1606bd7762eb9ae6bd61573cf822eb45400
0,       1982,       1982,        1,  1944000, 8a32a81252c189bdc302ccc5d3447a55422ea2d298f95b7dec904b944820e47a
0,       1983,       1983,        1,  1944000, f32033a4da3dd60d0f64b413850a307a98be7ab8f8fc3971b88c3dde56cd26c2
0,       1984,       1984,        1,  1944000, 548792fb46c10df43d9bf0d9c980add00d1391b44fbac8abe02863cf0b8e9959
0,       1985,       1985,        1,  1944000, 5909ef83d40fbd654c5df628158d381ab562019fd333145e46e50a0ea10a3ee9
0,       1986,       1986,        1,  1944000, 10e43446eb3d48f69525689b5523ddcf384f54736dd3e99aca9f86df7c999372
0,       1987,       1987,        1,  1944000, deac102f9f3cf0a108fcfe684643729ad4b251bfc65a104bfdd8635f0e4ab31d
0,       1988,       1988,        1,  1944000, 0e66503ffd689281d7ccec88b5539bb4e37ebc9bd3fd9bee128718e6454466f1
0,       1989,       1989,        1,  1944000, 28e1c8f8126a68537175dd776b0f9f90dae6c1b4348182985bad90f574331d52
0,       1990,       1990,        1,  1944000, 4a7468060f1a34f37bc261fa965805d5609e110a83a24558ee671e55bb1412dc
0,       1991,       1991,        1,  1944000, 8d781b20582774ca6fe8c400669f57af432348423888873c7af6050835e870cf
0,       1992,       1992,        1,  1944000, 615d3b2dd2184cf380bae14598f1e35e18c473e7608410160df657f5a680a0d1
0,       1993,       1993,        1,  1944000, 1c6df655a4e7ae879b11012ae621876975bf43d21741d4c8ce1b801d27215b02
0,       1994,       1994,        1,  1944000, db66a2fa8c422d845d797799b2e24b58baaa7876aa0fa7b53c4080d25741050d
0,       1995,       1995,        1,  1944000, dffc0f67d2205b4b983ea23572d4566a1cc468e984685a74bcf82d4c137832c6
0,       1996,       1996,        1,  1944000, 40e16890cf2b91dc95bac03ef61b1af4f4f017b139d6fb8378b908091add4564
0,       1997,       1997,        1,  1944000, 47829c1617a401882c0ff9df18da9b5adbf151e46a273d0a94c9ffaf061bc439
0,       1998,       1998,        1,  1944000, 8e45418ec2e7aadbfbeae52d05700e4baacb579841f57576fa065bf018c8827c
0,       1999,       1999,        1,  1944000, 7499b02130a31f7b19be116cd46e1e6e424838459ee057bcfbabb6264dcc3f5d
0,       2000,       2000,        1,  1944000, 537539776a45a1bc13b93fed4ffc2cccd067694a1f7f889d1d35951c7698b299
0,       2001,       2001,        1,  1944000, 23e9ba396bce0b0ccbf3f5e2fea71d0eada67c5268aa04a238318fd3b515f55a
0,       2002,       2002,        1,  1944000, ed869d880eae52d6a86a70905eeafd156c50f5c5a3595f270553ccc79de4c2c0
0,       2003,       2003,        1,  1944000, 5424a99b534442e858da3b47117e00b1f68e0f1fa4e27b0c60b449039b0fa222
0,       2004,       2004,        1,  1944000, b57d5e62edf8d55f4b9ee1f3626afd1bcdf4f964fe6172bd52c9b9606607cc3b
0,       2005,       2005,        1,  1944000, 15935d1737b644f523299b19fc608802b67acc3c52d1996250bb4b67b9086cf4
0,       2006,       2006,        1,  1944000, 6bd0924c2f793563c6cf77e89c7ccabbacdd561b805379cbf042aea8b5e86fdc
0,       2007,       2007,        1,  1944000, f779428634a1918a15f8aca9d3142d47f759f7b1dcb4ced82c70f48422272f9b
0,       2008,       2008,        1,  1944000, d63817860f5cf6be797970a8dddce72b32bfdcc39acbace885d95f7da3517af6
0,       2009,       2009,        1,  1944000, d2f338b89ae0ab84e8e5db740dd97e76266530b8eb82afc6097ba3351180ddf4
0,       2010,       2010,        1,  1944000, f2b617cc8249e5ce841f6d9c8fa2ce381fcb07bf027ae8c7acc62c73169fca81
0,       2011,       2011,        1,  1944000, 5ce05a0cc1178cfb2f1af5fb3279bfeca890dd08e9895b811df41be2d8e140c2
0,       2012,       2012,        1,  1944000, db0a305de33c45da78026ccfd56729ed6a9d41e29dce707247ab277ad29f628c
0,       2013,       2013,        1,  1944000, 47bfb8b355ac75d6ea651dd3b891af9af83ea01b7f1dd0e061d82ba111ec37f8
0,       2014,       2014,        1,  1944000, 91cb7936a0643df7da72b3f6bc37b1a01db5a5e3463d5bd2b545bdb72665f72d
0,       2015,       2015,        1,  1944000, 6d43154c4cf91d7d0a427fc97c61526a726d7e746e983fb4c55af242581fe5be
0,       2016,       2016,        1,  1944000, 0fface4645ba51bffd516f9d13417376ad1d2f68a21ce1565818b12ce0cd74dc
0,       2017,       2017,        1,  1944000, 94d1ac2697eb60c158b7da486df10084bc1f128796f37c14b4f9d3b4cb2dd419
0,       2018,       2018,        1,  1944000, 29d8a63c8d8f28801b18b3faf6a10723e3721b78c16ec2259899474ef2c37738
0,       2019,       2019,        1,  1944000, b06726f0e6fa40a92cdf33f5e75730a5dc65676e81840f08ad5aa5843e5e149b
0,       2020,       2020,        1,  1944000, a43c00276f3513df3aa13c10cc66a89bed528989919814c742acbd1c96d7933c
0,       2021,       2021,        1,  1944000, ea8e7f0fdcbfeeceecb81b605626921893d755f20e0a5c618c69d2a7989f3604
0,       2022,       2022,        1,  1944000, f353260b20cddd4d05b3c2e1ba5a3f319f24a345fa83accbf44285375eb614c9
0,       2023,       2023,        1,  1944000, 4cf06bd5654cea8dbff235a807a6ee352436e8bcc3fcd3b95ecb97b8476ba1b5
0,       2024,       2024,        1,  1944000, ac077040e9b79a81e079c070dbe690e101d42a6f4db236fd9ff02950b6e57c83
0,       2025,       2025,        1,  1944000, 064b6ea146ca2cd7e57aeb862bee2f862e15c9b829d972c3cf7a7910c43f1711
0,       2026,       2026,        1,  1944000, 4a2fe0f4790ef6e9ae40891b4d84ccbfd74f43960a179d24755d0cf344d19374
0,       2027,       2027,        1,  1944000, 658fac30f444b2a3f38ff25321b612096a2e51d6e818e791f609b0b2ea43b71d
0,       2028,       2028,        1,  1944000, a4ad0e3a1bd1bddefc2cb448e9254b88c826856b24a6e902b37c1254fad9d98a
0,       2029,       2029,        1,  1944000, 84e22a83ecce4bb61e728763f7437df8afd76706461c2c373fd02473fa53a669
0,       2030,       2030,        1,  1944000, 84a40431291df127aabcc31de2895249da6726710423ef4a1dede6138c3e8313
0,       2031,       2031,        1,  1944000, 65c8a58431e9e3e31c7fbfbfc1fcd47b4153a63bbbf7231a44641457d61b676f
0,       2032,       2032,        1,  1944000, e89896d03381808400c68d942bc89703e10bec72e38c99541f43bd89b3af376b
0,       2033,       2033,        1,  1944000, a3fea0f6a389f65f78649c5300164ac33e02ef4bb60500e0c12c0e1a937e76d3
0,       2034,       2034,        1,  1944000, 09d4d94cb6c91576c8aa825b083f661416b8284c313f0aaf6208ec291602eb50
0,       2035,       2035,        1,  1944000, ee9c9c637841d0c843811229b654ae98af626f715fb607aa8dc97a26b5854a59
0,       2036,       2036,        1,  1944000, bca683fb74be4b457f9351fd25386d796b3cc00d00976187b3b4c4e720001540
0,       2037,       2037,        1,  1944000, a87d1e11e9be249897aa647a12e96653b768525d531260e423980a472bd22b93
0,       2038,       2038,        1,  1944000, 616376c1e6611a8cd483717e3d1a3a987cf6cbeebb6b60e2fd98fde62c1db3ea
0,       2039,       2039,        1,  1944000, 9597422b4951dc646235f7cf4a7259f7dc99693adcc17e0d6491a5524def8bc4
0,       2040,       2040,        1,  1944000, db2bddb3bc12ce36f618afce14fc476b5d72cb32ae348e3cf7ce53bac3e1829e
0,       2041,       2041,        1,  1944000, 0258d29ee33e002ee4ffa532f05f3a2e0dd3e8cefa014e84aa605c8deb2a2305
0,       2042,       2042,        1,  1944000, 78bc87dd7a4c4c4a2f8083edee93429e82a0478b93ec530efa708655c9a50ae5
0,       2043,       2043,        1,  1944000, af5cf8edd508393fa0d53fe8ceeb7365f21859a169153bae8334ea767f177aaf
0,       2044,       2044,        1,  1944000, 1e77e4901d39f9b354b2ef16da170af57b4da486f0aa8e83126a2c72a7ccc9a7
0,       2045,       2045,        1,  1944000, 6e6e424a3e6fe40f26bdb3cfc9f60c440f5c3123fa3b07d2993129803d64a44d
0,       2046,       2046,        1,  1944000, a705a7272c59b85d51aac0677868e4cf3ba61ebdf825e900c6e06d1c1fabc226
0,       2047,       2047,        1,  1944000, cbf6255d4c3e71dde34915166a0dddfe323963abe5c31f82523bc4e087164c47
0,       2048,       2048,        1,  1944000, 42def3ba6653450a247b460730a0aee766e71ce7253efaeaf68a8458b608fd22
0,       2049,       2049,        1,  1944000, 5ec5f9264c3a72a382aafc76bf5d9d5c84093514a05497f32c114931c0f365c0
0,       2050,       2050,        1,  1944000, 6aaa1253663b74f9577d1e7e68430757a31b68e5bed27ea2d9b055a388d24230
0,       2051,       2051,        1,  1944000, 55a24cc1a4ae7ec80530511b2c359f85a1b93f21804c87b455b89a9bef2dfc43
0,       2052,       2052,        1,  1944000, 1ffb3865ec026cfa27d2885d9819204d5d7351669ec469e4f6e5bd7e91ea5cd9
0,       2053,       2053,        1,  1944000, 0cf5aa9fef8adfc6d330698debb2095d4444e2c3c2b88d6eb4069682ce956ea4
0,       2054,       2054,        1,  1944000, c89c4b20afea2a86a19edb57539aef9d4f21c4a5ce9c5731a0f011e7739ab0ce
0,       2055,       2055,        1,  1944000, 91652c334f78cc0c6ce099e78eea3e1c0d252f7525907347f42fdfc81b3b7b2d
0,       2056,       2056,        1,  1944000, 916cdeee8792774c819460527aadef5b45043dc0e61130aa789b94c7eb4d7fe3
0,       2057,       2057,        1,  1944000, ef3013dde7e511fec08eadc8692dc99db553dbbf3b5a979454b7b5a368bf8a5b
0,       2058,       2058,        1,  1944000, b62cd498f3b1eea75b172c152e3f61439bf0da5daa8b440cb16d6e20fb6457ea
0,       2059,       2059,        1,  1944000, 9e27f5dc52d6dbfa743523f55c0137ee934968a55432252c4c25b8e80e66e526
0,       2060,       2060,        1,  1944000, 4cdb597443d97548010328a32fc1ae9aaaa08b03618a81a524c2c49b08e0a044
0,       2061,       2061,        1,  1944000, 9a1a1b82ce24753511b9f0f994f363f98040cbacc82a56e2e0279f71708ec82c
0,       2062,       2062,        1,  1944000, 9f37b248687b5ea53ec83097d354e19d6514616dfb1b9aa118e122ce94e6869c
0,       2063,       2063,        1,  1944000, d8f46af79091b380785ea68ff0bd625426d3d8fb7e8be7cc1fc0311640ae3160
0,       2064,       2064,        1,  1944000, d1a7e68640ddd8e6264a9cdce6d56029bec72ac14b18cf634b1c35731e7ebc14
0,       2065,       2065,        1,  1944000, 1b318df77b67c6b74ef867aa077ba1d8b7ba35d9c3bb4f55b793e4834c9b7768
0,       2066,       2066,        1,  1944000, 8eb99febf46bb008d04abe7d25591a0aa6455a7d2b6e6261e079a1cfe82ed927
0,       2067,       2067,        1,  1944000, 2f95fcccaa77099d44b0fe21538dcd934ad6f75d72aa5db8f94523c476dd1c4a
0,       2068,       2068,        1,  1944000, f04580a32dcfe768ef64e05b478202b48c0cabf583b318c4c51138aa2d3d2729
0,       2069,       2069,        1,  1944000, 583192386737ed060fedea47d3d41b1bdc18ed11b3709e412905a4e2a8d05021
0,       2070,       2070,        1,  1944000, 15ed53b3513a9e25c61b5881fcfe6ff4ce933e27af92881a1985591839f0c1d6
0,       2071,       2071,        1,  1944000, 707c4d902042840ada4bdcdfe3e5ab39956ddb872267f93c2a2b90a9d22d2d52
0,       2072,       2072,        1,  1944000, 70e89ea5ce174aed79e75ef9bf39e16f42df82454746cda596665948130117bc
0,       2073,       2073,        1,  1944000, 329b33ab53b020e565be893c682571632b08ee847769d48e3637f8fb5a5a68c0
0,       2074,       2074,        1,  1944000, aba63aef7b69e46e7dc2dd25250fd1817b590510c99c42b29a5b55133b04e842
0,       2075,       2075,        1,  1944000, 707f6297bec419238631024809e579c0c81bb3e0db3b363195c7727fd752ba1b
0,       2076,       2076,        1,  1944000, bb3dcb163a3d349ab32d5582610520555d1dd5c870c45f9060f6ad0b06943848
0,       2077,       2077,        1,  1944000, baa35624c452d3ed10fb7eb390d950179456ab3b7c78749eea6ed26c85ad9dfb
0,       2078,       2078,        1,  1944000, cd0311e6d6ac2f93ce0af8835e7d6c7207148ad5281de1b2747b6a023ca9f7e5
0,       2079,       2079,        1,  1944000, 384acb91a4ba6d5e09a19632b9798aad6919985e45172ff1abf9a19dfdf7eef9
0,       2080,       2080,        1,  1944000, 6d7a3562a50539e24ef14a1623a5e252e8240dbb57e391927e670e2abefd04b0
0,       2081,       2081,        1,  1944000, 4c90215cf91f6b71069327c49049b04d400854412eff70492d4c4e913a2bbe5a
0,       2082,       2082,        1,  1944000, 996cdd6c068cd76b56ad84c31ef2a0203f517afac622cd793d22a78c93a3e813
0,       2083,       2083,        1,  1944000, 6eef0fa0fb073d3810101c967b97be50e385c1899a93c84962a10344dd00c9ed
0,       2084,       2084,        1,  1944000, f33ccb66bc22c2cb65a6382f02b7250a4123695dd78dd3fb094a3cce3c350594
0,       2085,       2085,        1,  1944000, b49a5cf52c566dd7e5d6434dbc79a879175e43f61f44bfc0896846ee67a7d88f
0,       2086,       2086,        1,  1944000, d3f2c93778974c9db302eafee79b4a462186081e140458e96179737f132927cf
0,       2087,       2087,        1,  1944000, e90edd44e150e5b3b0486ecfbded899939e84d7afd14a51685f131daf69f235d
0,       2088,       2088,        1,  1944000, bc511fe362df3b234b7b01f3321d35fdbc84af6c02937f88c5e1fa89d81ace72
0,       2089,       2089,        1,  1944000, 5dc69bbc24d8559ab0fa78b6b4f2c6915cc431ef564a8926682f12a57fdccb25
0,       2090,       2090,        1,  1944000, 5b846d7192f1dba03fb82e7d56215a9e5ac0caa7c6bc20775daa618cdb1cae42
0,       2091,       2091,        1,  1944000, 55dfe085583e353aeb907d786fc85b983849483aca9bd3e81128aadbcd1d3d80
0,       2092,       2092,        1,  1944000, 708be6ba1d3081753692ff43e31bca45780635832d27badc2a115a6493473b5c
0,       2093,       2093,        1,  1944000, 8d6df6c73fc994d5d557dfcde30ac89089a2b22ca9be157ff61636a76bc04959
0,       2094,       2094,        1,  1944000, 01c6c069e42374e91d672a3a3cbb95a5434cfa0b4e2dfacb74c4834260bc0e22
0,       2095,       2095,        1,  1944000, 790c94e474b144d43df7e12a190875ac05321179ec4ce952e37638be2a6ddb38
0,       2096,       2096,        1,  1944000, a0d2a06646103f59416834f5290edfd0adbbec6948e489b2b2916ddf05b71bac
0,       2097,       2097,        1,  1944000, 7386f92a2e25f9f5163a6a7bbac51ab83a3448b36196e0ed27429515c2302847
0,       2098,       2098,        1,  1944000, 09397ce8f1ab17ccb0f300b41b53aff0ff23644238e141ebff90c743cb6fc199
0,       2099,       2099,        1,  1944000, 89a707c8f1e6a12d52d3735aef04242265bf7b4fa154740e1ecca486b70410c3
0,       2100,       2100,        1,  1944000, 2a92ce56655d5cf6b79b378c04391abe799218fcac12ad27269138355da52e15
0,       2101,       2101,        1,  1944000, fc1209246875bcdf4e5f440bdef4211f52b9decae6bb869e7a3989c7133bb701
0,       2102,       2102,        1,  1944000, a10b1ca15190e68385c834f8909c132e4d1d5302686273b6ded2b7a673c3f037
0,       2103,       2103,        1,  1944000, 1d74cd447e2054bd1c7198a55355fc4b1aa3ddd0a1d1e0a5962dfe9d5ea918c5
0,       2104,       2104,        1,  1944000, 3e6d4e03b457dae08aa3ed021d3193fc7a88d928bfa6e139f62af1c64bbf9dfe
0,       2105,       2105,        1,  1944000, 8d7c06f985aaaba75955a886eac3ce093905aec7db71a32c44ae1be3c5681a0f
0,       2106,       2106,        1,  1944000, 180726beb9f1d5cf7071ff755540c67a2d1d41838ccb70f978bdca49f53123e0
0,       2107,       2107,        1,  1944000, 613d0ad2143e7ecd726d603e9fa109deb20a973a18bee1892cb54c563a418070
0,       2108,       2108,        1,  1944000, d3e09f4decc4c1cd3911f4c2c882150c4764e1ab7b6db3393920da7e9811c980
0,       2109,       2109,        1,  1944000, 3b987f4153e916d4270d9aaf0dbb031f22375d073c6685d2e7e84c44db40cdad
0,       2110,       2110,        1,  1944000, b5a7d42a4c21677110374262f1fe3136f026c86225976d1433858827805b1076
0,       2111,       2111,        1,  1944000, 1b833a5ca91f917509c77dad84b52737b54121df51385c456eabe4f1a5f7ffad
0,       2112,       2112,        1,  1944000, 3e3ef179ba8b65bf90693d648b96999b8bac492f3a3fb4b3ad31158a0f11ba41
0,       2113,       2113,        1,  1944000, a1bb665f8f0683fc6131b08fdb53d618a8c45d0fff067a5c4effab5a3569638a
0,       2114,       2114,        1,  1944000, 305b5468273b65260635c0f10826a247374420d728ca1da6e0d6a788a9265f6f
0,       2115,       2115,        1,  1944000, 7d3703235a6d13032c7796daa179429df1ee5a02ef543ce2925a460506fe2dda
0,       2116,       2116,        1,  1944000, 0960eb5dd544b046df17ddfd947a3b6ec449062ad78fe00072fc5799fbb714f6
0,       2117,       2117,        1,  1944000, 56da7ac53a07f8560b2978d10ddc1ed9d8fe4ab9551b9e57a7d92146ed5f3e27
0,       2118,       2118,        1,  1944000, e41d917fe076b116ddeefc1b07fe351b39d95af82764d691a449d125dfef1db1
0,       2119,       2119,        1,  1944000, 7edddc3510ddc1a7cd86473680c252299340d6f076a6050718db384dcd145208
0,       2120,       2120,        1,  1944000, e15ee92ccffe2386569d6c683a6d82701cb496eec0bad3a065c3c309a8182c96
0,       2121,       2121,        1,  1944000, 7ed8f5dca5136a8844268d7d7a8ab895c2ad4b7eba6f4e48989e0f95e36fe938
0,       2122,       2122,        1,  1944000, 67023c8d50f5a99e4372e7b5133011e33f2b74a37db99464d1633cc877417af4
0,       2123,       2123,        1,  1944000, fd6a468ba004e298955e87a312e677edac70f1a2b98ed83e5425b799ba503b94
0,       2124,       2124,        1,  1944000, 59ba907ad22e9095926bf7d9f7d5ff5d8529d6b09b601094f03d24e14a7687ac
0,       2125,       2125,        1,  1944000, 9d8e2bd14bd10c7fb6b8ed800694745d49a081046f22e2a21d7e5678f0ea0d72
0,       2126,       2126,        1,  1944000, c9658ef7c2cdf698096a34cda93e3e289cafeaa60e6e10cf1bc32f52364ca1a3
0,       2127,       2127,        1,  1944000, 245099c2f09f9484782b73f7da1d16df2bcc46402db4e6a7093aa61876f0a0d2
0,       2128,       2128,        1,  1944000, 789f25520d6332a54bb2a4fbdb34e43b1c9fc0935eb724c7252194536d8c6cf5
0,       2129,       2129,        1,  1944000, 3da0df105b4c38823ba8154da7e7bf75b592a004bb106d1b530fd434e2ae8157
0,       2130,       2130,        1,  1944000, f76631addc23ac42cdaeb85b1d03f90a20f397bfe9fdcd3a733ef12a904e76ab
0,       2131,       2131,        1,  1944000, 3da0df105b4c38823ba8154da7e7bf75b592a004bb106d1b530fd434e2ae8157
0,       2132,       2132,        1,  1944000, dc1959fdb6b978e04199d68f3051e9ddc72fe034770cd9e70b95c1659b351b09
0,       2133,       2133,        1,  1944000, 6738aff30091fd8c2a1afbc0bdab09829fb6b07289b6a56fd12ad7b00a200d38
0,       2134,       2134,        1,  1944000, 98488db10107ffd0868e796d1db7b541788b89f331a5c1a894e62ba188d9871f
0,       2135,       2135,        1,  1944000, 6738aff30091fd8c2a1afbc0bdab09829fb6b07289b6a56fd12ad7b00a200d38
0,       2136,       2136,        1,  1944000, 02c5581e190d939cc1ee001f6bbeffde31d36968965edfe899016c7312e30a06
0,       2137,       2137,        1,  1944000, 5f4ba28d1f4990349aeb77d287e1dd1a398814d6c0397c46673889be0645a4aa
0,       2138,       2138,        1,  1944000, 3179f3b822389f7e7da736d07deacccb2736a365927a8b7955e0070ff6cdc091
0,       2139,       2139,        1,  1944000, 5f4ba28d1f4990349aeb77d287e1dd1a398814d6c0397c46673889be0645a4aa
0,       2140,       2140,        1,  1944000, f0062089559ea5226532c92359cf4160df1e75348940130ce5678bcbd057aac1
0,       2141,       2141,        1,  1944000, aca7adc9d0993861f7736da3910a481f0c22c6c3d91241d40fe4d923bc41d1ce
0,       2142,       2142,        1,  1944000, ac4e83e54087f028aaa51736f865d6fb7ae241714909a1b04e395804e47f89ab
0,       2143,       2143,        1,  1944000, 2c5ee3981b192a644a22ff026918d4dfb851c734966db4bb7cba5bbe0a9fc15f
0,       2144,       2144,        1,  1944000, 803a37a7afea6cbd1de41ff3f85fdf6c6a64c05ddfddb37632e768287f3a0071
0,       2145,       2145,        1,  1944000, 2762fda8b7a8aeeb2868913185ae599a6df404b95f14c5275422c0adfd06d5e7
0,       2146,       2146,        1,  1944000, 66af5eb9430563d658dad9b6174e4e213d6194397d2fd27e93d3e121781ce415
0,       2147,       2147,        1,  1944000, 22c4f467949879d55c00311555bcee6e9c4ebf7c0bf28fbc7d60d4586c03f252
0,       2148,       2148,        1,  1944000, 71f67cdec987c6d949a046847b856dbf733f105afa8987b406a308babba7e1d2
0,       2149,       2149,        1,  1944000, 2113695ce62f7cf4df4ea224ab1f0fa1dd6843effa8f30a1e3c3c1ceee50abd7
0,       2150,       2150,        1,  1944000, 698d006b820899489c4cbbf5c25d611b9cc3499673f30e71646f4088c408a465
0,       2151,       2151,        1,  1944000, 5005782ee76e56a5195d2e9b05c196df5362531221f02b92d4eb4fa1131a4b83
0,       2152,       2152,        1,  1944000, 97fc18853f784f0cc2512a71464632a4045531d4e438a7a04cfab01eaa6366ed
0,       2153,       2153,        1,  1944000, f66c227edd44d4228f87794c7aee6436a1308db4382d876f49deaa510b4f81a2
0,       2154,       2154,        1,  1944000, 99e226032c46d3b04a6da1e9189507dd28708860f2d2fed6c49cf48b4063d294
0,       2155,       2155,        1,  1944000, 4da96119d3dff786ca3be2cf2788191cb48ca715989ca313e82355f9b9b7b16e
0,       2156,       2156,        1,  1944000, 8a044e016bd8a08b13381c0ce3a8a7d92c8307b6a94df09d99399a75e622a85a
0,       2157,       2157,        1,  1944000, f885e3c1a936328e1e109a9e2f0c79cb2c548c322d1dce41b877a76e9bf04074
0,       2158,       2158,        1,  1944000, 4320dd9682a5ae499f940962377962b1a179c1845e087d25ef2d4570baac3023
0,       2159,       2159,        1,  1944000, 7fe20ce8e9982b47de297b0267ac62adbb9647b5043328e31c552a0414abcef0
0,       2160,       2160,        1,  1944000, 34f57438272fc064a57e2c270f3c9b11ad722f845cdd78276e20f9357aca917a
0,       2161,       2161,        1,  1944000, 092253e64dfb8c937aff11f54d1227ff30653bbf9185ac3e76e3127610beb01c
0,       2162,       2162,        1,  1944000, 60d5a0f78bc98962b03368d45df3d516cb8bc486fa595c549af0da00c32a7a06
0,       2163,       2163,        1,  1944000, 50235b2e0e351daf87c6dd76cb50d5ba18fdcd4d1efcdb2ee9287ca495d5de18
0,       2164,       2164,        1,  1944000, 4e9307d1db6d0f2dbd11053b94423c20ca803d3c5bfc7255a2f93d74fc7f6300
0,       2165,       2165,        1,  1944000, ac9a7f88a5ca085a32c3bc527907843c9132ac995e9a6b9b8762ba21e12b8982
0,       2166,       2166,        1,  1944000, 5e57006c818e7e7a7548f01e8ef9cebdef4e6f86db25c4728fe0e39a8df35828
0,       2167,       2167,        1,  1944000, 2792b7e67691d560db3336b6c967c5ecad367a98b910a0e851634605796f25e7
0,       2168,       2168,        1,  1944000, 3746f4543cde0b3e5e2abcdd4f06d372b44680aa98ca51c2e5a16ee60fa46141
0,       2169,       2169,        1,  1944000, 34c54ea751b4f31c3f675ba848c467d57e45dbdc3313aa047594574b0a85b997
0,       2170,       2170,        1,  1944000, 87e9cb0fd9f0287c11454eb203bc91c60c358f299fa6e170c86dd1a646f6ebba
0,       2171,       2171,        1,  1944000, 692ec8710231e4ee532782de7bb3f2440db88f1277b5978b2fe0fc1fb6e79249
0,       2172,       2172,        1,  1944000, cf757fb2071c9c3d8ecec0230451a47d70db82648e9923873454f1106aafcc9c
0,       2173,       2173,        1,  1944000, 8c6b06b74b69db8c57db1f41b058c1ea7049cc4ec9fa33e63a22457cb34742a2
0,       2174,       2174,        1,  1944000, 4562216b8034ec4403eb97967b3a70cc130d9e40a2e57a1c340e4776c86d5171
0,       2175,       2175,        1,  1944000, d6a1cd90d2edb043f61f31f016e2bc697c27c39118d62558cef83a86d218bbbf
0,       2176,       2176,        1,  1944000, c94b9dac09c7e0670f56de16db88893dc694fbc6978145f9015d914de86201bb
0,       2177,       2177,        1,  1944000, 18c4526922fd8be3890e52e9781350e2016cc5456f5750b31f7bafe1aa520498
0,       2178,       2178,        1,  1944000, 5a3a8da2052f2a6a5aaa8a3cbbc68b9792b2792cd36f0d3b4f482d23ab7ac382
0,       2179,       2179,        1,  1944000, 04aa4876cd20de9cac2811df03866dafafcd2ba48b71f083220299ac739b9f8d
0,       2180,       2180,        1,  1944000, e3f5f37ad8651eda1c7277f5c81519d9a648cacf9a61f771b8b2c89361280bf5
0,       2181,       2181,        1,  1944000, fb4ad814b68f8b9924e0dfcf9bb5e2902a76db8d07f887fabe57980ce69297b0
0,       2182,       2182,        1,  1944000, 4a8f33fc729eb90e7ce8851e91bf59edb1ce5686d387c3042fb07112b8579f5c
0,       2183,       2183,        1,  1944000, 5e7c8a55a45a898a1418d6b96f92019cdc806c50cfc1c0fbb6d89ad86f000ba8
0,       2184,       2184,        1,  1944000, 1f7c1d5d0e00f33442058e1835b17dc9dc516395d72b8dd3fde8cd2fe20542c2
0,       2185,       2185,        1,  1944000, 147962052fffd03af1dc6ec48138bf7b7f99609de33ae9c1c754945835fded89
0,       2186,       2186,        1,  1944000, 07e916977dfcab496c80668ea61633b5210540b36d75c2bd642acb06b00440be
0,       2187,       2187,        1,  1944000, 00e1dd8a8e73fce2b3e6b45facb9452301514d6a37976e93d47e353b1f7eaefd
0,       2188,       2188,        1,  1944000, 10735003827c0cd53222f590d595870e97bc72a37b1b3dc87f0e258a2327f73f
0,       2189,       2189,        1,  1944000, b4fcecdb424e7c083836159eafc3382f9a19ab3fe9324ae3767b45351c8cfd69
0,       2190,       2190,        1,  1944000, 68ef828d4f71f797de1e06e42f68c5d864bb82874d986cb6f6ef4e9a5bd4c0b3
0,       2191,       2191,        1,  1944000, 7907803fa627c2f9dd90de7de9bb2e249f3ab9a21892a331615c2f56851de425
0,       2192,       2192,        1,  1944000, e5addca465d87a7d47404c0d155b0e74a8e738a96775f62645fac0f042e7bf19
0,       2193,       2193,        1,  1944000, 763da15878f18a0ba152f2502d5915ba104569e6e79b06997dca39b49db1f163
0,       2194,       2194,        1,  1944000, 57a9e558ba52e7d775b45d1efdd18106201d7eb52ed3399d713215170e455efa
0,       2195,       2195,        1,  1944000, b78d1d0e3faad8e659bfe4b2d01ef0c064d9aa8eb3b8d7676a3290c7f32a88af
0,       2196,       2196,        1,  1944000, da4f66df1ba94950b55f8a4fea8aa762062dde078a6d18925463b3207f66a8f8
0,       2197,       2197,        1,  1944000, c83a8b56b0e7f99738eac81d93c0103f791fe7151b65a60e8361e3defd75fd9c
0,       2198,       2198,        1,  1944000, 239f4341b982faedc90511c45d2dba7d309182c441be97d8a9fd0bfd5d17a2c1
0,       2199,       2199,        1,  1944000, 463cfca6e267ac834a02c5ec043bab2d35793cfaf8899fc3c9714f881657c6b6
0,       2200,       2200,        1,  1944000, c21efd3e47c888578388e17c1dbb767c84860dafd05a3d2f9a4b0d2838e64011
0,       2201,       2201,        1,  1944000, 722bd184e5dacbeb27b6c074906a4b91276cd77a6739f6968f10547a34135335
0,       2202,       2202,        1,  1944000, 882ba496dc18db38562fe7ab007cf643152244bb110e1f549f1d97c819f7b3b3
0,       2203,       2203,        1,  1944000, 942d314256fd1df4e8e15fc6c690aeca56ec6fc061b6ecedbd6b2d723ecea27c
0,       2204,       2204,        1,  1944000, 6a6b539a35d20887981620a1e8fb32b101b0db820f740eea943b764f0293c7ff
0,       2205,       2205,        1,  1944000, 8bda98b31f54df9178639b419d08bd76a21bde419626a0923bc4e026469156c1
0,       2206,       2206,        1,  1944000, b558244c7446049f23312d9007ef28de91d8ef8cea141aadcacb14d7856ffc4e
0,       2207,       2207,        1,  1944000, d77ee32937ceeeb4fc3a7d3535db8b7cd775b9d7cd855d814120b0a2037a6cf8
0,       2208,       2208,        1,  1944000, 2be2ca1649ccd964cede9ab1e36bcd5822da28f4b50f86e4dfc6510e03c90086
0,       2209,       2209,        1,  1944000, 951ed71d2c2c50545a063bb987915f54124bfa14e717f2be383ee6ee4c7a0437
0,       2210,       2210,        1,  1944000, 5165040a90e507dc410a87b43248452f3fc13347f422895c9b63e20f71e308d1
0,       2211,       2211,        1,  1944000, f17112bdd772732ecacdb870e91df21fc5d6c3d10d2533aa4a45ffdc2416b730
0,       2212,       2212,        1,  1944000, f60920495e91dbb4373027b2ec136332a1ce7d3ba9e4bfa2ddf49d434734ccd6
0,       2213,       2213,        1,  1944000, 7daed3365e49295370ec3906efd77cb29b1d354c21d44a54976564c4bfd74973
0,       2214,       2214,        1,  1944000, 2161732c77ca5d84f1b3a9ccf74cd3794dfb521c671e346e19eb7a3353fac1dc
0,       2215,       2215,        1,  1944000, 109b53c7359dd48982116e1beaa381b531911ce669eaf5f89a956373d7deb42e
0,       2216,       2216,        1,  1944000, 1b70085946584d29c4d9aa03d32e31e38973467fd9a7e2cb5fa15fcb07f42c88
0,       2217,       2217,        1,  1944000, 952f0eb285235b08c09a8f989431b3fd3a7c5e94c1f51975ed4d634c97bc7ee7
0,       2218,       2218,        1,  1944000, 8016681a027e2dcd6ad97a3b8eeef8f1fca83040a55d5b381c6d050cb63878fd
0,       2219,       2219,        1,  1944000, 5137ee439c25156d066d4a7cbce0d007a3317d7bd180e778f988c63f5a0d3f0b
0,       2220,       2220,        1,  1944000, 62730f6f1f96fe473842626513bcdc453edf008707644310912db754b1f36b43
0,       2221,       2221,        1,  1944000, 308b8354996918b7cd11e2a0acb1d06aaf59075136647cde4d39afcffa10fe7d
0,       2222,       2222,        1,  1944000, 4eee3e18269c935a512bfdbcceacf28945af77bb04356b49b16f76eb97a4de02
0,       2223,       2223,        1,  1944000, 94f112ec9fddd3def859875a8f1b1c9bb82482df1b126364cfb83c884a87830c
0,       2224,       2224,        1,  1944000, c9a2bb9c4454ad5e4a38b2b2f0b0d55ed2570cb05469002bff50c4a33bd7a024
0,       2225,       2225,        1,  1944000, 91e6f7e5e391005380c327c31391c2adb4253b1206db58c8417841646a05e3c0
0,       2226,       2226,        1,  1944000, 40cd0ea994ea5724a8de4413d4ee51096a042f2f8ad923f50182eaa6c666eb62
0,       2227,       2227,        1,  1944000, f17ec371b77e9ae42890b5c015a7ae9b503677dcccdf804374b52ff4dc148320
0,       2228,       2228,        1,  1944000, d8166a1614d3791df1c00e999037ebca1d9dce23bc520b4cb0030d98602a96d9
0,       2229,       2229,        1,  1944000, 691c500e44ff760f901f0d32426953c013e310bea1eb44354d5870fec2cf01fc
0,       2230,       2230,        1,  1944000, 168da8cb9b2df87de6e7b9c5a27be4e0e9d5ee9c8f95e6f238845e26441e092b
0,       2231,       2231,        1,  1944000, 2cedf085405c51fea4d14e7c17c2435f482da4c883c55cf66db0b7c8503e1c79
0,       2232,       2232,        1,  1944000, d60129c1cbff00c97d8061368fbd36ec4cdbd6940dbd6a407d37969378c09008
0,       2233,       2233,        1,  1944000, 7bb5491acdedf119058da895a89be3c1d64d530357d283ebb4bbb9308f06e424
0,       2234,       2234,        1,  1944000, 47dc8c249cab23cd8e081bb352dfac84822f937f4fd35bf09e2a6e1465b537dc
0,       2235,       2235,        1,  1944000, 0cc148f16e2644739ff1e7ab8cdf1bccfd33a37c724fc862a48171c2ee7eee7a
0,       2236,       2236,        1,  1944000, 6f5a5d436fe9bed93d40846f3f44dfe1e7d01ae8455776f8701c58574cd5bb66
0,       2237,       2237,        1,  1944000, 71b99e95365ccb1227f762538efba3b4c27f1301c6eb645ce8783cde07ed1ca0
0,       2238,       2238,        1,  1944000, 2a569a997fbfc77f7eb807baef538a8409f2383cd6092a363ae4b555c1043c10
0,       2239,       2239,        1,  1944000, 3769640c4029c6f90c44afa0b906a298775679008727c7574ab0de18d5939662
0,       2240,       2240,        1,  1944000, 7c0e2590ca7df36d7351fd665df9150d9d0c693cfed04d63398aeab53cd5a2b5
0,       2241,       2241,        1,  1944000, 2ed1c211935c527b6df881b8b3eb88afa8bc3ae603d864d1eb19404eca98da9f
0,       2242,       2242,        1,  1944000, 659d48c58e3879387db39f330319c333ee6eb0751680ccb098f3574558063efd
0,       2243,       2243,        1,  1944000, 95171806ce66cf2aeda9d35aa812d1bcef87015c4d55dcfb67eaecb19ab330a0
0,       2244,       2244,        1,  1944000, 5739eef003031bb447e4c184cc497fe0a1a2698522898ab50e7f6ce93faafc73
0,       2245,       2245,        1,  1944000, f84645b4565055f8a299f5c14c6d66c14496d448536653e9dd53c7c9e6dad02e
0,       2246,       2246,        1,  1944000, 3c298cd20f077a5f4b17f47b2a1363cd931e94d37e95485b3a6aa31e4c3a2aa7
0,       2247,       2247,        1,  1944000, 628d1d7747e735dcf462e545556f593847f2245433c9909e7f52837eafb759c4
0,       2248,       2248,        1,  1944000, 08ffe9ac670b11e47abb91a10678dc1f9ec6bd92113edbc8cbc2f53691f43575
0,       2249,       2249,        1,  1944000, 01d6a6d9ad3c6af0b61a8021ed2b4e5e89f790362c0aaac6f2b1943d88e999fe
0,       2250,       2250,        1,  1944000, 7bd001d96d4ff4b06756a4d611388299c8b7aa69fb32df4321d00bac84a936f7
0,       2251,       2251,        1,  1944000, 9610375ed38c08328c0c253345c85de9ada44afaf2cda2278221588dbe2ae9df
0,       2252,       2252,        1,  1944000, 7dca5b477cf0186a43005116661398b9cf873450c54abeec481f71d364c7fb4d
0,       2253,       2253,        1,  1944000, 7dca5b477cf0186a43005116661398b9cf873450c54abeec481f71d364c7fb4d
0,       2254,       2254,        1,  1944000, f77da3e1695905973819aae42339d4c3b8cff67f13179f18d1b94ceaac5c95eb
0,       2255,       2255,        1,  1944000, b84bcac4487ecb1a35abff6b2869ccdf2c0ec0da7662b0a15365c6a8a4195f8a
0,       2256,       2256,        1,  1944000, afbef61dd8f6f113f57331673622dae1f0b08d3c3a0e36b4d665a817b144a88a
0,       2257,       2257,        1,  1944000, 01e5f937b46ff3dde9d0c0e88f1b35b3467473731b51759e9ed4248e39f1e320
0,       2258,       2258,        1,  1944000, 6560652318379b0f939be23d7eba2c2c07f2de9279a073d2b590997d5d8a1d3d
0,       2259,       2259,        1,  1944000, d14c437b75e421b79686d50e4004bb975b1c72bf8a30a2a127406421e417be66
0,       2260,       2260,        1,  1944000, f8dc789cc5716b202b0e3056071470c38b48d3149b0fe269074f3bf5dea6fd78
0,       2261,       2261,        1,  1944000, f845ad2f14b23d930dd12c7470e2f4b608b64664dfe8ce37d6fdd7650c4d61bc
0,       2262,       2262,        1,  1944000, ece0865f4ed5f8c4087646cd1540601a90aa08e509221e0b11c3b4df2057992e
0,       2263,       2263,        1,  1944000, 07273f43d78c67eec38cf4ee6409b4d61bbe4afbc65d0e6658886a59f92d9fb0
0,       2264,       2264,        1,  1944000, 3aed98a7ba71bc6cb6ad8b3e24d186fc9c668b07a179ef25f8d72b81989d5e41
0,       2265,       2265,        1,  1944000, 3aed98a7ba71bc6cb6ad8b3e24d186fc9c668b07a179ef25f8d72b81989d5e41
0,       2266,       2266,        1,  1944000, 2e9b9217fb694963ce8b943c85ce43469f8e840c9465343e367f5c8c4dc133a1
0,       2267,       2267,        1,  1944000, b8dbc94dfe3fa500ccdab36ff9322f6941eba070e6132b6c4aac3050607fc3f4
0,       2268,       2268,        1,  1944000, 5daaba12545fad8de7f98d0d3056266d574f775b261f44ec980ee5b0459c2f24
0,       2269,       2269,        1,  1944000, 5daaba12545fad8de7f98d0d3056266d574f775b261f44ec980ee5b0459c2f24
0,       2270,       2270,        1,  1944000, 7070d5c50f7d75175bbc8d10144fb8f0c7bcd1fb6755f3434a7d03fd26e1c7e5
0,       2271,       2271,        1,  1944000, 5daaba12545fad8de7f98d0d3056266d574f775b261f44ec980ee5b0459c2f24
0,       2272,       2272,        1,  1944000, a9d6e716180cdb3a671a95700742d3a874f971b985a979a64631e076ec897a13
0,       2273,       2273,        1,  1944000, 1251f5eabe7465fc1590aea3d165f9cba6a3b888a729e91c9365461f8b0bc283
0,       2274,       2274,        1,  1944000, d524c5f3ff9e362e64d9125224dc0f27a24c67e4a9599aa927e405d5c9638207
0,       2275,       2275,        1,  1944000, cf3c5b2a78bdd51f7de2bc90a6c846b6ec0a8378be4c914d0e5c638e4708f48a
0,       2276,       2276,        1,  1944000, 7939fc890673014daf2edd74a7b29b3a70d00fe75052305ea6189dee612de890
0,       2277,       2277,        1,  1944000, 7939fc890673014daf2edd74a7b29b3a70d00fe75052305ea6189dee612de890
0,       2278,       2278,        1,  1944000, 1947c23801ca6e2becb430c6e1d22cab4762f2aa4e176534d2ee54a04761d8ad
0,       2279,       2279,        1,  1944000, b7d34db5f142f11f51fc1d823da7b4f3f6eda375383a575348ac72c1253fcba1
0,       2280,       2280,        1,  1944000, 497a0f27cc48f3284f7d3d4dc85943075d9c38a786fa52ae9aec638cd3d85f97
0,       2281,       2281,        1,  1944000, e2f1df065efa537662c86d291757f72c9f658056c0478e29bcc657dbbfe2d8f0
0,       2282,       2282,        1,  1944000, 6e961cd12119dcf0400e038686a16cd47a19221bffbdf5aac0498a6667b2272a
0,       2283,       2283,        1,  1944000, db01ec7dabd8182173fe385d053cc84f171ae68a69d5a745bb360aeb8e9385c8
0,       2284,       2284,        1,  1944000, 4ceaee8ae81e6882dad893d2170a829dd2da860c809aa6bf90616de97b9c454d
0,       2285,       2285,        1,  1944000, 0286ceb93ae65e2aab3cb1d41250732a94be87cda567b66c1bdbb480adbb5296
0,       2286,       2286,        1,  1944000, 6b89be15f9c09e3d5cfe82535763bdb44d6597b2769769f964771ade47e0058d
0,       2287,       2287,        1,  1944000, 832f586abc28b3c7a22f9537474881f7174d41de32aead39d2a2b284acd6dcb5
0,       2288,       2288,        1,  1944000, 06a41be23616fe39d607e97d88e172a36c3adf326bef31219ccbf4d918c79b10
0,       2289,       2289,        1,  1944000, 22998731a12adecd0d5d38be13286e393d997364cdaa6583446338a1f79ddf5b
0,       2290,       2290,        1,  1944000, fd20b6d4f294f814c311f368a21b73aece0d4f6c2b996c26771f6632e48315e0
0,       2291,       2291,        1,  1944000, 6dd91215cd94351c8242e20dd40a4caa52210c8ba31355c783bde91f1bc7a3f6
0,       2292,       2292,        1,  1944000, 6dd91215cd94351c8242e20dd40a4caa52210c8ba31355c783bde91f1bc7a3f6
0,       2293,       2293,        1,  1944000, 990962b595c5f947e2098ed002541323211e66e94d8e55b5f23c92663b2ceb3f
0,       2294,       2294,        1,  1944000, 88f019284b9f7f17bec23d9722e3b1a30cc54e496ef2afb4e87b98dd69e9d0f1
0,       2295,       2295,        1,  1944000, fbf2dd0c693f6381d54035ba0d2ad9b8675c49fb8e4d51d4b017ff8859c50c70
0,       2296,       2296,        1,  1944000, 23e9c691dde0ec325b9d2a073cf5be1cd266bfa5794b29368b308687946382df
0,       2297,       2297,        1,  1944000, def107a4d63b36b5919faf43c38c2f9533d1eaf9943c560f3fad9fc63dd08845
0,       2298,       2298,        1,  1944000, b5ec4b290030fc777cf8235e25edf26af84cca34b0c550d13a5dcaec8333dc0e
0,       2299,       2299,        1,  1944000, 4ae9cb3c9f183d29b2b89e6f7553dc572fc0cc740c1a4ced5c900a2d42a8b326
0,       2300,       2300,        1,  1944000, 1b764d4875008f07ebadbba5633e3078f24937297879188132f6f3dc649ea12c
0,       2301,       2301,        1,  1944000, b8f38aee25eb1820016a71158d7a1ee798a57a453fed1653911f3a16a89e7c8b
0,       2302,       2302,        1,  1944000, c0076773e66b792e4055059654f16a75f9a424d7db6c76b43826973e4efb9e97
0,       2303,       2303,        1,  1944000, d10a0eb91f53a5f6afeb42b23cce8298e91b938da6e6403808a59c795e8f459b
0,       2304,       2304,        1,  1944000, 557b8f8f782920b1c50aeedb66ce26bfa282cee36d7fac017d6813393c444970
0,       2305,       2305,        1,  1944000, 8290a12e5bd94e7a506667600bc6876e56cdea29439eeaafdaa676194ab9f2fb
0,       2306,       2306,        1,  1944000, f10822ba677e6186adc80c5527362495be391dacd50f1a7f7d6970c9b1f64469
0,       2307,       2307,        1,  1944000, e532127a103eef5d46272015c82962e555f7f4be9fba420597f1ca1e7a66da82
0,       2308,       2308,        1,  1944000, ac657b4d7a5e0e5440e1abb030dc2d6fc3a3c9c6dc429942766b2c70f5e557aa
0,       2309,       2309,        1,  1944000, 8946699ccd306d352a0770f08178bb8c57752d60628a0c4cc3090512be4b9eb3
0,       2310,       2310,        1,  1944000, 7881ce2acd6b9090213c57ab95b03d14f2a00bcff7074b508a50348da3ce417b
0,       2311,       2311,        1,  1944000, ccf20d7e09b30f6db7e1483e812e87dbf4f29233a61a3c87976c5f04a0d2484d
0,       2312,       2312,        1,  1944000, e9000bab2a41ed8a4f60c96a04e4ee93895565e17b0f8b9197443740d7b1f8ca
0,       2313,       2313,        1,  1944000, 87fe8b50df091379a8c6c8f3a6b4e7b36e8fbc218ce25e247080433f06d30d39
0,       2314,       2314,        1,  1944000, 319105436d54d4cb26c61771f12ab67afbe77cadb7ac8c60b47f74c6d806863c
0,       2315,       2315,        1,  1944000, 9afbaf53d6b068ffcc7b0f58c8718cff004d72f77f037ebe59afee6bcc40a9e1
0,       2316,       2316,        1,  1944000, 149c1beedf7521152ac5aab9337d35a6f1394ac180a5c5d5d9320c9264863e0b
0,       2317,       2317,        1,  1944000, d9f083b842929c9d5ccbadc42c220c9fece1e13c8d211fe38f8f328482cb5386
0,       2318,       2318,        1,  1944000, 18f04244a3a50a66f35a85aacfcf1d52ffc67f2f715eb6d47722e45ca7550938
0,       2319,       2319,        1,  1944000, 71fcc4d09e9bb63a7f56a600a1ccce2eb5d1bf93d793c0703a831bc7fb1c47dd
0,       2320,       2320,        1,  1944000, 2e7a6224913407307acde112de38a840453d42e9351cb5279bd9915a1a319501
0,       2321,       2321,        1,  1944000, 8002c5ee8436661b861cd1e5dbc391e21dc47e5edeb2e1b1b983c6415f50124a
0,       2322,       2322,        1,  1944000, 1afef5268404f6384f0b2fa3c19ff1e424b9c8a8f90557944bb020a73fbaeffb
0,       2323,       2323,        1,  1944000, 730e6a55403236703a2b95f15fb5e01bcb701636a3b50e9fe187e29b3d425619
0,       2324,       2324,        1,  1944000, 222b2b284db9cf1bc05429c77b2dec625a169957073131e91ac8a037e39a5a70
0,       2325,       2325,        1,  1944000, 222b2b284db9cf1bc05429c77b2dec625a169957073131e91ac8a037e39a5a70
0,       2326,       2326,        1,  1944000, f66c1658f3ce3f06cc0eee1b2eb6630ec646e4c9606a8c83c58c2ace7a70b63f
0,       2327,       2327,        1,  1944000, 302ace61f7162e027f4b6141893fd42f4642d1f4e84847309ba1bd12c90c7fc9
0,       2328,       2328,        1,  1944000, e45b508e00fa4c3db7adcc2ce3f7b7b415782f2083c839d58e183dfb8db2905f
0,       2329,       2329,        1,  1944000, 8b4b90315f2e2242d84122fc758a8ddbc537ade370ce5b0914e279b832318df0
0,       2330,       2330,        1,  1944000, c4a875c8910458ce8d5ed34bd45ff59a0da86df3d33659bc62224b96653cb7b5
0,       2331,       2331,        1,  1944000, 3bbe1275bdc8543e2a720cb2bb0d5edd1007112fb56d94248822537c0faf24c0
0,       2332,       2332,        1,  1944000, d113cf30b0b2bc281a31c4e125c59ecff5b9fb183d4f1e68ef9d1a48a60078b9
0,       2333,       2333,        1,  1944000, 55a00bbb48a32ed845b309d5fabca6507b7a135bfe74bc1e47fbb688b9663c67
0,       2334,       2334,        1,  1944000, b3bba9ce7eec77b1c4c48d23105dcb6482af535254a97e14af6e1dc64fb340de
0,       2335,       2335,        1,  1944000, bfd9365f9f1d8668713d61e171f6869c8081a86441764fa4390d22b5a9dc820a
0,       2336,       2336,        1,  1944000, 1e46f6b5548b16f8fe0fac006ac24cb602eef706ddc2b917031f23b8b2b05113
0,       2337,       2337,        1,  1944000, eecd9e17bdfd8ade961c697b939b35b2ce40356727949396b17948cb9ea855b9
0,       2338,       2338,        1,  1944000, ddb474327f58b2aff2bf4f197e9af7d83559359895c0d2960c00a810cfdeb0c6
0,       2339,       2339,        1,  1944000, 950bcdf267f8402d218f704847ddfdea3bba931bddad16eede72a8c6abfedecd
0,       2340,       2340,        1,  1944000, f1e17a30ec0c2c733463c8166ac33bf889cc5b3789b6a1ec4d1b43efab3fb0c2
0,       2341,       2341,        1,  1944000, 8cdbb5d116637029287ecff5c5dd5c94e536c658433a1ccc318cf22c725f6acb
0,       2342,       2342,        1,  1944000, 54e4dd6093064432af5e8e0fe8fce4d4b08949ff3c397353abca136bb1376a89
0,       2343,       2343,        1,  1944000, 3a7edb3b82e04ca2af8c9d6b178804139be33b60fd8c7babf8e999e6dafa0bba
0,       2344,       2344,        1,  1944000, 5734ebf9f41b29dfe7a9e8f43abc9a9f2ccf1011cc882141f923bf02f1a23d8d
0,       2345,       2345,        1,  1944000, 25df5a23e9d12cb958bb8caa9fdc3509e5342a41a58bf59cad2c56789922e9f4
0,       2346,       2346,        1,  1944000, 7577002b722767a02d05437c520554ddd59fb8ff9696b69dbd15c4a04091f859
0,       2347,       2347,        1,  1944000, 7f3721f1b5a0acf358abf702e36c13a4172c798a5e8d47351c129cbe2d73d893
0,       2348,       2348,        1,  1944000, cb78c315e7c5d59b881ab48ccc5f5011b0c52b67faa8e21e8b49276d663f96d4
0,       2349,       2349,        1,  1944000, 13a0ca36061fe8b43c34f86f7903f2b41192167f53b09dcd816062023086cd89
0,       2350,       2350,        1,  1944000, 3c358c4e0f3b4f09f124e97a01db3d07ea23f67aaa16ffe7cd3c9229083d21c2
0,       2351,       2351,        1,  1944000, 7282677f7a44c4deea947154c1ac6d74f34c1f7702643b3a531a9fb77fdbf0dd
0,       2352,       2352,        1,  1944000, 36f747c225be827c01194b7d5dc9f8940a3ec548290a717a34f5f06646020b4f
0,       2353,       2353,        1,  1944000, b27a400a7b7cead2c96e238c4c1bb4bf93ad5ef974e32ff776114310ea289d7e
0,       2354,       2354,        1,  1944000, 3f53b43e22cfde1c86f91b18c08abd0cce258913a2960b9d9f12aa34375033db
0,       2355,       2355,        1,  1944000, afecbf32b70a979703ece0eaa3bb59555e0308e960f72e0a9aa69cab928b0fb6
0,       2356,       2356,        1,  1944000, 8c38f0497bb5ee40caa98291815e0abd2934af23fa729d064ab9e095af911031
0,       2357,       2357,        1,  1944000, b06686098bbff6a4642b987aa0483fddcac2b2570c414cfccad32bbbd567a0f3
0,       2358,       2358,        1,  1944000, 091586c56dfadca8c6cda05146b69dc6417c647bc7e5cd2649d9b4b8f1f9aa42
0,       2359,       2359,        1,  1944000, 87a8f4ba22da6912cd0474ec67fecbf406d737c8628e107fb919e3d5d46349b0
0,       2360,       2360,        1,  1944000, 3510e3d4374e709702763f48da9baab507635baa4ba32745a82ab34bdf1a0128
0,       2361,       2361,        1,  1944000, c16e7576407379cbb3940bf80f6aabfc9ad269876d74503f8e2da63fc45fa9b1
0,       2362,       2362,        1,  1944000, d1d67d41358882411812cece408b88f2553674c7335044398297cb15c3e7385a
0,       2363,       2363,        1,  1944000, 82518f4959f2e7b44cdf6cda589136bf5175d52b4b5b3a55a3e1e40724ab324a
0,       2364,       2364,        1,  1944000, 5e0bd27aceddda7d3fe19007c3d34a660232dce23581b3a8da7e56acb185bf0b
0,       2365,       2365,        1,  1944000, e6ffde3ab91cd54ea56c25aad476df1b9dd5bcd4cfaf4cd638c2fca02e685565
0,       2366,       2366,        1,  1944000, bf5767858e4bd6b0d2f3d52089875f95405019b521f7cd4cc99dcb5c8b37f634
0,       2367,       2367,        1,  1944000, 51f1c3f86d964cae2a48f572bff553e97e4829df7cb2b0e5a7e4506d28d8354b
0,       2368,       2368,        1,  1944000, d9359b766edc33c329db02539561451ee3fbb2b0be26c00f96bb2e2b8ef47d5c
0,       2369,       2369,        1,  1944000, 69c8b726bbebf389a24789455b8966a25af6484c24bc5166652e0c10d1c5b73d
0,       2370,       2370,        1,  1944000, 38c2c2af92fa6210fba731b2df571f2e7f1223d60ae15ae3e5c0a36ffecb47c2
0,       2371,       2371,        1,  1944000, 3125508f8f3f1703cad4fd9f04edb7295d15bbfd83245b21e4fe99e0f0d2063d
0,       2372,       2372,        1,  1944000, b370106c8112482eee946ba2e5ea239bdf46ae2eec1134352dbcfd02d79244a0
0,       2373,       2373,        1,  1944000, 3be02a2cb2a0b4aaf2a91a2997e172a494297a977df36e0896b77cabbaebcfae
0,       2374,       2374,        1,  1944000, f857d57c1cd6ed8c2871cdbc5c84a1ad0a55a5be5c6e44b3f70576c17af86ca7
0,       2375,       2375,        1,  1944000, 9ed71468e24097ae107bb3e45ea5cc804b0724cc2e0bbcd32489373fa0bf4688
0,       2376,       2376,        1,  1944000, 7d5f3c107f29f1215b8d6dc296ff6406103a18787a7a52fc1ab2ddf481083085
0,       2377,       2377,        1,  1944000, e2073791c9e410fc510e804693d86ba1f6284448e0e44729f15252dcf11699a2
0,       2378,       2378,        1,  1944000, 0eda3cf512a8735e1d3bd77c7010b71890f4203350c81c420221b86b2314d158
0,       2379,       2379,        1,  1944000, c229250930f6a8912adbac73ce8190565b2aefe51481089d35563142e4df0b19
0,       2380,       2380,        1,  1944000, fc29263d6a8fd3dc3b639ef17f236918f72ff806546207320137b932dc774a54
0,       2381,       2381,        1,  1944000, 903fe6436f1b57debffd4d2605d601cb065c1683074df8ab444ccb308dec9a77
0,       2382,       2382,        1,  1944000, a3a52efbbbda3541152d47d656ef4d2493e2801ed749b95a9b24bacfedf9c79b
0,       2383,       2383,        1,  1944000, 036aef5236bbb2c6dc57990a5a6ccee8962aa04d38eaf2e3dac1ecf6fcd27bd0
0,       2384,       2384,        1,  1944000, 31f3bb777205d5d3d3aaa4dbc7c20b26cd3acbefd56f221119b73bdeeec57d10
0,       2385,       2385,        1,  1944000, 10dfaa10013cd81d56b60a5058a3734acf99277f09a546ba31bdd7895cbf0c31
0,       2386,       2386,        1,  1944000, 0e7f2f6665e01b5d673e0e8e097671d6f5128e82fb4c82e85e270d7614269420
0,       2387,       2387,        1,  1944000, 760cb8d9c7293a7706ac9100e087417e0585e3cbe4d61478092dd17990591b2c
0,       2388,       2388,        1,  1944000, bffd545d7335f68375aa8fb31d4db41767c3b7509b51c8c80c3c7df50e50d0c3
0,       2389,       2389,        1,  1944000, 607420d01aac6b6ddc77c48547a13a328d026f967cbb6cf76f54af47eadfca5c
0,       2390,       2390,        1,  1944000, e05db76d99ba5c8be46b9448a117edb084e0888bba00b6963d4a7581d102d9a6
0,       2391,       2391,        1,  1944000, 44747a0801763b5b8056757cd5ec36015819e81114484b2c27b4f81106eabd96
0,       2392,       2392,        1,  1944000, f132e8b19b17ee75fb1a2649feb467a02639cff4c893ae09b52000a1d71a739f
0,       2393,       2393,        1,  1944000, c563a1106795dc2d6c517862facd6d9ef612818194dbb351e58bcbbae0673653
0,       2394,       2394,        1,  1944000, 0c0910be9cdb846c75ec0c9b10cb4a9db62c3649da3c71cda6a1d6837013286d
0,       2395,       2395,        1,  1944000, cc35ed66944b6c4d47faca5e7c7fa8cb665513f8bf198a1a8bd2de3ed87283b6
0,       2396,       2396,        1,  1944000, b1820f6155a1b6fe1dd76e4403a950b6be1252b2658d90b7d4a45287e5b98f2b
0,       2397,       2397,        1,  1944000, 0935c8bff1fbce7188a68e789615ec692db384ed456842dff0fb721c3c0aab74
0,       2398,       2398,        1,  1944000, 1f77992a18584d184161361e1965586f58f1592b9ffac22e991a394a076c42da
0,       2399,       2399,        1,  1944000, 97971a8856cc40a929d3ac5c27d3b1c74c2763de8e29f645b4c5a850abce8255
0,       2400,       2400,        1,  1944000, 2f175ff6fe6a90629f16b7cadc7c30a8aa17cbc4426d62161245b59247582424
0,       2401,       2401,        1,  1944000, e381df238a8da34ac45006c3976a92a42c671ffec08e4c0a3a9e7794ce75ce7d
0,       2402,       2402,        1,  1944000, a015ee09538234632f0019f505981338c7a1d7ad12d712af16f90336dbbcb6db
0,       2403,       2403,        1,  1944000, 1fe516372db871d326267adafb93da2972fca8036104e308ffe7e693bcaf6bff
0,       2404,       2404,        1,  1944000, 881aacba1737946ff72c2e4d5657e0bcda070403b0c7f1932c95264d479214dc
0,       2405,       2405,        1,  1944000, 08b97c0b002e3a37a8a56ecc818af4bc56ad227793a4d038b7964a7374f7899f
0,       2406,       2406,        1,  1944000, 632e552ac1ec51f83bebab275366db0f4efe3a545df7987f56f1878af03d1f02
0,       2407,       2407,        1,  1944000, 42c11ad1523e3cea93cd62b550fd8b4b34052f889126c0dfc148ff00901c5269
0,       2408,       2408,        1,  1944000, 30f1c06db5b1536081ba83eb9f2f852918fce510546a37f5192f27939b8e17f1
0,       2409,       2409,        1,  1944000, 4a444101d3e67c68cb207310244aefadcacff8cb4abba9ebad51acec2ab04318
0,       2410,       2410,        1,  1944000, 96b69814084701cf63f6cd61302037f5794405897a992957bb3a2fbc054e6116
0,       2411,       2411,        1,  1944000, c3be3c9fc08a223dfa9ef9243b4ce19890e79be50159afebe71ca317b815b34f
0,       2412,       2412,        1,  1944000, 244157321718f600737fbfc6b9eb8ad1f0ad5d1ade0827a5b63feb4a597fe281
0,       2413,       2413,        1,  1944000, a6f743981a4b850f3d8343f09fd8fd68d9434afb525f9a835fd864d6b0578f69
0,       2414,       2414,        1,  1944000, f893767135d290d6159b361e98ea70cb0dc7e0ee9b7eebdf57a9004fb0923bfb
0,       2415,       2415,        1,  1944000, 71ce870c21152a7c9457f768e42bf9f3c3fd21194410a4f21f9afd3e0698f08b
0,       2416,       2416,        1,  1944000, fc96c0cb2e3c377aa6131b56cef53e9be44396bc25fd8bcdd77c4de912bdcc54
0,       2417,       2417,        1,  1944000, 9297a789054065e7e1944a0117f1c2433cac29e013bd0a5956f776d63f7791ce
0,       2418,       2418,        1,  1944000, 98b6f4dace55e40d5c9db517b659f5d09c3b0a5d28852ca11999dbca02798795
0,       2419,       2419,        1,  1944000, cc1d436c26e6d64f5adec8c0eb5fc3b60ed68eff1b840a4f92a39c1377d7c03e
0,       2420,       2420,        1,  1944000, cd9d132284d733a5228af144f0ea1dba8e2cce03dcab034c3775ae1d3f302854
0,       2421,       2421,        1,  1944000, 933e3a0005bf3717dcf1096fa1ffaabddb408dbf9e36cc07706bcfc2f99ec83a
0,       2422,       2422,        1,  1944000, f16a50e14347199fae5896a457567470d4bca8a764b61b0428bb6bff0906bb9e
0,       2423,       2423,        1,  1944000, 47d50bef9e53cf5e1e03379ecd2e906546905282db132675ffcac4719fc5680a
0,       2424,       2424,        1,  1944000, 6f01c7dcaff0e4df8d3b85c054a82d6d825a363f21f2f63d825c56334576c9f3
0,       2425,       2425,        1,  1944000, 12b1098a7e24265f39199788db307415120012819faffc5a0f8a0d3589dc97c5
0,       2426,       2426,        1,  1944000, 85056617ef3825af70ea94c7ae9eb1c06e6168b7e8626e5369ad160ef16798dc
0,       2427,       2427,        1,  1944000, 46da9ebed29b7d5f21b0ee4c2963640811e87e538b5d9b55e9258d2a77cea9ab
0,       2428,       2428,        1,  1944000, 7878f0a31900f9a3112d272fb7c67656a9870272adc50eea60da34c3bdbf74bb
0,       2429,       2429,        1,  1944000, 53baa8efba5f2ce47eab5423a885b92e6f2260d81b795065089119149ccf0c79
0,       2430,       2430,        1,  1944000, 85144924ba5a24289bdbade07edd7e1b4a5a585b17fcf6d5e2c43cb3cadd0259
0,       2431,       2431,        1,  1944000, 401d9bba3ed81b44774bb419b752229b445b80dc9479074fd23df6d641738b81
0,       2432,       2432,        1,  1944000, 70bda0c3169a88df0f52ff8eb23e89207057e14df9e45cfa8ba35dd6c24e3a5d
0,       2433,       2433,        1,  1944000, be0da2c4d63c5eac3f3364730301c47b553bb9712f80baefc621358b999404fc
0,       2434,       2434,        1,  1944000, cecdcb9959d01115d697edd6d48f55de28199963b649122c524c7276071cbd34
0,       2435,       2435,        1,  1944000, 3646efe3167b310391b9d3a4204638fa10a6d20046b321da9c901011da84c4d0
0,       2436,       2436,        1,  1944000, c754c3ab637e7a10d601cb710a2b2e47da1d3ebfb0d88db8cc1901b15b90bbd9
0,       2437,       2437,        1,  1944000, dbe0aadc8751a61f5f91e6a20cdfe17a55628f5dd9c6f43cf5d76b0ecf195448
0,       2438,       2438,        1,  1944000, de809fd1d3ab098f1abd0ac6780f71f2f782245b86bccb5ee8d0e1ed3f9add4d
0,       2439,       2439,        1,  1944000, bb0b1fc17903a4aeab82cb864c4214208deb45ad9952999477fa7387a031c4af
0,       2440,       2440,        1,  1944000, 1ee5773864fc1111c31c2f5e37055a88801f41cf322f585afe7198b5f88c686d
0,       2441,       2441,        1,  1944000, 6b0cd979bfecea723b842c1e5123a4bc445eb339f6b7194030cc2b34a22fe472
0,       2442,       2442,        1,  1944000, c4d6a5e157776520e1d1e01d9e9d861909a172b867ab7c23e16e80e0b573acf5
0,       2443,       2443,        1,  1944000, 722e99352c9dddcab6665604c23dbd69fe371ebc6fa23d26a09a24fdfe237d5e
0,       2444,       2444,        1,  1944000, 29ea42395e1701a69c0808a44238ad5189ea5fb5a0fd4abe77b1e97ebfd17246
0,       2445,       2445,        1,  1944000, 11762ca760bff2df06a89f6cc62c95c619f4948f31e168c7c817457c8932f32a
0,       2446,       2446,        1,  1944000, 816347bca31b9db5a14ad7c59b8ae1325527d9dd01369cfe491f05d5d23c3e77
0,       2447,       2447,        1,  1944000, acdf88c5c6738bde2dcf6acf5bf97d0e4db8cddf855c472ff2b45e6a4e6db9ae
0,       2448,       2448,        1,  1944000, 52ac3e8a62a96932c5dff32817f8690700ce195558ab1a40450f54a151d559d7
0,       2449,       2449,        1,  1944000, 2272982e386b799045dcb7d4d1d9c3c2f2718b69ff194c5cbfbd212a83cb54fd
0,       2450,       2450,        1,  1944000, 484f8d63dedc346efd52ac4fc936d6990bab5e86b2ec4fbfdd12bf99b26e638d
0,       2451,       2451,        1,  1944000, bc46127f0a2bcd72f77ade696db0fca959459fc47123de07749417699a2c3650
0,       2452,       2452,        1,  1944000, fc11c7284a9dc7eb63699eb00959f8f2f976b520f373c01ca1a242484baa432c
0,       2453,       2453,        1,  1944000, 75c8d92514b7d5cbd1d6ff8c59f0abe2f099883ffffdb225a2d71c10495e6950
0,       2454,       2454,        1,  1944000, fb1ab67e857dfb943b878ea6b3d177889cfe5c06ffbf544cf3e53c1547b6d0ce
0,       2455,       2455,        1,  1944000, 1b0b78d04b51b9c6e1d453d56a9ddf22eccdc2faaa0d55b4020785d2f06e3ec1
0,       2456,       2456,        1,  1944000, b049e2137ce46ff7a1dd13949321456f9d73f4ca92d6ddf639cac0015f8ae886
0,       2457,       2457,        1,  1944000, 6c69ad8230e265994cd9c362f1005686e38fe74fad8f817d5295ba0db883f424
0,       2458,       2458,        1,  1944000, 5330b2cbc037170e8088a6bc732880ce62bca3701e7cc2b9a4695166a05d022a
0,       2459,       2459,        1,  1944000, 38643382eb54d791c26b81bea1043dfdcff19295bd991a2fc32af17c474ff940
0,       2460,       2460,        1,  1944000, d41e9202cefa717aff95544f257d28eca9b9ce408d624341292b25b32191e5f0
0,       2461,       2461,        1,  1944000, 87d3629095ce7c6958dc131016ded41a5ffa830ac99412f2418cf67dae6a5da1
0,       2462,       2462,        1,  1944000, d6b0b29698783d8653c494fb12738f7580890b21f26d5751103fdfca7e1f1725
0,       2463,       2463,        1,  1944000, 75cb7c84ccc880be3f0dabd63dfc5a977e569f67831b2746c28950d8514781fd
0,       2464,       2464,        1,  1944000, 3d045a6bf8b1e04b74ab77a95af5229a7c3535cb484af17b7526b75184266beb
0,       2465,       2465,        1,  1944000, c6fd11c0c20db2bc3fda7d33e4be210052d68f06aa01049cf72b4564e149c11a
0,       2466,       2466,        1,  1944000, 824ef107900676db4503830c4cb7350896801db591387c5afefb05c5b3afee1e
0,       2467,       2467,        1,  1944000, a712815b00fa4939f4fe838c8962794f896286f4f40ee02bf01c07bc537c4bb7
0,       2468,       2468,        1,  1944000, 8ca1e42c5b770001dd84d0c888afd38cb89668789994145b75d38bdbdd112f3a
0,       2469,       2469,        1,  1944000, 82d4120e8448d93e4d0154cb83d168564de4140747a96ca426837dd14d2fd6b2
0,       2470,       2470,        1,  1944000, bed278920a9c134f0b0d71cee9271ad9af6046612489800b4141a1e51ed4d264
0,       2471,       2471,        1,  1944000, 0fb7c459ce4e850f7a340451c07374964c8c46776f7a71a917c3fa02a645ca8b
0,       2472,       2472,        1,  1944000, 86f7a4843be02c1890e3cb4fee3a7d2ec3c16de8827e5dcb2a220bf5b496438a
0,       2473,       2473,        1,  1944000, dbfc33b160a1a38d387ff5ff59f6b56637bc18d15458abed36bddc72734905fc
0,       2474,       2474,        1,  1944000, cab1359ea68387eb3d604808fab475d551e7472bf1fe3993a7aa48a78b9462d6
0,       2475,       2475,        1,  1944000, eb1603e19304293abd424fe89acc2542d1881f5121bad3d4467ac534d1b1c3cf
0,       2476,       2476,        1,  1944000, 742d3befa9f9cb91b80a67f4116a7329bdb167cd93b2584ea021562e3aa91b9c
0,       2477,       2477,        1,  1944000, 4464b40773a004e203a50e1fea26f3bb1049206b19b688ec63831d1888e17093
0,       2478,       2478,        1,  1944000, 83ec0dd11fc136df5f53d06701708b06081aa11397a7f8778b3a858fe616e14a
0,       2479,       2479,        1,  1944000, b718d1d33c7c3cc9e58255290e3a6264db523bd18d13c8f3a87ca992043523f1
0,       2480,       2480,        1,  1944000, c02088f37f367fc1da4b43ff5a2ba75455e702d5eca59f7cef6fd08707fdfe00
0,       2481,       2481,        1,  1944000, 4ece0ca7547fd4ef7d2555b9c3132483cdd33443dd71cdf47b7673a7532c0eff
0,       2482,       2482,        1,  1944000, 1bdd9976414442af835b99f2968db7f1fbdfc4637a24e69f002e840bb79b331f
0,       2483,       2483,        1,  1944000, f405e855750013ab7bd1658e6979e75d6c652078db73a59d0e6f98911def0300
0,       2484,       2484,        1,  1944000, 400adc064fb6959e6e69951ff01467a9b25fbcbea5cd3c3347aca10aaf7a2c6b
0,       2485,       2485,        1,  1944000, a5f5d18eb01124e16b158dae970e756696ae14670d3c809f1f3da11d73e463ff
0,       2486,       2486,        1,  1944000, 1649fdc818b42725a4b09c5ecd591069ba772d68a96ee6850b370438e178d010
0,       2487,       2487,        1,  1944000, 2f95fe0fc2efdc0fe9d25bca6495973c2ec8f7e44b2161d70d813c63909fe415
0,       2488,       2488,        1,  1944000, db92a76c7144f3e8d99c6927c7dd2451335ca70d6edfcc3c96378e6b364c1d8c
0,       2489,       2489,        1,  1944000, 2c009ca89a4df9ef55ca40cda9fd909db10f5df1c9cdecf5128cc691709c6cf8
0,       2490,       2490,        1,  1944000, 1d9db795e50ba039d4c6e3fa8e61be0f8e5d9bad91391ee4ba391a7def75fbe2
0,       2491,       2491,        1,  1944000, be29d68a4c8d07ee2579b46675e98ca00a92f5b0d5e18dd426180089712d6d3b
0,       2492,       2492,        1,  1944000, 802c9f35326a6d3e169b10cf899c99fb2efc10ef9bc9da03a99f2db834fa915c
0,       2493,       2493,        1,  1944000, a216c5e5d7d300ae618f0987faaabf8098b870b7dbc147f0d7d7c5d1de1c4abe
0,       2494,       2494,        1,  1944000, 96ba92b930d7e1214f66ae65fe0cff4da9b3dfcf2f40eea25eb2c2cb35d0909e
0,       2495,       2495,        1,  1944000, 3f9457cbe6dc183837bdb9ba259abd3ffee4ce288bda0b001d632efcbc63d684
0,       2496,       2496,        1,  1944000, bbefe917d66847d9adac80b937c92874ab5afbae7744334be77b75aeb4a0cc4d
0,       2497,       2497,        1,  1944000, 802f74faf9f125b602b1d85d84b76187444aa5748778c493ffb6b6ab1bbc238d
0,       2498,       2498,        1,  1944000, 6bf64acc9c770f16e12804d2794f78497d21c63081e9013f8c5d3524761ce946
0,       2499,       2499,        1,  1944000, ad939434b011562f47948303426023d38b6e546055f4c2b90acfa54bf4f20308
0,       2500,       2500,        1,  1944000, 72b7dacc7843064cf31256dd70252af5fcdbfd2230d160e70f729574194bdb27
0,       2501,       2501,        1,  1944000, a2b0384da95807bbacb6ae07cdddb89609e335988d23cd7f7eb88cf26371041b
0,       2502,       2502,        1,  1944000, ead70f9ce72e45fe5c4e9f66015114e3e7aa782894b040672d76b6a971c0aada
0,       2503,       2503,        1,  1944000, efb9740b162612c299fe03948f3a79bb4417e95933c99a5941c32fedd3d5bb45
0,       2504,       2504,        1,  1944000, 632a0b591783d631128ab05fabb13332adc75a2e0e11b56a09a52060370670b6
0,       2505,       2505,        1,  1944000, 3882c46a7fb1e4a4989b3f85a070098b96f315a6b603ae200c1e1b5f26c84dae
0,       2506,       2506,        1,  1944000, c14c629fdae0e5b54264b32e1cc7cf7c020ba1a6e6dbbd3a83b97331602c7c8f
0,       2507,       2507,        1,  1944000, 368762adf5ceb3f1d73cce3debc4d66442cca969b534faff502efec6b54b9a9e
0,       2508,       2508,        1,  1944000, 535d7da4338868490b3558b644a12381ea5544984301f50a9d72879f50d72f75
0,       2509,       2509,        1,  1944000, 53b9e6e58b9eb8fd1ef546a32ce4df965724fad46b82d2aa0147d846207437c1
0,       2510,       2510,        1,  1944000, 2b7ed075b4881d2f3db1cc4c6f0b89c9ae0106bafaacff0a4685ff9fa473337f
0,       2511,       2511,        1,  1944000, 2b7ed075b4881d2f3db1cc4c6f0b89c9ae0106bafaacff0a4685ff9fa473337f
0,       2512,       2512,        1,  1944000, ca8a849f1e7fd53714b040b6307bfeab16b4137af792980d2f35806c2cc4eb4e
0,       2513,       2513,        1,  1944000, 72d61a60a4b1214da386a47d31364b6b14b11e32ddbd3e72e415559fb2b57062
0,       2514,       2514,        1,  1944000, f81cd237c9af50de9c144ce795a022ada505f9166e8395fa3a175b82f8dfb08c
0,       2515,       2515,        1,  1944000, cb6e96412288611cb16e6314eddde745fbfb07c8d6a848af08cb516a924b2ec6
0,       2516,       2516,        1,  1944000, ff826c80411fbfbbf295ec5297441b628a60a6ade2e8533e81f1d31cf186f57a
0,       2517,       2517,        1,  1944000, 3be2bcb480e521ef49fb7ff6944f853b992b1805c6d4168bad8a821983cbb108
0,       2518,       2518,        1,  1944000, 6ad36bd1d8188296857f4c91e8e4bf2033ad3aca821a75f95f347582e77c2af1
0,       2519,       2519,        1,  1944000, bbdede06719dfbabd9deaf668d2f22afba06ed841f023327b2d0d60c57355dcf
0,       2520,       2520,        1,  1944000, f3816b7b4b9a50ed38a710e6151afc780b41192c687c1dcf41804f55bcbc73d3
0,       2521,       2521,        1,  1944000, 834214dbda8506db55245de44f02baae96991165815653b92ebc91cf933c3643
0,       2522,       2522,        1,  1944000, 8a32419c408f8252d9ba6a696b1b3d46c7a7f29b379db0c9996f52e5167b9483
0,       2523,       2523,        1,  1944000, bcb03468d598cf2d8ad73d610898b301d7f644569815c91bc5d6c2579911b049
0,       2524,       2524,        1,  1944000, 8eb16f6f29cdf73453d30102dd2bc3c159cba097007f49bbc8ca4f8874563b3d
0,       2525,       2525,        1,  1944000, 54d63fb298c2381beb550b0699bbdf9164d073f8c5bc44118c93cf00e4dc1e4a
0,       2526,       2526,        1,  1944000, ddcd425b621182d229a6364a9b76ae50bb353619f8060842ee68af329c67e045
0,       2527,       2527,        1,  1944000, 1105f28bcb3dff8362700e20d7edfb21ff3468dbde7b2ef24c8af02d45c9e2e1
0,       2528,       2528,        1,  1944000, f3833207a62993076f43ce800e97cd769a1acf13056347c0269a4872f2a61620
0,       2529,       2529,        1,  1944000, ebe0142bb0d3e44769c821c804330e7458b926ac969540c7b0dc8760eac6da4c
0,       2530,       2530,        1,  1944000, 23ae81a9676338e5eae1cb57f8bddadbee037c0c286ddf620b20f726081241af
0,       2531,       2531,        1,  1944000, 40284ddbd8eb170dddffac830af951afc788a14685bf0b0d39611efe292d4810
0,       2532,       2532,        1,  1944000, f7d9722261ec5716e6b5cb9c1d01e7981193813340ff9ec3c978de5be67571ed
0,       2533,       2533,        1,  1944000, 34b45f74b0682da87dcda41f1a6d9075491949b459c67b0dc0502ab561eeea4b
0,       2534,       2534,        1,  1944000, d5b8d5103cd586c68509fc3238e7d8d3ddbf5019dec6bf8006c872946b329021
0,       2535,       2535,        1,  1944000, 67b3ba6e06cc387b4551fcafa940f50e3116608316e892465c7f466c59cbfd1c
0,       2536,       2536,        1,  1944000, 4289a0019f39c2381fac3abee776a09ddd186a79c501c2d7fc21333cb79fd607
0,       2537,       2537,        1,  1944000, 915c606bb793599c41f1a91a978166a5d0bcfcac17f66499f04cdbc8434ae974
0,       2538,       2538,        1,  1944000, 1a2e4ed12115e0b7cca5f4411d5ea7294b0bf8605cd0a5602f0300d00ce47dc1
0,       2539,       2539,        1,  1944000, b7ca2b1f338bf47dc6d5a24366bd9ed336ce07eb8cc0fc915f97a961f7f93122
0,       2540,       2540,        1,  1944000, ad729eaf545ec3fe825b22eb57bf797e0867921b733db786bee3c33b8144b19e
0,       2541,       2541,        1,  1944000, 921e5d334b5f8ae52f060807c9b9e4077ec8e26f61394a55ee6a32af6fa2208d
0,       2542,       2542,        1,  1944000, 5bd3ef1c6932e19a4837a081a1bd61d483e0688e63c41a8022db3719c732ea1d
0,       2543,       2543,        1,  1944000, d5a8ad429a0165d980420bb17b3dbddc012ca48c30f81a42fb89c38907e153b2
0,       2544,       2544,        1,  1944000, de2772b65a7736f8b6f20e191692a872282c6a3c8d761bb32fde9b1ccd65f3fd
0,       2545,       2545,        1,  1944000, 64a9d33cbf9f6b2aba3f7d600593bd31e93cbfcace009827b553cb8076f47cde
0,       2546,       2546,        1,  1944000, 0204c24ebb6a5b49122873fc7a835ea5dc0d9c677773b057035119f0a6ac243e
0,       2547,       2547,        1,  1944000, 0204c24ebb6a5b49122873fc7a835ea5dc0d9c677773b057035119f0a6ac243e
0,       2548,       2548,        1,  1944000, 25eaf600749ac85f6afd2320ae61ee62dce5986ddd86afbe24b935cf31ef5e70
0,       2549,       2549,        1,  1944000, c1be6bac036e22d6ad4f8a94d87262a080d26d07e4e92b78cac03a31e3bcea3a
0,       2550,       2550,        1,  1944000, c34f1e91c7136110a71d6b5f25703c3fc0b4f456cd43699e6061e1ef4ee99223
0,       2551,       2551,        1,  1944000, 66d7c8c226e1b0b505b81b50ec54fbc7ab3c086a0950bf95439c4ae2c8b3b4cf
0,       2552,       2552,        1,  1944000, 2c3012cb8be848275efcbd1eecd921eb73ef6ee9fcd8b902699e87109df928af
0,       2553,       2553,        1,  1944000, 720ec8e11766dec9878fcdb47cd17dc02136bb8f6d2b5c8ffd268dd804bc6b3a
0,       2554,       2554,        1,  1944000, 044b24cd0124da24c5281c56a66e65eceaf6932a8c85c1af2c37a0033222b9e4
0,       2555,       2555,        1,  1944000, ba9e82a1056bb49162ef00ac62c0a3bcdd47112568a733fbdae2ced3556a347b
0,       2556,       2556,        1,  1944000, de3f0eed87cf29f768f0544d6f6e08cc5ab38aa4064d17765e185ac56b9e2e02
0,       2557,       2557,        1,  1944000, 4d0d65a53997740feea247ebcbc0eb9d959aca39df477f427168951af87aa0a9
0,       2558,       2558,        1,  1944000, 9f772f817323d2f04bfe005f2c7327cd49b7bc2eca8c84852cdbb75525361a59
0,       2559,       2559,        1,  1944000, 9f772f817323d2f04bfe005f2c7327cd49b7bc2eca8c84852cdbb75525361a59
0,       2560,       2560,        1,  1944000, 88287277141c944b0575d34cb8b62b1e38145d3705ea0a65e077ad99a2b8c9a5
0,       2561,       2561,        1,  1944000, 9c73440c5773e53b0d0ce9a25e3d943730ab7d05d7d328df86eb3ffadaf8d766
0,       2562,       2562,        1,  1944000, 2edc3659efcb50bc33d7e3faf635a908f3d614cd8344ac8be80ff527a4faf555
0,       2563,       2563,        1,  1944000, 9c73440c5773e53b0d0ce9a25e3d943730ab7d05d7d328df86eb3ffadaf8d766
0,       2564,       2564,        1,  1944000, e7b3a7c42c568161f2ce716ea5252fe32ca88aeb91890ab6dbba2c648fb8ae86
0,       2565,       2565,        1,  1944000, 789dcc368c75babf08b698746ec6bf3dfc6d55785fccc61f30ea251479098a6b
0,       2566,       2566,        1,  1944000, 488f175f5c4cd6e95b7486c9d682245c57d8dd799eab8ddbcfc592bad65ac6ff
0,       2567,       2567,        1,  1944000, 45ebdf5d86ae71385fa8851f4ce5f7b04c0c4256d1f526e2151c5636a1fcb92c
0,       2568,       2568,        1,  1944000, 57677562b664066472fbca8efc74eeaa84a5d92040581094623b61d26e450f57
0,       2569,       2569,        1,  1944000, 73ab328d1f465dcadd4d315b78c258a0ccaf0f9d9f748f0ec0a39572f1ff322d
0,       2570,       2570,        1,  1944000, 97ee75ae00d9e8ad2def54b599da165b81a80d360cc28464a0682b081a382f43
0,       2571,       2571,        1,  1944000, 97ee75ae00d9e8ad2def54b599da165b81a80d360cc28464a0682b081a382f43
0,       2572,       2572,        1,  1944000, 999dfb15d5774b7a17c34912d4edc1b22a45f4d1fe5b54ccd62b57460aacba95
0,       2573,       2573,        1,  1944000, 45d9c265c22d2b30cdeadd3ce0f0fe7e85f6a9c39e58d217079a8a32d4a3ac8a
0,       2574,       2574,        1,  1944000, 7a20695003a6d60964c2308ed03d48ddf1d9ad262f1bc70fff646b8d59e5e34e
0,       2575,       2575,        1,  1944000, 45d9c265c22d2b30cdeadd3ce0f0fe7e85f6a9c39e58d217079a8a32d4a3ac8a
0,       2576,       2576,        1,  1944000, 7b970d97584dd076f7da0273f84ea69d5c12e95e401295b0e827454034807dff
0,       2577,       2577,        1,  1944000, 64814df593b5df79cdbc987d8d341b9ee3801d4812ae90329e30160ab6108831
0,       2578,       2578,        1,  1944000, 78b840fdbf78ce9acaf2572ffc1cf72771f1772910661431307906401157f4ff
0,       2579,       2579,        1,  1944000, a4b0f014608f372dbe07b03359e5ed95b586f6368ea9c3ebcfda09068ead1103
0,       2580,       2580,        1,  1944000, c3bd498c6f7579bbfb5eb90e7e7d329918c49a47527e9bd9f761dca24cb8fa29
0,       2581,       2581,        1,  1944000, 2b021a6eedcae54527f6fd82c7733e3da2956746d601d1175a48d67372bf217f
0,       2582,       2582,        1,  1944000, a7cff9e3617b9b34520ecd367fc63820582961d62be1c6679b60b1961193c85a
0,       2583,       2583,        1,  1944000, e55f8cea8ede5f3455ac84be79fdd3e9bfeb941b14027238614dbb96e72269c7
0,       2584,       2584,        1,  1944000, cb597ce5b432a062cc6672b6ae53623f41609644cc794eae6a7255c5d864b48b
0,       2585,       2585,        1,  1944000, a3cc327610d86d30920e36919aecfc28aff369413d8969434919f5a30e9d6891
0,       2586,       2586,        1,  1944000, 5c610833e5d65fb9489a900ecd298deca814fe2dbfb577fe5c08af63f9b8a32b
0,       2587,       2587,        1,  1944000, b261f146bef7cf38f0b4b629892861518c5b5649fbecf3a76ee3e3309f7cf90d
0,       2588,       2588,        1,  1944000, e6d1c5d33b5c0fae9ae36be01359065f6330b084c11614f33f3c8b58cc00fc95
0,       2589,       2589,        1,  1944000, ed4e8b6cb3c83f4b15a2059bde5172af367019123da7c5a6f315b6d657ef2c0f
0,       2590,       2590,        1,  1944000, a6734c8b4ba91660fe0cb243d7efb1662c509c0c9133fb2b366398501f807bab
0,       2591,       2591,        1,  1944000, beeb36588bc74193f63b60528bd8585896291229d8f9ba37d3ee68159b900cf4
0,       2592,       2592,        1,  1944000, f74b4620ba5afe10b511eb55ab59d5efce4c576978e8a4dbef01e0bfdfa24c96
0,       2593,       2593,        1,  1944000, 726b81a8aa9c889fab0584886b20472722cbfdc13aa0c242a96547ba438454f0
0,       2594,       2594,        1,  1944000, 948bf1b44329208a9d25100192441c739a46b72b55065e4144320776f021a5c8
0,       2595,       2595,        1,  1944000, 26de8a69fb04e5631524dd2c74e81b3a1ca36ac84ba554db83da640756114ef6
0,       2596,       2596,        1,  1944000, d591b77475f4112f9b175ee8e2a4c15883a6652d6c7445e0696f25cd6623b3d7
0,       2597,       2597,        1,  1944000, 9efb68b94079f7bb46990eac0c53486bead23fba22eab968f09b1b238e1613df
0,       2598,       2598,        1,  1944000, 75be926abd55cab03b0bd3f2ee75921a157746138e891a3a2c19ffb873348ead
0,       2599,       2599,        1,  1944000, c71904d579477ff0ed3c8ac4898b8f63158d4000f0f8c4385a02b4a36a5b3a8b
0,       2600,       2600,        1,  1944000, 5a6b58f8fbf6eacf191ba15c1a7933c4c9e376765b0682e7dd71cc8d75f37351
0,       2601,       2601,        1,  1944000, b88b901477ad8ae2fe9a96fd2d6d4b188d4bb9e3956d5fd237761afc5750f8b9
0,       2602,       2602,        1,  1944000, e137ff91961a0f31855e440dc16f0d73e5fd6e3eeb323a01b8977afef622a826
0,       2603,       2603,        1,  1944000, 1b6d412cbfd0f60c14c2a0a2b98cc578b93429816c5266b03648411db5a96e73
0,       2604,       2604,        1,  1944000, 43e4a163716985ff0222411e95077cc0255496118171e3808c65cf2b6507817f
0,       2605,       2605,        1,  1944000, dfea91208008635b7dfd378f5860a75ebc9545a281bcd4abd42a7892caf7d2b1
0,       2606,       2606,        1,  1944000, 6983f01fdb4394677653307d58151794e4b996f7b790e8a73c860d380129af42
0,       2607,       2607,        1,  1944000, 6983f01fdb4394677653307d58151794e4b996f7b790e8a73c860d380129af42
0,       2608,       2608,        1,  1944000, fb22c6f1bf3e750b7aefaa95ee2beef0cffcf779a5d82d8c880ef1e0864c9018
0,       2609,       2609,        1,  1944000, 756d21e349f7f5627c332ccfda562fcc103de9a3f3a7d6be109cc38b5e4d81b8
0,       2610,       2610,        1,  1944000, 4a805dc0301d1bacd9687cf9785fced324ceb22eec5793f215dd4c69784e369f
0,       2611,       2611,        1,  1944000, 97ba0ea035b2acb9513266afee2b8a1e9c822e8e7ca9bc8a16b76534dffdfecd
0,       2612,       2612,        1,  1944000, 0e6961d6210815720b48e0a28c461b6a50abf3201a2e3b36436ad56058fc4c4c
0,       2613,       2613,        1,  1944000, 6b823de88fa2b8e0ba81dbfc74017f4939617cd913c7e8a820fdf900d734c405
0,       2614,       2614,        1,  1944000, 547add34c0216d6acc6532428cc8c30875394dcc2841396d40033fd5a7d3d984
0,       2615,       2615,        1,  1944000, 0bb2296461730f54718e454b35b4168cd466211e6b65819a60605c85030d3010
0,       2616,       2616,        1,  1944000, 54b34cdc16f43c66638dc2cc75613645067f875d2f698a0346ef29cd58d83f4d
0,       2617,       2617,        1,  1944000, 97ca785c89497a9d7fd6b44eff7e5c9f1c93a987fca06329cfa7f2ee1b3c861b
0,       2618,       2618,        1,  1944000, fcd87cd0a2b0c7dbe27b4f332e5ef01c7e9c59d897b8030f3e274848ff5d15d6
0,       2619,       2619,        1,  1944000, 9c52f362b07d1393f4fafe0fbc0b1832caf92a51d2c620710afb2ad9ae20f57a
0,       2620,       2620,        1,  1944000, fe673f189e7fee076cde7b7e70803fcca77493dcf90b29de7da6a87d68969da9
0,       2621,       2621,        1,  1944000, 612a5a532a98ff1406f9cd55841537bc12a0f3d3d50d949086bd2f3b7dadd92b
0,       2622,       2622,        1,  1944000, 253852b445c2de75456260249399d8ba59aab0279b868d5eb154f38ab02d6e63
0,       2623,       2623,        1,  1944000, 850969383e22129298bf44953f879015194eea50c85260c5add996aba200bb1a
0,       2624,       2624,        1,  1944000, 49e8baf106aac86269997bdc5326b8db61ab65bf687e4d38479b4c1a4bf649f7
0,       2625,       2625,        1,  1944000, 0ec23c6b8661b013fc25f4ccd2684e421b8b9cc3fb819cfe024daedee320d848
0,       2626,       2626,        1,  1944000, ed5fb2a8050498c5c31e0e6aeebc47e361a2b755d97b831ccd4e1fca91fb0633
0,       2627,       2627,        1,  1944000, 7dad84fb66ac9e357fc4c2ffc8f262fc0a6fa2ff82411107e74b6e2dcaa9971b
0,       2628,       2628,        1,  1944000, e5e6cbdb9e4c7c53b3ce97adade624fb5010e8473e2851c5bcc55874f8f0bc36
0,       2629,       2629,        1,  1944000, 032e020e7a3e67ad8668410c0b6f227b31e55f73b1c6b9e89438515dae541cf0
0,       2630,       2630,        1,  1944000, 6f93fa93a6c42ed0e969ab4117caf62a0d69a37830e33fb6943a2e7478c2ac63
0,       2631,       2631,        1,  1944000, 34df5d25da56defb0ca32ba7a9834235f9b17e7247fb3f3f7efd69b20932f55d
0,       2632,       2632,        1,  1944000, 11c33a89cb6d1aafdeee2ebe1ddd8a61e9da534c65f371b81c0edd3fad8d14b7
0,       2633,       2633,        1,  1944000, fd0cb19bc7ca081e56957f94464d9648bbd7970a9a0516c2b2a64ebb2ffc7003
0,       2634,       2634,        1,  1944000, 41bc7c650998d46a5d123fcad0ca739d73fea6a5cb5f975e48c915142ce08fa9
0,       2635,       2635,        1,  1944000, 3d3daea17e653aa19db3d47fc01fbbd6812e86f6ff41520dc149b971cdcbe6dc
0,       2636,       2636,        1,  1944000, 65347d9d17268c7e3765e4950009c8e32790c57b8a8daf27812f7c814ecea0e5
0,       2637,       2637,        1,  1944000, ffbd3db39e9fd61814bd24fbe0486d581153d8176c03d82c6fbd198ea921e9d3
0,       2638,       2638,        1,  1944000, 9679c708157238ce12cae141b521fed077ae11d751241ad1bdb0f904e07f80f1
0,       2639,       2639,        1,  1944000, d03eac731a5073058313c3e65789fa077d4a2e227ba2a4b56e4fcda758b0879b
0,       2640,       2640,        1,  1944000, 76e96484432989fced6dca84e7f48d0531f159ac7f44931228911750fe42e4b1
0,       2641,       2641,        1,  1944000, b1a2434a33a6d12e7036311212485152dd27685bb52be3aafe715379fdde0493
0,       2642,       2642,        1,  1944000, 67572644304c553ac430cacec84925728f339cec284ef43b4cb1b279136d527f
0,       2643,       2643,        1,  1944000, 9a52c2f0fccda9c9f126a09ad882b944e06779dbe991f533677057471cee3d8b
0,       2644,       2644,        1,  1944000, 000e9a9c837baf1a3f049c488b5aba7caace9c6a71d92b1d0ab92847e26369c5
0,       2645,       2645,        1,  1944000, 3d8bb04c07576d32ac17f0b08950e217cb940023753b63b6474c72fa02a8be4c
0,       2646,       2646,        1,  1944000, c6d4f43c0db7d5715409040dc706a5b355c3ecf737126b7768a3c6bfc2bd33f0
0,       2647,       2647,        1,  1944000, addbc438df4e8be79b5971114acba73cfffa610b3a6f80e97bd7650c597e16da
0,       2648,       2648,        1,  1944000, 67f95517ec4cf153aef61fb704ae7d142a2eb4453babd254b8728aa67a3ae1cc
0,       2649,       2649,        1,  1944000, 57b48efec69e443e929a7113f36294f9f07b2fc2f1f80da7e25d1ee093bb754f
0,       2650,       2650,        1,  1944000, 68e6df8a12f4e28aac59a532bab69acc367b628c1f54458fad9c861bd4b90048
0,       2651,       2651,        1,  1944000, 975ce872b18eadde7ef79d18451fedb089043db3afef812bbdb7bb301c7252ad
0,       2652,       2652,        1,  1944000, 1b85afafd963590bbe1d6b53044be0027b780a12d4ffb4e95d601f230691c779
0,       2653,       2653,        1,  1944000, 04d2977c3612eb728bfcb889cc6ac9244166431f0d427958c984f983d5a023ee
0,       2654,       2654,        1,  1944000, f11ecf631e3c4fd3fe49e5b06052b6a9bd36420a9cf6632b4f12cd6928ea7969
0,       2655,       2655,        1,  1944000, b9fdb58f4e12ad07bd58c482bbbd64ab94578200d141407480793dc79be81071
0,       2656,       2656,        1,  1944000, 3b00fc3a7c516d1580b01c6f758be42f7fe61c6c66bb8318836e96cb8574a3bb
0,       2657,       2657,        1,  1944000, a31e9e2a2471827d783074ee5ba90e5d2bb9cf23fdd4928c4a101b541c065adf
0,       2658,       2658,        1,  1944000, 49477943e038b8d7469e7c25649fee623a6697a4c1512bff07850f3f923f35fb
0,       2659,       2659,        1,  1944000, 280a1bb1d22875ba80837ec30f1a77ee15d0369d101e0d9c0b087e35d8831594
0,       2660,       2660,        1,  1944000, 81b14cf4255c3e9632c18566d41beaa0300bf34f53c34cece38456fc43817b61
0,       2661,       2661,        1,  1944000, 1b2ec0762df78dea771f2802f8d4677016fdcab64df48fc48730a53e606c544d
0,       2662,       2662,        1,  1944000, a4585e7c8430e11d62fbcb41f1355da1064f9d76b7f32e1c95234d12be36a93a
0,       2663,       2663,        1,  1944000, c24821c4d0f386129b82eafe79121e5c3d4ea97a11afac27d54549d9c3b795aa
0,       2664,       2664,        1,  1944000, c46e5a19be5e9355b4e04e97dccb33dae1ad54a3ebdb254ea80ebbfa5cfafeb9
0,       2665,       2665,        1,  1944000, c3645c96c57e1db264dd10534647097e3d2ea1f7e8e06a323343bead8eee7bce
0,       2666,       2666,        1,  1944000, e96c9179ce0a68d92982822d0c368a8f376e0e2bc31e70d59b1ff63ed6b2c9b1
0,       2667,       2667,        1,  1944000, cf2765b39062d5783e91bd7418ea158dc40e32935733e6a8a24d32aa858386ce
0,       2668,       2668,        1,  1944000, 45b6dfd54dab4ca179ee80348febf8c96fe8a836143c4e99fb0ff7382afae078
0,       2669,       2669,        1,  1944000, 22d19281f3b53551d2e180ff7c75bcb595c14c934c6f0e186752e432c42979e9
0,       2670,       2670,        1,  1944000, 13a9ad5f29aa1cca34c776d4367dcdaf8798f8acc603b83d75636e3e01ab45a4
0,       2671,       2671,        1,  1944000, ed630da4b2b5481e5043594cd3c335cec0c17ca3089f44805fc9650d67ac719f
0,       2672,       2672,        1,  1944000, 849be6cf4bc06e08b12884b7e13c195b91ef9982660dee9668e4a3010dc438d5
0,       2673,       2673,        1,  1944000, cc8ec70925d3131adcd174452be1cacd24281e01b77d5d9552978c8308cf755d
0,       2674,       2674,        1,  1944000, e99473b1d5a07af0e7275cb0fc8dc8f24e345661e0d361a59aeb429a8ddf5639
0,       2675,       2675,        1,  1944000, 0c694556ccc4795da54551e2b45bb514d75e70de76b9be3818ab149d021f5ed3
0,       2676,       2676,        1,  1944000, 03459e22cb1167b6f82870b738d3470c2ac5bd11a63afcbc7353f6c97e95243f
0,       2677,       2677,        1,  1944000, 5f518c9f6fac88f9f1b788a4e220802d90a6bf9a11c496f04ce99cb7fabf599b
0,       2678,       2678,        1,  1944000, ab2acfc0d4241680a31831ff633a33416cfb60ee339864dae5eaf1c3fabb3009
0,       2679,       2679,        1,  1944000, 2b84ebf9bff54be5990dc8de11f414d33edc551a3bd7b1486e7d050d269ef78f
0,       2680,       2680,        1,  1944000, e5220e3d49469d3bb449d8a84db7a29c29c1e957beb1f5c88e945596934c309e
0,       2681,       2681,        1,  1944000, a885304174818bc012f57faff2e988b53ee9bde1684237f42437817b24ea646d
0,       2682,       2682,        1,  1944000, 35d2345f8c60dac867d27d26a709443a6b05b9d22eb193a1d3fb0d6253b0693e
0,       2683,       2683,        1,  1944000, 9af99834c14c9533442b6c502ac7e005e6760ac4f94c1feb7dc2e8458036ca12
0,       2684,       2684,        1,  1944000, e1c8d3c0a675f38396058bf5dd13d8d087f27c1c744d4b4f37752cf8195eed8f
0,       2685,       2685,        1,  1944000, da14052d77105727d6607ac0b8dda615a61191e6be56d8adf7d488689a72e5ed
0,       2686,       2686,        1,  1944000, fe33fca769bcec448368c2773ca5ae39eefb61929b1dc7a515afd49a3062649a
0,       2687,       2687,        1,  1944000, 5140d41302c923a8d47a5de93d382cec7a7237c3e63a15d407c72a736959ad9d
0,       2688,       2688,        1,  1944000, 84fa73110116aaa76e45db80de9515f86bf04e0f735a03514054d60789f94fa7
0,       2689,       2689,        1,  1944000, d7e3eafcb6a4ba4fffc1f94042d5b1fd72a07b26fb319021c131f42d2707690c
0,       2690,       2690,        1,  1944000, 06ee26548ced0f880ac6608737360b057e5240ed8cf9eb3580342830937148e2
0,       2691,       2691,        1,  1944000, dfdd3a98bff53807c3e9e66d96db83435f788e7751540fb4cc7a8130611824cd
0,       2692,       2692,        1,  1944000, a4fc1c91f8a763b211d4c8ba64aa1f67af388f9445989063cfab023027fc8282
0,       2693,       2693,        1,  1944000, d762e4a4816b1b9b2de9962c1e91d523dbda4a90472a5e8c0ff9fdba2c9d7b9b
0,       2694,       2694,        1,  1944000, b12894c90f6ae7809b310d0d26e9ea199045ae016446fdf53667aaff114464a6
0,       2695,       2695,        1,  1944000, 8954d345d60bf076c36144ce35e505daad9e4823075df96ededf84f5c6ca305c
0,       2696,       2696,        1,  1944000, ec8a8b94f6d06a1e0cefa741e28e6e552d82bff9c1297c3bb7dc7de2244d4fed
0,       2697,       2697,        1,  1944000, 9f8a7e4ee3b735182dc9823bc32fcbb81694d19aa9213e271d1b08342ed31605
0,       2698,       2698,        1,  1944000, 19d1be7e1192601d82f8ffdbebbcdbdfcda71a96dabf3db694309986410614f2
0,       2699,       2699,        1,  1944000, 93cf5ce9d89377aeaea9327ae0e0f449f61e5a5415597a48f84a9b8dd5bf5f9c
0,       2700,       2700,        1,  1944000, 06db9d48ece11126d1c04a17e04b3bc4e7fd700c31bc6b17f80322f36f6ce477
0,       2701,       2701,        1,  1944000, 53afc12357b261123a6d2c82b198a554282a97850da951d5bf2388c95b7325cd
0,       2702,       2702,        1,  1944000, 49cea8cac2f9dd589cf9baee479b1b43bddcbcdd19d6fae78b6f61b9c2576f08
0,       2703,       2703,        1,  1944000, 513b95b341ac14601145aea8022257fa422e80266161e90d9ac53b05f0ad664c
0,       2704,       2704,        1,  1944000, 45d4392a629b82325fe91dc3ec46df662b8b2032078da1015a7a8081bd28e95f
0,       2705,       2705,        1,  1944000, 102c7bda1ddbcf4df573eb06dd2bf81088423af4828207807ed7f4001da57748
0,       2706,       2706,        1,  1944000, 1d014e9e4367b8e999d20b96aa6ac0d2440d012127fd364fd6987bb6c1490bcd
0,       2707,       2707,        1,  1944000, 23502632e5c440b886955db77b2527927a69962b22def1a8dbaa0b1074d0eae6
0,       2708,       2708,        1,  1944000, 3cd3f13d6af2a7773f0e9d956527ff51431afe38910aefe9de3b229e94ed7246
0,       2709,       2709,        1,  1944000, bc6ab2e3dd59ba4a6954dafddb655331261a600aa5073e66d4721cc5bf895de1
0,       2710,       2710,        1,  1944000, 2131ab98965d7e8a8ae7ad5f5a1aea891c48cf3568b55c58b089fe7b1d0471f1
0,       2711,       2711,        1,  1944000, b4cde84082304552266e16f2d8178b63ace4b80d82b7dcb52359c070477b0eaf
0,       2712,       2712,        1,  1944000, 60fe6e4ee6296d08fe35deecd8cb52fdc738de6f6b83c8cf573e8797ec42eb44
0,       2713,       2713,        1,  1944000, 6c9dfc5b5d6a5b00373f716315948a2507cdf521d0583b8656848f4b3c3a2b01
0,       2714,       2714,        1,  1944000, e20549df2da8858d630f4fb417e2ab4c3230a2b41b972fecd62760c903d3c2c9
0,       2715,       2715,        1,  1944000, 50162fc781918c42ea414e9d7e826206c151a8c73356ed307df85bea7b1fe65f
0,       2716,       2716,        1,  1944000, ee8070395a4a95db8202ca9c9aa4d30637632ef2da2b28f035dea3bd3bb68c9e
0,       2717,       2717,        1,  1944000, f8f31924142d59a579abff685164944a663742bd41af51f2aa8d9af939d6bccb
0,       2718,       2718,        1,  1944000, d58918ba6f30a0d966863a6627b3838bbe537352e994d630a7ced2557eba264a
0,       2719,       2719,        1,  1944000, 8aad60fd4bf5a2c5106204089b9f2ed3f18c40941dde73f4a0fb4505d21a9dc2
0,       2720,       2720,        1,  1944000, 9067f1c90dc0c4f8705ad42c3dffdc0a6e8ebfbf0b74e429ee1a682b390f0b6f
0,       2721,       2721,        1,  1944000, 4be0c359186d49121633cefd32daa42619ad9e5073d56c7fed683f1e031d9736
0,       2722,       2722,        1,  1944000, de17e3c7e87cc3c6f8846312729cd8dd7c73fc7f26cb73cf7e7a66027bf0430d
0,       2723,       2723,        1,  1944000, f0ce72badb0e5c73a15b0ca657594833716766f94e0a15ca871f88730ded6c09
0,       2724,       2724,        1,  1944000, e061d69369c01ad1e2334fe32e00dc2ebb6b6eb67af910711cd0a689c3d63606
0,       2725,       2725,        1,  1944000, 55461a0501a0fe3c72ca6daf378a3a17a77464ac022ca339e3b010cdb91e06be
0,       2726,       2726,        1,  1944000, 8c50fb55cdc56e8f9d210220edad199a94d73e49f4bd53ab07be07c3f05f2b3d
0,       2727,       2727,        1,  1944000, 3a44eac7148e5adb9c803ca1fd8113d4392d1cdf43324a5305c6b8cf0f0eb6f2
0,       2728,       2728,        1,  1944000, 1b4d32b5e8745e1189a5a49db60fbd808ee84c54576b7bb6423aac895ee272ff
0,       2729,       2729,        1,  1944000, a36ad7361cf18f10128cbcf472808f8658c9bd437ce4f9fadd47c1c18c2831f3
0,       2730,       2730,        1,  1944000, 20f9d969cb0478d24eaeaf81ac270993e14291b8c422f1c725d6812cfb5f2af4
0,       2731,       2731,        1,  1944000, a36ad7361cf18f10128cbcf472808f8658c9bd437ce4f9fadd47c1c18c2831f3
0,       2732,       2732,        1,  1944000, ef638b6f7c1972b42f5f5e8e00b983252d80350104deb499a1cd3300759f9c4f
0,       2733,       2733,        1,  1944000, 7e578ca0164822f7523bf848912dfe62610101a88f1ebd58b3a1f64504fbcfc4
0,       2734,       2734,        1,  1944000, 60d979d85525f33e107e370cca22e5ef8263c380db0d87ebe8cd048af4f66ca3
0,       2735,       2735,        1,  1944000, a0d3db960d6b5a74e0a87c8e056df47f26378f9a987ae99fddbd29a25a7b2b1f
0,       2736,       2736,        1,  1944000, f0c026bf77cbfe889bc66040b9eb65a85d5e0c8a68e0e0f2258bbdfdc7bf53cf
0,       2737,       2737,        1,  1944000, 3c0d6a1622b9311f9e592ce7e1276ff86c538d122b8adea7786b9094bd8ba70a
0,       2738,       2738,        1,  1944000, b2cf947a1ae44e8cd1b1b26f21eda917f2a43005b831e8d95ac1c8d72e821155
0,       2739,       2739,        1,  1944000, e3701b7440d4fe0c0a8e379e0815560c08eefcfb691aeeb4e1e95ac75ca38819
0,       2740,       2740,        1,  1944000, c9cbcf8b0b9462d7c53aef3ceea29e835e14cc8d7781b4814b492a7246d0d082
0,       2741,       2741,        1,  1944000, 2a8451d8265be60b4882df6c68fddf0964a4dc87a8f4737613953ee65f8aaa6b
0,       2742,       2742,        1,  1944000, 831b40b17bd37242fe600e23afe19a5b14865fa32ee738fa604f0c2d70799bcf
0,       2743,       2743,        1,  1944000, 58143c80cc029b44a4c647a674328c69c07301e8d69705ab9b592efa83b62df6
0,       2744,       2744,        1,  1944000, 2ddb814ee5a3a5a9c5e86a745d4355a93aa22d1a6fc5854d09263ae0b9d04b37
0,       2745,       2745,        1,  1944000, 4cc7d2ac5b1e9c42a769b1e17910e0c50648febe9fb46967c174eee5bd1a7413
0,       2746,       2746,        1,  1944000, fbc515ea16b3a488f66a16cdfff59b65151ce777a0ee86d804d508de8484df4b
0,       2747,       2747,        1,  1944000, adf16cf853f5c2253813adc89e9f1dbf06f7147f70597ff5743e262a9ac50abf
0,       2748,       2748,        1,  1944000, 8df548ca4c1e36d54e369b37786b03981774f340e57a9d8cfd9f93a5347e4fdf
0,       2749,       2749,        1,  1944000, 8df548ca4c1e36d54e369b37786b03981774f340e57a9d8cfd9f93a5347e4fdf
0,       2750,       2750,        1,  1944000, 9b4526fb6ad843f9bd56e55f554011484da0493d4c79d1bcbb6994b11ce50b23
0,       2751,       2751,        1,  1944000, ab35cefcd50baa380f950ef997e7e4fd782c56e7d28b291c49ee4122fc4c0dae
0,       2752,       2752,        1,  1944000, 71b5522fe0fcece5253c38a27659769b671e3639f9e2433a7a5769c617daf92f
0,       2753,       2753,        1,  1944000, 8869e143135ef22661bcfcc7f8d74ae88713742e45b3c49da83677023cabd3da
0,       2754,       2754,        1,  1944000, 2d2dfe1ec32c2d981294b3ec5933acfaec3a1aff150a7b9897eb035584c2efb4
0,       2755,       2755,        1,  1944000, f9ee65d2f85ef5018f35ba5c0c76f61512556e04572da2ff76808e3f6b3fc0ad
0,       2756,       2756,        1,  1944000, 338b223e7e2870e00f9e2cbbdda0136591a1644a013b256413234a0f2720c01a
0,       2757,       2757,        1,  1944000, 9bb6f7c46d3916fd9d57f5c0383d35de046360a48d8dfc8bd06bd4b10d79dbaf
0,       2758,       2758,        1,  1944000, b54a4cd0abb5e572af9d625fc8b39c333b901cc2619c4bf0b2784bfe468c273f
0,       2759,       2759,        1,  1944000, 670e869686c076523bd07c98dce6ee0393f7655466b1cdf6f7a4e5a56fb165d3
0,       2760,       2760,        1,  1944000, 0d6a9e2db5445b0fbb29d51a1643762e6294c9f5c3290e823a9268664cc2552b
0,       2761,       2761,        1,  1944000, f647519859b5b4bf61d9db14fc70c9ddc500a280b568143816c6efdd55ffc02d
0,       2762,       2762,        1,  1944000, 2a81d717ba7a96392fbb785f9d1f814fa314ffe176c0e2a05a7db7039e439028
0,       2763,       2763,        1,  1944000, 0f5f36f7fe7a1d8fde79dfef327d8d364613a7df8b2fcc3808d7cc478dbe5531
0,       2764,       2764,        1,  1944000, 41ee9f1d2c8628aa782db0ef7c26f4053dfef87d29449d928de9d138bb4b6be7
0,       2765,       2765,        1,  1944000, 47eddb918d22c0b06a52c03d178e8c55a3ff398a761ea6956514103167e6e716
0,       2766,       2766,        1,  1944000, c5d6ee91c253d06295c5e7b85f77157e8e374d1837d89e1619f0866830c0adae
0,       2767,       2767,        1,  1944000, dc499b0d4e2c07d14b6e8eceb813e50a625cfe992f129328de775d05b8671761
0,       2768,       2768,        1,  1944000, 02e0ff2681ee164d058654c25d93a666ceb86535b513f6ba16e7b8a336cb7c42
0,       2769,       2769,        1,  1944000, 320a24df79057e75816ff0c300e03103640ded425c019fe91cffef0963f1eb64
0,       2770,       2770,        1,  1944000, 966a0232969d4ad8947a6c2073e25e4d2eb2036e42eb4f1486d0c45d48b66129
0,       2771,       2771,        1,  1944000, 0f5564cadc2f3bafd9e02bf271303e9309a6ee93d1d3b9e3e01ddba1b1368f39
0,       2772,       2772,        1,  1944000, a59c68719dc69fe9cad6e96024da290243e298b52b894fdf6c593860d721a873
0,       2773,       2773,        1,  1944000, 410368f6d0ff813cbc70fa1d6a886042d6d5472138c95737fa02b4a7c7c6f73b
0,       2774,       2774,        1,  1944000, 52e187c03acc9d2a76b30728b4b1130da219e00918187f12181c9625e4c7edf0
0,       2775,       2775,        1,  1944000, ff6f8b643724c7125ec62be4f7e748e7686f09eca0c48518b0899f253de8684b
0,       2776,       2776,        1,  1944000, 4a0dd7b98d136c9343241ffcfee6542ea90b403660d962e037abd0f21d6a2230
0,       2777,       2777,        1,  1944000, 374e523415d995a22542ecac9e52727fc51dc2119d75ed9761e3738186b43f38
0,       2778,       2778,        1,  1944000, 280b9b5945170f833764aef0e3f64c7136b20ade91dba78e9d29e24baf6d60de
0,       2779,       2779,        1,  1944000, 2bd716ab55f863277fc7d39617fc256310a73be1380a044ecdb52ed67e224bf2
0,       2780,       2780,        1,  1944000, 3aae4bbc212af4bf18240443f7f4ebc1fe33e3f342ac28d8aa7aa25ae0b567d5
0,       2781,       2781,        1,  1944000, 5f20d2375a93c581009e85c78b16128d6ba2610bf16cfe855c0ba423fc770af4
0,       2782,       2782,        1,  1944000, f81ad9e50769bd111a5a9974a4fd20c4e02d25843eabcff7e79f7138e455f529
0,       2783,       2783,        1,  1944000, 2d9c1dee778d8f4d649f527f85233b4075641ca1cfc436b076fbecd93e221693
0,       2784,       2784,        1,  1944000, 5e516e1dc1c92a590a1c1e4c97cc65e362d2250bcdaf5a9fae419fd431f87d5a
0,       2785,       2785,        1,  1944000, 4e956ede5647af2163ce9cafc224f07329c7a83887e5f8d72c1b2cae3fae679f
0,       2786,       2786,        1,  1944000, 20c7043cb012dd62718930b5ea34d286f2d450a9c50d84db494b26205b27465b
0,       2787,       2787,        1,  1944000, dbf36ea17f35ad89796bfc0cbc2c196dd79c941e00d1013331151f235bcafc39
0,       2788,       2788,        1,  1944000, a48d986dc8b464105b72bc4d2d3ca5a207292a98e81535c5be0f7958cd8024ad
0,       2789,       2789,        1,  1944000, 42a364cb42aea24f2d9a90e5964f283dac0bf2a75989e9cbe64303a60bc80b97
0,       2790,       2790,        1,  1944000, 2f430600bf398c4bdabed711ad09c6e5f10acda28416d37baaa66852e76112c6
0,       2791,       2791,        1,  1944000, 782faa5a2c5cefe0d46489b77bd3eabed9c39f2434e5230de9602e7a7957531f
0,       2792,       2792,        1,  1944000, cb0b3e9e645da0273a7f44b8d1777b2987578f6254a5ad24397e72295b439f71
0,       2793,       2793,        1,  1944000, 3882ee311bf6141bea5876029c241b07e6a2bf2818667a9250cbbaa8bfae5499
0,       2794,       2794,        1,  1944000, dc8ee5e7c517f907af52b92bf60d08527e975db11555343d027e1f358a816837
0,       2795,       2795,        1,  1944000, a71972176fd59068e771d38f77ba704f8a77202a20ac5a94cd9c1ef5a411d017
0,       2796,       2796,        1,  1944000, 0b0cb6ca22352ec5979fbc1eab998da73c877c858e17426c34ad063da3428b62
0,       2797,       2797,        1,  1944000, 389ce3a448883d933cde457dd67e767aecb909b368bb360706a83b570e137d03
0,       2798,       2798,        1,  1944000, 2c1ea00668e17a8d89892edf1c8dd83e5832638f7ebb126ef39a67788bbc297a
0,       2799,       2799,        1,  1944000, 5e22c05d9efab25d4440f7265aad422dd8c692e66720c0e2a5deb02b9384dc95
0,       2800,       2800,        1,  1944000, 94ff01c709684e314b9c62afbfd74cc8aa0b1411a43a7da26b381812cfb51b07
0,       2801,       2801,        1,  1944000, 51b3c8e93323d85a6c148a7409dc865ecabdeec966e1f30354dc9cbdbe3bd54e
0,       2802,       2802,        1,  1944000, 5604b59b726df1a63f83fc7fc9006e41932eaf4685cae085b6c837b378ca2586
0,       2803,       2803,        1,  1944000, 0e07d52aec7e6d1fff5b8479b8ee520b2bae17a1ce5a10139bf023925f2cf831
0,       2804,       2804,        1,  1944000, 714c68257f63c29d71e9ca19f9e3dd92673e040b81a197146184373152527ddb
0,       2805,       2805,        1,  1944000, 946d171fbaecf12da9f346e510a523c81afc3642527cf948363865ded1a86360
0,       2806,       2806,        1,  1944000, 3bae514b971e994e09b408815f94c6519d9e210930bc99fee898ef7c8ab28591
0,       2807,       2807,        1,  1944000, 62137757905fd2d587d83c6b1802c57a9a9f6284195d7f25ee31cb5bf7b36035
0,       2808,       2808,        1,  1944000, 122ac97ebb0b39a0d9766e8887ecf6d57c2212e07e195789ef5f330dd62ada70
0,       2809,       2809,        1,  1944000, b027664f83773d32fb4aef73c594ae6f351ffc4b8e769ba8fab67c48383130f6
0,       2810,       2810,        1,  1944000, d4a2af8b4bf5eaf4057344ab1bb679591752e4c02b57e9d2eeb1efad5a2196d7
0,       2811,       2811,        1,  1944000, c0ca4d3d2f89929de42ed999c52f537421dedcdedbc2bfa1fcc64c643025725a
0,       2812,       2812,        1,  1944000, dcc5e4c12100ffcee263c3592d1a4d4f6f92ba0212d98cddfcb9c0058422a947
0,       2813,       2813,        1,  1944000, 6caf4c1b2e242966b4ed94efdc4374eec9d7f5971daeef7c742dc2d5d580ec0c
0,       2814,       2814,        1,  1944000, 8e5806789dfbf3a222293aaefeddc65ac8614aa1c184948d9ea3323d6628cb4a
0,       2815,       2815,        1,  1944000, 0e019f3825e06feb00c8ae7c431792bea23491259a84231c0aaa2923ac3f0037
0,       2816,       2816,        1,  1944000, dffdc753780aa1bf51f9f283f82cc3dcfd94e9ac597b15a1d0250073049489f4
0,       2817,       2817,        1,  1944000, 9b4dd0e8d0cbf2eec930652e932d1ed4bb6e9a0fffbb4292c8814d535d1d5cc4
0,       2818,       2818,        1,  1944000, 8f700ef42ea6d4107fd1d7afb6b161fc086e8bbb0b129c51d95dd202ffd0a4f5
0,       2819,       2819,        1,  1944000, 11b29e8a3cee3c977bbb454f33be7390543636494da6aa0215216eaca42e238e
0,       2820,       2820,        1,  1944000, faadbeaccf44942cc01620e065d84b5c50beaa0ba88cf1a21ff97f44a4e58748
0,       2821,       2821,        1,  1944000, 0db81757a25c40698441f6297b2aa47461f09943aadb02b43fae74bdc234f9c5
0,       2822,       2822,        1,  1944000, e2e5ece5dbc584e79f00abc82bd5bd4b153beaa68f455503b12687ed92ba683e
0,       2823,       2823,        1,  1944000, 8b09c243f2dfb08e1645214259482ae38534b445f1fbe94718a89a7c5d13fedc
0,       2824,       2824,        1,  1944000, 9f8c29f5576269fe7578850f1df71c97da73545fda879c50b04058746bc0529d
0,       2825,       2825,        1,  1944000, 80f430459975d9c0ec29621b49a6b78c4829a41147278fafbdf0a5ad455e3521
0,       2826,       2826,        1,  1944000, 39275dfadb34aaadc144a66ee3c40372f9819ee0ee91934a29e22e10b206fa29
0,       2827,       2827,        1,  1944000, 5e849e0beab984e47d6cc300a26916fc21af747b845e1674e24d2ece1e91f776
0,       2828,       2828,        1,  1944000, f89e5b4d9dfca8991f81189e821dae0e4892eca3bb185acbf218ef10b0810b94
0,       2829,       2829,        1,  1944000, e442fa302e04826c7ad0132de1b4f89b3a5c32345b9bfde086064e8b78c4828b
0,       2830,       2830,        1,  1944000, 3c0091e6da23c24c9a19a25399de43d9a8739d3d11d40c599961df10782600a4
0,       2831,       2831,        1,  1944000, 0c4c047c4984cd7e001709f2def3c48cff84a10f61a78563f1b1b3cde5922569
0,       2832,       2832,        1,  1944000, 43f25c79d94b3bbc29277c6a7d82c3af427589dd1811a9307fcdcec1929b7ed4
0,       2833,       2833,        1,  1944000, 9aa15b7b3e92c5535592fbd329feb82e4be8f80686db3f6810605fbafc1b19f1
0,       2834,       2834,        1,  1944000, 473897c8ee56e0c0826f8da733711bb469facf3f402d7635a176d1425910cc49
0,       2835,       2835,        1,  1944000, d7ebe667c39336442afb3847af88301ada37fecbdead2845a5a0313b4a0ea92a
0,       2836,       2836,        1,  1944000, 15e3baac86ff5a95d08218dbd19f5b934cf17ef1d85af9bab7f8724679962528
0,       2837,       2837,        1,  1944000, 02d3045f4dee4fd75afed8286572de635cf72c4703d671ce31fb1eed634099f6
0,       2838,       2838,        1,  1944000, 75f426c66deb0dc501cbf3196bc4d0689f3767bf699bc9b7225eb9fe2a561f17
0,       2839,       2839,        1,  1944000, 308f6d2231f49defae807e64ab89994e3df8ac898c15d581a2ae72f0f94e5f76
0,       2840,       2840,        1,  1944000, e7c6fbfbd15668a259bd5ca27e8e07460eb0f62fbc2dfe2a7a11deeb8f54dc2d
0,       2841,       2841,        1,  1944000, 1bec2e514157c61f5d2971c80977a02c455c26349f4a537370493ebbb01e1c2a
0,       2842,       2842,        1,  1944000, e1e7fb1210cb19734970bef9ee36ddb88e535e79cddcfa12e4233f2e16db3d0e
0,       2843,       2843,        1,  1944000, 473c3f34c3bd92a47b0cf6b5bcc80e520cc2483305cc853f3ba986e42f3afca5
0,       2844,       2844,        1,  1944000, 0614fcd5ab9fd85a7ff2dc937b99303434cfb6206aa01d285b3387eb3d36a7d8
0,       2845,       2845,        1,  1944000, 01e1952c17cce6eaea2c030770275bab0e88ce385c263e2b3003e5f4ef7279f2
0,       2846,       2846,        1,  1944000, 6205cd14aad9100726b05d4ca6ff568c133d26ed81f4f12073f082b12f2ec112
0,       2847,       2847,        1,  1944000, fd5c5c3c2052002372f58c36b283947b08079193d16221cd5e7edcfdd068086d
0,       2848,       2848,        1,  1944000, 671b5479fa61c620fc493ec416691329ba91b8c7237f723307c461f1c9635d9a
0,       2849,       2849,        1,  1944000, a77c4f3d2790ed15dc5031c578b558edd19d38a411cc27f1dadaefc91e697d98
0,       2850,       2850,        1,  1944000, 29296cb2471d681ec710727e0dbb1f1152a915dbf9f9a3e666739734633b78f9
0,       2851,       2851,        1,  1944000, 29dba08e58316d76b22f15be652d15ef9932399ef87e4187132f22a4f778a1df
0,       2852,       2852,        1,  1944000, e1fe291736d4817803b76727c3c717c1a75d627b931ad442e4ef28a8691e43c4
0,       2853,       2853,        1,  1944000, 2acff12e6caf6520f182370a3e6675f7782ca15b39a8f04b3f4939fb96fe51ff
0,       2854,       2854,        1,  1944000, 8b8270966cbdb25c48b165c036a401f635bf9b998aaf7dd0dd9681b8d2a2bd19
0,       2855,       2855,        1,  1944000, 99d165346fd9ca0bb5e9b17b9730eff58a6f1f7e8b5c78ffcc73ce6d1cbaef98
0,       2856,       2856,        1,  1944000, 7aef80d4c90aeb702cbc8320a7f27b63d58f86cb4df968c254a5fdc653133dea
0,       2857,       2857,        1,  1944000, 5bca3fe4b86f99e4c8e9163a01c3cd0fd3d6dca134d0ab93b5ff589754708ac0
0,       2858,       2858,        1,  1944000, e7e6a849ec92954aa31d69b96b4d4ea96e4b0df3a3c0260f94d1096393e2805d
0,       2859,       2859,        1,  1944000, 4d287f4fe07430a0554e174471a2e00c8bbff49121feaed541b3caa38f71c142
0,       2860,       2860,        1,  1944000, 0a66315d405f5d4b7eb54a937139ce2d5dbedb1a767a015ca4037308cff7f9dd
0,       2861,       2861,        1,  1944000, fdee027daa1a07b062569a041d2b7222ea570f0650e9cd299039a80200817657
0,       2862,       2862,        1,  1944000, 87bda1d391a65f7ce31772fc5b2a645097ba739bec05d85e9cd6d612cf567a09
0,       2863,       2863,        1,  1944000, 73fcf3b5c16628fe331dfa31283863c67af1d58eddc7a9c5fb7962c18637f642
0,       2864,       2864,        1,  1944000, 01d20654c93fe81bfbe29ae763b275627f393eff949d22544067ceee686a3dec
0,       2865,       2865,        1,  1944000, 893c753adedc317f365ba3067374e09e37d7e945ccad8f825d034aeb1a1d3e7c
0,       2866,       2866,        1,  1944000, 2fdcf3dabbb2cc0542352d945611d4460715f99fee7253c11c4554599012206e
0,       2867,       2867,        1,  1944000, 4ccb1f878b112bedab960846e77432294f4bed74fb2459d037128ef76a88a772
0,       2868,       2868,        1,  1944000, 5b34b95862b3ff09655fd3b8bf0078b317da09afe6ceef526dca34bb262cd313
0,       2869,       2869,        1,  1944000, 99c750e56acfc40637c4945eadf8306843fdea6584c73c3487065b9d29390a31
0,       2870,       2870,        1,  1944000, 6300a6495318047f4d6c72dd70a2b841534f381b7f3792edd5071de464092b40
0,       2871,       2871,        1,  1944000, df69508f8e0e18690e29ac1bae92831a359da2b94c76ed654b00013846e856a4
0,       2872,       2872,        1,  1944000, 5d2c421d683ec245f96f397c1720cb9c8395cd023148c27afffb95d2884084fd
0,       2873,       2873,        1,  1944000, c52db16e1fca396932c5e33bb0fe001dfb4198ca657ade7f26e6bb3dfbf2fc46
0,       2874,       2874,        1,  1944000, b05cc1f07982c4080f6c6b55c13825269fe83df05b6e7ffa306213947849a891
0,       2875,       2875,        1,  1944000, b78f2c5856e62788be5bcc5a96fa523481ea960210823b24453de87eaa7fdf13
0,       2876,       2876,        1,  1944000, 77990b7b0e147884fdc166cb540f67a655bf87addbd553386ac322ce0423eb44
0,       2877,       2877,        1,  1944000, 08c677023ab35c4a1e6fefa133ef2fd6c392415a05a61c3c63f186f2cab08866
0,       2878,       2878,        1,  1944000, 91b176eb13b64ab9250f0983411e71f711965e1c3cc6eb39dba57a1e0dd2f119
0,       2879,       2879,        1,  1944000, dd091e0486e0ceeabb1539a9fe2f1303dd69bfae6e7332c2c8cd25448fbc73d7
0,       2880,       2880,        1,  1944000, fa1d673fbb6659983ec6ef83f9ba5fa965f37ccf77ddb6118f15b2d241713292
0,       2881,       2881,        1,  1944000, e6f1643b6b444da6739898fa70e2b2a454236d8780a679638e16656b17b3809c
0,       2882,       2882,        1,  1944000, 6be040e066356611a5d6251c7862cdad0608b67f231ca6002ea439626fc386a6
0,       2883,       2883,        1,  1944000, bc6242ae232b2b7d73cf48ab5741edf065b26a462b45216b71efc3ce02d586bb
0,       2884,       2884,        1,  1944000, 10ba6c8e4a513d699dbfce7dc0add408d2936423509b0f44db25abd9f8330c15
0,       2885,       2885,        1,  1944000, f7e5b1fda33a049409b87079715cf4302f0bd0e61b91f66f15a761eec14d002b
0,       2886,       2886,        1,  1944000, 6fee2c3b6651c8c35b95ceb214b9ef2a2e63d7c6afe142b264feba3fdbc5a6c9
0,       2887,       2887,        1,  1944000, 35d9ca803ae0120f8a3b2a4045658b8a2701cd452267e7bc8dafb32c831021e4
0,       2888,       2888,        1,  1944000, b27f8edd96b384f54c868037db89821ea8a3de71db2973071b74e89d2221abba
0,       2889,       2889,        1,  1944000, e074399a69284a8c1c8f97a66745201699d48378d9c7bce2e52f99e7f246b3ae
0,       2890,       2890,        1,  1944000, bda883eb920576c10325658b12cf853b3ebf24069f5c0cd8a19e2a0eae43edb1
0,       2891,       2891,        1,  1944000, cc353569d63fe7352bd12984582577b77d91e848f772b4013d33f9dc5dfe9b2e
0,       2892,       2892,        1,  1944000, 841f1269e5cd35dc2fc8a224e60c437a7ddc8e77f943f92cd9f0882b304d966a
0,       2893,       2893,        1,  1944000, 0075f97474bcaf1e8375bbb390ce5acc2cbd780d84c04dfa29678020f4498b5a
0,       2894,       2894,        1,  1944000, 8502774491b3b793caafc6007d03ffd57e832c9907b3913bb81ea8d1cd7b9726
0,       2895,       2895,        1,  1944000, 9f4279b5788fce58d5f84738eb4ab40eb2dd630d2c255a5d7a640a5ba2bafd5a
0,       2896,       2896,        1,  1944000, 82dff12759c6ff97275547a3f40c41481bd6d292f7223905a3953c1940f0a837
0,       2897,       2897,        1,  1944000, fdab9181ad6718d2014091f627a224328e91d2ef7030980814a6f5aa25ec1db5
0,       2898,       2898,        1,  1944000, c19027338d65d3badbe80691acad2576554fb1e96bd544689b46b5559622b4d9
0,       2899,       2899,        1,  1944000, 588a6471b55e57608cfcf3d4e5dcd33f3f4f7ffbecb3abdaa23705f00cd13252
0,       2900,       2900,        1,  1944000, 183d5e3f619cecebba4fd257100dd623abf0230c117d6a52921186208b35d16b
0,       2901,       2901,        1,  1944000, 17755539ce07c2f4cd80c1163dc72deba2210928aa24b7c9b19804554bba9473
0,       2902,       2902,        1,  1944000, c7643f2785c2b8293b46b09dd6a950da0fcda6f741fd42ee03171f0ecb0c480a
0,       2903,       2903,        1,  1944000, d074200e06db661389e0f5ba4dcec28592d7483530eb62033d9fca6d993aabb7
0,       2904,       2904,        1,  1944000, 6d5faa6dba5496261ac2b8a0e1b2ee5cc1297c96e6be0400b8ec568ecf400fcc
0,       2905,       2905,        1,  1944000, cd7b992f792a8f15ba5f6ac35de0bef77aea152f4a7b6f44e7fa2c17d4a3e91c
0,       2906,       2906,        1,  1944000, 063832c19732f2ee79ab70068e777ababfe1f6d24e0ba2c8bd8c075b833c7ab5
0,       2907,       2907,        1,  1944000, 56f12246034e9d045c1773407ed1e287d45f4af313263a69747fb96789ea1ddf
0,       2908,       2908,        1,  1944000, 954b3202619f9add6b71ddffc550a8ab72c50181eaea9cb20494335e913a3183
0,       2909,       2909,        1,  1944000, 76f9803c3215585a73456a290886cd5f8b05a6825b7fd8daa6418c95a62a08b9
0,       2910,       2910,        1,  1944000, 198d1e532ea12b295d2ca6d767606f20c456afeeef9d01541ebe0ce653c67a86
0,       2911,       2911,        1,  1944000, 39f048f48aed62d0b36331535be6af12fb5158eda893f70c9a6a0705f5b53793
0,       2912,       2912,        1,  1944000, 84d1bd4932a784ad848b38f24da391211d543399ab3d3d3c7e6bcb2d742c1b12
0,       2913,       2913,        1,  1944000, 1411f0249294f026f3369264ca3026b903dfd04fa63f7d9c86d6073fff5978dd
0,       2914,       2914,        1,  1944000, ce93b9f59b6e2c93c6142ca1326a9b98848abb6528a7fa56c3d11c284b3a3328
0,       2915,       2915,        1,  1944000, 81b1c56c6cdee555d2c72c3c307b8313900627b214eb3d7934a95c0d6bbb5229
0,       2916,       2916,        1,  1944000, fef5113034f77fea6554613ae53090ba8de2b7430e862f41ed5ebf20d88adadd
0,       2917,       2917,        1,  1944000, 428c11d07b9a46bd6c9c56172800d0ec6cbae47b75d1a47bf0df85d26aec2acd
0,       2918,       2918,        1,  1944000, 68d4024bae5f67dbdd4470d5382221b349f6af577bd8fc08c79fbc716552dadb
0,       2919,       2919,        1,  1944000, a6d5daa69e66620aea42636684defef66691d281e3ee86ce4af0f1f01a27e324
0,       2920,       2920,        1,  1944000, 8776fb74c47a3c0410de7619857537610dd8f4d567b4ba7b1f5c61ae7a02b57f
0,       2921,       2921,        1,  1944000, c952e71131caf72825881777499cc380943c04abc6cdcd1ce2da5cec91221591
0,       2922,       2922,        1,  1944000, 562d9cfb95117950466d5c32bfd3c50166ae2e61f3eaaad9f380f9ddbdaff434
0,       2923,       2923,        1,  1944000, f15296d572a089f0d14579517ea34524f23d527b26b5283d35b12d0cc2fc459e
0,       2924,       2924,        1,  1944000, 718456d616744981ddd1ea50cef8440f545be18fddfa94b09748a632179b47ee
0,       2925,       2925,        1,  1944000, 4ae7be4fc7c1a6aff4b002d5aedf99ff05ffaddd33cf982d3d83d999c53fc5ac
0,       2926,       2926,        1,  1944000, cd099fdf4700db8a2cea31d77669673060cd4ad8fe912e80afa671fdbe6a6d8f
0,       2927,       2927,        1,  1944000, 4dfaa6cd658fd0660699e0b13691c5a3d825c212c526d3bb1aedd5d7d93d14e4
0,       2928,       2928,        1,  1944000, 9f890f8a25437b0e31d3acbc7c781158d21c52bf05cda4a00fb53d0485012c23
0,       2929,       2929,        1,  1944000, 3d485945d4c9b7e2385bbe4873922d5278d6d29718ba8351fb23b05a687b1781
0,       2930,       2930,        1,  1944000, 3df4846f31832444371c04efb5f85db6c59ad39d6c9b81de5a7dd1f1b8d03cd4
0,       2931,       2931,        1,  1944000, e5f0742847127f246a77fcd5b33934cbfaa09e2525de3399d25008dca6eb6c59
0,       2932,       2932,        1,  1944000, df20bb3860834f104001fe3989fb3dafec068203c439ce934092e90114c35e0a
0,       2933,       2933,        1,  1944000, dafb005180b6c2896816752c5bf034c23a6dac80f006ebefc84e0f2cbd2f7636
0,       2934,       2934,        1,  1944000, 1ee33c31e7468dbb1bb938cea5b4149ca3c58d7357baedcca8a6d77702282b03
0,       2935,       2935,        1,  1944000, 0f479e83183fbde71860d211197451e6921b1dbaee5d7ca3e7feb08d4c66901c
0,       2936,       2936,        1,  1944000, 45ec829ff076a9cc52a579354d8aba43b096f3ee8eb652562f7d99ea924d391a
0,       2937,       2937,        1,  1944000, 120361336abf6835ad18b7d210674f043462b54e888344356defb05ed2b419ed
0,       2938,       2938,        1,  1944000, 63e4276849c38b4922b4ff6fd7973a2620594d176d65fa28bdc709ce7313375b
0,       2939,       2939,        1,  1944000, 55c6d78bfa366daf0a1e44c2bb7ead4f936589efbf6fca4a92a746919ebfc2e0
0,       2940,       2940,        1,  1944000, ea4c90866e12e676371db51999761ec8f653b11b2d9c7f5a3c4d9777505692fc
0,       2941,       2941,        1,  1944000, 7e3fa6e065c7d7adb4e58b62e0e9c6cf3d6fd3378ebefa10411ab4c06fd7e2fb
0,       2942,       2942,        1,  1944000, 919e2b32ce103a4d2dfe721c691b1ba4607a61590c6792042ad0b356a44f8ad5
0,       2943,       2943,        1,  1944000, 2f785e8b204e22bbf420a3dee5180341452fb566e28b59d8369a0d05806a90cc
0,       2944,       2944,        1,  1944000, 13aeaa2a49df086d46589d9efc545f725cacd929a3b05b2d9c79a8929940f50d
0,       2945,       2945,        1,  1944000, 60578e04cd8189f7fac50b50255e5dd105a0f67b299c71ba60a891ad806021b4
0,       2946,       2946,        1,  1944000, b3486dd9231f17ff19eb78cc996202b0cbc044368c636937dd2f718d5d665e5e
0,       2947,       2947,        1,  1944000, 5339c492ada7ff4bc54441e9de5dcb9bffa4d865560fb9251b579566f8384e83
0,       2948,       2948,        1,  1944000, 088aa89a42d2bf8fc3bc2b8d7a9b48b8c331ab8543666bde0c63790e8573fd56
0,       2949,       2949,        1,  1944000, b2133a1d14e0ae5f3e2f45e9ce40f29db3fa7f23fb4ed5935fe234e974838e04
0,       2950,       2950,        1,  1944000, 2f3971b2fa5b62fac9092dce3f11d5c55d7ef34dc7eae303366dcad7784833d4
0,       2951,       2951,        1,  1944000, 889efa8870589fad8023ed2a46be047e8f406afa7ffcf562ce631bf61938a480
0,       2952,       2952,        1,  1944000, 20d510e645b19e2cbcf6d8a397b721bbbecd23a7f3128027cb5316b1c7fa2c2f
0,       2953,       2953,        1,  1944000, 4e29109536067be896abf800e37666e6120a263d5db801b1b97feb0ca0a96d54
0,       2954,       2954,        1,  1944000, 88c4cca81c14a9bc261ffc11f07ce300fd90eec7a617dd5c115d2ee9f190bb06
0,       2955,       2955,        1,  1944000, 9cc6f7a7d77df2ff758dedd94cd8be214b85ba7f20a95541ca2160bc5bfcb1cc
0,       2956,       2956,        1,  1944000, 51fcbd5f6f9ef02bb43102ea2db966f7fe8a2f67d4461a35bbd006e8738a5382
0,       2957,       2957,        1,  1944000, 0430d33251eba3436b571f9e90fde81294512909be36ef03961ba7862678c088
0,       2958,       2958,        1,  1944000, eb447a93faab491bf0454efd9fcaa5fded631c534fb122c5cc4e67e8503a652c
0,       2959,       2959,        1,  1944000, 553a7c81c4af985080c0ff9584527693f9e1d437fea9b9d9df5b31cd583e19ff
0,       2960,       2960,        1,  1944000, 750534fa6c70386ab81bfafddd89ba2128c10cc4067bc9aeefa795f4c2124112
0,       2961,       2961,        1,  1944000, 784ebef2cbc396ca3af25e30642abd9b5aaae4a427cbf0bfb42b1a20f39b0f97
0,       2962,       2962,        1,  1944000, 94e586abdccbca34cd733db08fce9e6e02c02d15d75b04255912d22c9a776e32
0,       2963,       2963,        1,  1944000, 85683d8f49d0b5ff5ba690593a20cfc0d8f5343029cc24ee46fcb29a2a8c0849
0,       2964,       2964,        1,  1944000, f63a366cd47308c2fe21c8a6837d65fce3986c13e7d35781833d13b86d766743
0,       2965,       2965,        1,  1944000, 9fc3e18e3ef1aa05d92ec348818775f2ed1d6dfbb26c717d3522c64d39a84f07
0,       2966,       2966,        1,  1944000, d325909ed85ea118ec08cedde6ad50345bf4bd999bbf19b0c654b554c9d0066f
0,       2967,       2967,        1,  1944000, cc3e7b163e40b1fa38857b71a5f99515605d20360b9ef962c25f946fad16693a
0,       2968,       2968,        1,  1944000, 3aabce7807d046d69e04eafbe3d1bd73367e65c80afc2fa121d571bbcf494340
0,       2969,       2969,        1,  1944000, 8590d58c2b734d309aec3f04c81a9b219b8fd54c4884ebb737512f1e4592d448
0,       2970,       2970,        1,  1944000, b1f244dbd3728499ea6ed61eb54ef852578f97d3595599a7690556e7ad02db6e
0,       2971,       2971,        1,  1944000, 02922d60e291d6c20f9675e3da826e6a4e266e3efea53abc8ff9960f0e3da787
0,       2972,       2972,        1,  1944000, f1f55fd0cc1f2ace821af3f023e0189a2590bb271235ee249bcdda87549efa89
0,       2973,       2973,        1,  1944000, 3bf8548f11f59e81dd1a398ac36e3b00ffd4e38628d316ae0de11449ed9edde6
0,       2974,       2974,        1,  1944000, f3171083f76a6313837904fc83a0f400249f1d6ed093f4965546f48d2e366689
0,       2975,       2975,        1,  1944000, b15422e9a9428759f0ef33ebe510881158f9ac2a4e4d01769a3d81b9885bcb85
0,       2976,       2976,        1,  1944000, a789d2002c81c1646f23c90efc55b533cea2f4a9cd79d8e35ea31d1ddfed6dca
0,       2977,       2977,        1,  1944000, 0fb7609d997fbbc35a10e185c67408c9b27b6725a4edcab3d0c9fc373dd54cbc
0,       2978,       2978,        1,  1944000, 080453b659dc0a8ddb4dddca138301071c7435fe617b5683fc3464ef4eed5ee8
0,       2979,       2979,        1,  1944000, 29940605d9777b9d860b2a9ac4868ddc693b43343049809bc4f23cef2e4c61df
0,       2980,       2980,        1,  1944000, 66555bef11bac51ceb625937e4e833e38aca3fb0f19be4c7b7b06704bdf4a1ee
0,       2981,       2981,        1,  1944000, 53ec8172838ac95de632cdde8d53813920455e7fd3f70b058a7d04517cc9dc96
0,       2982,       2982,        1,  1944000, 9d552c2eef4533c01cd58bb3a480852a4a5a3939a4eb19b818fd9510a651d42f
0,       2983,       2983,        1,  1944000, 61fe568d67270fd860a33e4eccedae295569f054ab2217450c74e94f41232abc
0,       2984,       2984,        1,  1944000, 9feb8e7ad108bac904632e64931b50a331bd436dd11daf9298997f38f010a63d
0,       2985,       2985,        1,  1944000, 8bd281c8aca8ef14f0b7f19369ae1627a301a324faa50d090f77cb0005571086
0,       2986,       2986,        1,  1944000, d600f2f30bfd9598a4aea6d3fa5c36543eea5349d200344f56e4de9125f0c69e
0,       2987,       2987,        1,  1944000, 5a3cdb21fb5e430eac88c92a7b700eee55bc30aef22376580800197fabbece3f
0,       2988,       2988,        1,  1944000, a8df0b2d60a4f14c7e993075c37432a58d3f1239a306c9f53347a13db0a12b9f
0,       2989,       2989,        1,  1944000, fa08f44fdc4fd191ad9dd669071df31f3771cd778bc11b06134a9de19f82e8ae
0,       2990,       2990,        1,  1944000, 7e301b07fb799d9580f506c2f9d87f38143f5ed185ee8e71b9470e8de64e2345
0,       2991,       2991,        1,  1944000, 2f0b3e40833e8363295a4643b55eb8115df007981b8fefb511f37ff1fd5bd72c
0,       2992,       2992,        1,  1944000, e278970c6d80fb9ef919765c82f06227250130d6aa909122d7a7196d9d2909eb
0,       2993,       2993,        1,  1944000, ed718eb2aca326c750d65345573a9a47561b724b9b4bd41df79001bb3bb308fe
0,       2994,       2994,        1,  1944000, 086241321a2dea7e1a8ead93588415c3212c9e0269889a72f4ce4e3f76fbfc25
0,       2995,       2995,        1,  1944000, 2f54c756bc240d9666cd067461b4eedfe5d10e2c59fc8527ec92b4c5e1bafdc7
0,       2996,       2996,        1,  1944000, 022c8a7ea9704a461daf1afe9b3d9244e61d782dcce33515f04506e23d0f76e6
0,       2997,       2997,        1,  1944000, 98b7a5580f6f551306202faffa39abf5300b3fcb4df3b7517c8bbf397f718682
0,       2998,       2998,        1,  1944000, b6bd00dc56d2f60fdf1ebe0eb1cbe6118f17a64b7413ac897a756b5ee81a1710
0,       2999,       2999,        1,  1944000, b6bd00dc56d2f60fdf1ebe0eb1cbe6118f17a64b7413ac897a756b5ee81a1710
0,       3000,       3000,        1,  1944000, f187c6db3176e505a1c95d3041182da753c0456288af60be26b47358c64c483d
0,       3001,       3001,        1,  1944000, 298508c50852b323c9cb6c8d9deeeb5fe9b2a337caada21ad3f679edf88a6358
0,       3002,       3002,        1,  1944000, b7b34653097853a0dd93840196c5ab63f72ed583db459db810d308c90e06181c
0,       3003,       3003,        1,  1944000, 09779c014cbc96e730c16518eccd198bfda4dcc745c1e9ba4878a3571a0eaea5
0,       3004,       3004,        1,  1944000, fdaca03cbe8fed087520a56cc476172f15430d2f952aecfbfa77a33f6ddbee23
0,       3005,       3005,        1,  1944000, 92a9ad1b82588dafa77acfaf6cda8f83c0fd72bd41cc327fbfeb70f5a1547bf3
0,       3006,       3006,        1,  1944000, 427eb15eae205e4aaca3e74ba55df50f63975bfbd20cdca2fa52ec408c533558
0,       3007,       3007,        1,  1944000, 31ec4d922e11abdb0fabf512aa3e4275e8c302d19a523099b9e3f34abe15ed7c
0,       3008,       3008,        1,  1944000, 95c7ab9225c917476a42bd3ae6b4e5983d911e2dd57e7e444bf236a568ce48ad
0,       3009,       3009,        1,  1944000, 838f20d8644626be1c459a07fe74621cd7f20c1f912154862bea2d41734256b5
0,       3010,       3010,        1,  1944000, a06ed252828cfd806854cfcf3c41d43925cfc642b04564424f7c1272d756766e
0,       3011,       3011,        1,  1944000, 67dc6c55e8897289782b7a49f566562cc11fb6d89686f4d1c54004cb7579907a
0,       3012,       3012,        1,  1944000, 944eebe4316df5063afe29dca509031441d603bcd871dd8236644d3cb723a080
0,       3013,       3013,        1,  1944000, eb9fdb5cdf08f26ae969146e9d560e5c21ad2a8e5f074bc2e717d030d471b5a8
0,       3014,       3014,        1,  1944000, b5e526640bce3d7d2d34df8d3cea214d838d3323f1920b5cbe8f5096a714281b
0,       3015,       3015,        1,  1944000, edc9b81e150dfa7ab841999c9675bafdf0618e6e9dfd3e562622e7880aff8ed1
0,       3016,       3016,        1,  1944000, a6f593f97cef8fad3c4bcbffb4741ddc74595ac61ae4797a9832da7345bb5210
0,       3017,       3017,        1,  1944000, f88a41ff996a52328dbf205a651ef44b112369583ea52c19335533762074b009
0,       3018,       3018,        1,  1944000, 6d8b8a138188e5a27417cd63814db388959e433509c88deb2f76b5b19000a658
0,       3019,       3019,        1,  1944000, 644cd433b0b659304bca66a395e40f5da9b868ff4ec28e8c6b857e426ba27835
0,       3020,       3020,        1,  1944000, 04baabe9df8357e216ef3a09c63fd184b117e49666e4f5c0b41c592014f8079f
0,       3021,       3021,        1,  1944000, 87c132b7d2d67dd1ccd2aaea1b71bdec3f1557260a8dba9bdba65835aa932b21
0,       3022,       3022,        1,  1944000, 0c4ca3e0e8d26530843b20a1edf35faee929b998d95837bba0f2b59afce6f81d
0,       3023,       3023,        1,  1944000, 4f2e4745f7e0a5a8b4d6265277d6cf5f7f58d944728efa083802b15caed1bc60
0,       3024,       3024,        1,  1944000, 9ff28ef4dd2266eda08a362591c91ec4106a5615b3eed9db26dcb1bcfb1f2d7e
0,       3025,       3025,        1,  1944000, 4bb339a3c8c0c0284662e3a6ddccd1713c7a5605182c3d161304a727527a51e1
0,       3026,       3026,        1,  1944000, d0e5b85ad87549f7bdc94ec9284262975c820b68efd6143aaf7bc1e2f6cce727
0,       3027,       3027,        1,  1944000, dd570aeffbafe5f302d6abeaefdb8dc6dcfca4eed86ebc14a6eea465418f99a9
0,       3028,       3028,        1,  1944000, 44c5e50b56ca3098a493804461abf930ec769307a00a0c78f7c9199232d1311c
0,       3029,       3029,        1,  1944000, 26f07cc3c79b6150fe3d073ab7ffc679a537f2fd3f078b7765722e599e1eb322
0,       3030,       3030,        1,  1944000, ae3851e14f5add6689212007ed26d423084631323c94b97dbd67c7de000b89a1
0,       3031,       3031,        1,  1944000, fdac44cd30b18850da036adb13045a485b94a0b2aeab5bc7a0729b907f7ee45b
0,       3032,       3032,        1,  1944000, 5007743688c52a84a38094570c367e48c547f62d1839a4071f57fadc640accab
0,       3033,       3033,        1,  1944000, 8d1cdf5be376fa1765b7e7cb4961a85bd6a43900fd90570925dd6d4561d0e13f
0,       3034,       3034,        1,  1944000, c5ef7f5c15e2a3f8cc6799c3f72c2e0f66f9152b65a1d53867907a1a6bf71898
0,       3035,       3035,        1,  1944000, ed790584974a4911283499aeb54849d70d47174cb286f479111113a16c50fae3
0,       3036,       3036,        1,  1944000, 50b3bc442ac66a0cd130aa6d4475a413406120874c2e602a5ee1c9990c608f9c
0,       3037,       3037,        1,  1944000, 9999ade94bcb43fd1aa46995b73f5b940d748311eb72cb303566cc203e04b463
0,       3038,       3038,        1,  1944000, f4924a97f5c202da90264d3204869229202a325d1f4871173ed48f51a9881520
0,       3039,       3039,        1,  1944000, 678ea66111e4ab0e29cfed86193edb062a77bb2f4560c0b2a8eebfa0377e4805
0,       3040,       3040,        1,  1944000, 8d2463396c250a31530b6fe2697c26190f31906041b820f6b3fc5ff02b64ec0d
0,       3041,       3041,        1,  1944000, 56df5555a642c99571fbd4373fca2554abda23b7334117f424acdfed4e3c943f
0,       3042,       3042,        1,  1944000, 87f443a5b372ab01a4daf95ef3597067a309b726d33bff739d79249d4c086208
0,       3043,       3043,        1,  1944000, 1eedec723269a2b7d3982d5df32c20db40fc26f16df77f1b595bf45addff756d
0,       3044,       3044,        1,  1944000, 35f47b8154d88290b11623e68a0faffe8bedae572363469a28959c663c8a6f96
0,       3045,       3045,        1,  1944000, 847b5e156723f6e8583dceea3bdb6b2274630cc0829b32595254536ca689f93e
0,       3046,       3046,        1,  1944000, 012d76083d4a2cf105c6541760d6d8691d117e1e5a8ac63f81d9b69751b57687
0,       3047,       3047,        1,  1944000, ac95933c6abd09815d43b25d5f5a8609a88a7acb89e0cefc8648502fd7a860fe
0,       3048,       3048,        1,  1944000, c0210a7e44e025efa74766c4baa0c66dba6b5b218a2c1d8dc427d748c63a4525
0,       3049,       3049,        1,  1944000, ec7ad0c3110aac89bad230f7c5aa3adcf32bbb423fa61d303c4e16e8a2a66afe
0,       3050,       3050,        1,  1944000, c4f4def5d2a9e8bd0a6b52db97134f3b3437fc7ddb3dc406dfeb8d89c79ca2f0
0,       3051,       3051,        1,  1944000, d09e0a27f4429e36c9f574e0a166a4a7b3d0b7c9f3dc0555e2e2c5cc1197ec97
0,       3052,       3052,        1,  1944000, 9c1a83738b1725ab6d14d06573bc4c78bc599947fbc7c46afa79fc3b57ee4504
0,       3053,       3053,        1,  1944000, 61921c3fef4e22dbdb0179b5a1f9eaf8e755922279db9789e3d283a48a21da32
0,       3054,       3054,        1,  1944000, 7428a0febe34341affe8de12ac619482333a598d9677124f1400754488a664d8
0,       3055,       3055,        1,  1944000, a942163dc276a7a98d61295f9c9801ce2b8e20b8b2bb1dc4f69b3a23f9cc0a8f
0,       3056,       3056,        1,  1944000, 5b0401b656ae219655bf4040eac7f61c67d1d1263a6e897bdf06df17729dee85
0,       3057,       3057,        1,  1944000, ac3e30bc8879a80ad262da4b5788b82dd1a79d7e487a551d8ec76e62dab34ad9
0,       3058,       3058,        1,  1944000, dc16c8f61ea0b861dbcbd3a72206b282b933f2f432b046d927d98d328f4f76a5
0,       3059,       3059,        1,  1944000, a6547a55e5ab5c2733c9bf1d2bbffad916d95bdc971e4858b91a55730bbe2cee
0,       3060,       3060,        1,  1944000, f88222db7917cd6c9753ae5b1a2b0c0175176aa3c8a68b91d38b86ccdb08c854
0,       3061,       3061,        1,  1944000, a9a7276ebddae05eb10cb8a017e45747921e02570cfb47dfae0da558b21ffcde
0,       3062,       3062,        1,  1944000, 6a007845af87406c2f7c2ecf04f8bcb4cba2a2649d82dbb3fa47ddfb70c8a9fc
0,       3063,       3063,        1,  1944000, f51a86bc00b5a362f8dace61f195e15ebaa0def7bd40ee1165ce6d43af0420a8
0,       3064,       3064,        1,  1944000, 6d3eba9870030973e1d677d51ec5f8885af8bf6d20ad7294247835c00fb5d89e
0,       3065,       3065,        1,  1944000, a7ae06ad69e814c063e8b9eceb3dafcd4358f81cc587b894c925104354093d42
0,       3066,       3066,        1,  1944000, 48236220b394af6efb5c1608db0ac681bcf6e67fc398db395fa5a2c032605268
0,       3067,       3067,        1,  1944000, 714203c9aef7fcc5a32946938ff7e589d6acf234f986377f3841b6f78ce90742
0,       3068,       3068,        1,  1944000, 4134b2f998b996e25952d8f5ba26424d5ce134429ed47eff3e267ab30bca3d06
0,       3069,       3069,        1,  1944000, bd441ad8bdaddf33f0dc914492754df8e9f8df32722d1ce14b4672d8e4817d18
0,       3070,       3070,        1,  1944000, f7fe9a39d0ba3e34fecab8b5a52012a883144b951295344baa1446c44843399e
0,       3071,       3071,        1,  1944000, ad7d699c486595a4e430b24b35493a33d21cd51bf8f6b94ef088277c91e41bfb
0,       3072,       3072,        1,  1944000, dc247ec0dd118242eba70e41fa22b5d7760f065bf2ed568ad88e3328583141f1
0,       3073,       3073,        1,  1944000, 3eb09980fde59ff5d843d351994e582a9d83f1759f823a26f4a1338b13afabcd
0,       3074,       3074,        1,  1944000, b1f2d23b88bbda59c9c7c2382ae0b9b21c011d6840940c3295fd1501876b25bb
0,       3075,       3075,        1,  1944000, 9400f43ed3edb9f47dff25a2d42deb97d1678c621d77f88b1936f2777aaaf559
0,       3076,       3076,        1,  1944000, c9b0a8f8aa9c90976b55fd5d4285ad57ee49c65983023c06d50e0bd7c1042d71
0,       3077,       3077,        1,  1944000, c4d28fdb6d8ffd51705237237be007c7e7519e51c5a3a9acf0baa2347b99c1cf
0,       3078,       3078,        1,  1944000, aaa141b63b4206acac0d88769bda7a2859cc206a30eb5bed69ae46674b6e47b3
0,       3079,       3079,        1,  1944000, 1d2067ea4c9d66c4dc3bb9f7168d1d411f17f73f182263e857cc3c6c8dd0fc6e
0,       3080,       3080,        1,  1944000, 0bc11f3e840ea219f693f92315af8965ee01be49027c6da94e4e0db3c1efcaa5
0,       3081,       3081,        1,  1944000, c3d2d5892bcbdc0c7511d6dca32c7593d43eb49a0d7b6dd523aaf12127cbf365
0,       3082,       3082,        1,  1944000, 12ee3efde13adb0602fb5f1c627e0c5ac1afb4c34027e8ea9f9b5ff376abf374
0,       3083,       3083,        1,  1944000, 856f15219ee9566e310b3217e0553de8e497df9340be9303080bedf034d2e572
0,       3084,       3084,        1,  1944000, 310dbb5dfa14634c5ce911708b9292087e5760db75c018f5ed3a561aa862ee02
0,       3085,       3085,        1,  1944000, 72dc81c0a099f1d6a6fee326bc37bcf4507eaf3b855039e59d486ffaf28bb33c
0,       3086,       3086,        1,  1944000, 1c6fc089e9404618800af2994da395f78441438cc7e2b61735f8b8d7dbfcb710
0,       3087,       3087,        1,  1944000, 19d18cbd942ecf38784b5c00b5a06eb6ff2a120b9b99ea05bb5775ffddd97585
0,       3088,       3088,        1,  1944000, cfaebf33c3ac2926e142e1de1500642236a4128e09d9cabc36a4a6c3543001b4
0,       3089,       3089,        1,  1944000, 1408f3da6fa9919ac0e41dc9ce8aaf5fdfecb27b6e2d406937e67e040af241de
0,       3090,       3090,        1,  1944000, 4b1a4457411e1371b40b169e90b436aa1efe17278ab5089177bf590bb7322c61
0,       3091,       3091,        1,  1944000, 4cf45fa1c85a29abc940603531123554b8d7cb930557540dc99ce13612d9e307
0,       3092,       3092,        1,  1944000, 79b66aa49f3d6991434450521ac89429ac144c08c5d8af970c397bbe460933dc
0,       3093,       3093,        1,  1944000, 49d9eb342831d0efd2c189162cce89caf9ed0c97f386866b6e15ddea7c91a6ce
0,       3094,       3094,        1,  1944000, bbe6f3afea621cb389738611a4749a2daeb56dc296324a9936b1d60fc2a9be6f
0,       3095,       3095,        1,  1944000, 1734c5a1cf145de0c1d8bb16e699f695d29df6fca4602815ea044db8245c4966
0,       3096,       3096,        1,  1944000, bf04df6bf48bcd2233a31e683896637d94d38a2b6fb837bb42773c817f69a77c
0,       3097,       3097,        1,  1944000, c6c5646557a47965fc890e940c4d48eff74b0a22337f9edc70ca18d3897ac136
0,       3098,       3098,        1,  1944000, 6dc81e92522e230de9f1baefcb8b309d1c9f1db7c8324e7db168ee5c9dbe9073
0,       3099,       3099,        1,  1944000, ae19a78f4fe261a5c4a5e9d18a02e4daf6c026b849f3c0f68786eb9dbe1816b4
0,       3100,       3100,        1,  1944000, 68085bea42f22892e91375cea92d9fb701031079997c5fc63574cc750bdb559a
0,       3101,       3101,        1,  1944000, e227c8f5d42d598cd0f4ba8b1ce1652a8e618face446588c427de7b31fa0e05e
0,       3102,       3102,        1,  1944000, ca797d8ac1880645f27aacc625c09a11862bf7eaebedd2292063552433c21901
0,       3103,       3103,        1,  1944000, 56db49d9185ade6a0287174253c6584b9d9e83eb049a8ad3bec5ca5a8029274c
0,       3104,       3104,        1,  1944000, cc76b4021976b7ee5eb8a08e0976f1baef524b476d94920555c8c3f9428b2408
0,       3105,       3105,        1,  1944000, 5566eaa332386ecfb910023390ec58bc60ca62bd4b3af4536adbf88e9409b242
0,       3106,       3106,        1,  1944000, bc3e8b669c863082d0f9b28086276c7e40d953e387060490d7f3863690e88906
0,       3107,       3107,        1,  1944000, 5ab5fc84982ba7133bf535126b87941600ba23e4613830032ed887d9e63a221d
0,       3108,       3108,        1,  1944000, e368d050bbff22219de2770b32b4dcdfc334979a3b9bc8197d19fce9957cba11
0,       3109,       3109,        1,  1944000, 90e10364274094cf12ba07cb1151acae566b6b405d607f32a9ee1ee737ff5ff0
0,       3110,       3110,        1,  1944000, 82096158202ffe03590bd287fa6466b60cc645931bd2017a78b585ada3680bf2
0,       3111,       3111,        1,  1944000, c122afb8148feeace05b23c61548f793e86e72ff273d289fb31d27307422fc5c
0,       3112,       3112,        1,  1944000, 3d527d223913d88cb21096697738a5d028ca21ce68f4c0c5ef3d4c8da39d0636
0,       3113,       3113,        1,  1944000, 8252f75987e787215e4838ed6ea8623fc24ac5f6342d5b71e83698062e37e321
0,       3114,       3114,        1,  1944000, d1d21596d1ca86fbe4bc6589e865133790499fc3099943773f09cf4e7162e9ca
0,       3115,       3115,        1,  1944000, afc5d00ca1000fd9617d7cf10b1ee7a3bb96c4656d3442a23c9c7215df362262
0,       3116,       3116,        1,  1944000, 7a563b32624d1c3652f38ec1b1e352f9aab799046d2c890c8ddba1cc6e12e9b0
0,       3117,       3117,        1,  1944000, a8828ef298818bcbb76d8f1b25ee85ed1834f611cc4e52bbd212b7091156c71c
0,       3118,       3118,        1,  1944000, f3ef3305445d3306423117dbe1699903883d8e7251825c289c952e641a9f28f7
0,       3119,       3119,        1,  1944000, c736a848446561614612d61422fda5a45d4af224f2e7ced2520fb2f9a3a99967
0,       3120,       3120,        1,  1944000, 6b467b5d36938c445ef0756651ce306a8fe08b11048517efd104a1eea0c6fb45
0,       3121,       3121,        1,  1944000, ecf8c7a0c2de9e5b7feff89f168ca55b847c32d21b427772e42adb41dd0aeb2b
0,       3122,       3122,        1,  1944000, 3093a4449242fa42ffd85a818b5047d2e41d44b0244e14834330ab63f99631c8
0,       3123,       3123,        1,  1944000, a091b0d229f0380ae18b4326841ec362159521487575cfa8ea921a015d311d59
0,       3124,       3124,        1,  1944000, a03252ecbc36e4883308a258e63f717921ea093c5b6a6a88677cca79f8dc1ade
0,       3125,       3125,        1,  1944000, e2753df46ff126ee9bcb420266664550129aebe7dd7f854f16ea627b7a83341e
0,       3126,       3126,        1,  1944000, 62ff12fbaebd7897a6e9c6bebbbe1c6d125cac669d5f35d24ba4cbc28aa0fc02
0,       3127,       3127,        1,  1944000, 06700df24fff3a1343c64fc131b0da41869fad7759d1c1221a8d11008a1de782
0,       3128,       3128,        1,  1944000, 64b9fee1ccf21d01d3105d582735e68db24c0b33ef30af6fcaf90927fe385bd6
0,       3129,       3129,        1,  1944000, e9131d709563c53a24dc8607b3a3e03dd1834b6e85d17c84ab7b9e20ab589d3f
0,       3130,       3130,        1,  1944000, 76bb57ea98a9c5a2968395e826f833ce251b0d9450e491e8786f6ffb4d260c75
0,       3131,       3131,        1,  1944000, a867036294eabb98d864cc9aa335357a0bda73354195be7cfaadb6cb85cba3d2
0,       3132,       3132,        1,  1944000, 161350f9393ba034d82ca0e0b60b827048845bab60064ebbf88e6af332f621bc
0,       3133,       3133,        1,  1944000, 15826022d2ae2a2e975ed62319ad6b0eb5d32822e9c9515c891a167b5a52a0f0
0,       3134,       3134,        1,  1944000, 3cadafd4c04cdb2649f5e703e96bb25625cacb8944cda46ae12199a97834d786
0,       3135,       3135,        1,  1944000, 54023855296cdc444310022ad2433480f1d1ddeaf795d747e480bebe375bfffc
0,       3136,       3136,        1,  1944000, d818853b097323d1842a3d98b09e0d5c304f9f5076a39550d4422a6d86d2e561
0,       3137,       3137,        1,  1944000, 435eaed6ccd038dc16d4d8b3e410442f0ab0f6cc6525cbe250b0b4b79474d506
0,       3138,       3138,        1,  1944000, 32f77ce1d1e2e55a3f898b8102d05b82b835677eea7dd46839c78453c1f1c518
0,       3139,       3139,        1,  1944000, 40859ab2a041f7684fb7f0188d018ace0c0981ee1270fa819e69990328648ba1
0,       3140,       3140,        1,  1944000, 0cc8d9f7971dcc7460533df784738d66af91f29ee9a061a6d6b4f81f6204c8f6
0,       3141,       3141,        1,  1944000, 00adaaaabcf982f472aea2d4fbd040c0ddaae3a55022d2c0f0dbdf2daa79335f
0,       3142,       3142,        1,  1944000, ec1fa28e01386b58e010a286e7b005b77b3c43c366cab422243cbcd1f80e65c0
0,       3143,       3143,        1,  1944000, 1becabe86f52db582a0cc56d8265bee3ee72695ea6eb197d0ac621af4fd5a498
0,       3144,       3144,        1,  1944000, d3e29426555c8dfd2977fd69a6973b50897d256e5dfc82911126b50f8a990b24
0,       3145,       3145,        1,  1944000, c0c24a087d2e8ff5f6bb0f29b664c8f5585fa1c30e3fbf4b383c8aa2072a8878
0,       3146,       3146,        1,  1944000, c58802db0f5c6c907d31c181d2f154f67527f194d3cfacbf05566fadcae5ef76
0,       3147,       3147,        1,  1944000, 60e439631f18545c6ae952f9575f120a9e00dbf41f7526cd7a2a7cd4858ef24f
0,       3148,       3148,        1,  1944000, b1de23d67653907318bbba81a240739cb72cebc55e063dbce7fe011d276a0a90
0,       3149,       3149,        1,  1944000, 4464ff14a084ea89613f23245a3f3925625791c9d93fddf0dc5d9b89973a89a5
0,       3150,       3150,        1,  1944000, ce8bc0616795371c1a5cd8d3f2fbba961084f16cb85551796d3d5635ff5c4266
0,       3151,       3151,        1,  1944000, 9f31690fbb0c9db40b53abb4ef740ed04564c2509b2c5a5c620c954a109508db
0,       3152,       3152,        1,  1944000, ea2c344c0c8ace76d0e6d4fae93913414c23a7ae8a538d33157328565dce26a2
0,       3153,       3153,        1,  1944000, 751e385842ec298e8d0c00ef6c241eee9b95fb679a5b0e078793b53ee371f13e
0,       3154,       3154,        1,  1944000, 7669646bafb4d09d83d4d6b2756cf8c343aab4ecf235f22eb3470be951dcce3e
0,       3155,       3155,        1,  1944000, 8c015cdcecd1506a916b2838c8ee514f215629e1e6016bbe11eeed0e075b3f37
0,       3156,       3156,        1,  1944000, 44526dd1f08758b72f0d94757b24cb20f39869c1ee5965d9085933eaa4bee466
0,       3157,       3157,        1,  1944000, aa5abcab411fd9bf0f69854009c18e7b02c2b841d4714ab29e14e707649cd0a2
0,       3158,       3158,        1,  1944000, 8420a9a475592c7b2f8f305cb255f1085f90b97d769a208d260d2a3810f47dbc
0,       3159,       3159,        1,  1944000, 04fe92b528d26b32873ea1cf860758348a985fde4550727b8fda659ea84e8f44
0,       3160,       3160,        1,  1944000, b5b93a4974d94de6041692e30f9d57f4f1ff541cfbba2ba5ff6b9e29b01fb032
0,       3161,       3161,        1,  1944000, 7024103ca81c7872a8687204e6e75462438b139f751de89c94772b5fe50ed0b7
0,       3162,       3162,        1,  1944000, 00bd63fde94526f9e474f88269438cec5a0caa8cc89f5b2c09aa9cb189010933
0,       3163,       3163,        1,  1944000, fa1ce54bcf05a549415d06727e608afdceb81cead177b1865a72f41272d22708
0,       3164,       3164,        1,  1944000, 1eadca25c1abd05306e4e080ab0506b6b9df2f448e3f0b1d22a13052f2894b38
0,       3165,       3165,        1,  1944000, 4e7d1ba0708bbeb604cfb6124983fdef22851457c95a238096f7e56c627e0dbc
0,       3166,       3166,        1,  1944000, 7bc3a3d42893a207c39a6891a653cece722af8c4503bc41aa8a9a55c4f5c89ab
0,       3167,       3167,        1,  1944000, e66966cead591e68891b17dc6086349e836adf1562e004747054f7c38a231abc
0,       3168,       3168,        1,  1944000, 1086d63a5ca85def20b8a946b58e593de20e60f29d26ad00997690ef1668b460
0,       3169,       3169,        1,  1944000, b38b5df6c82911fff02af60dcb6e63acb322c331f8ca16cec682b4b15d9b9d6c
0,       3170,       3170,        1,  1944000, d3b1c1003d436d02ec47cf4c30d324aeb4584821e2a06c03f6a1bd00ec476ba5
0,       3171,       3171,        1,  1944000, 360a73229bf21305742fdbf8f4763d37461199efb2fcc922113c20d41730b84e
0,       3172,       3172,        1,  1944000, bfc3aab70755f4df60d21f44f803aeb5d39eebcff1f5e61b0ed15cc9ad39ebc3
0,       3173,       3173,        1,  1944000, 57f0de3469a24fd28c7387f9ebd31b8e100dea7eb1b6c53c862c5fffe1d9e838
0,       3174,       3174,        1,  1944000, 1457503140400075bc5887b9a9b26a0aea3606b6a72df28c9a4d4b6d58f948fc
0,       3175,       3175,        1,  1944000, ea1eba2d7dad454a65765f3111baefa1b3636632d687e871556dffc94daf01cc
0,       3176,       3176,        1,  1944000, 60c6adc6593587bfba3358e407e83c8d99471d1f413d67caa58983d60e5624fe
0,       3177,       3177,        1,  1944000, fe08cb28c6bd3a42c0469097d868e38175bdcf47ca1226db98680e8e0f11b434
0,       3178,       3178,        1,  1944000, 8a4fa1d8b48bc644ad285ef35c9bde218f250e1c4cbfd13f62ed18aa1494e842
0,       3179,       3179,        1,  1944000, 747c56af77f50c9acf57a151eb6c7347fca678c685c1ed4f0706ebdabb47419e
0,       3180,       3180,        1,  1944000, a5c3aec77285a4934115afb477557fbe68cb0acc01eac9832608d8f505d569f3
0,       3181,       3181,        1,  1944000, d3f9a44befbe660a2cb95151179f389ed6d21ccb2c58733a1c4eceef1bf2746b
0,       3182,       3182,        1,  1944000, a32b17aa4d4f3a6ede45de4fe77e5293fc11f75f87d6bc82e488d3574664e072
0,       3183,       3183,        1,  1944000, 99691752de0ff6dbd21aaf1a95e6c7e1d3cbf5bf5fb60fbc4462b0b42a3f3cfe
0,       3184,       3184,        1,  1944000, b37effb2ab4e6c842a9734350e2f24e2c677e9e5b0446dc6ba4cc4e58a9e07ac
0,       3185,       3185,        1,  1944000, 05cc3df81cb57c4ca701dce706f09749179a5902c74a2b2921d7cc5c997bcc9b
0,       3186,       3186,        1,  1944000, b451f5ce7ebf378795665ab55f3d003c8dc719d014a85eed44ccf350389505bf
0,       3187,       3187,        1,  1944000, 2943ee31d60af00aa37e17c11cc370db0a965df144f53cb31bc02ec7549b41e2
0,       3188,       3188,        1,  1944000, f5c8193bfcf620a073916fe2378c3e5763ff614f0ccb36ab7c6a62dfe89ff7c3
0,       3189,       3189,        1,  1944000, f50ecc514ed2f55fde040cbeb4b024f14acf69587501ca9013b9cb7ea371b8a4
0,       3190,       3190,        1,  1944000, d87425fc24409896714d4113fedd94133453257a7e4b958f999ce5b7f7bc8a7e
0,       3191,       3191,        1,  1944000, cc8cdd4b2195e76777ca1f5cbc65e659bbba5c8c716d6a19496f2150fe692ed4
0,       3192,       3192,        1,  1944000, 7a3d7ffe3fec0f4e2ff72b4eecc27315b1b1faea81f26bb488a00fac0d3f0135
0,       3193,       3193,        1,  1944000, e522b34160c604eff14be5103be72879c4e80a185b288f0b9335776ce8712ce9
0,       3194,       3194,        1,  1944000, 86ad20b5598202468871ea1b078ba871adb81735e134bd1384aa4b7c6b1a4516
0,       3195,       3195,        1,  1944000, 86ad20b5598202468871ea1b078ba871adb81735e134bd1384aa4b7c6b1a4516
0,       3196,       3196,        1,  1944000, db53c9205bf4f70e43029359a066926dd126f0e85c9e0ca0e6780d8b0e074500
0,       3197,       3197,        1,  1944000, aa2cf4cb294cc781779e42884e925518704f95d61e50d9097a2111ea191ccd6d
0,       3198,       3198,        1,  1944000, 86d178ed3eda6b4ad4d09ccd877225c2d6fad31130a56f35102861c7b6f4104f
0,       3199,       3199,        1,  1944000, 02d4fed0bfe05ecacb4ca825418ee68fa9dd84c426b3c39396038cb343602382
0,       3200,       3200,        1,  1944000, ed2aba462275ddb76c9c2c293bbad3355aa6f251ede1a68868a82958d8cd918a
0,       3201,       3201,        1,  1944000, 0b01efa376dd8ea57f88229da2fd438909743c7be97376fcd6324079f94e750a
0,       3202,       3202,        1,  1944000, 4e4ab74c747cac3ac4a79ea099a8e1a903b14410608c396873d392fed130348f
0,       3203,       3203,        1,  1944000, c2fe6acfed1e793cf6af5849cebb86892a85f500674e3803c53d8ca22b37adc3
0,       3204,       3204,        1,  1944000, 1fa05d5f1d6e3f7d45d7ca061bb7a88a0d8b243167fe5c07b8ceb13c85d23bfc
0,       3205,       3205,        1,  1944000, 4386aaffa34d1c458c34d3a1d7060087b5569a90aaf1fa80a7ffce4f9872981d
0,       3206,       3206,        1,  1944000, 65ae1d49b41b6efd524e59b825a9701a50d5c4673af76710ce016a95e1013c5e
0,       3207,       3207,        1,  1944000, 58e3ab21e565685b175b6e1d0ca728c57aaa04bfe1f8479cce452e963b7a573a
0,       3208,       3208,        1,  1944000, edca4a1c40276caa32c3a54373ebe671e67b28d80d5494ba71e5aa67437201a2
0,       3209,       3209,        1,  1944000, 929ed7df255e06aa9e121aebdeb250bc85eaa41dc4bc2986d2cbbfd557d1bfda
0,       3210,       3210,        1,  1944000, f638455819fa4047d44fe9178e5c69d6b4c5c50c194b38c52a7c02f73e64702f
0,       3211,       3211,        1,  1944000, 83d00d1bf8418982ab247f835170d23af5ba73f15225018e1a2a413e87e31e75
0,       3212,       3212,        1,  1944000, b48917bbfe26591b227df71fb931a88afb388625016e8a7ae78f58756759ff6e
0,       3213,       3213,        1,  1944000, 924417e2f192111b7b062708d5fdf4719003278d123bf305d8a925f1c4cf51ee
0,       3214,       3214,        1,  1944000, 93141fd1b9c9ed0c1af391ccd00424c3f0f759ec379658ee5c1847cf96c05571
0,       3215,       3215,        1,  1944000, 95ca523e591b9cf5802067061d294b13f27c23d6b4258d7c3db3cfb58a4edc60
0,       3216,       3216,        1,  1944000, eabc92186a66942d6e0a635935dd9c432f389469d94666860f60f37316ee8e8d
0,       3217,       3217,        1,  1944000, 809ae7fa8b981b8c30d486fa40fb67e446bdcc8528b5ee39ee9de17388302523
0,       3218,       3218,        1,  1944000, f2f3d73d76cc74213df7e141224d5bba1ee291abf3b352f6fe30731a6819b42b
0,       3219,       3219,        1,  1944000, f2f3d73d76cc74213df7e141224d5bba1ee291abf3b352f6fe30731a6819b42b
0,       3220,       3220,        1,  1944000, e7f6b5f83336d5c9120208025e8eb0d5e559c2a346ae3415b4a25331dcb8e82b
0,       3221,       3221,        1,  1944000, b7759179b1d7431bb3bb842786d95622b50a5e26be3e1838d7029fda1bd35411
0,       3222,       3222,        1,  1944000, c2db818b26083c59e28c5531328bba1caa26a6bb0b2e2e8888fa7bd63023cbe6
0,       3223,       3223,        1,  1944000, c2191c8b680b7f1989a2ce91180f5a5651839ffb7d275c3fd2404e186f2a850c
0,       3224,       3224,        1,  1944000, 103be7a89bf10587db3aa100a9985ccc7c5ff1f65e4d4a8ae6f4e9bdbf6972db
0,       3225,       3225,        1,  1944000, eac6bb3334427aa94e69c669850c44a1e871113d55e62093dfd03f496b4ed5df
0,       3226,       3226,        1,  1944000, f93aa96dbe290b98aa9072ab83a067dcce293419ea83d446799dca238abb2964
0,       3227,       3227,        1,  1944000, 63a6f25c6c164afd07bda6cca5326c395961060afbbae7ce051246bc47670db1
0,       3228,       3228,        1,  1944000, ecf59d94717ca48d32ba450edd93f83613abd7b375a2a9a575e9bee34abf8005
0,       3229,       3229,        1,  1944000, b54267247f9efb3ebed5e447db19d3c42cbd3e5ebd846303255b59325a66fe4a
0,       3230,       3230,        1,  1944000, cb03909f93564564d1ea146b1b994360cf8ce4e47985fbf7705b7f2fb9c3efa6
0,       3231,       3231,        1,  1944000, 7c2824090359a841ea7bcce0efaae5b99cffc4d04a466a5f00c8fdc08dc3f219
0,       3232,       3232,        1,  1944000, eac3c2d82c8703e09e56a3c8815dbbd824faacd55717d3b68707cc3391eb0923
0,       3233,       3233,        1,  1944000, 9c5bb76b989e0ad80454d912587e5402a624f11db735cd7ee03e64e1bf2b2c53
0,       3234,       3234,        1,  1944000, 7a0ffe2bc82f8d981ace65c750fb22916f3f306ea5766031cffa2359bc4a5638
0,       3235,       3235,        1,  1944000, e0d0c2ff179b99319c5b394bc9b829351ec0e877ab06ad8ecd53e95dac0864e2
0,       3236,       3236,        1,  1944000, 7faaac9c7b39babef2160701e872d0900c70501f2ca40424ebde5473ad4bc655
0,       3237,       3237,        1,  1944000, 06b6d5eba2b6886a24766edc925065e2109ae39ab96efe8cb2b1bb7989c070ad
0,       3238,       3238,        1,  1944000, 0c2c806c5ecf0c0ad0aeb8b2ec5214cf398ab2d89a775151053dceaebf690fd4
0,       3239,       3239,        1,  1944000, 5960264da60a2b69b396e83def71769df3f1f5d7a4b4658e39a7c3719b1e07b6
0,       3240,       3240,        1,  1944000, fa9ae70985d1200a2083d549cddbc7001f5414b43bfb9fd80cb406df20bbcd90
0,       3241,       3241,        1,  1944000, 814de8c65c5959fb6ede3a517ea32e8b5a947b22eb00ebf1f1cebc810d25e307
0,       3242,       3242,        1,  1944000, 8ff48347cc666b157e90e52ac93cc1e5dd18d14dfeec2c2ae4cd2f65c9a5064f
0,       3243,       3243,        1,  1944000, 24d5ab587e9f4886ef728b3e5d1e805944784f28c9fbeff8f9733d9b4b5e683f
0,       3244,       3244,        1,  1944000, f08aced2b12e2f4ea50522bcdb406431e38edea78f94736f7c3c7b69eacbd02f
0,       3245,       3245,        1,  1944000, 4d81b630229142e55997b574b0a28a5ef748b070c4bd43e1078f6388c6c9f6e3
0,       3246,       3246,        1,  1944000, 1ea58cc7265ca979a9e033585b0514d421a436e675f3dae5825d82618bf38f37
0,       3247,       3247,        1,  1944000, 2b4c79b30887be44b8921dda67c423c89312878d26589a71a2f26d297f96278b
0,       3248,       3248,        1,  1944000, dedac404f5e93f61b919622e316db27473536c9598a9693fd68b9a69b2de36b7
0,       3249,       3249,        1,  1944000, c5773e447f87d5d5181649a9e0dea5297707392eb044468df187d4998238af5c
0,       3250,       3250,        1,  1944000, b629d198daee7b34bad923f723820f8fd5d1779d44825df19b100f445d2907e9
0,       3251,       3251,        1,  1944000, e116cf0a64bec62d4cf89610c8e79af500df364b23577f228c3c2bd584037ec0
0,       3252,       3252,        1,  1944000, 65eb76750ebe69f7a55c16823837a6de15bb1afe32fe4e52f56725efd4c93b3f
0,       3253,       3253,        1,  1944000, c18810942ed1a129e048dbf13e808991626d86c4478a2fb0bb95459e9f54b68e
0,       3254,       3254,        1,  1944000, ef9413fa3a6ee746eb5cc2b7281297c49a72a2e44e2451623eca72c806489508
0,       3255,       3255,        1,  1944000, c9a8f8f48c56f0214b9e662290b468328e608f5b52a46ad473e6d4d8e47bb874
0,       3256,       3256,        1,  1944000, 4ccae3d2558171d8bdccf56214bf26022bb6fcdfc101e1509b7aa29a8a0d6169
0,       3257,       3257,        1,  1944000, 236d6ac43fabf7f93df6644237ed4019a9c46627a9b576f0d9eb1ccae5020523
0,       3258,       3258,        1,  1944000, c19b8bb0be5d6f7eb09f6551e5c396aea896b60fe977da31cad37a302a18d34f
0,       3259,       3259,        1,  1944000, 4f53ae8edfdb175da1e768e2776df46527a38633679381dd96dc769074757646
0,       3260,       3260,        1,  1944000, 89eed63e51527952a1c6308d0c15a178977133e72d65ba4d8a9b31eeb0affed8
0,       3261,       3261,        1,  1944000, 52e28521aa877b4f0fe28168b2929180fc099a66fbd54014ff0d969b613b4d05
0,       3262,       3262,        1,  1944000, 78b2b8491ec7a780da4274d1f3943f68ae40e31c9d42cd8ab6a3ace2ad2efe0b
0,       3263,       3263,        1,  1944000, f32c7755ed1d3f2278f217966f6d6c3d7a6674568e72b366fbc72b333548f9b0
0,       3264,       3264,        1,  1944000, 2ab64a09fc326a2afe9cf38acd46063eff0478f1903d1d38e17098a630abac4c
0,       3265,       3265,        1,  1944000, ef527eaf6ba4791cd30bb8248bba14a5831be66a5be31ed74165ac5fed41985e
0,       3266,       3266,        1,  1944000, b268946894b8a0497c5b2dab00903efba7ec251ad9cd8efd72fb298c579af550
0,       3267,       3267,        1,  1944000, a1aa156a77bfa820fcdc881308883aa9fb543852071a1b4e62a57fe6e71191a1
0,       3268,       3268,        1,  1944000, dc945714794b0a5eb92c519bd498f19dffc1667298838264106cca5937c5cc81
0,       3269,       3269,        1,  1944000, ec671e6d3a05f3ffe2ad1c3aacaed91cb1f0e70ce76156db42522a54c8596b14
0,       3270,       3270,        1,  1944000, cd7b25387bbc3f377efac69a8d94160f2c8ad9ecca363e9c73291ce8a01b84ff
0,       3271,       3271,        1,  1944000, 5b82af2243eb36fe5e907556abedb684c75d9a3bfb9dd2ac7e206bef600ede25
0,       3272,       3272,        1,  1944000, b3a85591562688abec70508f4831a4c36066baa7202df99fe28e2e7088704298
0,       3273,       3273,        1,  1944000, 0a676ebeed89e280b6e1c957f87abf050a98614e0e8442ef35835718cabc5e8a
0,       3274,       3274,        1,  1944000, c63e13bf0651d520aa7ace580029c0234d2a70933216b5c2dfd7c0da99723844
0,       3275,       3275,        1,  1944000, 6ec850cb1721f839b4f613e46248aad7730aeee2aca46c9a945ba8b45058ba01
0,       3276,       3276,        1,  1944000, a06ab85b736ec409fdb63d74f0ae4ef355b8cb59a5322af17a1df2391fd58c0d
0,       3277,       3277,        1,  1944000, 82f968590824b874a41d234974301b1db389d2937e54d8b72b082273cda6480b
0,       3278,       3278,        1,  1944000, 957aabb48baaa436ddff88b44864ac0edc6604a3cc4655b46e8d8f24ae0db68e
0,       3279,       3279,        1,  1944000, af6ebf828f7be9095b91acc5ca2e6e5ddac20f813a1a4cdfcb9a2191277315d9
0,       3280,       3280,        1,  1944000, 8d92f33de3f3fb7805af6887f8714e6f8b69827cdedef3380601e7309a2a037b
0,       3281,       3281,        1,  1944000, 226849864a64e10ea5b7c622f43dea4044bef75ff2eb8a7bde3456e1a346e232
0,       3282,       3282,        1,  1944000, 27e2135f6e198e1b2e5bd1f439c4d6bf8c7b91ba100b592e2e0672039e308ec8
0,       3283,       3283,        1,  1944000, 0a3d7c6bfc215e560f961bd2393a6f773f18a059caa40a31727829ec5f28a110
0,       3284,       3284,        1,  1944000, 47d329c62c4792c397bb554ef51de783117b951950721190ab9ee6de321edb18
0,       3285,       3285,        1,  1944000, ae3838b7d8f284953d5c12e627ed644d6ef914420bbf78c9865105626b7b398c
0,       3286,       3286,        1,  1944000, dbffb58caf35f4c153c08a54347ad51e33a82795fb338592cad7704a004bcdb4
0,       3287,       3287,        1,  1944000, d671f677c8dc70faced879ac6aadba5d30f9b4c8fdebbc2ff9a014a0430f27fd
0,       3288,       3288,        1,  1944000, 51d2d30280d984809f9c61a113681a881a4a2caf81148c8c268120cab26fe35d
0,       3289,       3289,        1,  1944000, 8b8599426ca0f259d7bd4b895ada52e819e76e0c5bbbcdbea6892f4ea6bf6777
0,       3290,       3290,        1,  1944000, b959a6787f29e9912febcc19974d153c177dd4cd2099cf3e80d1685d3894696f
0,       3291,       3291,        1,  1944000, ea15b630d5b00fe89f1bdfecdfb7ef0c1425a5903b4a0d365834d953d23c7d4d
0,       3292,       3292,        1,  1944000, d1917e8b765a2157a7a8d23f9c7d90a5be7c66fdff98981cfe21c1638d337de8
0,       3293,       3293,        1,  1944000, 853a98ece269b8a42e7829bda37379ddd269f85f95265a1f284b56a3a6901a91
0,       3294,       3294,        1,  1944000, 84ad1260858c705935046764e17fcef5b20442ec22429a9c6af8a80a4573ac6a
0,       3295,       3295,        1,  1944000, 599e15e463b904986f4add69f51b3e906d7b4e33a9a89d13ffcba064bc0ee362
0,       3296,       3296,        1,  1944000, 6b3774bdf14e9ad7b81485d11422b85f3ccbad97af9dcdfb819d88dedb34f82d
0,       3297,       3297,        1,  1944000, 24aef5e8320ba554867612b938f53db261d164c66dffcefdd4be9177b682d829
0,       3298,       3298,        1,  1944000, 7679dd9f527866ce1d625a8ee89a0d6cf657d297a6bcaee12c1eb447d6483a94
0,       3299,       3299,        1,  1944000, 6cc43910d2fc92ac523b6398778d213e2603fa6067b946d688de8b3dc94893f6
0,       3300,       3300,        1,  1944000, a4a3d2808c6d88552feb07187475eef7e578ef2ab381529410b2cf6343de5cb9
0,       3301,       3301,        1,  1944000, 6a40f0db910ac4feebc705c62b6eecfcafc55834485e7baefa73eac82a61310d
0,       3302,       3302,        1,  1944000, 34cf583d4cf88c279f5f0dce4e94ac283bc945f4f7735037e11b833388b43d2a
0,       3303,       3303,        1,  1944000, 45be80a8c7e846defc073866208adbba1fed818cfef6aae4d37b9a0222d6bd31
0,       3304,       3304,        1,  1944000, 5ce2f51f1997842dc683961139744c0e97b50c7bed9b2de7f8d5681e6edc9bc6
0,       3305,       3305,        1,  1944000, 69c71a72a1448d76075ed7e97f9184f719e91a800ed0ac2cbc7109219993f2f6
0,       3306,       3306,        1,  1944000, afab016b09a38affe93190abee0accbcdc54286b58df5e9a3a5cbf8834b50761
0,       3307,       3307,        1,  1944000, dae835f5a914f2f6d57dc73bd66cebad501c2cc042774081fdca955ba9701506
0,       3308,       3308,        1,  1944000, c72a5cc3a53a076c665641b744a84f3d7182cf85e2b2bd253ffcc390aec00bfc
0,       3309,       3309,        1,  1944000, e209ad119cab85225bc1a209908d551fe6d2a6ebac8ee55776d15739132599a3
0,       3310,       3310,        1,  1944000, 3d5f9e31f633a62c39ff284dd12258bd6db209292760602a97df5d178a525e1c
0,       3311,       3311,        1,  1944000, 8570ddbf0d5f1bf02d6d6c6a9a426fed97a99054a1f600ac0a690a85dd812a16
0,       3312,       3312,        1,  1944000, 6023ff0d76b3cb73f5e9f229021b007bb077f6e87a8147918654ea9d3b4b878d
0,       3313,       3313,        1,  1944000, d06aaa974949fe1f5cbae3a5e982b6a856fc5e4ba40bde3483f7c3ee86ea02a7
0,       3314,       3314,        1,  1944000, e20d526c2d64677a785857d83a6c1d0a51e4dcab5ddbc9cacd99b40bb89ed475
0,       3315,       3315,        1,  1944000, f053373d7a11d4d119f183274092c925f7e72b98ad9ebfd61b72f39ecde76541
0,       3316,       3316,        1,  1944000, 1373932c3ce2b7d968a21c150d182933495ddaf931a5e3cd82c8b8464910c925
0,       3317,       3317,        1,  1944000, 64122513ef4d64dfc543d351a2e357caf0de21e9978ea79273895a1560d7972e
0,       3318,       3318,        1,  1944000, 8f999bb0fb22e7fa5f50dd18b6e0329f8bcbdcf6fe00b5df7bf99d7767a0c96b
0,       3319,       3319,        1,  1944000, 1ae853b65444497a985e102b7a4f38916fd9b282968908a494a4e603c65bbb82
0,       3320,       3320,        1,  1944000, 47619296adaa0fefecd181e9ee8ee35c07d6760b351f0bc99367b3f3b078c236
0,       3321,       3321,        1,  1944000, e5a23aadf6e7ab579505e27dffffa08ade2401d44e67537415d27764d95e6ca2
0,       3322,       3322,        1,  1944000, 91c021bc2637441c869113e4e28bdb301060653bc79c8f526fbf444656680dd3
0,       3323,       3323,        1,  1944000, e630ad9a827060e22637ed73e1dbb849ed3797fc4e24e73c01867bec66d507b5
0,       3324,       3324,        1,  1944000, a79b53c92063c13e0e1c7e822b72ea118d201bbd4f9d2de5952ba07c2025139b
0,       3325,       3325,        1,  1944000, bf5aaaa309b9c6c95b1de42901c3749ea75029f87526b15bc94ca3787a8568d7
0,       3326,       3326,        1,  1944000, cdb9352d2103dcb0c838f3e579c8941b58725998c5b669b16e352dd868a601b9
0,       3327,       3327,        1,  1944000, 331ee3cf0840288d0cfcb2608c65ff46710c479a30afbb353d0c94442ded3761
0,       3328,       3328,        1,  1944000, 1728064b6b1722cc0f5bee3ef8aafc059d4d428960616cf7430a7db139d89051
0,       3329,       3329,        1,  1944000, e179d25a55dc62812a39ba15912b5c4eb9098ba7ce69312cdb5f70b9e981a226
0,       3330,       3330,        1,  1944000, 9b3a73682de84e325638454f47cb7794465806d351ff677f9d36743dd5470190
0,       3331,       3331,        1,  1944000, ea274f74ec33134e4e92e06ce045b29b7fd98186987b8d9a03c5959fc3567084
0,       3332,       3332,        1,  1944000, ec595255ef8844af59d94783173bd4f1111f603482ad83d1bbd44e4415d2e0fe
0,       3333,       3333,        1,  1944000, 0de023ad98a98e327fe21361f54d365b88caa46e890188d0f56a8799cd30892d
0,       3334,       3334,        1,  1944000, 75835e393ac8c7491c1100330c9a93e4d898324b67391bdf35f93d5f10095a26
0,       3335,       3335,        1,  1944000, a21b48c74e5f9e68aee718bfe5105e7da2128ef1a1d5e5a339f6799a6788ac94
0,       3336,       3336,        1,  1944000, 0beaea5f5c136e82b9f2f1673b206d442d82563ebdd3bae41db7d68df9eed9e7
0,       3337,       3337,        1,  1944000, 053aca2e43140e3c4fce2c9f2273942fd7e3c38180294b7b180fc4448c01249e
0,       3338,       3338,        1,  1944000, b2ec8a0df00c959231df5c11ed197c4409310eb69b5bab585a0c9be272b8c877
0,       3339,       3339,        1,  1944000, 28040632cfbc6bc7cf6b456c3c9bf9bb4ff9cd1d143287aceeb46957c158a3ef
0,       3340,       3340,        1,  1944000, 162960b1df696c131a15e9e5868467c043d39843c744d8dc6ceb5b7b2aff2069
0,       3341,       3341,        1,  1944000, b28af360390f8c62001d339d9b8cf8b41021e495bdfa4f2ec9a13428a853e8c7
0,       3342,       3342,        1,  1944000, 55ef44aede8fc45f65a41705aadc7ff232fc3542a097f02ec3d80cad1b7e1f5f
0,       3343,       3343,        1,  1944000, 2d2d74e2f7b53324bfa2d9de67da8f30516bbc6c00866900059f2ca974d90335
0,       3344,       3344,        1,  1944000, ca0098cab502a62e64bde291cd34e3cf363fb70f9a06d99e821fa9d1c5cab98d
0,       3345,       3345,        1,  1944000, cf92d9a337a58143d5e07965baba18ad50c51eb99936726d278bb37e9f3a76d6
0,       3346,       3346,        1,  1944000, d41ce01347f7ee5f9e9c9777e267ed3835894059d102141a8f64dd0389c9b5a2
0,       3347,       3347,        1,  1944000, a1ed5903771577a95e062dc309348630e083a3e2f16fe367bd826ecbdea55b38
0,       3348,       3348,        1,  1944000, f3a8d331864f2d8444b16d052ee9f893ae869763e557fbc88708417df08a3919
0,       3349,       3349,        1,  1944000, 49e974ffb8c736e6ec9904bbe6d1d80d02872b1d351d6029bb053103eb8fcf49
0,       3350,       3350,        1,  1944000, fabc420d12091b0e924137b0bb00940a19d657d8f80530425f33790cbfbfe0f7
0,       3351,       3351,        1,  1944000, 6002c381f877c5b67e477562331168d65147a390743521f77cd3ae13e7bdbf28
0,       3352,       3352,        1,  1944000, 5d85ffa99632cde09cd90572b81664b7ca3c02a9ab9dfcb1eb95b7518039ab1e
0,       3353,       3353,        1,  1944000, ee600382d7fee55469bafdf39737631438e0804eb56e525c4ca8f7674ff06549
0,       3354,       3354,        1,  1944000, b3c621c83647962e34313a149b0f22026c5d131f1ab043012e7a005b975e0eea
0,       3355,       3355,        1,  1944000, 09405b26256ad1836ac7a1ef1933a7b2eb09effd131c98d6190fc0e3250a3fce
0,       3356,       3356,        1,  1944000, db77b193da16275d2d95dc57326e1d79bec6ffbad6b4f298c3f2c6ed68702210
0,       3357,       3357,        1,  1944000, db77b193da16275d2d95dc57326e1d79bec6ffbad6b4f298c3f2c6ed68702210
0,       3358,       3358,        1,  1944000, 34bff23fecdfbbf94199a7e41c87f4c423c7219a0a39a9683b7c4e3921785dda
0,       3359,       3359,        1,  1944000, 0c807ea2c00a971f71d443c1a78f1820e68a32bddd30d148da8dcc9ed5d4a0d8
0,       3360,       3360,        1,  1944000, 6a50fb0dcfe48cf14546a9e1b05ce67cfda36b8ce031d84fed49c3138eee112e
0,       3361,       3361,        1,  1944000, 5ce22ebe1bf3e1ee698a26839894127962e3939de1aa553f3ae285bf8a908177
0,       3362,       3362,        1,  1944000, eb777053ffe05e079d8563f5d32dcd37562c7db11117d0f58c75bb92b843bf02
0,       3363,       3363,        1,  1944000, 530c21ca2c3f25c9a179a80ac671658b6d1da28e09643733e069338f2ee970e5
0,       3364,       3364,        1,  1944000, 530c21ca2c3f25c9a179a80ac671658b6d1da28e09643733e069338f2ee970e5
0,       3365,       3365,        1,  1944000, de643a64d558d7378fb4cbfc2f44ae10f8c2827bad170a7748a685ee966f787a
0,       3366,       3366,        1,  1944000, 2b4fcfd046d95054352fe81a79cbb3022a3a10580ed9ed38eb54c47cfc02649b
0,       3367,       3367,        1,  1944000, d165ac2faf07d8a2ac28aae279ce9e131aaf5c34de95b49d625468e440103c77
0,       3368,       3368,        1,  1944000, 9ff8f5dfcdb1180cde564f582cc8fdee6b83fddc5e0f5dc35d80bb8201f90b3f
0,       3369,       3369,        1,  1944000, 12fb7e4fdf0f0bb94dc14e61e8ec898cea32a16a63c018d857f77f07a665d0de
0,       3370,       3370,        1,  1944000, 3490fd268d5c27aad3ab1a911ac5d515d32f50cb50ef29edc4c2d46fc176f271
0,       3371,       3371,        1,  1944000, 508efdb016d34af4eba2a1978e927c1621abe279ea8ea16d947cf5706e056365
0,       3372,       3372,        1,  1944000, 2078abbb348cc22358e540ccf8501bfce45f4cecbf5d6ac9f120e724662230ad
0,       3373,       3373,        1,  1944000, c01bbdf6e8674326056e21ac3415b00d296dc1d87360e93bd9316b758a99cf5f
0,       3374,       3374,        1,  1944000, 9e26f1350b0138d6aeadb77a9e0412b3ba129ba20b09b0c80734b9a9bc7b1a52
0,       3375,       3375,        1,  1944000, 6e06decb2d15ba29b7b5d3d090aa69bd26078d43e10cbdc0a79d46e55d8a90a4
0,       3376,       3376,        1,  1944000, ffba7c27639467c841f86913b51922a2054eeec44abd3a169881e8c939ef0eeb
0,       3377,       3377,        1,  1944000, fab490e5fd05592df4ce29a36a75548f9b51093a75392d39a1a8e92e8dc70d08
0,       3378,       3378,        1,  1944000, 54c7efd0be2dc0bc8d64a13d4c0fb4e8b2356fcb0f2261662c0187ae34290a21
0,       3379,       3379,        1,  1944000, 6cb33f2141026759df486d32011c86eafc66adfe2b0b8a337fdf7d8d08935637
0,       3380,       3380,        1,  1944000, 8474afcb15c77795815af82c97e2ac06a7d6284d3e38f9d7fae4c3383f9cdb18
0,       3381,       3381,        1,  1944000, 65e7c86ea074998b4abe62e3893ef869736a65e67671cfe28f9bcbdc889ba287
0,       3382,       3382,        1,  1944000, c1aae75c3d19c47aac4cdc4e7f8c355ccfb9639df294d4c7c72c153b14705b1e
0,       3383,       3383,        1,  1944000, 2f9c54f2ed863c4006f1db6fd840e76e7b5947426de6dbda70a134e7be00ba61
0,       3384,       3384,        1,  1944000, 911a87e0bdb494935f6990eb2c304df7680b456a7d38b4a6d16d294f6b9ce800
0,       3385,       3385,        1,  1944000, 564bc5b91541b19e806a41dd5401f9ee56d27934f0c5a02765b2f673d7df2f86
0,       3386,       3386,        1,  1944000, 25c96ea3da01eb8c47c504cc302b8d1dc9e64b83431b8c1229c460bf892ed305
0,       3387,       3387,        1,  1944000, 1491593fcf8e6765aa38c55a1509f1cd5041ba251da362de1eaa9d8fe05fad59
0,       3388,       3388,        1,  1944000, 8362033c9b6b7152f4a81ce170ed3ce463903308a63bee3370c8d85c2bf08cbd
0,       3389,       3389,        1,  1944000, 02214da9d4da4991a0d3de764d93dd89369bfe0bcb4cddb9a5af710c16536b64
0,       3390,       3390,        1,  1944000, a6c0b33c68c2b9d4c138fe8957bf4a1ef0063e4a47282c2a66e5979fbc90c3af
0,       3391,       3391,        1,  1944000, 2c16727ee821833a785dad1f5a80a00c81eb68e6533311abdc6c0cdc3cfeb3b6
0,       3392,       3392,        1,  1944000, beae25defd7279499e45d23876ed38c815dce25a18d1a107037c887731708f1d
0,       3393,       3393,        1,  1944000, d6565be3e2a41ca3a6713384f0b2ad7b60cadf12469ef971488eb8d77dcbcb7d
0,       3394,       3394,        1,  1944000, 4c0bffd99d6a8251cfb7e926ca1bac1f0dd248f074f4e03538b7d166e5b201d6
0,       3395,       3395,        1,  1944000, 1a95de226993b3bbca9ec0c5274ce33db3533d53a1488e006d333d72c41c2510
0,       3396,       3396,        1,  1944000, 7d4a07251321f334f8318e0f8692ee7251ca07ba60a87981b2a9ca7766573c49
0,       3397,       3397,        1,  1944000, 7f68a5c14391c6535da5b5ad4a1576beebaabfcba1723af800ba111b667f93ac
0,       3398,       3398,        1,  1944000, 769ed41b37234b46ee030a63cb4367b8e43ce48108448dd68334ef69aa0dc170
0,       3399,       3399,        1,  1944000, ae6854772ca20075d868c7690155498f880b4a878e9ca5bf3268a962ae64536d
0,       3400,       3400,        1,  1944000, 03aaa70a45936d328b86032cdc171c7828ce10507b38693b2368226333778d45
0,       3401,       3401,        1,  1944000, b1b02156e3d5f27ce804873664843f87e26d00cfd95ea6d5cb8d38d54eb6ea1f
0,       3402,       3402,        1,  1944000, f3cfaa55e3efdb4f6c49e81948eacac2950a48cf0a26275ba8e5fe1f3ceb81eb
0,       3403,       3403,        1,  1944000, 5def81c2839bcec12a3848b82b6168f4b05855e3db984f4dc15f9a7dc7b1f0a0
0,       3404,       3404,        1,  1944000, ff04afb0df33a7bc6ead5f2e4b1a6b802435301ac2c8dbee3f3a0ca58782c984
0,       3405,       3405,        1,  1944000, c7815816438605437695c1ee4547e7862e99d0def447da355d6e9a2ff2e06595
0,       3406,       3406,        1,  1944000, ca663e4951859a5359a8e02a50cfba2b0e24f9162b6abac32c443db9eb91ec35
0,       3407,       3407,        1,  1944000, fe8f5b51615ce7e770cc18863a87120409b08c84fb421ef1ec6b011d298e4f77
0,       3408,       3408,        1,  1944000, 7f36b55de44c4bc800127063c92997fb91b566bc1788490bfe8302d1a339419f
0,       3409,       3409,        1,  1944000, fe3c71a3b8dd94e4a565d1ca1f6a6af7935dab743887fb3f3ddccaac18b6328a
0,       3410,       3410,        1,  1944000, e90bdc3253eafcb97fb1f0fb99ac6f6d07b854091d882e1b6eedffe239e6eeab
0,       3411,       3411,        1,  1944000, 976b46b429d7f9778ea11f3f07d3eb9ca433210c5710a74519a2d3fd3f275505
0,       3412,       3412,        1,  1944000, 32be58d0d4a1e37fe412544f1dd7e6e1fc0df66d4ae0212c42f5db6fdf3971e7
0,       3413,       3413,        1,  1944000, 1004c57f88b4d1928ecf5c47fcd626c0c89cb06957c0441ca24618c986e4e450
0,       3414,       3414,        1,  1944000, 6cdb524ac84ec52a7f160acd7a435c93d2e3611dfc8e8c556d87e055a0802a71
0,       3415,       3415,        1,  1944000, 7ee8cf53cc981e36d809f616688f9786bdd2f953e138329b8a7a12edf1e7efc3
0,       3416,       3416,        1,  1944000, ca9140b9de51660a2518ef2565170b9cfc2ef26b647d6d8164cff1b2808aa1c1
0,       3417,       3417,        1,  1944000, 18794f6bd6ca400b6c5d30ccfcd97944911feee9a57318421543b2d02845b9a3
0,       3418,       3418,        1,  1944000, 31dadd3ff815447e0794b228931fdf45e3cdf1dece9d04b3c9bf2a59dd5357a3
0,       3419,       3419,        1,  1944000, 139548205569dc24541dbc571942e3e5ef30d60fdde139cd9c8412f9fe71a2c1
0,       3420,       3420,        1,  1944000, 44ada5ea4699bcd2d8b3b2168d0deec5feffafe8e3d7830e25c346eeed771e9d
0,       3421,       3421,        1,  1944000, 6d7e8a4799c3e41867364235e4ab23555ac43f4d7530bab685ea02222cdfa00e
0,       3422,       3422,        1,  1944000, 88f724b28841b1b6dae3cfb1b35dd35da51ae986c5e944a939439fbd45e21212
0,       3423,       3423,        1,  1944000, 63ba288a43e99c862260e2776e42d79e4fb0b4d5ba60fa1c0c665c459f317a0a
0,       3424,       3424,        1,  1944000, f355bf196dc50b129c71a425949ea6d0c66ff6cfd889480f401da0d7dde097ab
0,       3425,       3425,        1,  1944000, f99f90aa7e7d344cac69cc64534af8ac59844479349a404588545813beeea549
0,       3426,       3426,        1,  1944000, c8434bf6cb95792fd2c31f18936b166f9a3a48e1b2c4be911cda7eeeccf691a4
0,       3427,       3427,        1,  1944000, d0feb4f758ea8df44a8c3eda882840099fa2e697f329f512d8bd300d69816bd4
0,       3428,       3428,        1,  1944000, 0f76b13332cf0e638dfdcc47c31d1cc688400ab64e2cf8b5fef0ffe257d182af
0,       3429,       3429,        1,  1944000, d7a92a251295a8a6be13920cb9ef275ea16b1df8914498b0243583edec0de5ee
0,       3430,       3430,        1,  1944000, 36cc0cd13cbc0a7f43f73c7ddfe24769dbf11b6604348fcc9d9a11b8e0d2811a
0,       3431,       3431,        1,  1944000, 797b55f72f76358d354db12a72a07251b9dd5b7ee72aca759dcdc145557e3b60
0,       3432,       3432,        1,  1944000, 5f9c027d8927598cc54ad62115ab1fe47d76441d3809f332d7e1d28abcf1bcdf
0,       3433,       3433,        1,  1944000, f3f7e24bb3b45c7ccf6387d270ebb2c5f4984c7309c2b21c1751072078ea1963
0,       3434,       3434,        1,  1944000, eb66dd1693107f80b64d02a54cc3725dc8990bbfec26aa945f8d802932e3abaa
0,       3435,       3435,        1,  1944000, ece8f11d576505ab694a98622a6ae6f236c694612c2712eea0f35edd6993ab86
0,       3436,       3436,        1,  1944000, c3a203067325112fe7314c3f900ada44fc989a5f04b2cc252155e6de9060246b
0,       3437,       3437,        1,  1944000, ca225d91a2dde86faec41b35b73d853a33f583afae3fcb4b692d52cb6ed1f4b9
0,       3438,       3438,        1,  1944000, 2b0ad0e496b0cf9673f50bc779806bd2d90a82d4498eee609009deddd067c5d6
0,       3439,       3439,        1,  1944000, f51edc06d327dd78ac11324982441078d270d2ba8379d26beb6827681da661df
0,       3440,       3440,        1,  1944000, 03ea945a2808ba8ba1664d3b78a4aea6ba53d637870dfdfc1bc7949f1bbdf4c7
0,       3441,       3441,        1,  1944000, 8b413ad6e5df5ce1c975b303000fbe510db16afe61e1ea62611f4eff3a3dec17
0,       3442,       3442,        1,  1944000, 3057eca249002f94df3a790c89fa79572c2dea3f420cc494941284e63280e18d
0,       3443,       3443,        1,  1944000, d92920ab52d9f821ace3b5fb2da5623e92b7e536b67c289d1fbc592fc2b10154
0,       3444,       3444,        1,  1944000, aa454d64a9fa3aeac55d921e6346300f5ee279b9fd17334468b29b9da89a470a
0,       3445,       3445,        1,  1944000, 9c077b22cd06459335215fcfc57a7024a348e4f42b2a90947b86a68b15763e15
0,       3446,       3446,        1,  1944000, 9027ac878018c6d36195dc7f88fc3421ab74897b87fbbb26a07a55939d033aeb
0,       3447,       3447,        1,  1944000, 8f69e0bcc124409caadea1da17200ec2d85489c7cd158e4f2c96e69d69173177
0,       3448,       3448,        1,  1944000, f920f415b09c0bb1cbc66cde7c280b940b09a3523334714cd548d8f4e0e938b2
0,       3449,       3449,        1,  1944000, 37c4e3db3b964502513a3aed3eba7dcab2f61e9ba6c199f0b8b686bf29b7645c
0,       3450,       3450,        1,  1944000, 1ca7449c5be29caa033d4deb40053f4918be745704a8c6aa120b4b380ba2c7fa
0,       3451,       3451,        1,  1944000, b24f516b6a6ce16b6d286f50074e59ce52a499128efdb813b996a44e0973cc64
0,       3452,       3452,        1,  1944000, b54341c0b8f1ceef47ecbc4782a00deefd71d004235fb49a6823db1b4545b7e6
0,       3453,       3453,        1,  1944000, 49e8d98a3135d315c70b1c07760dfb053f1483b77f7464b06859eb6629077ce3
0,       3454,       3454,        1,  1944000, d5648ac921c87e41d294bbee034f3527b05c05bb90ef9d0694f07fe5c6ef3eb1
0,       3455,       3455,        1,  1944000, 191bb9378dca275eec9064cc2b07884cbf3b9e429ee3d0f9136e6f821066255a
0,       3456,       3456,        1,  1944000, a3d0098d4fa6658f64cd9f95cb7ff19dc6b90c41870a0e2d9aec9839bc1cef6b
0,       3457,       3457,        1,  1944000, 2d0a1aa1fb01c57c12234bd720c7c7deab07e0f0026b5ee118594ffa7e5810f8
0,       3458,       3458,        1,  1944000, b34ca69502dca8fe69d0f714bb0d0122d103c20d489df11577e65a78be1f3405
0,       3459,       3459,        1,  1944000, 45bc266f2942dbacf45379ad70ba2f6345ebab05cda93c160cfc799f337d7543
0,       3460,       3460,        1,  1944000, 2424f10881d01cf096d1c37b6bc5f1778d3f2d5c2b3edf5ab4fb4807a553e220
0,       3461,       3461,        1,  1944000, 7247fe28a862639dc9088c51afafd7f746b39d5bfcbcca1d39e1de9a1ab3b899
0,       3462,       3462,        1,  1944000, c747e503c055d2fcd7c1d0b609272f74536fa0c832ea6f31cc3307114225d2f7
0,       3463,       3463,        1,  1944000, 3cbabd12b40bd353af9195d24219f3dee87957a82fcba4691da33922ac2078a0
0,       3464,       3464,        1,  1944000, eb67d4b53ed0e1e606f2462f417956cbc4537e08696bfdb7f39c20537e51ba8c
0,       3465,       3465,        1,  1944000, d563d260749f60f556cddd8eb58e9ccc1ad7b5f31ef4d0a1bad56801a35ada08
0,       3466,       3466,        1,  1944000, 41bb54d60c1007678b7ead07c1d0656eecca8e50c610795bfbab9d1644d199e8
0,       3467,       3467,        1,  1944000, 4a83b25c9761e3fe2c188d9dff29b6c5eaca2e7f86c552757abae6440f012cd2
0,       3468,       3468,        1,  1944000, b423b2251029e32cbcf90aa609b435bab380dc94cb3875846b18e23693557ec0
0,       3469,       3469,        1,  1944000, 0a6b28bb880916c9c3a2e0a1b076929009ca242c09380faadd5099f8e820832c
0,       3470,       3470,        1,  1944000, d2acbb1f2d7bb0640e065ac3168dfeef40ab5acb6bc08bec06cc89290e676cb4
0,       3471,       3471,        1,  1944000, b255a0da9357df7d86d15df7f1aca5b853aad54bc0ca498f85b129e76d6fcc26
0,       3472,       3472,        1,  1944000, e96bbc8fe6346793eea104cd97fa44d176a702aac221dd9a476eb4a6275754e8
0,       3473,       3473,        1,  1944000, 6fb3bebe2238693de5f1154f883c4aeabbe923efacc51e57b8fe3accf0727f57
0,       3474,       3474,        1,  1944000, 18ae84b02852e848d23b61f19c5eca82712789fd1aaa3aca50c92b676c6ba878
0,       3475,       3475,        1,  1944000, ec1aaeaf262f7126e3a3a66c2a15d9774f90ac30d88f00a014daa05817e8c47b
0,       3476,       3476,        1,  1944000, f8ae5433e9f758b684b28292916b1c32f11a0da8b970203b63d5d2963eac8098
0,       3477,       3477,        1,  1944000, bedffbb972166b8f58ee6203ad5551923cfb948c5316a1131cf008155734a90c
0,       3478,       3478,        1,  1944000, 97bfcc58e5d0a901947a91d52ca6335d6de7552eec1be2fe3bd0356cf88393f9
0,       3479,       3479,        1,  1944000, 1fd76ab1dcfea8a22e0d6901c4b6f53b1163b843a6e4ea0c99c8b86d8450cb26
0,       3480,       3480,        1,  1944000, 3c5ce2700658394f7e91a62d4dbf922406ddd1a6a2120e70028f647547de1093
0,       3481,       3481,        1,  1944000, 7f3cceaf1455ab9cd8b019d9855be8d3442385072613f55103831eb5da67d02a
0,       3482,       3482,        1,  1944000, 1e7359e509648aa889f02baf5951d590f63d2d68b0fa9c419d9c88c2d54b9a48
0,       3483,       3483,        1,  1944000, 43a36b460b010efe387e17bb25112475c5e927e741303990b476f25951c3d977
0,       3484,       3484,        1,  1944000, f02ecb0c542088512b5e022b39029b677c3375f48a96e94debf1a153682de052
0,       3485,       3485,        1,  1944000, f1bad3ea8d266b87f16f2b725ae7d72de77bacfb3392d74b504782f23702475d
0,       3486,       3486,        1,  1944000, 645792771cb0f82bc1a383d1d6fc0bdf60cf636678aaec0dfb4acdf90b1d9eae
0,       3487,       3487,        1,  1944000, 6e7a2aacf0bf86a9172330f1648d15096380c8701ae2a3917bf79cc3d78cb03a
0,       3488,       3488,        1,  1944000, de588b87a7f1813c94eb13157441b499e960b1e55f2abd9f5b89716191f7ef77
0,       3489,       3489,        1,  1944000, 5fec75f3d44029e61bda2ac756747ed997800f5a8aa0c6beca70594ee9c26872
0,       3490,       3490,        1,  1944000, 8585a50b5ffa1e87fba0c2cd1aea23227c657aa49a27666ab279e9cf1752c492
0,       3491,       3491,        1,  1944000, e84ac5257de47c804f7b7ab2050dccab4c436c0733cc637b75288efbeb40509f
0,       3492,       3492,        1,  1944000, f9b25c49ada8029232b0822e631991b642f7c53a4195d68bf937500127939462
0,       3493,       3493,        1,  1944000, 52eab64c353357159009c9186d040228fe6fc57e9aeb6737c4042cb56ac841b0
0,       3494,       3494,        1,  1944000, b9cc321975507dad94c6776a6ceadc94c6bed27155d446ae1d8dd9a2dc4bf4d4
0,       3495,       3495,        1,  1944000, 7e770fa8662757a34acc2bd59584461615831565e5bba70f06894d8a55622dcd
0,       3496,       3496,        1,  1944000, a86af9f48aa4d500ed25a121eca7422652d4fca9cbbdaa46563c3f673942cc26
0,       3497,       3497,        1,  1944000, 570116b7c96de471598e6d1796224e3eb1baa024652126b16349fd97abac9f6a
0,       3498,       3498,        1,  1944000, 123e91ae4c3c9b435bce48f16b84ccef676c91e9d071a2b5c86384af9e9f0c90
0,       3499,       3499,        1,  1944000, 46f483d0e416d5c59f1efada2ee478bcf12dbc91f334c2421f54845ec15b474c
0,       3500,       3500,        1,  1944000, a7f853d78280c9739a7fc1b418c97ba8f1afdb02e160e655aa11f15e85229e11
0,       3501,       3501,        1,  1944000, a75825dbd5327b8670c752a12f62efb10e7b1ba4f7e8f7c7477b6a1090d7f326
0,       3502,       3502,        1,  1944000, 5eeda29ded4059a9dbeb26a0d56659203a16d7a040dc9ea1f82080152a4358b7
0,       3503,       3503,        1,  1944000, 9c080ba4d5117429899df5eb04cf91286261a4d777e76424f6b4f74b4778b81e
0,       3504,       3504,        1,  1944000, e97ed1225df2f3b29b0f09e0d09fcff030d557c32b72d154dc38ee1937b81925
0,       3505,       3505,        1,  1944000, e97ff15e5e4ab0ed789db86b414893814b0fe3c1741fbaf535b0da972881fd70
0,       3506,       3506,        1,  1944000, 13c27fd8c9204d78da47ebd89d16a1ccfe20a93da53ce7253a65d21accd3f2de
0,       3507,       3507,        1,  1944000, 8be97df170d1fc62f1861875aa9b23d2fa27d4ad74046703da22353c9ea408cc
0,       3508,       3508,        1,  1944000, 4363fb75a302563d7db68265398cbc649af017f2ecae1b65bd8415c75b9248ec
0,       3509,       3509,        1,  1944000, ea9fd08c6c8e7ece91f779f99d9c2bd9e3f829bc264e863795a9dae2c01dae80
0,       3510,       3510,        1,  1944000, f5e522f8c4cc6f461a1eb6571b767fbb5a16d325776564e38b7f71e218985e87
0,       3511,       3511,        1,  1944000, f5e522f8c4cc6f461a1eb6571b767fbb5a16d325776564e38b7f71e218985e87
0,       3512,       3512,        1,  1944000, daa411e52824a47ce6b9342a572ef9a15b4450309703292c944cfde6a6937c5b
0,       3513,       3513,        1,  1944000, 414450402779fa026682be75f2eefe673c2e17c3e8dddf9a0dbb293f9f029177
0,       3514,       3514,        1,  1944000, f9d71ed519233a6d8af7a293c4766d2fa99e2a5a350826399d9700d12d17771e
0,       3515,       3515,        1,  1944000, 7bafc3f0748147d124e2f34cc571fea8a40f4fb338458b0231ca80e8ed5a8dd5
0,       3516,       3516,        1,  1944000, f3fb72fc3eb5428c31582269a6a318be2d6349e215141d3267a273ccbf54d5a8
0,       3517,       3517,        1,  1944000, 530a54813ef9cd5e0d68dd7c16bc6dba109014292a360985c100f70d376c2163
0,       3518,       3518,        1,  1944000, 7279605f3dc51ca0519efe8a954d5accd0f1fbe2afc03aade6ddb5634fa250ca
0,       3519,       3519,        1,  1944000, 2a591ffeca5fc49d5d726cd3d7be5c7b54419a3efea6ace6fc93b83c6d797c77
0,       3520,       3520,        1,  1944000, 4b8f4ec77a77071e70b27a09e2e2189e35fbe843759bd51083dac76254d008a4
0,       3521,       3521,        1,  1944000, 851b9db9af0c10c0f2c8b08001dafb8a3e5f5e4612fb868b7c3b6458d90c39a6
0,       3522,       3522,        1,  1944000, f583ff47170a9e24b316d3db0488bb6ad91fe98731fb2eeac796cce9cb7f5139
0,       3523,       3523,        1,  1944000, 851b9db9af0c10c0f2c8b08001dafb8a3e5f5e4612fb868b7c3b6458d90c39a6
0,       3524,       3524,        1,  1944000, 044be3a150f8de5d3efb1184673272fe35a17d84ecf34eb209e79ac6a2b37cd4
0,       3525,       3525,        1,  1944000, 40ebfb8ee0238da6d14e9b296e93f4011b56b4b4b0ffa3da914c5a96f2eb241d
0,       3526,       3526,        1,  1944000, 66c541c0780cb8c339cec0696df26482b8f0e70b69194adda59704a2909c6b97
0,       3527,       3527,        1,  1944000, a0b72d31abe1c6e4f939b10a64bf0055184c4d863046255ff9ff2d6b8d056fcc
0,       3528,       3528,        1,  1944000, bbc9e5949e7f59567d78630cedad962ba34fe43d8db6f780e4b298d30eca7db2
0,       3529,       3529,        1,  1944000, 714b534b25ded4e9ddc4f94a872165f844f61f14831324b0c51c0d7c25629550
0,       3530,       3530,        1,  1944000, 3cd840c10788d37c2f27498f566ddaf434ae8708fb2341654fe525314a9b9cbf
0,       3531,       3531,        1,  1944000, d0844cbbea56a6d6136c4910a58c6a6dc127391bdb881d5fa65a00a6b146fe43
0,       3532,       3532,        1,  1944000, a8b3dcacf71741b7795cf2a16373a69e9e13b70d37c3f12c11327f3f5fe421fe
0,       3533,       3533,        1,  1944000, 6e773555b1730e414c1d903b2c44801b9575b8af80f54ab278f5b6df9b1ed632
0,       3534,       3534,        1,  1944000, de82367d0823f960e2ac0b24a99dfdfcee7a780df3f3b4d2a4f20650d0b9f5d0
0,       3535,       3535,        1,  1944000, d2ee5cb4f97a3850055e6362a6d8d7dde0610822b272e5b6f3ce782988599b2d
0,       3536,       3536,        1,  1944000, 98e7456b4195b06c2c31c403765fb0030235fc73bc9f2834e51069a903c5bc22
0,       3537,       3537,        1,  1944000, 0767b5eb9156bbbf22b941ea593f74c1839c43d033a3827a798f435ba7cb7d23
0,       3538,       3538,        1,  1944000, 1721df6f56bb7f396f4ded2ca4222a7ae3dd28cd3394a46c9142f8c89ea5724f
0,       3539,       3539,        1,  1944000, c6f0089ec850a16763f6db9c7030e599f52b836831da8a2cc34daac5292170c9
0,       3540,       3540,        1,  1944000, f7fc5c1c6e2d50b93a8fad93733a1e092a282736d9c68ec5a3873c1bf89739c6
0,       3541,       3541,        1,  1944000, 29c4010bbef87c94bc6259307b6693d231d704705f721e33b4d93b380d5434c6
0,       3542,       3542,        1,  1944000, 2005ff319ab6801219f6b5df437775049952fdfe0818c42f3313e07ce81241e5
0,       3543,       3543,        1,  1944000, bb2afed84a0475ff0df69538fe6d65084d0f4fa3bc63f811e4574df8a08fe20d
0,       3544,       3544,        1,  1944000, e432cfaaf0056244ed6871d13d233c11fa58951e7f54cf441ad606cff5542edd
0,       3545,       3545,        1,  1944000, 7f42f47765fcfe719f1254b10089469723860642298b22641e6e2837c03b788f
0,       3546,       3546,        1,  1944000, 0bf3b9bc3ce437cf97a2bd628cb245bf6bf7ac19f68e5694f19741342cf20c48
0,       3547,       3547,        1,  1944000, 7987e2c40fa8ca79dac4b5cbef6662811fded43bfef71383656050df2155bfab
0,       3548,       3548,        1,  1944000, 186c46e668c2cc716c310d66effb31dbd0f4c1d6df19ff424eb7a4a8240efb2b
0,       3549,       3549,        1,  1944000, 9ea3aaca6049f42c591ab176ba1d44a0638df5aaad6e103a54e6760625d1e76c
0,       3550,       3550,        1,  1944000, 934bc0718f6d22cd80e9b090d9fd177da9d53b2889cf95bbc594f35b64a82fbd
0,       3551,       3551,        1,  1944000, 0782243cb5f831be58d85be57e293e29787a8099e9f24c39bc27fad331f6745e
0,       3552,       3552,        1,  1944000, 5d88ba12e9554d08a362295df7be0d826e9a616f4cfcccb153c1bfce94307af9
0,       3553,       3553,        1,  1944000, 34db70c66c78e02ecbec43887158eaccb3c0910c3f79f8702a9c129ddb497654
0,       3554,       3554,        1,  1944000, 31eadcb44a9c0f517df8ae85d3595f24ed0d1eba9c702e9d3f3ce05947a24145
0,       3555,       3555,        1,  1944000, 3ac0e55b46b75eee1bc68845b7ad8032921fb2c75d8b439c4cfc44ba6b35b290
0,       3556,       3556,        1,  1944000, cd6d7a378a4950eec5d5720714132173926081f4f12de38b100a8d138fac471d
0,       3557,       3557,        1,  1944000, b81040072572773544cba987589a934ab3ba90ff58b3e7e802020bdd1d54d77e
0,       3558,       3558,        1,  1944000, 73550b2e2f0778a87f3696ff983569bc84c7b61dbefc5534e7b59eb882a1c769
0,       3559,       3559,        1,  1944000, b51ed2d8f5fe8938eda0a025b2d146a2cf65666d0cb60185181f609fce8fa2cb
0,       3560,       3560,        1,  1944000, 9369e36791229e50d7e32eb7db8dbf34386e78022539d821ac93d072451eb0c2
0,       3561,       3561,        1,  1944000, 5c465f164c1e7c8c8f59285d60e879e67814f90c1282e11bd1f7300e127e040a
0,       3562,       3562,        1,  1944000, 446314bc276e2dbb89e64639c9d64600d3bc085022dfc9040c39aa42d0e9a919
0,       3563,       3563,        1,  1944000, 9423fbb867db05237b34fbf0fce31bc359942ecb2f6ebceca7519b4de9b607ce
0,       3564,       3564,        1,  1944000, b2913da972d6f1843f84e096da5d8dc1f66b217e9658d5d85e25ce450be05163
0,       3565,       3565,        1,  1944000, 1f1fc2286c7a1b18fd0b8257a112f658557721fc4230ff9f473aa624dc571910
0,       3566,       3566,        1,  1944000, fd628d103bcb4a7e0631cd7e6d4fcf397a08063119dbcda6e347e9d1a140c5a6
0,       3567,       3567,        1,  1944000, e20b75ef4ec4ec1539d2fbe6849772dad89eb618d12c1727df86ab6dbd510463
0,       3568,       3568,        1,  1944000, db2c379d14a136ef8bdd7b19280d1a4248515a8526cd48cee727b9f4f6224cfa
0,       3569,       3569,        1,  1944000, 2e2517219d98b460292e74a669743baec17035fdf7790830398833889a501001
0,       3570,       3570,        1,  1944000, ea18dc8545b22990543db3057b569d1c6a80deff3a184575d5b5b861bef2d148
0,       3571,       3571,        1,  1944000, 4454901ad6ca46e9e4a57272a42b6a78e26748f56f91466f775baef4a56d3e37
0,       3572,       3572,        1,  1944000, c1b8efce447e0c5ae9a2d5d62506acdfa1eb52be0d2fb1214daffd6c3a0c607b
0,       3573,       3573,        1,  1944000, 7cec9ebffdf27111eaa1acedb185d258c25f4755d672843a01976c5977bffaea
0,       3574,       3574,        1,  1944000, 11c415cce70083665c4bdf71ebe5fee168cbe9c7f425fc7d214d5e7189938de5
0,       3575,       3575,        1,  1944000, 8a0dd35616cd2cf9de603dba85270c5f2e6b1fe7356af1a9c59d1350561b01bf
0,       3576,       3576,        1,  1944000, cf7044dff0e558713459350146c0b2f032d2cedca575194c1b91ddc2a48682f1
0,       3577,       3577,        1,  1944000, 9601b53079678f1d28f3bc3d98bf0c429e95eb76652062e8a92d45a608ec01cf
0,       3578,       3578,        1,  1944000, 541513348064b4a0ecbeee4f70f02c3cbac7b7029cda0a5549a422e407671307
0,       3579,       3579,        1,  1944000, 0cc235434113ddb856249bb544e28c5ba5f93955257508a72ee51997d50b1d9e
0,       3580,       3580,        1,  1944000, 1b25ed9c3b3f3008e5286f9c17b8cfacd680bb3ae9de2e61bd7a58c180587c6e
0,       3581,       3581,        1,  1944000, b38e4d97f3b041d9c215bbf6bc757e820714437d9a155be8e13e72b33d88d96b
0,       3582,       3582,        1,  1944000, 82f7b62b243c4acc40d9355effb965f61b0dfd2b3c7a9988c078b5ef26ef974b
0,       3583,       3583,        1,  1944000, 72397b6613b7dad79781716034a505cc735fabda83b95abaf9b975a466d9dfbf
0,       3584,       3584,        1,  1944000, b4ccb1a25ae29b39bb50dafc11b46abec79192888c150a04ff9374d551d2bc93
0,       3585,       3585,        1,  1944000, 1ec4c63b2b8875c4dd0b6ace755523de80cd562187d4380be61a98866a05fff9
0,       3586,       3586,        1,  1944000, caadc14ca0df05b0d8c7cc342a8da6977980df2c26fefce2c4a9c354a285afe4
0,       3587,       3587,        1,  1944000, 6733caa8c968193fad19e4474452eedab2a7775ae431b867992adc1cfb1adecb
0,       3588,       3588,        1,  1944000, 71fb47d3b036262c5a599537425c252cca7ce6a4f2397dd5697101666f12578f
0,       3589,       3589,        1,  1944000, 32d97a72aeafef959607bf1b1b8ec545efe9b48952e2341e154892c39c218683
0,       3590,       3590,        1,  1944000, 72332f12a16c6f0e28f24424773ff0d5a0d2b55ec2c9342a34ca33fbff5150df
0,       3591,       3591,        1,  1944000, ce45fdb1dc80407ded0933317e930bbe2e804fedee212b6cf2ab3d6375f9e902
0,       3592,       3592,        1,  1944000, 489d49146f3a3e12e11edb866ef9c3096c5c6b23a8d06cc3a7fa21d8aba1110b
0,       3593,       3593,        1,  1944000, 5a15d64274affd1f10d87fe4d29c1576473a098d1431cafc7c33ed52887ccf79
0,       3594,       3594,        1,  1944000, 0cde7a14da1c2cdc77a07c2dd5cd9647f8da55a8bc06a7bbb801df78baa68205
0,       3595,       3595,        1,  1944000, 95f1056b8107bade3b98858b22f7f8dad6a90d0d48a617ff7cc7db4b5c3598e5
0,       3596,       3596,        1,  1944000, d68700fe993bcc3da94114eb02f4cad0b14e36643a28198361e6f7c4b215ae0b
0,       3597,       3597,        1,  1944000, d865b5e322459097a1e2884a78a0de82a47114cd34dc692a023e61010d5ad474
0,       3598,       3598,        1,  1944000, 5c037c9aa2b7573659f91ffb3acf3d3136b0bb522a3d38093ed8a1e8d66e46c5
0,       3599,       3599,        1,  1944000, 826d71984a1ea89237982fe64ffa19a2cb15f85d58f3b19fe2bd7ee5490b9923
0,       3600,       3600,        1,  1944000, e3acc97d2e2dbfc65cf87b3b429ae61addeda1ae98b6e1c105a0a10039636b79
0,       3601,       3601,        1,  1944000, 6c9063219d53f72665fb51cf7ba4d37480354188715d218d2f07de45afdcd821
0,       3602,       3602,        1,  1944000, b0271b929e7adfec0a27190b1380043c41b66140e7c8a639e2f4e1c566b70d02
0,       3603,       3603,        1,  1944000, 672cf035e49d7ad8c099f49d42b52c6dd2bbbca9850f36177328f04d36be1769
0,       3604,       3604,        1,  1944000, ac5116f0c8a63c3b0769e0e55e3fabcee0d25c25bd3c25e4501a50d5051ea132
0,       3605,       3605,        1,  1944000, ee4a2bb15603fcd71ea8a846e0c755d6ccdfbb3225d9b8134b11005ab062fa90
0,       3606,       3606,        1,  1944000, ee4a2bb15603fcd71ea8a846e0c755d6ccdfbb3225d9b8134b11005ab062fa90
0,       3607,       3607,        1,  1944000, 473dbdfdf08d8c9331b915028ed7b29e2cc4f2955919bf278c75c0beac8cc5f6
0,       3608,       3608,        1,  1944000, 42d09a37b73d1b3c125df3578ffd4c009fd83f4f8a73b40862fc37287c4eabc7
0,       3609,       3609,        1,  1944000, eaf36517282dd4dacdd5b2314ad563415ccb22676d15b24b4558b796856b5857
0,       3610,       3610,        1,  1944000, c1d71503851a51f096bfc9aeb5bc0a1d51f12df0ab57df63706f01e0b5ee2203
0,       3611,       3611,        1,  1944000, 85d43b96da3ad362c518e7574209d4073655c176b3d0c837fc296575c73211c7
0,       3612,       3612,        1,  1944000, e7409f6d28fc46e33e066208aaee19342069335e85d282f96818466bb81f9989
0,       3613,       3613,        1,  1944000, c565edb8476339eab850c038cb85eeac215e46f9f6d7e17bd88fd89a916786b1
0,       3614,       3614,        1,  1944000, 488999ef440b09e4f37f11fddc40ca3ac0fb110fd36b8da93cf3c609136019e8
0,       3615,       3615,        1,  1944000, 4895fff8ef1510f02b1326a6bc81728250a7501fbd431905a6ed13eb6ec9996d
0,       3616,       3616,        1,  1944000, 94f9e5cf56b3b5c371a5b4d2757b5b776baf05ab97dd4537cc5dc8fa464908c0
0,       3617,       3617,        1,  1944000, 083d8a31e19d977b0e23db7a0d01418ddddc8413d12b508550315b5e61da924c
0,       3618,       3618,        1,  1944000, 02b17839cc557ea0a08bc3667dfc491c52f52afc44c522b7d836c070460a6bc8
0,       3619,       3619,        1,  1944000, b55e19e331d7d1238ab6211c6d3e3ae5471d1ee5d10c8ac04e2735f2f0299ed9
0,       3620,       3620,        1,  1944000, e85e126f470cf5664517f1ae816b9519e5e63180361277a71b2b4b549d9d6758
0,       3621,       3621,        1,  1944000, 3d024b30b1c4433c89e792e712e77f29b13ffcc10964043f91af48787f2e200f
0,       3622,       3622,        1,  1944000, 9e419083c8395ee99d90a8b1e4281a6104895a7f76e5ddb5d610867cb17fb885
0,       3623,       3623,        1,  1944000, 57654a3ff4a27902f3828873614a3b722d53bb0f29c53bc74512c0b8f5292616
0,       3624,       3624,        1,  1944000, 70196e81120c926ba139011965db8d084cf123463052d1508efa3f79887fd40f
0,       3625,       3625,        1,  1944000, 5481362c7eba08b962485a6aeab4240f7d091b42273d00d194f726129af3a7e4
0,       3626,       3626,        1,  1944000, 1825284439c9bd596804b1e2f73c93cf4f3d85d15f77b4e45cf38d8dde0b847c
0,       3627,       3627,        1,  1944000, 7297873de225ac8aab3005907028868f30c14c75cc6c0d6903c13f08aee48ee7
0,       3628,       3628,        1,  1944000, dd95feec8ea7f1ccbc6f56000874ddee451e5bc0ce4ad44653f0b1a3badeb8a3
0,       3629,       3629,        1,  1944000, 054f1e10aeec7f65aff468ffa37eb9b2ce9ad790ca780ebefd9e60db831238a8
0,       3630,       3630,        1,  1944000, b773342e9d7af44396b768f24a99bf258c5017ca5f7f26342d16b2477b55a0f9
0,       3631,       3631,        1,  1944000, c64fad0e6bac0ddcdaac431c41b0230a74c120679b516d2e41694c48fdccdce6
0,       3632,       3632,        1,  1944000, 887cfa8ffa965fe116f83f735fa603fa72d3adaeff47e732bedacedd62fdb8d6
0,       3633,       3633,        1,  1944000, 6cec9aca3752ab9e9b44588c3d023809922c09f638f957296ce881035db40d90
0,       3634,       3634,        1,  1944000, 6d1c6b6c22f8332e27fdb019a1bf931dfcb0d7396388349fcef63fa84400f025
0,       3635,       3635,        1,  1944000, 894cdcf720d5de7cf9a714a4a984e9e4c2841f3417fa5babc009bb66f25e508f
0,       3636,       3636,        1,  1944000, dfd5d827c7de9bc5ff7fbdbe6ef368afe74fc8e7b31d3dc6416f38d33e9cbf05
0,       3637,       3637,        1,  1944000, a96e7b9b935443e9d3bd19d62036366b5e604e8efd2edad151fa113aed5e6674
0,       3638,       3638,        1,  1944000, c3860297f634087f5cf4e7505d1b442db5ed433275c90174235bceaf9340d399
0,       3639,       3639,        1,  1944000, 6db352bc224cc0ba0c2ce906ca32873cf71a693d60c8043e27d5c01bf5f3f4c6
0,       3640,       3640,        1,  1944000, a38370edccad394c31986992afe5401ee58279cbd8c801abaf69048b3a17acdc
0,       3641,       3641,        1,  1944000, 8f5002549dfb45f9617189174f606594d05dc7d00d3e4d5ba1b7ecc6439ca6f4
0,       3642,       3642,        1,  1944000, 80857888decfc52add13ba1530dfe53d583baa1b3b35a0d39bc813723d463e7b
0,       3643,       3643,        1,  1944000, 643b5bb263200e1a6f1d340777ccd0f015322b41a5ef639aa162c4e5171d7393
0,       3644,       3644,        1,  1944000, b25c2debcec2a3af1ad0cc09fc2817ac67ab7f3936e8dc168fac1b9c3acae405
0,       3645,       3645,        1,  1944000, 73e264a855980d0d1c2a0b163ec1db19f27fb73147237a2626076cc3579cea73
0,       3646,       3646,        1,  1944000, 9d718820089560e6b1979e8abcc19cc6972988022b4b699d5be45315f0be2adb
0,       3647,       3647,        1,  1944000, a4f2441bc9c2f2d02f8ca3ca84202e975e55b2308fd6d9226ada7dade4cd038f
0,       3648,       3648,        1,  1944000, 02c19b2a5026eeba7dd0294308dab67c4dca06d5bed246e3584197b340c010e7
0,       3649,       3649,        1,  1944000, 50e94e9c6ca6881d10e404cab91bcfe4fd1b8c332deb6f94e056164039ca4f50
0,       3650,       3650,        1,  1944000, 19a311a3d0e71b5127e7e3f171dbd5f59c5a4840318065ba38855efc803d9101
0,       3651,       3651,        1,  1944000, f94000e79ec27905caffc971f0cbf662a3e3f5be5fa53d3c62e73ed7daedd0c3
0,       3652,       3652,        1,  1944000, 5293a00c676ac1c322141c21296f24e60d981402476349e23e281fcf1bb3a40d
0,       3653,       3653,        1,  1944000, 3e71dcf2924512c324d4d86219d985977b32f251de22e0623a967677ff17a7ad
0,       3654,       3654,        1,  1944000, b3fa2497b38a970fe6055356978014e792ea0643ef9b01a56e955be52a91618c
0,       3655,       3655,        1,  1944000, 904b655593252761b538dd3e3392adab4ec39d2d509e65dad1526bc8cd824a37
0,       3656,       3656,        1,  1944000, 4f5c8b4dc9b6cccb12a3784a70b20add7429643950f27fcd8324ddcc741f52cc
0,       3657,       3657,        1,  1944000, e7397385fcdeb669d41ce538c3d9d8d22557ca90ee18c2db57c66fef2d4ad128
0,       3658,       3658,        1,  1944000, a00409f1ab321c74f8f4133b0fbb82e43ce2fbb29b8d1bb98145563d2c871242
0,       3659,       3659,        1,  1944000, a1cbdf2f67c4ba476b9484b599ace7cd0f5a41abf74c47536473e2e0eb0e9247
0,       3660,       3660,        1,  1944000, 03d2140a2d3a73c7b3da87f62c642d781c3787e293e425c7edc8b33a74b8c1b4
0,       3661,       3661,        1,  1944000, 86c3b596946d970560a31ff50431f84640cd633b51d2ca00850bf10992257610
0,       3662,       3662,        1,  1944000, 86c3b596946d970560a31ff50431f84640cd633b51d2ca00850bf10992257610
0,       3663,       3663,        1,  1944000, 86c3b596946d970560a31ff50431f84640cd633b51d2ca00850bf10992257610
0,       3664,       3664,        1,  1944000, 14eba59b30b7634bb372cc33d261ed26df600dcc9ba25fafde870a8b3e32067f
0,       3665,       3665,        1,  1944000, fec80fa5884887d9b11db34f7aff2a99067483cc2b420246ff1f0f996430ff55
0,       3666,       3666,        1,  1944000, cb4b2df2447dbb55874aed85833f330d52d9a835fcdd2373c62e333f85b9cbc1
0,       3667,       3667,        1,  1944000, 0cb6e3194f54f9e1db629c8028adfa61e16eff5d7c4ccdd26f043cc723db31c2
0,       3668,       3668,        1,  1944000, 5f3bd677c3e5f77dcd697b0507244cb67052f92d73922698b8eec423d1e88624
0,       3669,       3669,        1,  1944000, 2bb3628367d419eae3b87bc38b4ac7ceb0d93d84c714c08f103b2c2042891c7e
0,       3670,       3670,        1,  1944000, aed3edee3d7e644a0a207cdd67ed983d1aa30b6c9d56d9f28b6520d8b2603dd1
0,       3671,       3671,        1,  1944000, 82778dfe5e5179e552e68e1da1c65fdee8dc9f2dce6660a734dc8927e5efc7b2
0,       3672,       3672,        1,  1944000, 689c5f077a71daf3e7598a4263419fb8f26056009886a670c375b904be7e5fcc
0,       3673,       3673,        1,  1944000, 412563f2ff0e777c56bc103b2dd0201d70eae1c13289d4b0d2377245ac4e77ef
0,       3674,       3674,        1,  1944000, b4f9e8cce07133dd6900ea29137301709e98b31b31f63f927c81d50b2d740e46
0,       3675,       3675,        1,  1944000, 9cb6d5c922e3069e127661adeaee32533d9740eebb40840ef318828e30d9c44b
0,       3676,       3676,        1,  1944000, c0c3a17657c79d93e5a3de3877f8b9341667fc293a2c7ef34c2c9c2271416b07
0,       3677,       3677,        1,  1944000, 0557152661712d280a0889d642c902338255440c184ecb53542e92da466a3205
0,       3678,       3678,        1,  1944000, 86c5234c7cc89b7e8ecf48dff57f1fc649439f18a93e84a1c8a3f2e3e63b7331
0,       3679,       3679,        1,  1944000, 86c5234c7cc89b7e8ecf48dff57f1fc649439f18a93e84a1c8a3f2e3e63b7331
0,       3680,       3680,        1,  1944000, 81abe5cde4cfa5587ae1cb8dfc46fa5cd8b0ade2063c342e9e6616d8f1395ab4
0,       3681,       3681,        1,  1944000, 6cf243dd0284cb0c9d2a03b05e04a110086b100c06b67ca4677e735f9a7ff618
0,       3682,       3682,        1,  1944000, af849f8e56a5fa91e0cb0e67d34b7e0abaf98379cfb43f43c37b676caec72379
0,       3683,       3683,        1,  1944000, 98b485243733d45649875c9a9884d2221c95df4a98a0cf63fec430469f6b61e0
0,       3684,       3684,        1,  1944000, 9ce543acdfd5e2ea3ecbe86574deb51fcc8fd0495c791e8f4745c6f15efafd01
0,       3685,       3685,        1,  1944000, 535db9686b0b45368e225901d65982d0b2a6c0ed0ec4028b32ec700ee5d1fd11
0,       3686,       3686,        1,  1944000, fd6d9ff7232f8ade5cdfd9248aa8ce78294c3f48e1e626d1b510ea733bf94fdd
0,       3687,       3687,        1,  1944000, c4da852272b15128666293d6f6419fdf7141e0e275b4b8f7bb6b3c720276420f
0,       3688,       3688,        1,  1944000, 15d76df1fbc60ec1925d59b23dfe6ef636f3c66995282cb0f7cf79b4988694d5
0,       3689,       3689,        1,  1944000, 5559082ea7015af26ca01d27f97730551579dcb90a2f04a2cbda4dfc09b268ad
0,       3690,       3690,        1,  1944000, 11dc2ecfcc4d80d3f4180b9b424d9e3f434eb10408b35703c696380cb5016785
0,       3691,       3691,        1,  1944000, 1f8fb446c42460964a7b0aa931f313f37518885b0d520ecf57ac8146a8cda71d
0,       3692,       3692,        1,  1944000, b0ed625ef13e2e14040e1ced0775bcf64796a709145620f057d1c876ac4d1dbc
0,       3693,       3693,        1,  1944000, 64ba86b01ce7c7724fb0bac1520975a88f4cd665a3e8ac7c4f88013841a7c97a
0,       3694,       3694,        1,  1944000, 455d4de3dc8842d3287b7523a9dffb3c40b378050358b64166e3ba0c4efc128e
0,       3695,       3695,        1,  1944000, 30f57d5bf16859c7f7d2580e9d90ad4aec3dc00343ac6733ac26d5df757a40ce
0,       3696,       3696,        1,  1944000, 3b2d162d18bfe9c4c1570fdaad57cf85b11bc22d62dfd40a0d7569efe379754b
0,       3697,       3697,        1,  1944000, e0dea0052321d7485fea21c70c6178015e09f8c258a8ceeea00c776847b1a7f4
0,       3698,       3698,        1,  1944000, 121d24efe81d8d7e76c50cdad3df3131ed6d5215526a58eb459543373b012429
0,       3699,       3699,        1,  1944000, dcbf6b8a433011d3abd0ca557e41d2fa312d9809ed112e9c185849180608d7d9
0,       3700,       3700,        1,  1944000, d417c60d4b0a2a369191ed542a19ba00305648a6530d75d024d20f454913a015
0,       3701,       3701,        1,  1944000, fe441bd4da57d6577dd0493bce229a9816cdb1f98be634254dfee6270afc7981
0,       3702,       3702,        1,  1944000, 16d9150ad98f710dff5a56068870732e4562302dc33503c0638ce2735c99c2ba
0,       3703,       3703,        1,  1944000, f3ea33424414daacf87c3bf6a679218df121e0ed2abab5d1b56a7b97cbb647f1
0,       3704,       3704,        1,  1944000, 5a888bb83d989a7ec855ddf3ceabae18a944af3726f02771bb45b71c17cf36d6
0,       3705,       3705,        1,  1944000, 32dd5eccb1ac74b6fc45406747b68396902ac52f36c3d8c7e46a7f98450e9f8a
0,       3706,       3706,        1,  1944000, 9a648f9da15d75ab6370d1194e7fdafb0b0393174325453a2df00c437911aa95
0,       3707,       3707,        1,  1944000, fa23ce95abfcb34c39d49a998f21daccb2b7f0ce1cb7d727f5cb62f84ac49128
0,       3708,       3708,        1,  1944000, bc2e487d3cd15612279ddc6fd1eb14729c24248978c31a752ac001b1887d8cbf
0,       3709,       3709,        1,  1944000, c59346f58809c4739e7e54355b258e033bf0c65f6fd5dd9724e3c08c02aead61
0,       3710,       3710,        1,  1944000, e492890d672e430a7fb101b28070458dc04d3984a762f4f5be750b556c5e05fc
0,       3711,       3711,        1,  1944000, b5050229a5aec94c5a224db0ae07380762739203b2847df311d446baff79c3f0
0,       3712,       3712,        1,  1944000, cfa0fcf08752acc783ae2ab3c45e8a4b1bca45b9e5d925c01bc55a97021f70dc
0,       3713,       3713,        1,  1944000, 7bcaa5c358ee8f15f22ac0b6af8a0029a056c0edbba667d50d55a73982dcacfa
0,       3714,       3714,        1,  1944000, 55a533460f86bf9af429d19c0563e4c82d1b2b622dbb3118b4d201da696c4bb0
0,       3715,       3715,        1,  1944000, 69a2a086419b6638b88c3de1249afe94c7cf36c83e3524b352a5c25f69c34921
0,       3716,       3716,        1,  1944000, 8f4f01e51f1fce3fbf49290f3acbed410f85fb3cce00f965c9b9266c14a63009
0,       3717,       3717,        1,  1944000, d5848274ceac6d569a39a6ee1eb052891d7bfc9f3260ebfafca7ff08e0bbaf0b
0,       3718,       3718,        1,  1944000, 9e103f8154f6ca1641e16cde4c9e0355c079c4d2764c7e5e5fde25be78a98439
0,       3719,       3719,        1,  1944000, 27bbe7fb04192485fc43cec00587d62ce1dd075a6a99a4da5ce5d680adcf9266
0,       3720,       3720,        1,  1944000, 30a1d635885f09cca69cc346cd7505a06bd65c9734907c21f88707a7d969ec44
0,       3721,       3721,        1,  1944000, f5c99284f51d8b457ccc5b42ef840ed207f2e11bb99cf527aa1ea33657190676
0,       3722,       3722,        1,  1944000, 59ba7562004787a93ac24d110bbb7b0bf95aeff179772d56c0b0adc435394ed7
0,       3723,       3723,        1,  1944000, 7b706d9bd5cd3ce3a4b286ab49ba8651bd05f22643d4afe8af105521c600a1c4
0,       3724,       3724,        1,  1944000, a6736210e7193514a4e418f91ac43f65ae477588ed294bdae278f2b395c11d8f
0,       3725,       3725,        1,  1944000, df467cb5a14a308a6721344153e2a6797d8f911e9b7ad1cc297222951b276424
0,       3726,       3726,        1,  1944000, c3f6727c9fff5f55bbf0f3addcfbf7340f84769b9aa3150ddba53c362dfb05d9
0,       3727,       3727,        1,  1944000, 9f46d621fbcf61ed5b71b06a49de3813b29bf494bdf96d3a89cf9e6fd3cce506
0,       3728,       3728,        1,  1944000, a2d025d84806c8a3252e9e5f2180ad2772929750d0ca1694e5300c5c2390ff28
0,       3729,       3729,        1,  1944000, a20552fec1df15fbd5787ed83f2bdc103f6998db6ec1fe40c79ed02004500e47
0,       3730,       3730,        1,  1944000, 3d1a229e16e3a965655800597d86f78033616e6f612bed451fedb2ac24d05a88
0,       3731,       3731,        1,  1944000, 2c90b264d45963bf927c9b82990d3b42874d953a4a6367c68566851009eaadfe
0,       3732,       3732,        1,  1944000, 265a8d1b8087361a688c4a87d8c7e072a4136fbf7c4f602a4e4e492cb86842c6
0,       3733,       3733,        1,  1944000, 4b583ac3628c576cb7732458d903654b2bfa20c1904a55f25f1632fe3f419bb0
0,       3734,       3734,        1,  1944000, 4e18f53bca74e54e15f5ffbe8c75dd85234d9353e86999791957f998c2e1fc12
0,       3735,       3735,        1,  1944000, dc608680cde134485cc52dda5a5a7498507e8299d8b74f30044475ca5e2f9518
0,       3736,       3736,        1,  1944000, ecdada2c34a9185df2c6715228823b0475df0f177a9c2571604d8c19535f17dd
0,       3737,       3737,        1,  1944000, dba9a80393247828ec1664d95a40006208762bf6d4f58be225316c63b00e89e7
0,       3738,       3738,        1,  1944000, 7568528fcae610f17d5f45468521333f439bb5269a94944ac40875b094d20b0e
0,       3739,       3739,        1,  1944000, 1a62cf571f6e36de239236fdaf8b56a8677c46bfc52a8f81d598ddfb6a1f7f7b
0,       3740,       3740,        1,  1944000, 4c505e09e1107549aca9fbdb21f899488cd64c5785e72fcdcf1cd59b9cb7b1cd
0,       3741,       3741,        1,  1944000, 4134da2f0246b2070541434db20cb27b8f5aa227cb93aec86f00c80a9857b2ad
0,       3742,       3742,        1,  1944000, 040a1f80d617685af5d729903bedc70dad9940003ae5665aae67978c9af33ab8
0,       3743,       3743,        1,  1944000, 77f9858115eeb0de095377a8c003c78c7884980094ecd84b49bee184e8c1c8d6
0,       3744,       3744,        1,  1944000, 61d7710805d3d15fe66c6f29f27d65049661bddd5fa15a3221a382748ee67289
0,       3745,       3745,        1,  1944000, f0412eea396976d197105182de51d2abdf29f065542009730b18ac77350335d7
0,       3746,       3746,        1,  1944000, c712f13e11ee9ef5f852ae4e8e0874324aff0aebbb694dfeba9f3b6c4ac90832
0,       3747,       3747,        1,  1944000, 48f23053e3472972300c80177067cf87075e2e8875c002d95d0980b2758da3dd
0,       3748,       3748,        1,  1944000, 8c6918e481049b72e38defbdc837899e222d08b93614790b6560a7b1d2a4b551
0,       3749,       3749,        1,  1944000, a68df03a791192ef28358379c92a01f93f6d5639b4a9355dc755800e4911d9c3
0,       3750,       3750,        1,  1944000, 1dfb1c75290a42876879a5c7e25042cbabe2cf05a14643e1acd630e86381f096
0,       3751,       3751,        1,  1944000, 81178a6f1d17a1e91304fa6005f2bc5605283e810ee5ffcb4e3b47d3ed245f72
0,       3752,       3752,        1,  1944000, 81178a6f1d17a1e91304fa6005f2bc5605283e810ee5ffcb4e3b47d3ed245f72
0,       3753,       3753,        1,  1944000, 81178a6f1d17a1e91304fa6005f2bc5605283e810ee5ffcb4e3b47d3ed245f72
0,       3754,       3754,        1,  1944000, 41e81e7567c7c6d4b763631435ea6f406a6edc2fd8f539ce003597911d367dc8
0,       3755,       3755,        1,  1944000, 2af8efc914b46626afadd89125410aa1ebd9da5ed6d71ad1a29474649434f4b3
0,       3756,       3756,        1,  1944000, 4db07bafe60e1bc36dcbb06a119cda577d43615d4b57accf7e38ab0f315549da
0,       3757,       3757,        1,  1944000, 8129149bee2f430318153086cd3af80eb5fcbce317b797275c1c11b7fb4b7a09
0,       3758,       3758,        1,  1944000, 1ade8e8a3bc9aa2ff8e2a2d5166e847f8f342cfe4a95b8ade8ebf5af4afa19ed
0,       3759,       3759,        1,  1944000, f129fd2cb591f718b14ec357485568b20dca8fbd5bd3dc32a9eebc5e4b1ba748
0,       3760,       3760,        1,  1944000, f129fd2cb591f718b14ec357485568b20dca8fbd5bd3dc32a9eebc5e4b1ba748
0,       3761,       3761,        1,  1944000, 4cd96a539636c9357571b814ed41e2d654c008fbdcde59a235f413c3dd470054
0,       3762,       3762,        1,  1944000, 7d00bf3cb41aab2bdbfc90e6fee6860bebbce757990a0c1b9b374f99b68388b5
0,       3763,       3763,        1,  1944000, 4daa1cf6adeb810934ab407c74ec23225bcfa1e4a8d2aa3b333c0f6082aba8fd
0,       3764,       3764,        1,  1944000, 13f527299a84e3b53896f6763c892199619b9428203eccfcc7728c1605d0289f
0,       3765,       3765,        1,  1944000, 13f527299a84e3b53896f6763c892199619b9428203eccfcc7728c1605d0289f
0,       3766,       3766,        1,  1944000, 571cf2eb67de513a818bc8780ca01ec7a03c2bb354f0f7e7ff29cf1129faf9f0
0,       3767,       3767,        1,  1944000, fc345e4d21a31f5411d69072c0b4c3349e2f3ed6cc7b2e777bf31bde840d3678
0,       3768,       3768,        1,  1944000, 7c4cc0a21191cd945f5f4648f75e71798c4468741faa9b3bed50e82fa96b6ddf
0,       3769,       3769,        1,  1944000, 8161fc8375dd6688158c17ed9ed915614917a58b64a953fc38ccaa290ca97160
0,       3770,       3770,        1,  1944000, d5d4f1a8fc9b25312954a50d73a5e4a83f52d74002174b388a210fef183b40e4
0,       3771,       3771,        1,  1944000, dec39b271731c678e7a3709572b20f2bb44af816fb0eb014f4772d3ed811df41
0,       3772,       3772,        1,  1944000, dec39b271731c678e7a3709572b20f2bb44af816fb0eb014f4772d3ed811df41
0,       3773,       3773,        1,  1944000, a9a9c540b93149070dd7c205a30f94ec1d47112704c1d0008d1695d9212977ee
0,       3774,       3774,        1,  1944000, abb7cee1ea9d03da258f274b80e1fe08f3ceaf9a5994871714dc774a4ca7b73b
0,       3775,       3775,        1,  1944000, 08b5d24d429b9407bc1d16139a7564c5b054cedaf4bc6b6ac9fca37c3b12c93c
0,       3776,       3776,        1,  1944000, d3a1763770c1895660e0ed22720769af37ebc4990ea2190ead4fa3b031b0ae25
0,       3777,       3777,        1,  1944000, b877146fcf2acf81bd75928d005145265d415535b656a620f2595259cc00c37a
0,       3778,       3778,        1,  1944000, aca2feddbc1705e0ff3e0b6a55c2c194aa4feb554bea181c58a11d32eb66f674
0,       3779,       3779,        1,  1944000, 02b0a18ed100fd2dbf1c33b8cab76e0f4384e427103f91cce22ae2648f63ec71
0,       3780,       3780,        1,  1944000, a2c37da94252d625a233259442b1551e592d7843ea88eaa25ac71cde27ba6399
0,       3781,       3781,        1,  1944000, bec92fcfd0817ed89f3882dcba8da5c1dfdd6e7b157ead9e1af98014d5fa9c3d
0,       3782,       3782,        1,  1944000, 38984bc7f9c11c4d87f71d649a6eabe299032c32412a5661587bec99ce0c5737
0,       3783,       3783,        1,  1944000, 38984bc7f9c11c4d87f71d649a6eabe299032c32412a5661587bec99ce0c5737
0,       3784,       3784,        1,  1944000, 38984bc7f9c11c4d87f71d649a6eabe299032c32412a5661587bec99ce0c5737
0,       3785,       3785,        1,  1944000, 8a98b9bf74d42cafe9cb6be80fb50b581d73cda8410612d2a7daff88fe5520ef
0,       3786,       3786,        1,  1944000, 8a98b9bf74d42cafe9cb6be80fb50b581d73cda8410612d2a7daff88fe5520ef
0,       3787,       3787,        1,  1944000, 8a98b9bf74d42cafe9cb6be80fb50b581d73cda8410612d2a7daff88fe5520ef
0,       3788,       3788,        1,  1944000, ca96d5d67ddb44de5b94fa0ec657c528de2865f363ab6a24f64549772bab00a4
0,       3789,       3789,        1,  1944000, ca96d5d67ddb44de5b94fa0ec657c528de2865f363ab6a24f64549772bab00a4
0,       3790,       3790,        1,  1944000, ca96d5d67ddb44de5b94fa0ec657c528de2865f363ab6a24f64549772bab00a4
0,       3791,       3791,        1,  1944000, ca96d5d67ddb44de5b94fa0ec657c528de2865f363ab6a24f64549772bab00a4
0,       3792,       3792,        1,  1944000, ca96d5d67ddb44de5b94fa0ec657c528de2865f363ab6a24f64549772bab00a4
0,       3793,       3793,        1,  1944000, a28cefd9e140652b3106dd12abae72d8ad4dcd9fd1f6590eeddd8894abc9018e
0,       3794,       3794,        1,  1944000, a28cefd9e140652b3106dd12abae72d8ad4dcd9fd1f6590eeddd8894abc9018e
0,       3795,       3795,        1,  1944000, 8df8ad62f29d01d3ce98caf3c6c147a3170d77ac1fbe508d34419889a1fa1947
0,       3796,       3796,        1,  1944000, abe3ec67fa59d481cffc62494712ccb0b1aecd95f52b3e70d2ab880848b153ed
0,       3797,       3797,        1,  1944000, c5d9db496462006dfeea1540d4a4a5ba7074c37f9d8c64297d2bf7ac6794f6d6
0,       3798,       3798,        1,  1944000, 6855abf5c669b5781e2084e08384ec84e846a1c1ee5d68ae1bc218f956e516cf
0,       3799,       3799,        1,  1944000, 6855abf5c669b5781e2084e08384ec84e846a1c1ee5d68ae1bc218f956e516cf
0,       3800,       3800,        1,  1944000, 6855abf5c669b5781e2084e08384ec84e846a1c1ee5d68ae1bc218f956e516cf
0,       3801,       3801,        1,  1944000, 6855abf5c669b5781e2084e08384ec84e846a1c1ee5d68ae1bc218f956e516cf
0,       3802,       3802,        1,  1944000, f15abf7ce89714f0c5ef51b358e5989688317ee8f7b5c7565fccce2d5f521a1c
0,       3803,       3803,        1,  1944000, db5d603ac9c50385802f9ce189d43b89f0d8b4e78a19cf427a85005d4dbdff99
0,       3804,       3804,        1,  1944000, e8b87847948662c0f12f84e711e5e01ed92f8402aa6f157efacb29e453d80646
0,       3805,       3805,        1,  1944000, 7dc413e5a9654f3a8fed429bf7c071d26067ecf8f83ab9918635bebc1e9c7d6e
0,       3806,       3806,        1,  1944000, 731b347c44195445ea3d8ac11e92193129283a00f382f92f749a6a9737ee3219
0,       3807,       3807,        1,  1944000, 4ce3c4cf5516e6f03483ad83bbf2b3c9888761d4c55eada6f1be1356a3e24993
0,       3808,       3808,        1,  1944000, 3b4fa24ff8807927be11dfbec8feee4b4c6da0ab6de3fe5b0f973920b96b907f
0,       3809,       3809,        1,  1944000, 4e007f3c7966ad9b6c2a1abb5d6d6a48f84d683e446dc58154f82e14fe8bd685
0,       3810,       3810,        1,  1944000, fe761f4e2cd11d7e31d40092a9d687f09f17ba5bc4fbfeaf0b0b66158459704a
0,       3811,       3811,        1,  1944000, 6d818c810ce1d79dab3470e246c499905b296b7c0370b41fb9a7aa53c7dbbde2
0,       3812,       3812,        1,  1944000, 6d818c810ce1d79dab3470e246c499905b296b7c0370b41fb9a7aa53c7dbbde2
0,       3813,       3813,        1,  1944000, 6d818c810ce1d79dab3470e246c499905b296b7c0370b41fb9a7aa53c7dbbde2
0,       3814,       3814,        1,  1944000, 78e058dc2d66e8be7eb7a0287a7f0fddec26cd5eb134ea7cfd857cfd30e8fd13
0,       3815,       3815,        1,  1944000, 6778b9b3b8a3eee6e207c67d623a26ad3cf2bc6c7d3161f12f14b34fa69f4368
0,       3816,       3816,        1,  1944000, 678154918875dde88b1c79a1a93b313e6a14be4535be83b4db27791568238541
0,       3817,       3817,        1,  1944000, 8ce7df5d573beaf3bbcd6d61a1a199d56f1bfa0d26b3eb5296d164564855ab69
0,       3818,       3818,        1,  1944000, 525e20b4cdc43fed67857274ddc7ee17f9ec634baf4812ab158c39658ccd3308
0,       3819,       3819,        1,  1944000, 3f261d12decf7f63ad0d0b9f76a7755cb9b11676996fea7eea2a91fd9ad397d7
0,       3820,       3820,        1,  1944000, dfe95242e9fde6e109b9d79590a2c11e5cde8dd5ea3508ebc10d936b6f5a3a65
0,       3821,       3821,        1,  1944000, ad11fd854894b3d7709d0460a80de2a6011f3943e80ca8b42682bb856c6170df
0,       3822,       3822,        1,  1944000, 47fe8345a718eac98332da9794d3f1b70b0fdcf520d41ce5e27851a635fecdc0
0,       3823,       3823,        1,  1944000, 82dc37e43d0aab838a339d50acea0abc24c24b1fa9b852cc2303f2756845c849
0,       3824,       3824,        1,  1944000, 82dc37e43d0aab838a339d50acea0abc24c24b1fa9b852cc2303f2756845c849
0,       3825,       3825,        1,  1944000, 82dc37e43d0aab838a339d50acea0abc24c24b1fa9b852cc2303f2756845c849
0,       3826,       3826,        1,  1944000, d0a8a76d5aa8083cbadd28c8a08e0cc2216144354f57a449ec92c65c9329999b
0,       3827,       3827,        1,  1944000, 4eedcb550deebfa03b8e1e27b254215595dc030780c7344803afb45a702172ab
0,       3828,       3828,        1,  1944000, 001ea848f8d5eafd2eaa3bacd22935533b7fdf71b0adbe8f14f7e6d10467f784
0,       3829,       3829,        1,  1944000, 5ec76ebb421d24f2bd67b9ed0fe0d0bad81fce7fc54f7ee0610183106d33adec
0,       3830,       3830,        1,  1944000, 7688cb8757f9181a20d37739191269f60562cddf2f1a2ea20f83bd56dd0e5a56
0,       3831,       3831,        1,  1944000, f50cfa039f64c17ae2bd363dbfe38797b79bb942697bc5ef1c51c7493ef93372
0,       3832,       3832,        1,  1944000, 51a6d255c58ac789ec71d30388e2d4f8096165d9a8704c4ef154683ab0c3f0c2
0,       3833,       3833,        1,  1944000, 3751ee08e93ff0124265f8a6d294ef697cc20ff043b88d804adb7165fbce44b9
0,       3834,       3834,        1,  1944000, 34ee43c3494827a2bb157c87ca8ecf9de738d3da00e721925c9c39fb6bccca02
0,       3835,       3835,        1,  1944000, d95eed88296499b7c9cfb6b024e8617458d01a874cdda44df8adc4f76ed8a538
0,       3836,       3836,        1,  1944000, b6368b2aa33aee7f70d3365e835db8eb6fbf6c476b0df9ad6a3ca18004ccb4a2
0,       3837,       3837,        1,  1944000, d1227f36520bcc3c8e22ee18dc56d2bca012b25f50eef2d4b9f4603eb484e05f
0,       3838,       3838,        1,  1944000, 44ac306931059e0703e682b67244cf3f0fdd03063631ccffdad1e4bde54fa038
0,       3839,       3839,        1,  1944000, 808e764c7e155026835f927451f107a868d06775e4e63b36cd4f5def62d77874
0,       3840,       3840,        1,  1944000, 32f1120fda65690a5e4ad1aeb4472815a7bda2329deb2b81fae555676721258a
0,       3841,       3841,        1,  1944000, 6c0c9a211cf6fc806bbb87f6dd6ca5e821d04341756915f88edee6d7fabc60b9
0,       3842,       3842,        1,  1944000, 2289dee8861edc494d7d62ef47faa6d5a6c24546c5817e3819ab753595274caf
0,       3843,       3843,        1,  1944000, 0ddf0eecbaa5198e34edc4f47ce6d928988c8ea0e2111118ac83e0c7534e54e4
0,       3844,       3844,        1,  1944000, bbfacfde774ab498056af3322a1adcda27494bba1ebe6312e9d1476d78ad2681
0,       3845,       3845,        1,  1944000, 64b021d79846f1f53b0bbfd8d2d5736a7a6158ae630ef7ac25edd4842d60f835
0,       3846,       3846,        1,  1944000, af524482064ad5a038f0f3058ddc9ef8e9b3b7a73aed5896e37fe8800648d182
0,       3847,       3847,        1,  1944000, f32b380e85f91ad38898fecfb05a224850897b71b7f1fe3717fb33f607bdaf82
0,       3848,       3848,        1,  1944000, 610cf084eada10acbf3f034a183423d13b942cecb9f79d4a12ac60d87131c207
0,       3849,       3849,        1,  1944000, a39ecafb9c54a21b1e762237c5b86a7de471406d2a6ce563aa25a1758dec2031
0,       3850,       3850,        1,  1944000, ca36e766fac7d079936b354d026af5c64b017f00bb042ca59db21f2c84f36400
0,       3851,       3851,        1,  1944000, 08941cb8a7903012ee13816b880e5f63e7b52fac8d208ab68262b9462b73dc53
0,       3852,       3852,        1,  1944000, f9d54e25f22d927133c6a6fda47184454af5a4bcbb951463f751e23e1f449e3a
0,       3853,       3853,        1,  1944000, d0abd534624c6d1c0aa69fa3509cd817ae13615a7533edb5f94972d51b74c87e
0,       3854,       3854,        1,  1944000, 18f5eb6cff53dc58498f2df44fa6aea483dfa2b996b8795b16700d0af90233cf
0,       3855,       3855,        1,  1944000, 92c78152ad610a93adff38b6cba77311b825c0011f69775860a83711aaa65e52
0,       3856,       3856,        1,  1944000, 1af0aa9581619b77334d4de37cb1fbc7487112625fb5513bc360c8ef90e84323
0,       3857,       3857,        1,  1944000, ba665f89c25d964ab196b3d03b0c9f6be5c32b611b082867d3d3ae0527126100
0,       3858,       3858,        1,  1944000, bd5364425a1cae2fc024d1af8ebc9c868a92a27f7f02d8571e714f06f3b7cadf
0,       3859,       3859,        1,  1944000, c81a2f58c9867e82a5829f82efb666a8d0a371d9444a622a4ff7c7f3be8f56ee
0,       3860,       3860,        1,  1944000, bc4fbe11338a5a46a9ce336bb8baed386e152a94de5ad8f90809a8a94a65738f
0,       3861,       3861,        1,  1944000, a29c25eeeb055ea6c1704ecad5db8ff6846073680d47afe2b118bc507b83e809
0,       3862,       3862,        1,  1944000, ff9d9a412d74615ce82896f0fa0dfc4e31638ae153372d571197929836311be5
0,       3863,       3863,        1,  1944000, 5ba12576f5b192603cf3ef75ec83a3403e2b2af683525650cf03aa76d74729fd
0,       3864,       3864,        1,  1944000, acf2855e5c38921cd8793543fcd119e9b80e9ecc78c96c51a2feb5f79ab37b64
0,       3865,       3865,        1,  1944000, 003c202b54cba57a5d00c93fe3fd1f1cb31458bd999b20d787a2e2a794823ab2
0,       3866,       3866,        1,  1944000, 714174178374678c034136971fc49e61eab8e6397331a4393e6614365f26f306
0,       3867,       3867,        1,  1944000, 257659f96295265b215af5248783c945f8eccbf2b23b925da48834a4cd73e842
0,       3868,       3868,        1,  1944000, 42fbef37304d49730d2a1357400749354fa2985d7ced7d0fbd92301e4d8228a1
0,       3869,       3869,        1,  1944000, e2bbe3a4974f8eb930a834f0e514aa28d798c8e6170bbe783d0961a7d1a09352
0,       3870,       3870,        1,  1944000, 2a17eb55312e6ae566db8222e1fcbd8cf7918eb36d00784e66451cc23c8aefb3
0,       3871,       3871,        1,  1944000, 16f604b978b5e3954c8d5b3d4b01c90dbbe89ad74a7caa97b6ac4728815173cc
0,       3872,       3872,        1,  1944000, e004cf47b6b5f7e8b3f68350c9eab83fa88e17e7e68017d006b2f1249bf908c0
0,       3873,       3873,        1,  1944000, f6db15f2acfbfa35a7d76cba3204f6533800a514bf0e64c455c954e2d57dcc6e
0,       3874,       3874,        1,  1944000, a0427a54a233153a01fc1a26ef23bb1f6f59c394de5eb600fd456e967e4dc51b
0,       3875,       3875,        1,  1944000, aa01d30d45240b034b3addf179a6a997d345877241697c05fb35bf626cb28617
0,       3876,       3876,        1,  1944000, 09c83224a35e0ed94961b30c42e05080d8bf999fee195bc5a1b4156cae96ab9f
0,       3877,       3877,        1,  1944000, ce83014ceecc8b02f4a2c7a5cce1d58629131e6bc2401e2d0c4d56c2f187c8a4
0,       3878,       3878,        1,  1944000, 43419fb69b5094aa7c2642716aea02ef4330f71c7798a4a51c9402686f497fed
0,       3879,       3879,        1,  1944000, f0cee5a7435f10a8df655e123311fe60f440ebcce4b335e08cc563a61a96b29a
0,       3880,       3880,        1,  1944000, 97da4c961072fd09e653d59174249edc07e74bec669c957979e5fda17d88f3a6
0,       3881,       3881,        1,  1944000, e5f3d45ef50cdfa781b6429d1e5b3799d47e9433706441ef6a4f291d1cbf2939
0,       3882,       3882,        1,  1944000, b25b06cbc19b5d3ec932c2e427527cbe3c931c92d2aff22071f71fd2d20ac829
0,       3883,       3883,        1,  1944000, d027dd54da8d1927c949dab7bea27824ec29b88107c9942d6f8fc2974ea16800
0,       3884,       3884,        1,  1944000, 57f932385531fc2c744f9a2ce9596e70562b1263930fb5567e963f03ce6af16e
0,       3885,       3885,        1,  1944000, 386936f1d28fcf9647374c7d32a7bceb4791a28360462fb7cf66e7eaf07a7ddb
0,       3886,       3886,        1,  1944000, b2b59cde18b88b151307644947b82ea0c645a20ea6a524814f81cec2bc4aea99
0,       3887,       3887,        1,  1944000, 0ec08c3456d182d8fc6f0c5108b267959749cc703214ec38cf617746c6d24a7e
0,       3888,       3888,        1,  1944000, 6394b57cb664d89e01f4acfc5f46698c8a1cc091cd70f82f5a9845573e99fd1b
0,       3889,       3889,        1,  1944000, 182b840cfb2629edbeba74e09e16564e9e4e0af03017da575a41a05527936272
0,       3890,       3890,        1,  1944000, 1bcc3d13597949fcd63554d346ca2022ece42222dc2f4f4005ce1a7dec6eebfe
0,       3891,       3891,        1,  1944000, a182a8b49feb832978e8c213bc11e6259add240e476c6751435226d43b74302e
0,       3892,       3892,        1,  1944000, 101174c046c2d2d025da39c10971fad47f5b0f02210fd7a2b6a26fb57dae180c
0,       3893,       3893,        1,  1944000, ba83751349174166a12084b05cfe893c24856b5db895fa5dee2f808dea83daa5
0,       3894,       3894,        1,  1944000, 1a211c74ac4a389a3d771461e103e178345a3b49ac193db525a551893444cb1b
0,       3895,       3895,        1,  1944000, 943420bc80a2c86073a078f86b324a3e29e69939f86437af65fc3b99a66604be
0,       3896,       3896,        1,  1944000, b471fcefd86836e1801f399cfecd765c33d510bbc29f7a5e44dd90b98938d694
0,       3897,       3897,        1,  1944000, b6b7618ad8d960962ad10920b9d5e8e600eb64bcad831d72186446ad36eb2f0c
0,       3898,       3898,        1,  1944000, 89212e34172e2dd9bb390c77937f8f6e995f22acc7622deb03d6093b87bb58a0
0,       3899,       3899,        1,  1944000, 9c7db7648bd76c6dbe301856c82e1eba1e1081a3b509974fcb487ca80392be48
0,       3900,       3900,        1,  1944000, 0d377163887c5d07c56286b7975813a56c2c6a6c53fda041585b7216ed2d8f14
0,       3901,       3901,        1,  1944000, 053daa141da68e3178e51f94155f6aec1162682c463fd9a308ea0bae77aa8696
0,       3902,       3902,        1,  1944000, 557caa9608bc2079afc71137931944a26bcca66b4812b09714312971c8b0f654
0,       3903,       3903,        1,  1944000, 2d73a21eb2af9bdb83b6118ce5fd237881a05186292669b18b80250a84b3264e
0,       3904,       3904,        1,  1944000, 478643df2d2439d5235038ffcbbfb8bfe352e651927d32eaeea252257d71343c
0,       3905,       3905,        1,  1944000, b837b2feabbbf6b4cc5a50ff575a2e031af22655b9354d355560433357ab5306
0,       3906,       3906,        1,  1944000, a2152c4a815bc6b4cf3f04a8026fd386b1b287956fd202d8d5c0d514776e60bd
0,       3907,       3907,        1,  1944000, 0d5f0873d1869d5f58f8ccb393a5226fe9a80fa9c46989d4cf01967e86efb93b
0,       3908,       3908,        1,  1944000, 6f014a2ae11a1149cff84017ec5ce5840839adb24176b3ba867d050c37a20eb3
0,       3909,       3909,        1,  1944000, d9448480b07386aa3583dac103d47a20440105c28906d0ab6dc88fd72383bd02
0,       3910,       3910,        1,  1944000, 2399aca132034d69e2d71f15dcdcdbfb479f4cf143102853cdf542533f23d3d2
0,       3911,       3911,        1,  1944000, eb8b3ad0d599a6114ec105b0e4772b8efb9af338ef5430d380a2356b47a903d9
0,       3912,       3912,        1,  1944000, 277fcc80a8170dac25cf1a4cca6e0a06e8a5a5e5bd3d756ce722bce9fa2cb9d6
0,       3913,       3913,        1,  1944000, 382ac695be8401d8af85df4bc905d8906938f7c4d53b76cab907860737581f99
0,       3914,       3914,        1,  1944000, 2f477daa63baf99c2215393c4accb898c2a550923f94e3b649cd72bf8da75b39
0,       3915,       3915,        1,  1944000, b15a5755d71e8f992fa80aaeaf2293d356669eb73fdbf76555889a5bcda8df0c
0,       3916,       3916,        1,  1944000, 8a5b0c6e41d4401896f4d6f9ef23d48adb1f594e1aa428624a0fc21638deec4b
0,       3917,       3917,        1,  1944000, 1f2bf40fc6f560234782a92379ecfc05ea549968677c337e0e7647e5e0f1a28e
0,       3918,       3918,        1,  1944000, e4714251f8dcbb4f52035fa8e88572e972a40ba88144fd93fb8e3596f4765c18
0,       3919,       3919,        1,  1944000, 122dcd109aa396683f4452eb067d6889919508d17ef5d68d66fc5a018c2d1d72
0,       3920,       3920,        1,  1944000, 87c28f8c3e8b15c68c355addb76db108fe62ec3fcb4ffefb5da5eb1b51805457
0,       3921,       3921,        1,  1944000, 31eb61cffd25cfddcc8d0dd6e3ab1f29d4def84341a2e020bfcfa1b95b07c376
0,       3922,       3922,        1,  1944000, a9542c05cf82a2f4de3659a9b8c78bcd320f35f768fd1a30bbdea235d292b495
0,       3923,       3923,        1,  1944000, 57c20818513d9a86872187a38301fb66538cf7011e95ed4c89b12e796414d51e
0,       3924,       3924,        1,  1944000, 975b2cab756ca2facc34560c7f3b50985e864a1524fc7f5cdcabe5dcc5e91546
0,       3925,       3925,        1,  1944000, b7d4b4d1e33af32cb21f0d044990345b26623118c9e861fdc33a3a3e2da185c5
0,       3926,       3926,        1,  1944000, 4fd07635ba0828bbd2bc28de942cb80093bc5bd5536bf5b7a90086ff8386b2a9
0,       3927,       3927,        1,  1944000, 895fefcc754045e6f623470824d1a3f9fe76a96afa1880ea0e3082a1b836638a
0,       3928,       3928,        1,  1944000, 38f804fa96ad9472a94cf79c59b0c43c1930233765063e0feb7805b2d4ef088a
0,       3929,       3929,        1,  1944000, 9367b4814752650f36bd5f7ee89bee9de8fa5c142e8c29da4e2ed6ccb8d35ddd
0,       3930,       3930,        1,  1944000, 2477608f2626857cbea399ec2f6f0e0309a8e493aaa5b8f37f43b57bb60b8672
0,       3931,       3931,        1,  1944000, 266a6a9c04a868865bd929d4e529942e9cb59949050283c14b88ee18b8dd709f
0,       3932,       3932,        1,  1944000, 01c224248b054735b5709ebcd6a28ce584dc43338a9014244d92fb7f7773cf6c
0,       3933,       3933,        1,  1944000, 01c224248b054735b5709ebcd6a28ce584dc43338a9014244d92fb7f7773cf6c
0,       3934,       3934,        1,  1944000, eb6bab5675bdd5f5de72739db1960650fb0750ad25d1191b836c014d11a249a8
0,       3935,       3935,        1,  1944000, 5bb66356a269bfef41b6e247b193e585197e5cd9af3538509a3501704d7ce337
0,       3936,       3936,        1,  1944000, 794277ca8f66017d17482697c4bbeb69583695c8650cb189d10580c0d3225d60
0,       3937,       3937,        1,  1944000, a8fcf77a605f901ab98cc0205a2e9da5245590b484d1e79b47c299c297812eb4
0,       3938,       3938,        1,  1944000, 6e0e812740dfa3e3a2a824a42b91675b26b2da723c3d6558c51a96398bf52759
0,       3939,       3939,        1,  1944000, 28da97df500aba5789f8070fc8fe4724dae350386ecb17e09bb060b26d256313
0,       3940,       3940,        1,  1944000, c6ac4e05611f9df83d4b791b5c98473c53e02d4593dfe6ed16b6bef8dc62dadc
0,       3941,       3941,        1,  1944000, 5ef149c2e7c623174c8d01a75d7e6e564a13b398c918c0c06244b808e1e2be62
0,       3942,       3942,        1,  1944000, b8b21f246ac4f6970283f5b2875f99d1185b9819bce30b1c0ccabcb6ed6682c8
0,       3943,       3943,        1,  1944000, f245aff473dcdf1d0ffc947b97e3b34155e2f7f8781dfaa0ac7ddc25ac111c4b
0,       3944,       3944,        1,  1944000, e934bbcc1d2a915f61f87c7976e9c26d7d991c86ad45688a6909259234bb0d83
0,       3945,       3945,        1,  1944000, 433ef80c76c62479cdc0555280f3a907cbb1855a916bc105873f5970f7630c4a
0,       3946,       3946,        1,  1944000, a7cf3c4cec08ea023eb3f8a8ae0fe697c091085ec4e0bcf598e8a3b96b98cc02
0,       3947,       3947,        1,  1944000, 1ce1e9dde9b29a7a4f7a96c030aa3de68248c8bc8725f8aba36cd37bc62905a9
0,       3948,       3948,        1,  1944000, 14052e265e51676991f453042b1bb5dd347862501aee34784ccfb03ecaf00337
0,       3949,       3949,        1,  1944000, d7c5499bc95a48e1807747ea6ddec04d48adfe978b23de991b7884d98a3109e0
0,       3950,       3950,        1,  1944000, 1d16187020813220f6f8ae8689bfef86ddc10a12043a1070862ca884ef64803f
0,       3951,       3951,        1,  1944000, 99d8995f72c2695e00f555dc11984b025e036fdac165128277a7d676f1e138f3
0,       3952,       3952,        1,  1944000, 2068669501d6af9d752d90ba374355cfed9aa453fa376b1984e2363d53c167c3
0,       3953,       3953,        1,  1944000, d84752fd1d22c8e9be67489adbbec2ea6b1449cfef5ffc1dd992c2f4df8cfc24
0,       3954,       3954,        1,  1944000, 9d3fbb2162be64d98abe4f322bbd99cf8fe7e62506c9519130a8dd5616c44a34
0,       3955,       3955,        1,  1944000, 3861cdf4c0585d7139a4a66e6519e3e3c723a899e72806fee67bab1ffe38134c
0,       3956,       3956,        1,  1944000, 12bbe1e082efeb48f84f61fba3282e95c849e4832a0be2e55d98edc28c712d97
0,       3957,       3957,        1,  1944000, 98469d57911ec7a4ec058b2c73cab8f7ee94d3e303d5e2c4e9a43783dc47f8ff
0,       3958,       3958,        1,  1944000, bb1a78daa1e2b5d10c8a89e213dd1f54d5ec4e39fcae41d9e1fbb7991091412e
0,       3959,       3959,        1,  1944000, 0badfab9c9d970a682de8f8e73a9d2ca4b90deff5eecf337f394d980f82b103e
0,       3960,       3960,        1,  1944000, 5b557e599ff61c483c2f19d77dc22cee8974dbbd3af11e428bd3bea1d07dbed6
0,       3961,       3961,        1,  1944000, 3dbf1bc997a649045dfe83e5a84256e73b3f5af40261eebcc3de6db3987e7c01
0,       3962,       3962,        1,  1944000, b860b5548631543a4444ac0507c9d66e352a857b0369aef0584ecb5fb5611010
0,       3963,       3963,        1,  1944000, 7ba8f24aec448e4c67b79e4aef03b318ffda35c3731eab913c0f18a46e007815
0,       3964,       3964,        1,  1944000, e2f040b91ec171dadebc50c8a140961ac287f8c947be7b5f4bac521546af4ecb
0,       3965,       3965,        1,  1944000, 3c186d661f432f54a781ef963b2c41be7272717c3b4e7a71676cf698f3e2fd38
0,       3966,       3966,        1,  1944000, f634d2940d4c02dfb2547fa02fb03d31bb9397509913834b869a67ed4f6f693f
0,       3967,       3967,        1,  1944000, 84f0da5a743025d06de94a5bcf711c6d78f51a51d88b14cb1ddeab72fe24827c
0,       3968,       3968,        1,  1944000, 685c82f464484a16201995913937b547356e199257d4d4a6c67691bd6e3bc553
0,       3969,       3969,        1,  1944000, 6c9c930c85bd10ff40d50629c2baf1f9ee6b5971ca16689ae7a84356aa9ac70c
0,       3970,       3970,        1,  1944000, 55a8e4e4b9c826b8aa70154f9e46036bfac843e5300bc58af4cc224500f69b18
0,       3971,       3971,        1,  1944000, 06ace8d40d3db3d976d9bb97d62b3057d51d091fa1d658ab9c821ca3e5caddc4
0,       3972,       3972,        1,  1944000, be471a5854ddaa5e246d2be0402c22e4da55b67d024263fa6b6c332d754dec92
0,       3973,       3973,        1,  1944000, 3c4a1f40a20e07108387b59ff241e2ed2915869062a933e71b7641594ca0d665
0,       3974,       3974,        1,  1944000, 5a0247e5696bdfe36dcd8e28c322965fac4197a63bd302f40e615e95eb8ee9dd
0,       3975,       3975,        1,  1944000, f1350a941d40c556ecf042c6f0a28e1ede77fb35cdf863c6587fe591caf6ef77
0,       3976,       3976,        1,  1944000, 58637cd6264c5bd821262af900458da10eb631eeb97843f4ae2936384c0c3262
0,       3977,       3977,        1,  1944000, ca8f19277b202461a2df883274f4a39495cc177630cd2d251ba049b6cdba9aaa
0,       3978,       3978,        1,  1944000, 51fa0ec240c33d01d30379dbe4bbcf8581d64bc2236ccae4143b42e4d43b2939
0,       3979,       3979,        1,  1944000, e5b3a497bc4b2b8a2f914ae86d5105d089cc7fe60653e113b1e42db7ad971c85
0,       3980,       3980,        1,  1944000, 6b23f53f23316176ab4372c7347cf605da3c46186cabc5600d0c249d4eabc6ed
0,       3981,       3981,        1,  1944000, a6e7c310efbef3e05a9076923728b3de9fdd18936ca7ca1ed03674262e616950
0,       3982,       3982,        1,  1944000, bd1e326fea62ef2a9d72e5f0fc28b364e1c94546e2be6efd889608b9fab695ce
0,       3983,       3983,        1,  1944000, f5c3affda5bb8a27d5838edbb6d342cf3913b3b21b0f9108674a2a31a4610fb9
0,       3984,       3984,        1,  1944000, 6bfc8bebdfee9cfc8da4b55b05b200f15c972cd66da2a31ec9e27c2fa14d0d2c
0,       3985,       3985,        1,  1944000, bdbd6405a8cddd1d678f10da5277e6ca563da54ebf46172862c92b02dc4a9829
0,       3986,       3986,        1,  1944000, b002dba88f7cd00a5cedafee40a2e94f7064b1c3f47bcafd0b0ed85ab6b55707
0,       3987,       3987,        1,  1944000, 52cd478e5113f3b87dd91b2c4432e4f87d0e63b7737d6b50bf8868278f254983
0,       3988,       3988,        1,  1944000, 8b41ebc01f14e730b80c6b56a0d9a5c903629df5231323bea3b969044439e9d8
0,       3989,       3989,        1,  1944000, 2b1d45ddedc457dbb4bea5fcc54c776aed748bd3d50670dc1577cab6aeecc45d
0,       3990,       3990,        1,  1944000, 3954cf0b336d512ef68a77a6ea6d29ba11282fe37d85db6ccb8ff88a35a9ceaa
0,       3991,       3991,        1,  1944000, 16a1a682a2bdd59c2d46b31a83282fccaddf1a03f69642df8b8f6f545c85571e
0,       3992,       3992,        1,  1944000, 4b2db058e4c495dae81a2fe2bcb7d6d39d59870ba93c69fd2b7dfddc61fa6b9f
0,       3993,       3993,        1,  1944000, e2bccc044acb5f79f9979cb548a279174ece98fb4112a89551cfde7479b60b07
0,       3994,       3994,        1,  1944000, 75b60bbab402fe6fcc43b00d6ee3854fb5ced2337559a2be95dabce293d068d7
0,       3995,       3995,        1,  1944000, 4115696e41a8a693f4c01382d50abc97708344f399533c7e87f346a77f89eede
0,       3996,       3996,        1,  1944000, 324b068c0e4974c58028ab962a14e848768d7623abb22e58fd5bb67c5e29d134
0,       3997,       3997,        1,  1944000, 88bf2f464e7aa9aef6654564d5c6e70385b2d1604df74b8c20c341eccf9745c5
0,       3998,       3998,        1,  1944000, 0efc70e29ef75023e80d30e044617c1ab067f7825434858c2fb1495ba20a2d8e
0,       3999,       3999,        1,  1944000, 0aff992b065b7982f97d22e3733b00a0b82782a49c0015ae312ead728f2440d6
0,       4000,       4000,        1,  1944000, d8fd8e7b0164d0684fd61f738462c5cda651a42d14dd15fcb4469661f0a2cfe5
0,       4001,       4001,        1,  1944000, 951aaacd7d71fb36e80ac2f3b9900824f95e58498bc40098b8f35006a45e4604
0,       4002,       4002,        1,  1944000, c26bc4cfeac874d7a3557dd01857e6eda441ed75af8542bd4a845b8a605e0c9c
0,       4003,       4003,        1,  1944000, 865e0ea2cf8d0998524c528f0db802bbd92d6df58407317683917a3c1ac238a6
0,       4004,       4004,        1,  1944000, 734870a4be1d417eec5ad51376f679911d3eb0a10399656a7bd02e3868a6a715
0,       4005,       4005,        1,  1944000, 44a63b64a6e0ca5cad43f1be7fe5071a335970436cb9e01f18d8d62aca0f0b93
0,       4006,       4006,        1,  1944000, cd696af9b67f362a2cae0ac5d1dbafd821da5cf00db74a93d7e42df2ebf690b0
0,       4007,       4007,        1,  1944000, 8edf600cd5c38519d8cf58384a264661e51d0a5c824e2b5de578138f9ae3ba48
0,       4008,       4008,        1,  1944000, 71bae256d7fce9afe1e569285da36edf8bcf910f346fc5a2abc8ead668cd14dd
0,       4009,       4009,        1,  1944000, a2b097ab4a6710f4da54ba327e4bc9ed4ffa4f6849f0c86f51c7621abb29556b
0,       4010,       4010,        1,  1944000, 528d4e411f89bdf211de91936f6bdf79c7a2158e3c44246f323dfe994ef733f2
0,       4011,       4011,        1,  1944000, 55fbb55ac77640554268ccbaf6e8764d3664b70307cbdea6d6a1fde0adacf250
0,       4012,       4012,        1,  1944000, 5301358c0586dee08c8b41122c083b6dd09709217d2fb6008a33bbe3fafc348a
0,       4013,       4013,        1,  1944000, 11d521e9fb059514f721d78a20308ca991fb461cc7fc099a7d45ec93f5e6bd0e
0,       4014,       4014,        1,  1944000, 043cab4612244a71984ddda582f015afa8005ea146b06a0e4dc4bfdf76202618
0,       4015,       4015,        1,  1944000, f2110621e82980e15876eebb5890ce0b9e1fb32eaa2aa2d677900034fccde7f0
0,       4016,       4016,        1,  1944000, 2877f5d374030ab59165467518cd104dafd28224906efe4df429148588f620fd
0,       4017,       4017,        1,  1944000, a88821a5b5492c497042d37ee80556fbd6a3e4c8e64f1e2740957670ac703cec
0,       4018,       4018,        1,  1944000, 76f77e0cf82b32d8050ce3e3c3e970d157a0131ea5dbd96930c8ad3d2c727815
0,       4019,       4019,        1,  1944000, 3860ceaa5a3fab8b65fe629d0c76a1b2bc23e23606d56cb2c6db198b5b991245
0,       4020,       4020,        1,  1944000, 002cf7e564e492e7dcefc3de8c79aa74bdc2a641281f97ae9b592649179abfc0
0,       4021,       4021,        1,  1944000, 034c0b40b6aa8189fe023f12bac027e8ca533028569a342c6e0ebdd062d95306
0,       4022,       4022,        1,  1944000, 6338911a83383efc23f5c31afa15d7445f2d94edfd56f99f30e74af4cc5f21d9
0,       4023,       4023,        1,  1944000, b785e767e8fe24c53c8613fd5718a0caba7240b27c5c596cd95a764ac88b7be4
0,       4024,       4024,        1,  1944000, 4829fd05bdf701e451cb859096d2d6c9f103befbcd0dc2e219db990c70280755
0,       4025,       4025,        1,  1944000, 52d2e87784ca2ed29a777d5c705f62ad3fc0e3da37cd87b7161101879d856a14
0,       4026,       4026,        1,  1944000, 207fb2a343d23b68666980cc4f5ae8621b7d01cc00023e3e73fd3a61a2c79802
0,       4027,       4027,        1,  1944000, 20cf40ccbbe2f68b712660692c2ad3eda865d72747ec9ae15fb40dc583e479cd
0,       4028,       4028,        1,  1944000, 3df49baefae5487c955495d719207d0419453896c49798483bbb54a43f81d5f9
0,       4029,       4029,        1,  1944000, f9f6196ed5e31851068068d50034aeb03cadefe5676f08de40cd7d9f9b09d91a
0,       4030,       4030,        1,  1944000, ef3580fd4c4031500a2e7ab74db66d479834bacc84cc1d8ed6e41e951a4b6e01
0,       4031,       4031,        1,  1944000, 7c5ed6a6ce5a33fbb6c0722b6fc1ac8447d04e209269ff07b8be95a225431b7e
0,       4032,       4032,        1,  1944000, c00749d3e4509a416b4294353b2f06618897fa7e524795cc67b80aa789d6ee4f
0,       4033,       4033,        1,  1944000, e7ad7173972e39ab7242d106ec766352cdc7f9ef4241dac466e62d4938e7bc2b
0,       4034,       4034,        1,  1944000, 0888edf2f490230b0c06bae13a76ad060f3a245a8dbbc56ac32c797dc9f7885b
0,       4035,       4035,        1,  1944000, 1149c86f91e1b358c5bb038d044b670ee36fd68950923d22822d5734fd4ae840
0,       4036,       4036,        1,  1944000, 90b2b1a710257440a6aeaf4e738d7ceb14e29a31c1c33d9cc43f7ade023ac1bf
0,       4037,       4037,        1,  1944000, 307c797c05d36729786f6d6508da72fefa3017f39d690101e5088312be2f2256
0,       4038,       4038,        1,  1944000, 74c5fcccf5f00a05308d7b8db3e2050bbd54a6981ec421fa969b5a1be3cdafa8
0,       4039,       4039,        1,  1944000, 04e9dfc87cdfb3e2ed68a8e713a51bf02c17216c90a7ee7dc39d1d9f6f552dd9
0,       4040,       4040,        1,  1944000, c8919ad730604fa9974eebcaabac778cbf714e918ea6bd63c8b41628e36b001a
0,       4041,       4041,        1,  1944000, afb6709b025f64fd2e69eae5f9919d3498afc5dd62d31c1e44af792139248fad
0,       4042,       4042,        1,  1944000, 5db881619ae7977cd40e3651097c514e3df41055a3159ad55f9b63653a429800
0,       4043,       4043,        1,  1944000, 5050e8d334bc5390574c6883cd270fb9a1598d91765973a8bc96445b21867638
0,       4044,       4044,        1,  1944000, 5779ab39ca0bc73693dbbf1bfdcf017cc6ad8945aa84f86fea05466586b5b7b4
0,       4045,       4045,        1,  1944000, 6b89ad93ea4791fb727f105e240e085b908a074d6b84ad90d7d9de8e886ce5d8
0,       4046,       4046,        1,  1944000, 5bf03dc7fbfaae3ada20278fbe09c69d420ab3765902b3d9fff05690caa4cf6f
0,       4047,       4047,        1,  1944000, 1afd860fa60ceea12bba94e90fc2949951c758b8e3a2f947c3cddec5e54383cf
0,       4048,       4048,        1,  1944000, a4c32a89bde841d9e63b9f257ae5faabdcc83fc5d00d56019be8a6cf2f594fa1
0,       4049,       4049,        1,  1944000, 38a96840d86bb0b4fb893b652c3491c10de0e413ecbe223f6049a3bee9d71640
0,       4050,       4050,        1,  1944000, f9b102186ee3ba1898de82974db648acc9732721345f2c2de42ce1c210f05c9a
0,       4051,       4051,        1,  1944000, af9eb2abd73bf83d5c64c0f77a5fb397dc795a3154e6af66ef5bbfd6ef907809
0,       4052,       4052,        1,  1944000, 4bf9e236c7b6de84c9c5a07b0e397343c55830f222be1bbd637a5ce665348267
0,       4053,       4053,        1,  1944000, 9ba4dd979dfb78ce1d83e0adec551e3c6a52d627491dd44e8d98662292b8266e
0,       4054,       4054,        1,  1944000, 2d5a4bd9d220dd00de73f2d3d5b79d5b934d92f89e21f3649a66e83f5c0c7080
0,       4055,       4055,        1,  1944000, 4cb62cc1f4c92641f1ccd26b1dc9af303ee367c14e8b105db9309daf1f2bd222
0,       4056,       4056,        1,  1944000, 6a6237fe6ed5b29c8c5eb6237903b75e89a212c9d4c19e03eb0a74ba9498eb2d
0,       4057,       4057,        1,  1944000, aa37d30683877c3ba829f1177c4fd3002159abfd764a73ca8eddacae00b7e344
0,       4058,       4058,        1,  1944000, e144dc7976b6c7c161c9b009e493c16c8405ca6cd3d478e82447da92f46daba1
0,       4059,       4059,        1,  1944000, 0d84dfcda485fead8354c5cb669ecff0035c292edb75b513bc2767f15347edef
0,       4060,       4060,        1,  1944000, a5ff2f401262e4865fb280511b10d73febf386678c54ec399382f085ae28d89a
0,       4061,       4061,        1,  1944000, 40ae4b9d3ab851094b47d7418a20d07a02d06416f93f1a08170822d60e7f957c
0,       4062,       4062,        1,  1944000, 84aeffae5554c96562c490be74a27f5fe54f3bd08361810c1b3465c585d45c4a
0,       4063,       4063,        1,  1944000, 38692df66ab1c5308602f338d35aad7f176762ac6448768ac0ea0f0cdb6ff4ff
0,       4064,       4064,        1,  1944000, 53cdda9d25d5e469cbe49ffb75568f51d6325fb1be7f265d9fb496e5016a88a0
0,       4065,       4065,        1,  1944000, d4254c2f21f4946a6de41d76cfd30d5832e4c8f71a8bea2ae15c4d77143cc920
0,       4066,       4066,        1,  1944000, cb5ad69e323abcfc67570e9264815889a8578f46313cc6b6c5ebdb595c7ae279
0,       4067,       4067,        1,  1944000, dd945fcdfd79d4eef3f6a0b5386b819440a7e167c06ad94d772f8b2b44785663
0,       4068,       4068,        1,  1944000, f1fbb599cdc0bb6e931e6c600257df882e15cdd4d9be403d6028f741477ac193
0,       4069,       4069,        1,  1944000, 81d3b6867cfd4c25181e3543656de5e9f8eebbcfd3851ad4b878fce2c52e256a
0,       4070,       4070,        1,  1944000, 2bff03d2f3fdbdb7ad38d4f94ba2087189edc84166ad3ff5bee0d89702db1a78
0,       4071,       4071,        1,  1944000, 70ea1cc034dc69b792f635c5768ffbbfc732c20c9dd9e8fdb423614424dc758c
0,       4072,       4072,        1,  1944000, 6a747da38d5b6455a85d18005f653f502d0a2a148268c688697b6728bdb1d10c
0,       4073,       4073,        1,  1944000, b4a093f43fc3a6fe4179d0f82944dcd3aff1a4b8b64974e7de3ffbbee14821f3
0,       4074,       4074,        1,  1944000, b4a093f43fc3a6fe4179d0f82944dcd3aff1a4b8b64974e7de3ffbbee14821f3
0,       4075,       4075,        1,  1944000, b4a093f43fc3a6fe4179d0f82944dcd3aff1a4b8b64974e7de3ffbbee14821f3
0,       4076,       4076,        1,  1944000, 85c7f10e66dc96fe690d8f7b697c57f0df1710bea79d705f7e049ccf87ba66ee
0,       4077,       4077,        1,  1944000, b9824b9c99fe35933d7ccff34c668d899fe79b24ef8ac3d954f06c3e7b5d9cc9
0,       4078,       4078,        1,  1944000, 6985e8f50f6f4493c17a5ed16e31507287fc130e77a51f03d621aecd4e160a57
0,       4079,       4079,        1,  1944000, 60390ca4d69c9e11a0bbd7ba6fc5aeefb82f92ad5953835ed7c10e5fb4b96c11
0,       4080,       4080,        1,  1944000, 798abca8b8cc217499339ba1c75b54c692ee5a662b9197c27656fb89293e0956
0,       4081,       4081,        1,  1944000, 3be7f3b4fe7dfe4f87ac43cfc74318f30e13a8de80c8589240259833ca7ebcc1
0,       4082,       4082,        1,  1944000, 3cce44e226c6a3cf1e6637942757b2aa5bba3ab9334365e6da659fd732c9475b
0,       4083,       4083,        1,  1944000, 33d296c6dcf90e3f7ba796b15e22ff48ae1e937cf7a135254db94a12a8545579
0,       4084,       4084,        1,  1944000, d3d5029686f1526327f6451c6d166f7589d07c15e6265e9ce65b0dc8c77ad093
0,       4085,       4085,        1,  1944000, 916b3b7be9a44b646ab85be4ec3d701a276b3cd62024b3118711e1c44253a52d
0,       4086,       4086,        1,  1944000, f011dfb8765654eee2c9b017a71b2b3d78699e160248c7bbdf48d0168be44cf9
0,       4087,       4087,        1,  1944000, f219b4e93ce778eebcd6b529df7c26542d4462295833cdfec09795fa892e3d94
0,       4088,       4088,        1,  1944000, 6100f45889abeba227c8c6e34fe902776e98f70af3cdfde10d4bafad1166593d
0,       4089,       4089,        1,  1944000, 936f254e926f8e7309992cf5af7fb2ff82c497c29358b9d9a13e12393a0ece58
0,       4090,       4090,        1,  1944000, d0ea209758c7ac550c41676af4d64dfca7ee13d5990e387d51e40ae222015b5c
0,       4091,       4091,        1,  1944000, 193de174ffb005683962933d3f1de14086bb28f8b61e58253b258f9f5ccc0848
0,       4092,       4092,        1,  1944000, 2171d62eaf3fbdadc0e04712a17a5b1f1bb683e9389df70bade652b5e4e28555
0,       4093,       4093,        1,  1944000, cc3fc5a4de915b777d09d7dd00fc7ae281f0c1e8d65ef886ec95dc9daa13d610
0,       4094,       4094,        1,  1944000, 18a9f37e72c718cd286631f09cf1dbc7586566e706d19a428bd55e3c098a215a
0,       4095,       4095,        1,  1944000, 1e96fa0971370b8bc0071d0a23b76146bdb356b16b68c6478cb1a8626c8ea59d
0,       4096,       4096,        1,  1944000, becf5efc3370cbc9028301fe52df123791fa24308ecf26cf962a9a1663d8b9d1
0,       4097,       4097,        1,  1944000, 3a865fcee56eb4e55e4e0a2c06b836b7e532b202e5f23ff72b1159c47edac8cc
0,       4098,       4098,        1,  1944000, 085d730edb2ef7f964be6a11652824681cba71d7b237abb38a5cefe667981e4a
0,       4099,       4099,        1,  1944000, 5d1a0b9944b314ed0319e243011076bf761eb9e48ba51877bacf260409e6874a
0,       4100,       4100,        1,  1944000, 7915eb480069ce5d2e500284d973020a85658a75f15fa1f0f81675bcb4f01830
0,       4101,       4101,        1,  1944000, 14f2b5052ad2f9028445478929db3ec15fd7bf6c868c394038966a3a8a478ed8
0,       4102,       4102,        1,  1944000, a907805211356be29a94f39fc6addc821ec500edda3d4c78ba15411da60af84f
0,       4103,       4103,        1,  1944000, d24d0027c89fca75c68e1d959a4b21d3297d159374cbc09c3ab3c3e021a7f634
0,       4104,       4104,        1,  1944000, 47a9ba1257e15e48d5c19cdfd4b718489d278b6cbb60d4615328dac9d43c82de
0,       4105,       4105,        1,  1944000, 0e21620117bc22edea51c97f4fa543313598aca9df094300db19b9b035053216
0,       4106,       4106,        1,  1944000, 7f2b3ceefb9e5ad9bcf8f19997b79c471f9d31314ef62a93818b58db1cd77cea
0,       4107,       4107,        1,  1944000, cc7c8151ff3f926dcadf918372b87c491a3f07f425a83159c82fbcf77e920ac5
0,       4108,       4108,        1,  1944000, e529e6ede597378b9216c02168612007a88d34c3bac9d8ad91bfe5cbc87dc900
0,       4109,       4109,        1,  1944000, 45eca4c461ff0cb6ed31f9be3b737dc1112a71fc84d66d7f972c4e6ee33f23f1
0,       4110,       4110,        1,  1944000, cd4ceef633985c1fb9e494283e3b170f0dd2069e0880a0a67e155d8b4bea2d2c
0,       4111,       4111,        1,  1944000, cd4ceef633985c1fb9e494283e3b170f0dd2069e0880a0a67e155d8b4bea2d2c
0,       4112,       4112,        1,  1944000, 239d54d3d8e494b57438b312f42e0058a53393b7b4c423102b150db52eaf7d62
0,       4113,       4113,        1,  1944000, fe48dc859cabb8fb1658d0e593e18f1d2850a40be1028cd23664a45234fb31f6
0,       4114,       4114,        1,  1944000, 19c43a63a4c5bc7cc870c8d1adb21559e8c9cce2161ec1c27649ee53540b3b2f
0,       4115,       4115,        1,  1944000, 0061c9981985a21de9591b57d33f372d28427022ec5816295111cbf487cf21dd
0,       4116,       4116,        1,  1944000, c769c8943a113d913613e11c4a614d2b6d439f812ebb9b004d7dc305970d1d9f
0,       4117,       4117,        1,  1944000, 4e7f4c01104b3edc839fd8370ac8a03805a451aade5838d1fd2b1ce3f03fe110
0,       4118,       4118,        1,  1944000, fcc748a676e5fee1f53f44dc661d47bb8ce8b5ab08c0063f576aed25c70e6fdf
0,       4119,       4119,        1,  1944000, 9793852b17bfd8d94a9ea82224012bb0ed9a2117b3eb833fa85522d986a911b1
0,       4120,       4120,        1,  1944000, a0466d180ba66ac67d2f87ceb5d4f72f238bef825305efe1ab3f070e415d3340
0,       4121,       4121,        1,  1944000, e16f1c3df2e9ff74c55f3bcee985bc60bafae44127b166ddff5fe9312673316f
0,       4122,       4122,        1,  1944000, 06f2e478bb6926bd5948ad13ab500cae72c65e7cf09051d0eceff13cb92a30fb
0,       4123,       4123,        1,  1944000, 611ac5e46e31b8048dc90cc1635ab076cbb057c96aa89765065a020020daf17c
0,       4124,       4124,        1,  1944000, 662f53ea7737f988e98ec9a4c2e85ac16bd1568623dad1634f5855fc87975770
0,       4125,       4125,        1,  1944000, e133eef624c25e2bcd4fb4d6ebb03dc9b01352a0787e3e6380abc89664ec2bc0
0,       4126,       4126,        1,  1944000, 8d7c1c6ffbd967bd29a7cb2a4ef361e606c2d85cc1536c7686309b8c021c80f8
0,       4127,       4127,        1,  1944000, 4a44e9ee4cba38aa2e007915c2aee63144f3ef3782bfde7064618f39bd7cfafe
0,       4128,       4128,        1,  1944000, e60a025b14d5a40425bd5e58375da721f4963852469144ddfab9d4f3c0db31d4
0,       4129,       4129,        1,  1944000, 39e20573faa264462ca46b9e8693b73e837ba71b58fa58405e1cceacbb2e8423
0,       4130,       4130,        1,  1944000, 5e133247879a12721ffd8f53f5410b721c4bbfde4bbc8ab9be7220b694f9714d
0,       4131,       4131,        1,  1944000, 93fe25c514388e19c9104174bf7a047e34d8c7ca32a6c72bb13989b7c3239cc3
0,       4132,       4132,        1,  1944000, 18322dfbedfc0325406a0792e05c9e48be3e55ee7c84a55d2e7a6f32a17b5035
0,       4133,       4133,        1,  1944000, 448a778d4e4f066b24c1b45cb91671c75d02a2cd40c8278e9fafc51b7ccad8e6
0,       4134,       4134,        1,  1944000, 4e2142db295b176e6d809fac591dcea956b4529afd6618586d9026b369256d9b
0,       4135,       4135,        1,  1944000, 0735e2fb1abdc525eeae62ca68eda2cfd6fb85bdb084aebb6f773d6b1a36ccf8
0,       4136,       4136,        1,  1944000, 9235a500b3e0e7c8269899a1f999ba2eaa0fd252b4a800a1c1a4a923da0af505
0,       4137,       4137,        1,  1944000, 5f07a5a28762a659eff9524a7f909aa1a392ed35dffb5fdbdf41a7aadf0eaf0f
0,       4138,       4138,        1,  1944000, 6154ab982b31c72a5c6e8226f26d74995cdcc3e1d83efd875c8ee17aa5742a75
0,       4139,       4139,        1,  1944000, 909bb3c5e41ca0f59a015dc222265d40bab1a3defab449f5737d58da8234b6c5
0,       4140,       4140,        1,  1944000, 69a99341df4d18ed356f777e97e0222f405710b8e931cb3adda181eba67824a5
0,       4141,       4141,        1,  1944000, 5dbb4962e846598988cb916edca5a9fd747c4b44086044bbf074d58c358abdf2
0,       4142,       4142,        1,  1944000, 5e699fc041b3cbdb66cc28928ef931840438dedda2a884a67c9d0256f3c84cc2
0,       4143,       4143,        1,  1944000, f5b459d6a3538bd18c13646d9591ab77aed8d01643c5cd6d82efc57d9ce91edc
0,       4144,       4144,        1,  1944000, d799183bbd5edb39b27a6950518bbbb130aa6162718ee2667c5b6b9e95bb98b0
0,       4145,       4145,        1,  1944000, 49a2104c16ddd571f696cda4ae584bc512cf3ac2ac42f6b8ae27cf5e22ce32b1
0,       4146,       4146,        1,  1944000, d3abf478b83306f6a970facd963677b87f0cac4bfa4b13d7e316ff06c5911edb
0,       4147,       4147,        1,  1944000, 6e284222f8b1f5a0fcc12ac3d28174804a3dcdc0a2cc76e7d9b66c494152b60f
0,       4148,       4148,        1,  1944000, 8cee647629ebf710b78345847e9eaa3270885cf2f3b1a172cf22837319377090
0,       4149,       4149,        1,  1944000, b5ce2d6f4be31c13b4a9ced90d722844f65f504161cfcc5729cfd32494d138b1
0,       4150,       4150,        1,  1944000, 880f82f401b3f5bf421765fff691acef4f10ae3a1b27db4d90253f156b159894
0,       4151,       4151,        1,  1944000, d338df4cb96261d2f244dee2505d0bd777b104328e30bef8d5031c779e5082f2
0,       4152,       4152,        1,  1944000, 7bed29e569cd3b3788cff6c04b16acd3dcb4c6fbf6d2537a5550a5de27ad6e88
0,       4153,       4153,        1,  1944000, 9215c9a30fe445421d38fabc3232887bfe9ccdfe0b37eb3ba9cee47f9feeb940
0,       4154,       4154,        1,  1944000, 13042e283e6bdad5f5345983e5b20c26ff2d95ef68e251ad825e78f7e628cde2
0,       4155,       4155,        1,  1944000, 876b2a086adbfd2ba41ff28469a72afc4b491182cbd4ee83f484a1e4c06bd1ea
0,       4156,       4156,        1,  1944000, c913e5cda8d30c6345beeebdd938ed7cdc3c009af210ad1a582ee6b7c1ba8372
0,       4157,       4157,        1,  1944000, 5bf4484379f436446ee48df511228a263ee977da0bbec1e5218ec8af6574f2c4
0,       4158,       4158,        1,  1944000, edd9dce20791620d11d92962d117718eb79578205d82cab858082ebc38c3ab55
0,       4159,       4159,        1,  1944000, 8b1435a74fc5e37ef6f8ab04956edff99d4356305e3e357bb8d59d0b22a82b8c
0,       4160,       4160,        1,  1944000, ef73f596a72e597d5c2cb4ea1bb8f4bc01866ba4b5de40b6a3d827aa57283c96
0,       4161,       4161,        1,  1944000, cc1a0a7c339b5bad643d7047e6c01dc756e7f9d57e4cbf65db31646f565a72aa
0,       4162,       4162,        1,  1944000, 49db4f8cad9781eec5ece6fcc25e7cd2131958676beab21fca99b6340ddc117d
0,       4163,       4163,        1,  1944000, 5915619c13bf56765a1e5239e943d65db4d9e3731b9ad8c0a49514af3f7abde7
0,       4164,       4164,        1,  1944000, e38dcd2e5628989868073355cdcda27c69a4c5762cfb760ea0a90f107c445264
0,       4165,       4165,        1,  1944000, cf1a73d1b2f7546566d11a90251180ddb3c945c49eec9d320d64464b3dbc119d
0,       4166,       4166,        1,  1944000, 2c0a9a8c277fa32e731c698616247604d2b57e2cbb770e6a5c7a355685383d16
0,       4167,       4167,        1,  1944000, 706d28d8cc28a46364061f5d743b7f448f812a2a91fa1c0780046bf770e39996
0,       4168,       4168,        1,  1944000, cfb39fb95f876e70c6ed69adac138c24b12e0e46c2d13c59fa0d26f765d288ee
0,       4169,       4169,        1,  1944000, 75e2be06715b3d93ae356d2d525a3c798550dda7b0137e3c542715ee192550d9
0,       4170,       4170,        1,  1944000, 5e3ec97a41842964d5201c8e1171b705c001e6eead153a6e4c4d9c3c3a91347d
0,       4171,       4171,        1,  1944000, 702276a45a96dc4158870c5d09734ced731c80e51fe7d107e8f13743b7aa1b17
0,       4172,       4172,        1,  1944000, b40a694566417d41a918adb557a1947a5b8393b9b4eff1bc50092a5a49f8ce54
0,       4173,       4173,        1,  1944000, 78c3a05ecae40d4bfd6dfd325498bba57d8141b9eb756b3385d298139c8098ea
0,       4174,       4174,        1,  1944000, 8efbb0e1ca3c9b0576b32f18fcf727280abbe2275945de76a8a4e8b036c2030f
0,       4175,       4175,        1,  1944000, 7d159eecc4a25585231e16700017b8a374285375417511b3f44fa7e52e52e672
0,       4176,       4176,        1,  1944000, bedd3036bba94976807c8d5581c962ecd81eba4b6f1c28442c39a6361aac994d
0,       4177,       4177,        1,  1944000, 172922968bdd881fa3d3f99dd722abdcbec2cd410ee17951886e8246992f281e
0,       4178,       4178,        1,  1944000, 3c45962220ccea30881fe7cc28d6a232fb0053c592c541259df70b3647828359
0,       4179,       4179,        1,  1944000, 1e8bbba301eb1911f3861a7de5e588cecf22a467d188fd4ba3faafad559cd4c3
0,       4180,       4180,        1,  1944000, b8316c3e9bfe4dd7939f112e3a3c30f633d3adf06b0d3dfa6a1b765a5d2c534c
0,       4181,       4181,        1,  1944000, a684e802bb72f9a6db3f61458ca36b1f4ff043b58b16e9f1df6a10e90d06b22e
0,       4182,       4182,        1,  1944000, f1db19139f376c5d1e7158e765df0a21b7ad3ff3f21b8a92e9f0c5a18d8f077d
0,       4183,       4183,        1,  1944000, 3a2386cf4ff83aaecd73106f7c11e698e772bd348481f576fae504bf735d39b2
0,       4184,       4184,        1,  1944000, 7db0c861187780d583af63c8f725567b4efc00b8f317ffeb57489731d47a9752
0,       4185,       4185,        1,  1944000, 4e4295db7113b145075cdc8769d40da22f4657d7175a73861c12702ed32e5efa
0,       4186,       4186,        1,  1944000, 31882664cca30f816dadab2169f498f50af805c8e0145e2d867ce2f23d03be38
0,       4187,       4187,        1,  1944000, baa2f36cc8cb322d954672d487771a1d0ee3515d6827ac3eb243a4181304b6b0
0,       4188,       4188,        1,  1944000, 3f3758acc42ad791fb130b076bdf4ab1e0ed313f6654f7a9eaa1e2d591b7401e
0,       4189,       4189,        1,  1944000, a6f50d9ce15e43ae45cf434200cc3042d63faaf05bd9f9a51ddcfc3a9d29b7f4
0,       4190,       4190,        1,  1944000, 91d8fa370590b8747adb6eee0dcfe7b7b9a36a763195bfdaf632dfad67736833
0,       4191,       4191,        1,  1944000, ca1a02b1f11c37b264b6f14da5d8c3f9e22929c2e028ad03f1193f7579765977
0,       4192,       4192,        1,  1944000, 5a3c7463a49427fc26c24674982ed0ebfc744c91cbb1cdf6f1770b03706b4d04
0,       4193,       4193,        1,  1944000, 074124638b2262539a26e2ed3e9e6a4610eadea3145bd5f88d43c508d7bbcf6c
0,       4194,       4194,        1,  1944000, 45fb2ff9b44c62724e06bedf4ef14d5e259797a9eda5fdd945a34c86958cbfab
0,       4195,       4195,        1,  1944000, 90ccb330fb18552bc902900a3d4c93739539165e4a7d1e2a4c37430f07475b16
0,       4196,       4196,        1,  1944000, 3fcf2b9ff3c3018bba70dd9a839b608e1ff1f43d260a03a61ace13bf35462697
0,       4197,       4197,        1,  1944000, b1c37c1e5ace99a64c3061de5059d47adfc6d4a48c4b9b35507cc906e7ff454f
0,       4198,       4198,        1,  1944000, 0bf573bbca579106b2c3e61437620dc2a4ba4680c8ed504d51ce2d40d255b721
0,       4199,       4199,        1,  1944000, ebd206b4dfe5be08f97fd790aa5d6103cc7760c13440b6f17631bcc2c7078723
0,       4200,       4200,        1,  1944000, af00c47216e26cd7270021b10c54492fa3a882228a98f6c61919c477325106d5
0,       4201,       4201,        1,  1944000, a7ac7c4aad273ed1a2ba412559534cd231e6fc040fbc4445b78cd9cbe35395d1
0,       4202,       4202,        1,  1944000, b2df79b882aad790472b559e566fdb5110e75012cc8f4f16cbe97bbb7e758613
0,       4203,       4203,        1,  1944000, 3b8be47c48fb19c583c68dedc77f031f18d6a5458c3662eaae73a30d439f7b80
0,       4204,       4204,        1,  1944000, d342b9623e425adec810004e99388d21951569a63a5251f69e0912cd827b114e
0,       4205,       4205,        1,  1944000, 4908e5a6d37d3150ba6b0c25d3c15efe5bdccf8409c8c103b46f10a9f054f463
0,       4206,       4206,        1,  1944000, 16eebebe2a19676682be95b65c4738a77e54c6d014bd5a65eaabd30427b6638f
0,       4207,       4207,        1,  1944000, f5db1fbf6c8dc42ec4cee65f9ba9ed6e985389768d026fd8d5f5e677bf567abb
0,       4208,       4208,        1,  1944000, fc1ce6bc50da7287634bb9acff70133b23bdeba86408373a4fc4186ed6ac7573
0,       4209,       4209,        1,  1944000, 145b708bf85460263d6cb5ad41caa29658fbe29612bc96843f6038e064a2d9ed
0,       4210,       4210,        1,  1944000, bfc8f79a3f3b974492f0dd1c27be82c89f6363a5c6ac1a197c80a16eec0cebde
0,       4211,       4211,        1,  1944000, dbe128b270616b4e1ef2a18273abc41a515b4973067ff9ab4ab80db7449e55e2
0,       4212,       4212,        1,  1944000, e07edfe70f870235da65fba6aa9a57f7cea543338725c150aa45e735f4b5a089
0,       4213,       4213,        1,  1944000, 82dde8dd4babc414d5c22f7445c9208df22b1160f1ba708ad045973f3efe5f1e
0,       4214,       4214,        1,  1944000, 25d339290e155cfcacb1251c5a1da16a66a7f496689e2c66f7634e31bfef31dd
0,       4215,       4215,        1,  1944000, c49dc526f6d9b5ba211d379efb1549d2ff57ef95c3f38bcab07a78288a436bf5
0,       4216,       4216,        1,  1944000, 99e4abc18fd65d834aca512e89f6519aaa9041f99aab4bc1798941b97d33289c
0,       4217,       4217,        1,  1944000, f38fca925f084ac58555e985f563f6e9d939657a38d840113abd4e439814bd6a
0,       4218,       4218,        1,  1944000, 2d3f34fae5f0a35eaaa1d0f2794ace2ea23dac5bb5e94bab5c4a871fd99cc39d
0,       4219,       4219,        1,  1944000, 1eea4068a2b002e14cf1aee16d8b285f046b719b6fd614b45b87996a321091b5
0,       4220,       4220,        1,  1944000, d53aad5ac2cb7010a56d8fb44163cdcfcd44609ec9c643ea4398c016949ec679
0,       4221,       4221,        1,  1944000, e2f01cb7ba4d6b8e21bad13d959e20a301327c38d32ef413b7afdc7fdaf050c1
0,       4222,       4222,        1,  1944000, a9b4b8d9377337ddb9aef7923b8f1d578d23a9366156c156b92a7c33c4906068
0,       4223,       4223,        1,  1944000, a780d6ac04bc19d51f6e004e219f225e97b02d771f942cb71b61ecce0452a1ca
0,       4224,       4224,        1,  1944000, 01b5f47218bdf71a547bfb8ac61c56b2b6c85764dd68f9681644e2429eee5dfc
0,       4225,       4225,        1,  1944000, f5ee1a838488f6964ceb8151cadcfbc0ad0e1b35bb8fc725486aa5894487e14d
0,       4226,       4226,        1,  1944000, d7898e6827b7b8f261a8166f2040b154d7daec95ba636d4a30b760093a74f0d1
0,       4227,       4227,        1,  1944000, 1b3d6bc844fb84b78d8c585eef25987c87f4d2af3f0d32da63c479dbd93cc311
0,       4228,       4228,        1,  1944000, d3cb9c904501927bf78e0a4215eb8f6b36eaac01a93ee2456cd776cba1a4138f
0,       4229,       4229,        1,  1944000, 8ec628a05a42cab8571863a51aebe9709758fd0da2f9ec27af8c7d59c1a744b5
0,       4230,       4230,        1,  1944000, 19d3209ccbec4f6a41779c691b3783d8506188f124b071681f7f5475e77faa72
0,       4231,       4231,        1,  1944000, 71eba7cc66d05ef6201a91581d288cb28550ab8899e9281d32da77dddacd245b
0,       4232,       4232,        1,  1944000, 6dd6c841cf183b6d5e8681cd6aae0b870b5f71f3c1ba80a217058e3ee05854a4
0,       4233,       4233,        1,  1944000, 1637dd0fcbf3e0783f14b35bf4e96ca98dc081029c6f3fa3e0523ee804e3096b
0,       4234,       4234,        1,  1944000, 47ea204b32629099dba927be4cccdd534f99db9fe3bd1953781dbccfecc84fa3
0,       4235,       4235,        1,  1944000, e5e7f6452fd0a22c082829c3fc79210a65dcdcaad865ef46d625c5c9218061a3
0,       4236,       4236,        1,  1944000, 2a46c84c2bf09951d789bd8397bc941bb88692f6d86aabf9841fdd0ae3de3586
0,       4237,       4237,        1,  1944000, 97f5deb2b7a174080120ec839f273e747a459907c3bfd4f90cd59006ccb1bfef
0,       4238,       4238,        1,  1944000, aa7005e3498b07da5fd4eaa9af5a4b3237c16f9f7429a6c90c2059ae4b0fe3b0
0,       4239,       4239,        1,  1944000, 9a2cf8c8fed96695b45de66cec3fb146f85e104f89869512e75406806349eabd
0,       4240,       4240,        1,  1944000, 5a28097de71dd3f2f0e68a3e01f9b53a9993781bc82e3465fcac6510a0e7995e
0,       4241,       4241,        1,  1944000, bd6340ef4893c140828e2a014b60ef6cc9e22dac68f02075a24dd99f11b3f1cf
0,       4242,       4242,        1,  1944000, 70c4414660fffde8d164e1e0bc5f40a91203de107e2c552e3a43a0b52e5c965a
0,       4243,       4243,        1,  1944000, a49def6f41a6b067f7bfb1411e6e1f972ff2d87305531f6499583e61f6d947ef
0,       4244,       4244,        1,  1944000, fa3c131a04b187d040d0589583ac0f53bfa8ac2de1ba787ab6ceec1c4b07ad1b
0,       4245,       4245,        1,  1944000, 0d8dbfa232e85fea96aa82aff40b52a67e0b23f59c3e86b642b5e08b537689bc
0,       4246,       4246,        1,  1944000, 110a6d813ad2c68050d5356e14427789ef97eabe756e3a11ac5b0999442ebd6b
0,       4247,       4247,        1,  1944000, d94ea4b86a4d08efcf72dac810f69df9f9e8783d32aa019a16c9980db7839988
0,       4248,       4248,        1,  1944000, b92bf2cb95ed6533d443c17feebda5875c7dbac7898e262beb7673fe9afa0aec
0,       4249,       4249,        1,  1944000, b92bf2cb95ed6533d443c17feebda5875c7dbac7898e262beb7673fe9afa0aec
0,       4250,       4250,        1,  1944000, 88515cfbe8fdacf202c5518c8955404a116ccc6b4ba2f882102878d00d02bd82
0,       4251,       4251,        1,  1944000, 5a2e252a593c049ccf3d5e4322020b3bb7747088b9c02a2cc994d2e1a9c228ba
0,       4252,       4252,        1,  1944000, b8e56fe6518dc7a21e9d7792817056e6d1c4efb5349a6fe8d4883a3e53fbcf4f
0,       4253,       4253,        1,  1944000, 849390e6ea59a93c10c91849d762f08b0a76d1cba2655223c591cb735f583e1f
0,       4254,       4254,        1,  1944000, 491ac05a5d337d1213c91bb98def7f67347c679ed0f5910c4780646590e15811
0,       4255,       4255,        1,  1944000, e79718fc16e13254b6c6df200df273a05b3020e66c705ebb10a378bfe5b1b2e1
0,       4256,       4256,        1,  1944000, d971abd5264f8a28ead4587357fa58b242895b0cf56effebfd0dc3d7a524943d
0,       4257,       4257,        1,  1944000, d971abd5264f8a28ead4587357fa58b242895b0cf56effebfd0dc3d7a524943d
0,       4258,       4258,        1,  1944000, 200feb542d4d4b2db13bb2ffe989ff353e4dddfff796022e4f46d861239c259b
0,       4259,       4259,        1,  1944000, f2d4e48821c3d6e1727d9045090da0e972a9c76732bd9e2db5dcb801571b4496
0,       4260,       4260,        1,  1944000, db7e128f16ad77b853627dad27e60e8a25ef735e0020def7423cb1b5d47b8942
0,       4261,       4261,        1,  1944000, 6625bacc7a05fe9fc538a850c49917563dae3c53d83552dd7f24be1443210ce0
0,       4262,       4262,        1,  1944000, ba3956b3e5a969badcd4275be8cfc39a2dd6e498f2c8445c54404cd95a4aa1d5
0,       4263,       4263,        1,  1944000, 322973f289dd73f4951c91e1dc6e8708a0b8f724840ef703cd8363882f12cf1e
0,       4264,       4264,        1,  1944000, 322973f289dd73f4951c91e1dc6e8708a0b8f724840ef703cd8363882f12cf1e
0,       4265,       4265,        1,  1944000, 322973f289dd73f4951c91e1dc6e8708a0b8f724840ef703cd8363882f12cf1e
0,       4266,       4266,        1,  1944000, 9d8a44fc7db55df99ada38ea01ee0334fef5446d5a2b4e89bf9229a107047657
0,       4267,       4267,        1,  1944000, 75683eb9d823cda9a72f55d8ed0628e48ca9348757966958a27cd4d49cb5d1ac
0,       4268,       4268,        1,  1944000, f815e43b952a6b3f5d279ec928133e41bbf6a69465c560f1e44136f32bad5e67
0,       4269,       4269,        1,  1944000, 75683eb9d823cda9a72f55d8ed0628e48ca9348757966958a27cd4d49cb5d1ac
0,       4270,       4270,        1,  1944000, a7094eeafe18086ac35c7419be25bea4f0d971cdeff75ca5a5c93d4aacee3da0
0,       4271,       4271,        1,  1944000, 8e19e83d3ed5212895378b0ca6c65ce8c9ff64348b41d506bcdf49d59df6702c
0,       4272,       4272,        1,  1944000, 3f30afac1a6a510ad3a449bfe2e4b80772b0a8c1fb30942d40551ca56abc4409
0,       4273,       4273,        1,  1944000, 15582bc363ace4a0c1352d61ca96582346a517995948b6153c22618897f86bc4
0,       4274,       4274,        1,  1944000, fa4f28e7a74ea2db60b4784750d4e5dc13b88f47fffc25964287189cb04e4b17
0,       4275,       4275,        1,  1944000, 7a1bcd0a4ee3b731b708d8335bdec5426c2cf6dd01b8c11e01570c9e62e7f911
0,       4276,       4276,        1,  1944000, 6ca132febb5626d78bd817e1fd4a06442037ea38a9de56571af177f563f1d99a
0,       4277,       4277,        1,  1944000, 6ca132febb5626d78bd817e1fd4a06442037ea38a9de56571af177f563f1d99a
0,       4278,       4278,        1,  1944000, f618289f039a035c72ff763ac9fa138f679fd28ffa6e070dfb18e012539cf240
0,       4279,       4279,        1,  1944000, 3f6526095b9a8b761a6132bdf01ab88b783a13cd2843fdcd1345a1a8e6f753c5
0,       4280,       4280,        1,  1944000, 78144ee7050df96e0989e2a65d2c23328e432253fcd129f1bc4810911fa00327
0,       4281,       4281,        1,  1944000, 3f6526095b9a8b761a6132bdf01ab88b783a13cd2843fdcd1345a1a8e6f753c5
0,       4282,       4282,        1,  1944000, 66f9d746203c1fcb951d66185e3a427281b6636fbe7b41e1a9440b3aea0d6954
0,       4283,       4283,        1,  1944000, 86bb400819c2ecc533060acb275ae8735871a6be5a70431f349bd09659e1cc09
0,       4284,       4284,        1,  1944000, 8733f66d8d46e40f2cc6d062cf7771eb6ac127f39ef999e7dfeffa66a1888464
0,       4285,       4285,        1,  1944000, 47d3b5ccc317df95b0d20105ef1816ff0acde6a5bc8ebbce26157092dc644745
0,       4286,       4286,        1,  1944000, 218c110880544992d0d1ba7e91f1c80d584018d526ed41310e9372cb039ce223
0,       4287,       4287,        1,  1944000, cc907a7bd73ccd83d55001a5f5e95747117f5cd556fb52cafe676a70f9bb3dbe
0,       4288,       4288,        1,  1944000, 7efac3e75e2b35734126f6ca01ba01bb80c0656d4d600d9b898fe877a9e49d07
0,       4289,       4289,        1,  1944000, e730f81f3b90e1cc0e1fd1a410d40c84adcbb79d107364e9df82f6bc4d7dd73b
0,       4290,       4290,        1,  1944000, b8c7683d3df93662606596bec180ec2f3d5c2ebc51774c9eba9842b5aa55b20a
0,       4291,       4291,        1,  1944000, afcaefa56d3049f646a8f107496292525f90d59b2dfcbbd1fca15e30af279c4d
0,       4292,       4292,        1,  1944000, 9ad57d29cd443ebd08db2116491d4bcd6a4b8253a5593ad07eeb353e3ab8ab06
0,       4293,       4293,        1,  1944000, 44670e1b3d2ca5adb91e7029a6c018ea9538118e354aa2a36590f2ff0987694e
0,       4294,       4294,        1,  1944000, 045f1c80a8fe05d68ce6a1d8784dac070a20a9293a4861be60439bb4b49415ed
0,       4295,       4295,        1,  1944000, 9666bbee2ae4546b292e7f486c564926a82bd45c2217ca66b91de0dc538acd31
0,       4296,       4296,        1,  1944000, 6a4d79fed3dba6e9389bdf8b4822ea2470ed113d693b8f57780691b646dc2105
0,       4297,       4297,        1,  1944000, 6a4d79fed3dba6e9389bdf8b4822ea2470ed113d693b8f57780691b646dc2105
0,       4298,       4298,        1,  1944000, b3b0861da19ebc533cc7d5374e4cb8b4c8b5bd329bba2ed9290a3490e217c149
0,       4299,       4299,        1,  1944000, b53e5b8a1c7501152283134e05bf64b814ff564d062fcc46da30214123d259bb
0,       4300,       4300,        1,  1944000, 6c955c6e0139926f78080eca46a554c72ab50629254363995430013556fc3da8
0,       4301,       4301,        1,  1944000, 885300182c89692b599ebbdee5f301c1a59b7e20880b7b0e521704907e32590c
0,       4302,       4302,        1,  1944000, 48d6f8aadaee0949281289c7d16f98504d435767bc999eaf3065eeaca7ff5252
0,       4303,       4303,        1,  1944000, 5b7cb237311889d608cfb4bee92afa4c9cb12304f380ac8cf9c1031f7976cde9
0,       4304,       4304,        1,  1944000, 9d7a853e7385c768b203975126f58aa341ff6fe1ed15a3fc4ef506e2fc378b0b
0,       4305,       4305,        1,  1944000, c219a511e820c2eec220380f7c3915ce24584901df96f4f0ab64418e76341238
0,       4306,       4306,        1,  1944000, 27f8f3d7a22fabcdf6b0706b30e4b62b1d87cd2159734d84054f9363abffbb5c
0,       4307,       4307,        1,  1944000, b63eff42763ce88b79e2b375e11b10070b777019ccb38f91583c670c8b213f7a
0,       4308,       4308,        1,  1944000, f57bf3989a176d950fb98861237c9eb3db72318efe54c1518615714bd5a69c8c
0,       4309,       4309,        1,  1944000, 143bffdbabf8ebd2d8df889072447816bc6fb680c651fb16d721d04c526807b8
0,       4310,       4310,        1,  1944000, 075a348e10d8d1f4a14198ec33da95fd7ff1b8397118f7b03d9e13f1a77bb193
0,       4311,       4311,        1,  1944000, e328a5ef8cdd4c9bc3033a7bacb557b6992a9f08ef9251aef3257b968dd8d35f
0,       4312,       4312,        1,  1944000, 7a483cc09266d5c8a5b819e39816c004f29ae78ff3b50174d13fcdf9b7dd1e3a
0,       4313,       4313,        1,  1944000, 5a1df5f5ba981cc2d3a651e59431a8b94c3a11e9f09ae13316ae280252341a15
0,       4314,       4314,        1,  1944000, de8ca21967cbe8d7ce62ff100a31340e6e46f45f5ef4540cfeb34d771899d6de
0,       4315,       4315,        1,  1944000, 605fde4681dc93e816c6c1b7f650cd7562c431c332b8e0ca1dfd9423cef64ea2
0,       4316,       4316,        1,  1944000, 6abff139e57ba1f0e1d1f562eb15651cecec88474eacd7b00d2cf0fd59997a5c
0,       4317,       4317,        1,  1944000, a4c43ff86d919e03c619c74e82614277acd61d9016db774f79bde484e6f33619
0,       4318,       4318,        1,  1944000, d11ffc5011522c34a1302c51fd7b83bf9ec4e453ade3047a8bd8bbce172a9cc7
0,       4319,       4319,        1,  1944000, 5b4e1fcf17619deb773a8323ff08673f4c784892fe78d04653ec7e792dd2b858
0,       4320,       4320,        1,  1944000, f0452a75912160e0f79e3973d5c96396daaa68091e1fa8b326bad756578e17bb
0,       4321,       4321,        1,  1944000, 73909f3de4331aad66843f943df2de49b58701dd02f8346c172bb684d0aba202
0,       4322,       4322,        1,  1944000, 440d4251d4e9fd8f09c0669dd2f75b5caaafb73a885f4256f0f91ebe8890def7
0,       4323,       4323,        1,  1944000, f885e4c357e43c650c3b256fb1798cc271d9b64d9c8527c9f09af53c74ca2cb6
0,       4324,       4324,        1,  1944000, b52922849ec5feb8a52e547b3fab77dac5bf83c36916ce05e341c1ec3862ee65
0,       4325,       4325,        1,  1944000, 8b312e959976ac3e84ce8947190bb2c909c7f0e9188700c94e199fc40d2e07c1
0,       4326,       4326,        1,  1944000, 2cd67b493a840119bdc55c92b0ff143242da2034544e70738789c90d765c5188
0,       4327,       4327,        1,  1944000, 9965ac53853f86f19f4dd01c51c42428dcd8b0b09bf4a3bb676c466f6307cd76
0,       4328,       4328,        1,  1944000, 8d1c933490eb24baa255d22c36dc40e3f69eaed19ee56c373543b905307abb33
0,       4329,       4329,        1,  1944000, 83c59ac5f8a45306b2ec381d69bf1b53ef225818ba9e80ba3c5961bd94dda813
0,       4330,       4330,        1,  1944000, 316e82793164123b1e09ccc261943981623e5c59fea9868319dbad1855088efb
0,       4331,       4331,        1,  1944000, 5e4092d1e60a7efb502210243c76c9a23107ee31ac33ec3456b332aa5974c5af
0,       4332,       4332,        1,  1944000, 9b536418c0980ea4097ccf868b60af91da73089b8bb80efdc4c7d30c3065e22a
0,       4333,       4333,        1,  1944000, ede03f99785c8a569a1156f32805838a72c4be1cc0b817c5dd0f927a0a36a6b1
0,       4334,       4334,        1,  1944000, 629b545eeeb071912731bfee7e8a93b18e5a04893443548ee1e7e49adcee4252
0,       4335,       4335,        1,  1944000, 90e93d505c77352bbfe64e2c933d3213e80327232415493d9fc5994ab750b351
0,       4336,       4336,        1,  1944000, 5a5ab24ce06e9f63839addb17d6334bfa820712348328fbe2535e7f753b36537
0,       4337,       4337,        1,  1944000, a92b0c44bd3f7ead909cd76122862fb416507401d8e25964f8986912369b4cba
0,       4338,       4338,        1,  1944000, 931e81b3794152de19f4d6dab39b5cecad72b6ec35d77a97ad34de59d135754c
0,       4339,       4339,        1,  1944000, ddad96cda57aad06867be51cbb66d52a7015bece5e941698c89c1a006478504f
0,       4340,       4340,        1,  1944000, 5824f725da75fb753c8742bdb0d50fb0d475c323056cb2baf4da260a693846d5
0,       4341,       4341,        1,  1944000, 77c805abfbf2487086650ece1f38d3ce1d8e3d4f43e8c4a742af8162b2b27400
0,       4342,       4342,        1,  1944000, ad4bd0c31b6fef67e1cf4acfeab5e920f235a92d4f4c8fa530053d3f99ced1fa
0,       4343,       4343,        1,  1944000, 6ce632460048b972fd452ebece3f9a4d53918f5e367bb86948999a0fe4a0d3af
0,       4344,       4344,        1,  1944000, 6ce632460048b972fd452ebece3f9a4d53918f5e367bb86948999a0fe4a0d3af
0,       4345,       4345,        1,  1944000, 967f947d36d0b7e2f9f97bfd9cf6a92d26c545dbaa595331b78710d76a379c4b
0,       4346,       4346,        1,  1944000, 3a178645be00183cfaa450f092c37d8526bfd5ae0564de74dba82032a21990e6
0,       4347,       4347,        1,  1944000, 66fde76acf47299c93320f85a87ab003cecb5444440ae834c895c03d7f1d7c42
0,       4348,       4348,        1,  1944000, 97e0f5246cde8b710d68c92ee87e130dcbbcb0910ac61392c6f1a25a593dfb85
0,       4349,       4349,        1,  1944000, 1a04d2814fe4e4b999b4c0bd96d771aa89968bbdb006296718a668142329ca6e
0,       4350,       4350,        1,  1944000, cd71d85c6bd5f15a58f5d8da6a5eaa5aad98fc2cf06192a43703f4b6e75644c8
0,       4351,       4351,        1,  1944000, 42371f67bf3e28de4c50eca67da06eb1e7a98510683d8cb92db040accf25a6c7
0,       4352,       4352,        1,  1944000, b50eb732e4859caa98852af9b194b576edff931b0df60f0c5d63bc87220295ed
0,       4353,       4353,        1,  1944000, a1c7d8aa677a75424161b79afaada737b91f55dce76ac47aba3611373c3cb9ea
0,       4354,       4354,        1,  1944000, d89dd36c3bcbe2a8b9c0c60c1635961e6974341d14dff29924767dda1e32a950
0,       4355,       4355,        1,  1944000, 93e1cb63ab6fbfe9744ce7bdfb53f9cde02c7c511140087630ea8763901e4be8
0,       4356,       4356,        1,  1944000, 567aeaa147d56c3dd70e8ca4998bd2c2528b21fad6fb6383798adc731462e750
0,       4357,       4357,        1,  1944000, c481f6de3628e3fd21fb55f413ad758a5795fa009c9fe0d28b499ad9bd175559
0,       4358,       4358,        1,  1944000, 66f93949c8c88a3140d03f9d688bd370f0c85f2ac6ead068b90aa6d1d1294f0a
0,       4359,       4359,        1,  1944000, da94abd22bb628bdbc2e4e26f9a081cf142574b7027126a36b3413c82aacc3ea
0,       4360,       4360,        1,  1944000, 31f516ebb886f008a715953aca307fecd63efbede6e524d1e66705db509042b5
0,       4361,       4361,        1,  1944000, 7b54c307c8e2c1bfcc7cd9e4c8bafb0b1e5da98f78ec184f8aa1216748fc37b3
0,       4362,       4362,        1,  1944000, a32e4fc1a6a41bb3788700d21716edde82abfc6e96a9c89029b89f512c90c4bf
0,       4363,       4363,        1,  1944000, b9d453b7f212e10fa3053d71b8f7bbf945f3952ab2ab356d515dc11b0822937c
0,       4364,       4364,        1,  1944000, 6a2c8afdf92efc05c0d93ff00b5c63e9b63fb8d09598de1da85d6a0fa1ba2dd5
0,       4365,       4365,        1,  1944000, 93fdd8a440ff783f634061db48cb97634ef075a6483d0129764103a2d84a7159
0,       4366,       4366,        1,  1944000, 4c3b70149dcc1484dd5520277717f226116bd50e56e3df14174c683dbb9d00c7
0,       4367,       4367,        1,  1944000, 7fe540a57ee4350687dd5f04f1b0c5143c65bcdf31fd39f927db92749afd87d4
0,       4368,       4368,        1,  1944000, 69c9de9239c0fdece5248b0a1338bd30533c9d23a5a42ef0d68a91ed3dab1aa9
0,       4369,       4369,        1,  1944000, 81018ca994db443ab289b56ce888e1c32d9daed9a36c007049b2ab5367bb2c81
0,       4370,       4370,        1,  1944000, 34bfdd745edb557b163ebeed1fc9630568e2396a144a08b95441b0a0c8c25e8e
0,       4371,       4371,        1,  1944000, 3657ed743db9c898c6e1ca53a70c5c1fb6f074bb9c8f75774ea694b19f727875
0,       4372,       4372,        1,  1944000, e232c0cd56c79e95ad789c1a611c25783922991ce86450c6cb5f0d4808132378
0,       4373,       4373,        1,  1944000, 2784ecb2cf18825610723110beba7e7cbeb7d9841b6eaab93727854cc651bea1
0,       4374,       4374,        1,  1944000, 7adaa91435f545b2d5185ba8f2a6b9750f325a16120d3bf5310401ef4ac6c05f
0,       4375,       4375,        1,  1944000, 0aa431afb3c1699ca6d4b061380387966ded99f91d765808a269175c912b4437
0,       4376,       4376,        1,  1944000, 47fb9adc269034042a5adb138b1d4f4ed35d40c5508d6f257ac61dfd8e62b925
0,       4377,       4377,        1,  1944000, 78b9afe5ab0f0b13694b6d32144a2801d721a06f55053a7ad8640f4251b5937f
0,       4378,       4378,        1,  1944000, 3e85818771f2528c3b9fa7995c369e4a347c7ebc7c38bdfed03b53dc1b084f39
0,       4379,       4379,        1,  1944000, 1cb95789e82429d22df35248e9bc61d88962342bf14b5a6d9b538375c905f3d6
0,       4380,       4380,        1,  1944000, 3643c439ff248633673bf86e1e81e3bfc2b1fa45f7f6248a513f46e07cdce43b
0,       4381,       4381,        1,  1944000, 938b8a2c7136e8ad4feda5f6c3792b8e5f235ff2487f61b4cc47a2965cf7a834
0,       4382,       4382,        1,  1944000, d7431ec945339aa9abb266e6bfdc267caa96d9692fc2425caccc014e3ab4a5db
0,       4383,       4383,        1,  1944000, 44780e5023fbe216ee80036f881dfdcb5b94d95d471a479f826f258a7e353c05
0,       4384,       4384,        1,  1944000, 5124b377895bcb8c22faac42cfe6915a7e7c43d2911ca1d2ff82a8890bbad2fd
0,       4385,       4385,        1,  1944000, 7d9c8853ce05ae680205ff00f51679a572309b35c560bb48f9307f9e498acebc
0,       4386,       4386,        1,  1944000, 54cdc9ab8a6b6d662549fc64680c67190e99bff492983c23110472859cf60984
0,       4387,       4387,        1,  1944000, dd942d83251dd5b262859ebc060e29aff4350fa6aec39f4ae64b098357647442
0,       4388,       4388,        1,  1944000, e4b8f62fa67cef344b4a4d6861547bb7ecc7b39082f5c645f4ac5052c0686cce
0,       4389,       4389,        1,  1944000, ab871cb6c99d1af94af847f05d6301c3af78d04d646bbefb50e448b17afb52b6
0,       4390,       4390,        1,  1944000, ccf8d89a68c0237518369b1dfc2f43922e305ba59848f04536473b69efcb714d
0,       4391,       4391,        1,  1944000, 44c348b3a97f986e5a09487aaabc0294b2e8f8a18faead6da124dff1b9493c9d
0,       4392,       4392,        1,  1944000, 1fc9d1c9ae97731723e0132feda7aaefaa3906de6d9b89b059f7b670a7d8e96b
0,       4393,       4393,        1,  1944000, 6f630347efb04613aea5560b403c8744a37df941389e5fca002be48499613ff5
0,       4394,       4394,        1,  1944000, 316538963cb3f5feb814d707e92103dc92d1ccc309f90c1e6afc5bda66bbeb57
0,       4395,       4395,        1,  1944000, ebce824c9c60145183342a8299afcda3a1dfeeef4520911dfd87f96e56c5f513
0,       4396,       4396,        1,  1944000, 85d45dd7f89d1d65f4c4583faaf225c1e4af3ad7a8f1f32e02fc8e93abf52ec3
0,       4397,       4397,        1,  1944000, fb8d534f2e427de32f6a01ca4d866fe809ca18a4561ad57422ac12da827ceacf
0,       4398,       4398,        1,  1944000, 8fd7b8d43d180270b16899e6ff10024263c5b2e5c1804bcfe33b2cd51299a1fe
0,       4399,       4399,        1,  1944000, 2d8b5a46260cb85f7d20f3590bffa9f0ba061b0d965d54ef46a3a5bd0ebb997c
0,       4400,       4400,        1,  1944000, f376fe3e771eb3757718ea5ff5b8a3bbeb84ceea88150c73bf723d6f68c847c6
0,       4401,       4401,        1,  1944000, f83d3bbeef7f40afefa3f6ca104346c0c699230974f4c2995ec834111804f565
0,       4402,       4402,        1,  1944000, a69459c9087e3e1e454decce8d5ce66fdb7e3326750468c84106713330d1de82
0,       4403,       4403,        1,  1944000, 89ef125a48317f20c33c0e30eb0feaed185430bf6489f650932546d0c04a7e48
0,       4404,       4404,        1,  1944000, 369c534e40e8d25edf07b900cec0747652245d118017e9bfd134e34d3434bc96
0,       4405,       4405,        1,  1944000, 2489e2fe71c345fee004bb58a8614f67be5a5966419b535a872df1ffbb965147
0,       4406,       4406,        1,  1944000, a405ce8ff544b119edf36c4b3d8e78fd42673682a56a3ed6c729c1be72a21a6e
0,       4407,       4407,        1,  1944000, ced8b701bc4d08ada5c85d17b5e3530b806d9f76496265dbdf57ce8a8c1b7089
0,       4408,       4408,        1,  1944000, a9c0e5aacee07cd02ab7736764ec14494d5f644a126fdce96d250458e3cadbf4
0,       4409,       4409,        1,  1944000, 1a05400a748fac1bf0b5a2ce5190498d1bb60c3930127edf99bc7cda808b7ee6
0,       4410,       4410,        1,  1944000, 6fe417ccabe66db33f01e108c57be19cec3f174cd98163605e06b7b19c8a76dc
0,       4411,       4411,        1,  1944000, 5d5468a9921e3f25bce7f371cd8290a5436992a9092019cf59d116e5df050f33
0,       4412,       4412,        1,  1944000, 0298c016d767cbd17c4c82f7bda9ebdf18aff929e9f3b3a097beb8e7b74d34a0
0,       4413,       4413,        1,  1944000, ff148af9e7a70b3570c3a1f07c8f66b468dab3efc4abb129cca76b6bbf636082
0,       4414,       4414,        1,  1944000, aed3ab0a168b695e6ab6db8bcb9d0658dc217aae4b2397b80e2a08cca4fe3d7b
0,       4415,       4415,        1,  1944000, 2c8e7f7fcea60eee7fbd1be1dfe340c68b04a0b8297268fe339ba5ffe3b2e746
0,       4416,       4416,        1,  1944000, c469cd3746b2489a1855c110d8017efa3c9da0faa968e6b19093b0fa9bd1c213
0,       4417,       4417,        1,  1944000, 1e81fe1368ceef178de30140c3c0f90111566cfb6634e54c9b2bc837f009010f
0,       4418,       4418,        1,  1944000, 6055dca1ad23aab464750e94b12929d7e2523c6e9c9fc6a6dd6fc0830ba95092
0,       4419,       4419,        1,  1944000, 2a121fe88900e1648d38ba555e6e32ef312abd428d98a877dda50d898a3a0686
0,       4420,       4420,        1,  1944000, 3563eb2bdf4f11ae276e86b0f7549cf885f6cd1e093c3b6dd065968af9575fd7
0,       4421,       4421,        1,  1944000, 828a76678bf47be5d58cdcdbeb0e1ccf9dad7b6900eede903cbfe5a198454c5a
0,       4422,       4422,        1,  1944000, 78105216e99d3244059ff3b5ff099c36327a29dc7a8aaf847f2f010afcd65925
0,       4423,       4423,        1,  1944000, 27f8292b354e85d4c6a8c282c11b3b50ba3f95d3eb704008c05e885923d40702
0,       4424,       4424,        1,  1944000, 78140b0e713a4d5c9684f6f769a2764f4a2b68f9b347857c8c179929cf6487ca
0,       4425,       4425,        1,  1944000, ebc0b0ce7238ea9375ec9e31e558904fcc32c549c2e75b101896e79c8e8aac04
0,       4426,       4426,        1,  1944000, 9b24766378d15cba741b016e9aee83ffca8e167876b07564b10a2fd3afcc95bf
0,       4427,       4427,        1,  1944000, d45a7e1ec84149479c16a00a2299e219f744c45df5e5a79ebfc7d6de76548462
0,       4428,       4428,        1,  1944000, 7d16cf499530fe13e89e4994fb80d509449019720ffc5d4d5bc2135e5bd64370
0,       4429,       4429,        1,  1944000, 23258ec76a73bafe7f48d8a0fbd5feb00a16cb3a7b1a0118cb3e4b118141faff
0,       4430,       4430,        1,  1944000, 06270cbe3a9fa64f59a343478b49b6c98e737626d699d95b02167af5e4d21c82
0,       4431,       4431,        1,  1944000, 010c3e564bef9310ff9b92cf648bd3ad526558e8cc7812067cb3d9e008f88492
0,       4432,       4432,        1,  1944000, 4e49a1a39a9ea1a9040e2a8b007afc7c663b7c21bd6a2b692e9cae20b09d2a2f
0,       4433,       4433,        1,  1944000, 02b1d4a90631705e90176ac3bfbddf16f62c524cb6f4f1f76146633159f22fd2
0,       4434,       4434,        1,  1944000, e7c4c69dcdf0d1c432bbdd55548c686b5a4d36d2298ac229f52425a6478c7a60
0,       4435,       4435,        1,  1944000, 0af57ddc3b039c8b80e5fee164cf249faf1f9e0af38a9184d43df9adb0d8a534
0,       4436,       4436,        1,  1944000, fd243402a3f5193cf0c1338260e4bfd88c1042161a2b240df76f3b58405e34c8
0,       4437,       4437,        1,  1944000, 4d2dc70ff453e5c18b1051e53179b1bac954a9508d754b096d6f7a265ceb9330
0,       4438,       4438,        1,  1944000, a788242448915e603e6f12d683e16271c805073434c5ac66eade09cbc1b3daa1
0,       4439,       4439,        1,  1944000, 1632bf26cb202362d2a346e6dd0ef56c07a88c80d1bae6e8f5f3e3f334d2bc77
0,       4440,       4440,        1,  1944000, df617859f7fb56635984665f0f9b02bf0c52c2d680afb24c59d7ded129af01c7
0,       4441,       4441,        1,  1944000, 0debdf44730ce18b37cf982c32ce8eab66d05cd07278e0068830668348e485b5
0,       4442,       4442,        1,  1944000, 6d0b264668b9d00eb4618979bb1c97de5907607875091da67c4f1be0527c45b0
0,       4443,       4443,        1,  1944000, 400f4aad52b13112e267c9f7d51669b77ec8fc6f8603a61f82165c03595494f6
0,       4444,       4444,        1,  1944000, 07409aa440943a3c9bb923643ea98f51cdd55ba5bd213dcee6196412103b4164
0,       4445,       4445,        1,  1944000, 5db201d0d6c53b3e7a9bff2ae680a63490c53f60a5ed9a2b66ddc1fe2ca12035
0,       4446,       4446,        1,  1944000, 3fbecc800423ad6f8ca219a8a792c6d54441796c2fd2b6e11cfdcc6f1460112a
0,       4447,       4447,        1,  1944000, c78ec856e15a8b314f4036500a83daf444b569e01029b3f757c9d0e5ff10f496
0,       4448,       4448,        1,  1944000, ce32798cfbcaab9c4e4f8ae67ee99a44631e3fe4751ab5d9a0fa92f8d1ebf59c
0,       4449,       4449,        1,  1944000, 1e5b082545e2eb85c907bfee532cb36d9c2a1c162b616168dc8273fee8f4ecbc
0,       4450,       4450,        1,  1944000, cf7136f2b486cbdc00853b198603002982a965e4bd22da9163f517bd72b95089
0,       4451,       4451,        1,  1944000, 0629a4ccfda5a25993156ba50024b7f706882b18156cff04ffe81dc6d6e93b90
0,       4452,       4452,        1,  1944000, 95de8f0d0120f00facb5c30d6a790248d695e9f2f23eb3a784ec6a5a8dee683c
0,       4453,       4453,        1,  1944000, c2f2b76613ddd7260da9901985572de12450332404288f8ce0f7c109645c2131
0,       4454,       4454,        1,  1944000, 91062615d44f7070d0c4df6c5ec03e6474575659551dc71ec7308579a812e045
0,       4455,       4455,        1,  1944000, 93c634e086488d19ff71d4d17c801f7d393afe76a158c1e11c4349ebeee53727
0,       4456,       4456,        1,  1944000, 351618aeb2ef105309992a7cec10c531e3d5d1f3629342bacde80f3b6077d2ed
0,       4457,       4457,        1,  1944000, 117fb0fbc8e658dc32d0f37a8f0645dcf80aeafad09b2536f10752eeec659163
0,       4458,       4458,        1,  1944000, 8aedc1b626b20e963e6f424c81ce8fb428757fd3cc7f3b9921c3c04d57af73b2
0,       4459,       4459,        1,  1944000, 261e020dbca5fa3cdd286a999a2680cb9099de968564fd22a048a09cbd925070
0,       4460,       4460,        1,  1944000, 636d266de2e0d9b1642e9b086b958ae5e68bd3c877788f59e21e8554d2d704bf
0,       4461,       4461,        1,  1944000, 8a315cf234f8a95a25d944bf3f5c5602d4e8a365eef5cc945bfcbdadfd179b50
0,       4462,       4462,        1,  1944000, 0771d2f62b7d3421400c2a71e68c037041128c8a79bb24b40bf39de29f16fc6f
0,       4463,       4463,        1,  1944000, 69a9bcdc2dadc7bd25b0843ce56d0c192c30d64ade9942a63046f8aa3977fca8
0,       4464,       4464,        1,  1944000, f3a3e94adf88e6d7503cdcffdb960a5762372e14e4f58424186289c65c2b5cfc
0,       4465,       4465,        1,  1944000, ab70107510bb02259bcf9d421b24ff847e85a2d78917904dded67dab89a43b87
0,       4466,       4466,        1,  1944000, 7587a536215649a529fdec893108584bbe2d1fa517ffb9edaf74a90398a50b74
0,       4467,       4467,        1,  1944000, daa1ffd4ac8adeaaf21b621b1a6fb7292f2df6458c1fd7fbd4a07fac64a9c4fb
0,       4468,       4468,        1,  1944000, 931ddec853a8e70e089d937c1399396b5477762505b3cb32f678d299930f4ae1
0,       4469,       4469,        1,  1944000, 89cb51e52be13a69fa2c035bd7030e6e449731b345ca7f1984a85c6ad75d0e53
0,       4470,       4470,        1,  1944000, efa6ef8df30dcebce47097c39e02b9410ddfeba13852412c986c8bfc772d5f43
0,       4471,       4471,        1,  1944000, 1a44bd105e9c723139e02049f5920eec7a5daede180f0e87cd78bdcc250dc25d
0,       4472,       4472,        1,  1944000, 529288b6bb108d4ad4d270b51e784aefe8aa9582ed8067d7adcb7b5aab5f6281
0,       4473,       4473,        1,  1944000, 2712858ffe73d541bc17ad6ca3c6c694584c543af4acf9faba6bc9feac32357b
0,       4474,       4474,        1,  1944000, c699ee701b0bc6ce621e78a807b2bf5f7e9eab9f8c93a86e25ff5045ddf24b7b
0,       4475,       4475,        1,  1944000, bfab130c3116e19c842cc2bc08d225f4ff2d3c67d6bef55c0e645761ba2971af
0,       4476,       4476,        1,  1944000, 7e21270072b20bbba136c0915407ac520d94629aece2d885ff4f6dfff1926da8
0,       4477,       4477,        1,  1944000, 69eb246dca92d3b82405553b140448e3327a0bc5846de24a6a6c892e47bda112
0,       4478,       4478,        1,  1944000, 45b5821bf3d2c5643321781afa0359807cf214a9f4da9adc439dc49974516c92
0,       4479,       4479,        1,  1944000, fc3b9dbc78af6bf0121c636e094efc2031cde7ba74e5cb406f92d343c4c62806
0,       4480,       4480,        1,  1944000, 43aedc7e46173f29a9a696b36cfaf15b994d084f056d6ec8fca07cdacecc9787
0,       4481,       4481,        1,  1944000, 299c10a3328509c8d754eb287e1bb323f2b3bfb492a9d629d7cf21bdbd07f460
0,       4482,       4482,        1,  1944000, 4c254ca3be574cbc4dad5542bab01bc75d07ff0a2eaf4d53f092f3c1985e5b35
0,       4483,       4483,        1,  1944000, 6906f48becf2158ef29ffd16ae46b815c8f47ab19b61a8b402f912d45a34a43c
0,       4484,       4484,        1,  1944000, 0602be77efc57a8305f63381daab085bc373c3b3bd754e87ce7191bc8e306d77
0,       4485,       4485,        1,  1944000, 376d00324bc0cc312907213e78697ea97dbe06c2688a35c11619ebe4aa1dde79
0,       4486,       4486,        1,  1944000, ab0278d261976778e0ceb8a0ea0d2823db77fbf67bf653967972d012a6bf4d5c
0,       4487,       4487,        1,  1944000, b23472d027afa895f381ddce6ad405f0cb5ddf688244ab8b95d772c8e913002d
0,       4488,       4488,        1,  1944000, 59b2db41628e62858b96cb79d81b962997c273eb71ee08063c62033ed02174e4
0,       4489,       4489,        1,  1944000, 5d1b1a9b2be07da4765a59e10fde169acc60337de55b8e2d775972b5b4036f56
0,       4490,       4490,        1,  1944000, ffbe07f814788d3b320616366b7b136edcb6974119fcc366b40cf32fffb5a1b1
0,       4491,       4491,        1,  1944000, 2873147004c210481b07afb39af139564b143c4fd7c4b8b9146b5ce7cd3ed711
0,       4492,       4492,        1,  1944000, 49c1d840c0a1d163e7e108239e93267f3a4244caca3d3230b0bc9bc45a3eefe1
0,       4493,       4493,        1,  1944000, eb182aa9d899136a53d5e4378c8663bb2a5060eaebbf436200e8f7ba4a35d5dd
0,       4494,       4494,        1,  1944000, 8131a138a2f702f9220c23d74bceab01de32c254e8b79e766d3e391ed29d82b9
0,       4495,       4495,        1,  1944000, 53cee3ae60146558f9ed1dae876fafa1cfdb194de43f8b3c1c495036eebb7ebd
0,       4496,       4496,        1,  1944000, 81757a4024ddc66bca85bffb2d516bc0b4ad8f1e936378d282e15b76c46efdfc
0,       4497,       4497,        1,  1944000, 76d1754736e23b8a7e9712ec99381dadffc423d3f4aca9f7f12ea08ac9036fa9
0,       4498,       4498,        1,  1944000, cdaec3ab28581cef26a2cff13f6471e42dec60f3fe7374b6aa1be49aad43f0d2
0,       4499,       4499,        1,  1944000, 8e9cee57303e7736f2e911d7915e80e686261640f290bad05d901bee518c0cab
0,       4500,       4500,        1,  1944000, b67279308f608fb14589456c4c49957bafc2eb8278b001343e8d3ffeb8b8d12c
0,       4501,       4501,        1,  1944000, 0f667e0b07c638cbe3c42615f7546488ebed8ac649f406ea3ae03e33f7b26c37
0,       4502,       4502,        1,  1944000, 0af0b036c84dd03fadf486118f97d5f129c73bb5ce4e28117ea21e1f89bb6cb5
0,       4503,       4503,        1,  1944000, 191221f47d9b26905f1de705a3e415e9b4d38cdbe4f96412927c8e267aacc098
0,       4504,       4504,        1,  1944000, 8d356bfbda65009e55f05b29e0811e3adbc5052510da53ac0e95ddd1fa1d2c42
0,       4505,       4505,        1,  1944000, 4df8c36bbfb7f5395e09bf71c5627da3ce71d28efc8b34cfbd1c1452a63c6a4c
0,       4506,       4506,        1,  1944000, 1df7b4a6a5e0bf63bd815ef3bac6553e51f2e1b9d2d3bf343f63f945311e0a1f
0,       4507,       4507,        1,  1944000, b7b20d402b3e6c6719e42269d9c71b5257227e3203964861d9ba2deedf5341c3
0,       4508,       4508,        1,  1944000, bad7c03a0fd336f14eb56c6eb9fa9bc612b729fcbf098b4b4aa0993e22e02832
0,       4509,       4509,        1,  1944000, 23a7c77f09011f0c89beb752ea32872877183936ed76948f556507d6386ba1bf
0,       4510,       4510,        1,  1944000, 59e11b5bb5038d8bff5a2e914ee6f7cfe9e34e672a06b9fbc96149538f72a0ab
0,       4511,       4511,        1,  1944000, c913fc374a95670d3220e0a48dab71018414a7049132d4568e2804ad18d6c159
0,       4512,       4512,        1,  1944000, 68d370f33eddf4218c68cc25e57602a54c084aa6e940918a5ca1ace4cedce6b4
0,       4513,       4513,        1,  1944000, c0b8b363d92bd0ae283d544672c862fe496c581ed71282ba8a01b0fa491b9569
0,       4514,       4514,        1,  1944000, ae20e51357d0f83db95f0a2a789781237c2e54c2399fb5c2e8065453f286f246
0,       4515,       4515,        1,  1944000, b26011bfbfd4793fe0bf2123e236d034f02ac7b0cc73ed04b043a6438f87eb91
0,       4516,       4516,        1,  1944000, a356ffd047b1f2e45bb981f91792b4dc589a3e864cf2fcfe34d2ab6866d138de
0,       4517,       4517,        1,  1944000, 4a8827de465e7f51fdffe8965a0401667dbeb74ea9c36e043887649d61d9c333
0,       4518,       4518,        1,  1944000, 614ad04daff621486f6de5d5238bae0f3ba20233e02d9fcb6776ee38a3f05aad
0,       4519,       4519,        1,  1944000, 2cc06fab7fd6e6a7eb2867c3500d597f695c65c0d7840b11c90545bea9b86195
0,       4520,       4520,        1,  1944000, ca452fca27b3b6b2b3edf92a228c1b0369ee93a0bcac36d97e715f6da625e8d4
0,       4521,       4521,        1,  1944000, faf9f730a26c1800924c3fbd62860083c90be77269bdaae43b465058703bcb04
0,       4522,       4522,        1,  1944000, 3de58bfcf5868f73fb9f79cd0e37014637f0d94705b5e7e4cf234525a542d33f
0,       4523,       4523,        1,  1944000, a5b8a8f63ee21d2e836e8e44d2d6d85aefa0303d69c45b84e4ab546d34d7f377
0,       4524,       4524,        1,  1944000, 0063a3bc791bbb6adf158d4475512b0aea54decae4afaf28f94f77954d160335
0,       4525,       4525,        1,  1944000, 2c51887a46500dd9d1f115ec4978981cc68f7932c392c0fd016afe5b823b2800
0,       4526,       4526,        1,  1944000, f36bf14c80a965dc899fcabc56aa51db8f45fbd55748c5a4fa38ab50d909f441
0,       4527,       4527,        1,  1944000, d0d7ec44867f3c0066aa26491b724585fd3bfb5a1e20feafc59964e3a32f06d9
0,       4528,       4528,        1,  1944000, 5c52ebae00ed9e28f9c34ddf52c8e2ecc75b8de72602f4dec66d7a3e837cd74a
0,       4529,       4529,        1,  1944000, ebbb9542f1b8c502657e81f599eb96a9c4b5d7d69de4416bf1e6a9681622643c
0,       4530,       4530,        1,  1944000, 480131d552641cfe8ab8f96fa0a53ba9190b87cd62308b17dd1dd72520c5ab77
0,       4531,       4531,        1,  1944000, 6bc85d91240a0a387f12478c7b2aed897167dec74749f04623dca9d2aa41c28b
0,       4532,       4532,        1,  1944000, 9a079ca40ac7f1a9d745d1e9d0f7188a99ffa39a916cc9aa0076b520e6f8eeeb
0,       4533,       4533,        1,  1944000, a2b36188a18d957b8a204183886b1d148e828525a37f2b2b3a0616d8e254f69c
0,       4534,       4534,        1,  1944000, 0b1d5c2e84cd248b23be709a7eae5719e50cd1fa65ad8e452f38a2a380b0dc71
0,       4535,       4535,        1,  1944000, c213355dc27d445251e34f296d27d7c35ac09e663be72daf7e4c656fabca173d
0,       4536,       4536,        1,  1944000, aaf2709de153f687208b3cbbee4d8bb3e7ec329c7dbc532333b361ff2ae02c43
0,       4537,       4537,        1,  1944000, 664182935591712b5b8498dd8973847a46acc97998cd457b63429180b53154b0
0,       4538,       4538,        1,  1944000, 232a37790441687f0a5aab2265de3ac8fe177f7eda0d034ebda8f68451b9e033
0,       4539,       4539,        1,  1944000, e2a67955a080a45cb46b69e19b3439857265a2677e4a09c22043752bf2233a89
0,       4540,       4540,        1,  1944000, 3a9f57933da0985cf235fed8cb0c98162930a47b05c431e6be51b9eb8dad4186
0,       4541,       4541,        1,  1944000, 8f7f46f2a800f8678bfb01e9a3b0745d6dd113bc85ce11a683b31a1d3f2e703a
0,       4542,       4542,        1,  1944000, a903b5cb56a7717b16063df8f5605cf7d50e87315c1183ed38c6942fb3b23249
0,       4543,       4543,        1,  1944000, b9754bc15145cb67896abb9632e12bd5a76cbc1787f133ac587ec67627a3be95
0,       4544,       4544,        1,  1944000, a35b96d0f62ab68e0a5c37ff5c97ba6f70db935388b4c1fba1a864ba534a1c85
0,       4545,       4545,        1,  1944000, ae61a259b94c09aa9f462e944340643b1bfe9e3473b228ff4b962fa267682604
0,       4546,       4546,        1,  1944000, 93d139cf336efa3428f7207a16bd25cd904a35f4a6ea540d5622001c30179f1b
0,       4547,       4547,        1,  1944000, 076369c1e5ecb8169963b852161b49a605bd9b44e82e738504f373428f2cc6ef
0,       4548,       4548,        1,  1944000, edd7d8b77a8b4883184596539820e692c0d73331bee0b18f855ba2503c2d2793
0,       4549,       4549,        1,  1944000, af3d4a53a5f9103fefe1e663d3d642fd7698d99d2a2ad53b85b471d7dafd6a95
0,       4550,       4550,        1,  1944000, b146f65595f5fcb893c8a46fb6b6006863c42bceb7af113ec7909114274dc842
0,       4551,       4551,        1,  1944000, 87bcb3a2667075eb3b9aba07b8344134b4ee7c4d6d95f88391d059d09b4da10f
0,       4552,       4552,        1,  1944000, f6a805b2a8bbc422d242c4a19703d611197ef1aeb9e16d7009a4ee250974b040
0,       4553,       4553,        1,  1944000, 5c1afd47e82d8fcde83ba3d2f3c8f0c057412386c7b9213c1b472eba8037c4e6
0,       4554,       4554,        1,  1944000, 40e1ebf9e466bb383ab28e376263ab20eb65d588f49ff446c825f35bd8c10f65
0,       4555,       4555,        1,  1944000, 0c1ae7a0f434a6c341f1898ed83e83fc1a4684044ac9f75bb19ec326c2c47c46
0,       4556,       4556,        1,  1944000, cae8ce762dbaa1cded9e72bd59a178bf524605168c7469c4c63d1af09578f084
0,       4557,       4557,        1,  1944000, e4d9c33fc8075766d66c2cbf72b45ac84098a58d9749478f421055ed276b4aad
0,       4558,       4558,        1,  1944000, f8218ad736758513e7139a152703fe69389db683991699899190ee3d2f1314ea
0,       4559,       4559,        1,  1944000, a55663a0f17c5b744d1f80661d7face69c7b4890c7e7130f5e852b8c302fd860
0,       4560,       4560,        1,  1944000, 2d3227ba93586597feed301aba129a76e82bb41df38e9023c6790cb538dd162a
0,       4561,       4561,        1,  1944000, b7fe93414c8e59f52b175ea8d1990952a68c9f6945f75842363861df1c30a8bb
0,       4562,       4562,        1,  1944000, 4044cf025481a075449ce08893cbfce4f2830b0c19ec539a3499c3d95e57ac26
0,       4563,       4563,        1,  1944000, 36cd5de4a3d07022bc6669015a6d7bfc918fa1df4e0573c851089214e6bfad2b
0,       4564,       4564,        1,  1944000, 89a040ad03e98e2fbd5008d02d64933f77bc273d4095555296e85e6a9f5375cb
0,       4565,       4565,        1,  1944000, d02dbd9b69ea727af70305a7048f7f08eb5fb3a1aad07ed80abbe627cf2c68c6
0,       4566,       4566,        1,  1944000, ec76dc60970b5ead0b5fdd4204fd8fffda4c5170ced9717737e924834b5b6117
0,       4567,       4567,        1,  1944000, 632e35dbc0f3ba5c679ade4b622522b55429a1dbb5da66624df42b853e6e9877
0,       4568,       4568,        1,  1944000, 584d0f2fd6a3f8da1e1ae4c1382d78cef2556034d38c80c06a460f9ba3f12497
0,       4569,       4569,        1,  1944000, 39c664565117bcf82ed626cb0a0dc516aafe872497f29fb50f4c16f3d25cbaa5
0,       4570,       4570,        1,  1944000, ad98c003918b2df077c3806c65a033b1743418a54c06ab8cbc9bc956db4ef098
0,       4571,       4571,        1,  1944000, bb76b8197d8285c070ea8f8d227c259bcd41e5309145f3504aea9f5824669248
0,       4572,       4572,        1,  1944000, 92a6bdd851877537ae8639497b1f2c2ca75d4412b231e2a7ab5d0a5c308a5b28
0,       4573,       4573,        1,  1944000, 47d3e61ee232f288c5c25212f7f53a061c0caa503e7f274cc9e3a312498f1c52
0,       4574,       4574,        1,  1944000, 6b33bc38a62cae88303cfd50d86be258b30e8a44a6251559159730a1da375998
0,       4575,       4575,        1,  1944000, 5c3b32bb4e7e65373562c3d76f9a19106e3ba3d9668fbba276964d43e143b645
0,       4576,       4576,        1,  1944000, 78140f6a6f41369301d5d43308b816dc3b1ba957035eaa10976a0b32020b74d3
0,       4577,       4577,        1,  1944000, 355f92a58ad75cab4fd3986cfa97c7e32df2966157e2bf984ef972ea66aad1a7
0,       4578,       4578,        1,  1944000, c48d1f1be8916a25dddfc436dc9291dadba80b0e70eeffea90bd2860090f0b1f
0,       4579,       4579,        1,  1944000, 271d595f2034bf8702f023a96e09b2efb26c4070f39d6d22efe59290a637a854
0,       4580,       4580,        1,  1944000, ac9ef8c2caf5d18ca7e3affd5dd0332d66ce92491a88678f4fc49d903df7d1fa
0,       4581,       4581,        1,  1944000, 482c193913fc73537da5d57b33b6b388f5084b5cc67b6e281812571f61fb5b79
0,       4582,       4582,        1,  1944000, 7de49374696dcd4556d4e8fb3cdd08b265339da0fa21bd2ad51e3312f93db9e2
0,       4583,       4583,        1,  1944000, a7d3125fa42caac8384a94f1674f6e144aa8b81ed9ffb43da387a1a51deb535a
0,       4584,       4584,        1,  1944000, 23221903f4b75d92acefa910a94ca889d86d7c527c6369ff70b757a5f3a3c183
0,       4585,       4585,        1,  1944000, c4b89e28cc7e782a01a9da1cddcaf156b9280205d401941066435893be301a8c
0,       4586,       4586,        1,  1944000, 2a2abf494d4637abb95692f09ca0963b1ad0ff1d483a5bab96600e9a3f354255
0,       4587,       4587,        1,  1944000, 94125d82f77d86eaa84397dbde34b317e1b3384b44733eb70d10a9f1b83c5ac6
0,       4588,       4588,        1,  1944000, 6c22c2a7bac5bffec97a124cbd8455a6293227e93b2d9e404d233549c08d752b
0,       4589,       4589,        1,  1944000, 02a86c62535182d758bb2dfc8cf32bd8e1c26d78365b782e49d4c191f9b8811b
0,       4590,       4590,        1,  1944000, 2d9db40140dfd783cd23fbf1d39ffb96e5760e7832a29920bfe1d8798ede672e
0,       4591,       4591,        1,  1944000, 0e26497ee0ede45f16caec6e00b4e0ef5596a73497cf4b61fb39153325317d0c
0,       4592,       4592,        1,  1944000, 214f90a2d3803aa837fedea17cd9db0a9028cafb9833ed727bcfba87b255e1da
0,       4593,       4593,        1,  1944000, 95187a7d4982f38728f10b25ca419c3fd3ef419625edfc93fa51ae446e67833b
0,       4594,       4594,        1,  1944000, 8e54d8f1c3ed423ae0580eb33a998c0d5f566d1de09681633b1fdb27457dec0c
0,       4595,       4595,        1,  1944000, 3e30c83dd9525cc7dd060a59e90c9164719defcb8a6e217c5c414bece0027b62
0,       4596,       4596,        1,  1944000, 4cf798c09f5ea3a24ff789982d536d5d52ed3b7bb2356959ecb68d2f2a14d265
0,       4597,       4597,        1,  1944000, a63f468265d01e1bade2a26a81434b5d16788c89a2eeaab702038e43a75ddfee
0,       4598,       4598,        1,  1944000, 94db57a296373df5e6ae84577d1fc1c09f90ff2e76492906ff81d8e03d8d78c5
0,       4599,       4599,        1,  1944000, 57ac79283c47be5ecc8c3cc96388e220b742190c918bfd005aef3c2e22a83438
0,       4600,       4600,        1,  1944000, 608a50ae39791930e3900e3f1eaabffd439ce3cc0000384d3012ff34e5b9faf1
0,       4601,       4601,        1,  1944000, 07de10fcd1b51d041263d5bbe0f9db43eff29f928c385fbe69cdfab1fd50b992
0,       4602,       4602,        1,  1944000, bf11337f761f687f1581adab3b1cd839fbfc2781503c5e966afe0ecc57caa49c
0,       4603,       4603,        1,  1944000, a77c507a2e7da64c678840c05148db9ac8774594cede9ab8e94bbfe5273de24a
0,       4604,       4604,        1,  1944000, 86a61b83b78ead3d4ea350e00636c7dbda9733b5e5ed18b0646c7806a4009508
0,       4605,       4605,        1,  1944000, 9699ca7ade75e1fecfdddcb997678739022718d518814bea6ba16da9e1c54953
0,       4606,       4606,        1,  1944000, 1eaa8326f9d138f47b578f7cac44dc6ae9218719c24681d9e92e716d7a73b37d
0,       4607,       4607,        1,  1944000, 253ec3c920701d997877926f330f77949c65c7c386a9e107f74b3b696c2fa9be
0,       4608,       4608,        1,  1944000, 6e6ba9821e23a5cad4df8bd8aaaa55d261efe5eb7d3be943a92faa0de4b33416
0,       4609,       4609,        1,  1944000, f177aebb084092494a83812723f32fc8d7ffb1a7dd70249ef54577ec177acdf4
0,       4610,       4610,        1,  1944000, 5516842f399deee8365589252f25dbd5a20f3ca22f6ee36c6e131a060b221ff6
0,       4611,       4611,        1,  1944000, 5628522f9cf4a29fce3448dde54143397a40c95a4f893a0fffac07c5fcf001b4
0,       4612,       4612,        1,  1944000, 3aab8720276f54ebbf279b2f7776d5ebf14667d5382c24e1acb4820c8384b8ca
0,       4613,       4613,        1,  1944000, 71d1b95a7f007acbde035e6636eb7070b49b7c9ad4774829776fe3a4f78547a0
0,       4614,       4614,        1,  1944000, 3f6552750d24bc4613faee0fbb142ae38102ea57865271b634a978f63e024ed8
0,       4615,       4615,        1,  1944000, 4fd5240e67d94850a31ea46a614b209300be11891dec94ee189efe7a524352d2
0,       4616,       4616,        1,  1944000, 0c731443b8b58175f7a778c5d48efe60ed543013b37856f739c58d8ec0fae2e2
0,       4617,       4617,        1,  1944000, f851b625e13186d12e282a41c2ce2210487c735f49c74e1265866ecc795c7ae1
0,       4618,       4618,        1,  1944000, 2febc6b4076e6a8bed6467a3847c6c0bd853cbec42baafcbd0f35e4c04aa159d
0,       4619,       4619,        1,  1944000, 168ef09f7e24ecf3d268e9b377fdf25ad5f203a083f9134dcdedd1afc2b24a3c
0,       4620,       4620,        1,  1944000, e0df1b75777a4acdbf67a266b3837a99585681df8f64986f721f5069430892ef
0,       4621,       4621,        1,  1944000, b8ee589b9c4ccf7aa29a76895ad6d357341d8b4a060551eb648132328c688957
0,       4622,       4622,        1,  1944000, b69da4264e82eb8bdf9142266145b595788b94994d573df9eaa54598af90185b
0,       4623,       4623,        1,  1944000, 68731f04a3574065be0d0c389bbb58dbee341db9cd4501433780f12c2000cd41
0,       4624,       4624,        1,  1944000, 9a2d9d44fe36b5ea8316e5e7b99f70b11e086870d8598b54cd1f094e700b7db9
0,       4625,       4625,        1,  1944000, 88fd5e88e201fcbfec27287b281faec12f7eb9354938ecae326b353659de4d15
0,       4626,       4626,        1,  1944000, bc9175d7a8b253a7de78deea4a07e2ce27a2e5d702c90e47dd977ea19d775a29
0,       4627,       4627,        1,  1944000, 3c828575c230d65ad34c95c7045190c49aaa00c7846fc64e45e18a96c1057c73
0,       4628,       4628,        1,  1944000, def8b1ed03c4a9818380eb227cc674515a446d3f73820871a2f55ef4d3651ae3
0,       4629,       4629,        1,  1944000, c8b6856852292691e78030b820fd17607e74b220f5ec753bbd54c939496be197
0,       4630,       4630,        1,  1944000, a26d9a39e05b60325cc579d632805ede088af2d6709984f7ff2a0df4e41eeded
0,       4631,       4631,        1,  1944000, 4db9b05f527a983ec8dccc86de192abbe80d71be1d9b39c514eec60beabff4f3
0,       4632,       4632,        1,  1944000, 2ae78ccf6c6fbe266da42f6435f35359411b457be5bfb1500af28b7dfbd3d9f4
0,       4633,       4633,        1,  1944000, 464322ed6045ce6dd233b3b84c784eb4302f7e99c498525a9721262b62cd28f1
0,       4634,       4634,        1,  1944000, 0eec65efeb591776f21ccc8aebe7bcbe727d1e26ea47d1dabdaa6115465b03fd
0,       4635,       4635,        1,  1944000, cf939b3136fdda684809255a301bc8498ea957c11b423cd166b660671663c710
0,       4636,       4636,        1,  1944000, 2d31d6e131950a157fd5863b0b8749126ee330726a94c85bef8cda840ac6ab12
0,       4637,       4637,        1,  1944000, 13d4faf695379a203740dcea67d8c07f032bcb10b9701c38dd5e60f35ee16504
0,       4638,       4638,        1,  1944000, f43c7d5e5c62cf8ba14555eeb991f932d1c7af10f8f56320636bc313067e0c36
0,       4639,       4639,        1,  1944000, 947a0bbb4604e20f086ddabb67af509a25f0f2de1cfd8ba1736b46ebc0b12519
0,       4640,       4640,        1,  1944000, b48d8043e0453c5767a5d7af773497984cfef7b0cff4b55c9b973a0abc6f4953
0,       4641,       4641,        1,  1944000, eaccd57c964960d86e3efbaa56e409b8b753ff238c3077e50fe68e19807ea2cd
0,       4642,       4642,        1,  1944000, d49f083e01002ca442a3aea75cf28283d1612574ed7b197145b55a552061db8f
0,       4643,       4643,        1,  1944000, edd1f9178b5840c8558dba6662d923e755d519ef3d0f319dbe27f4667e2540bc
0,       4644,       4644,        1,  1944000, 2be0de8ee8ac4bfb88b062cd920452e9505ec48f4eef93a637b74cac7d19f2e4
0,       4645,       4645,        1,  1944000, 075c7eec8b3fae559015f6e68c5cfb54f27274a58111aba00eac005ccfee9670
0,       4646,       4646,        1,  1944000, 993980dbd90dd680d6a4d8975b58cddb15d7b53a8a0627219e41ed69ce4f98c2
0,       4647,       4647,        1,  1944000, b3e94ff99330743f28bc7f2693377a83e3dde218a3db4213fa589a1efe460d20
0,       4648,       4648,        1,  1944000, 185c4f8e3cdada319c4993cfc0e05bf9547d0f3ecf318724e5660f4858c30524
0,       4649,       4649,        1,  1944000, e9e336565a707be6b4b7ba1e10d26d5ee23fe5dc11757821508c9de126db8a28
0,       4650,       4650,        1,  1944000, a5895c42dc387770a454d78df27b8ed4d4cc80c3c8217e8e4536633946b87939
0,       4651,       4651,        1,  1944000, 7e387d6513bf88483167c4623bac80b90edb95883fb68410fda5831e7520168a
0,       4652,       4652,        1,  1944000, 6b94881f8bbc93f71d45477f94ea783ba0a709ac909fe1eccf27d58a5f840321
0,       4653,       4653,        1,  1944000, 29f4cb196603b47bb4a3ad133cf69eb14452f215b32fd5fe01edd81704266f24
0,       4654,       4654,        1,  1944000, a11c42f83af34a14c2b1722d1c4f10745d3e732223b4e70b47cf19acd8a3b3c4
0,       4655,       4655,        1,  1944000, 12f9fd0111c0ffad42bca734effd7a3e34d4861a3eb63f310d2d1ad0b17f8c1a
0,       4656,       4656,        1,  1944000, abace9ccf3ed5cc62d67a29df1e20d9f91a10a2b68efd110302158752d60c1f8
0,       4657,       4657,        1,  1944000, 14fc97f6b8cdf761232b98c75f735c5bce6453893ba65a8b5a9689a38464f8ed
0,       4658,       4658,        1,  1944000, d788d76361f6c7911f89365c335987e98ca5b065400d47c51b5361d5f2674ef2
0,       4659,       4659,        1,  1944000, 73b9381f313225d383377ebda117b3846b10fe783fe85acbf4b9c61b102157d3
0,       4660,       4660,        1,  1944000, c3ed8ffb64bcd2fd1797ee3031f9e5bc715c27476656921f1cdd4fa042176641
0,       4661,       4661,        1,  1944000, 2434e320bfd87acf3e16bf48a057cade78d8e4a1df3a74b5a19a3db7177f239e
0,       4662,       4662,        1,  1944000, 51231ed8e3c63ef55800a207b66143b65e2a53b3e0dbe86a0b13fe4044cf0993
0,       4663,       4663,        1,  1944000, 9f28b7a1d3584ff0700e1e2751abb0ff7350df3d06356b5dac1a18ad57f365ef
0,       4664,       4664,        1,  1944000, d6341c2bf401847fa71f3c209333c0782ba2e7f42bb8c387d62b82c9c066dc1d
0,       4665,       4665,        1,  1944000, 9ad5ddab43177b686aa3e20efe8a30e238f610c6a77d257335292718bd545f8d
0,       4666,       4666,        1,  1944000, f1d20908b5f936c9bdde804d00c2196ec58e76c40206a8165b9477c48b6b00ae
0,       4667,       4667,        1,  1944000, e20ed00c399218dea6ba17d6544e4b4117fed13070c18736695dcf1abc36d39d
0,       4668,       4668,        1,  1944000, 2305062252d6263f739a2fea3bddefc467858b62d472a879f58700a76348f43b
0,       4669,       4669,        1,  1944000, 295651fccdf465487eacc448b7a7653a29335ccb5794f9c812f058e80ac64335
0,       4670,       4670,        1,  1944000, ce424ed797202d3a250384df20208c60ed31fb903061ce9e15bb344caaf0756d
0,       4671,       4671,        1,  1944000, c0284a26e62e6fe17784adde7a639e9231fcafbbcbef23ed7d27e50151edcb32
0,       4672,       4672,        1,  1944000, ca1137aad6ce9be02b0cf4d29620e310db7d5ffd0cff5b49bacfad1e74be3da0
0,       4673,       4673,        1,  1944000, e731b36968a76842075e9ba326a7c9deda148e335c8dd78beb7789ce23cb3c19
0,       4674,       4674,        1,  1944000, 3f3c5aa5c89053781a26156b346f32da2f2ca96b81c4a7665514b4b638031446
0,       4675,       4675,        1,  1944000, 4e0b4bffe5794bce9be325236e06d7c3dbc5d875bee33fb6066095dfc5c008e1
0,       4676,       4676,        1,  1944000, 70949463433cbb164cd63c272dbbb0614b87c5a567a73383ba7abdae030ce733
0,       4677,       4677,        1,  1944000, a2394c4be1fd05a1c2ce5ad19ad2535e04a6ff9810f06aa0fc4214baa70502cd
0,       4678,       4678,        1,  1944000, 066e87428df9ca961b667b337dd69275f530f373a97f71e0adb6a14b248de946
0,       4679,       4679,        1,  1944000, 8bff03165d3bb5c7e7d4dac509376a6adcdc401f8022aac458200ff8bcaa059b
0,       4680,       4680,        1,  1944000, 89b0532a46c6d2edcb1b3bb4de450b508d47d8a73bf264dc9f3823e348ba001b
0,       4681,       4681,        1,  1944000, 7946bc5c3e7ff7a7e0520b542c809b56753a26bf700ff75f501989cc3f2f76ce
0,       4682,       4682,        1,  1944000, 952bb454126aef0ef4a29c202a0b0c214aafda7167f9413fd5a2f460bc09ee1b
0,       4683,       4683,        1,  1944000, 17317a3b9a72aabd1d419614b7023387eec4ed2b2bd87a0d9be9aba8341f65c7
0,       4684,       4684,        1,  1944000, 6a3916738384b2d7b034d8232daec1557987285f141955ee3d3db9466aa8ccff
0,       4685,       4685,        1,  1944000, c85262dfe8f75fb609cca58d0d2c8d29d25ca1896b2af74219ed4a6f60f1804b
0,       4686,       4686,        1,  1944000, 3cb5ed3998bfe9ea72d780134bdd0eb0f6a2822ce3ea6b15d02684a4ea4d7195
0,       4687,       4687,        1,  1944000, 67ceaaf74a0c25aac3b92deafa26424a0f1360c33979e5337ebcac156dc53c5e
0,       4688,       4688,        1,  1944000, fd34e60b7d5ec650247f2b68119c43d076beb575501c53deb980c16a53b3c81e
0,       4689,       4689,        1,  1944000, f2ed693a8c3155bafe7f79b85d1f207d60c89e072f8b0f44b521b419681f1fc2
0,       4690,       4690,        1,  1944000, 5be3f415689f6801b2393126b1fd9d754f960157c4e7e66321fa6d8bc34d459e
0,       4691,       4691,        1,  1944000, fe3b36c29d614e3ddde16087c8af998dc99d4b856bb5bb737a467bce2bccd346
0,       4692,       4692,        1,  1944000, 35143609d9c6c3c541c41b4f76cc7e29c499cb73d776531f2bc1843eae1e693d
0,       4693,       4693,        1,  1944000, 7bf04006fa9434d92fe3083fde0066851236693139d87dd077e257bba09cdefc
0,       4694,       4694,        1,  1944000, fc06c9cfee920a5912f8924b26e5e1f1b1e0154e7fd34d35922fff654260e696
0,       4695,       4695,        1,  1944000, 05dae16209d265cb7cb6ddf8c04359e2c819f0a0494a2189f0a861c81e6a3beb
0,       4696,       4696,        1,  1944000, 11487326144d23960ae17dab837760ff0a29ed3c61013cabc38dcf8b1c1049a2
0,       4697,       4697,        1,  1944000, 97395004dffefb692c11abe1fb40c8c0569e500345bd01f24951747026cfda32
0,       4698,       4698,        1,  1944000, 92040185d2686cc24deb6d623a46322cd40478e8d816b1f030ab0c2ec997e94f
0,       4699,       4699,        1,  1944000, 1f93e2fed3a023f8be273c12f407e08b37a85015dbdfd4398c44a3851c92fd87
0,       4700,       4700,        1,  1944000, ffd702a00936a3be7738cf2b1451ea4b3f76d77ed475f68d764c8f8c52b6f9db
0,       4701,       4701,        1,  1944000, 1dc5fd179eb3da91900f07e3c134ef55a4ddb8c5a4b53334e8aa8979b00482f3
0,       4702,       4702,        1,  1944000, 59ce22a8d57edbb524988ad232895bf395563cd5e87cec20d985731f08f1bbcd
0,       4703,       4703,        1,  1944000, fb516d849a7e7353e8119966192328f1199aa8067f5e52b19de197646d7b2fdb
0,       4704,       4704,        1,  1944000, c1fde4ed9c4718e6ab42796d1ad34554c4096f8b3a8212cfa00c9dd5d725d893
0,       4705,       4705,        1,  1944000, e343f469b634fbd21912453fa3238a942e893c1babe5bc89281380ad94d5399c
0,       4706,       4706,        1,  1944000, ff48907cfb630241f8b7473b52d9cda565614766a92c088f1fa17808289e5658
0,       4707,       4707,        1,  1944000, 2f09e9006550bd2882ee2c769cd3727bdefd8c807489ee8221ac1c1e7b944f00
0,       4708,       4708,        1,  1944000, 424b5b15ddc5398647b8cedaf6b52e8a2ce4ed19e77c441fbfc4509a6017d9d8
0,       4709,       4709,        1,  1944000, 7d058b8b6e17a57ef8396266b8a95d5a1b9277ade9c5243a7da5b7f42af51a24
0,       4710,       4710,        1,  1944000, 874faa1ca1c6e659a767f80b16dd8da616fbc8bec27a3687e552876fc9694e13
0,       4711,       4711,        1,  1944000, 1e8419bd539244b5cb887542af35ce4906174e860d305e880a60ddfb8648860c
0,       4712,       4712,        1,  1944000, 11da5856f3aee9319f3ddd28a9e1ab8a318a2de20584da10c3c30ae48941160e
0,       4713,       4713,        1,  1944000, da6d782a6f542d7e21339491a1da5d44ca34735c1d75ead46c7af25f4d78d9b2
0,       4714,       4714,        1,  1944000, 179c323b3eb61273c8b645d8c984c037e774eced93c9945446078ffe384cc0cd
0,       4715,       4715,        1,  1944000, 5c94b5ac1cbc7de5dff7ca876aed2ff35d50257bf859216a062bdb5b29088b72
0,       4716,       4716,        1,  1944000, 9f27c72f5ff4bb40dce5a3e42574b5e470f8d6d5bd1cd781ab62723ae8e83682
0,       4717,       4717,        1,  1944000, 075ffe9aeda70ae399951ce6caa831c441df569e57451b834f8f125feca2c099
0,       4718,       4718,        1,  1944000, 16594180d97006894b89f9f3df4c628f9242736128cb8ff77a164c1f3e768968
0,       4719,       4719,        1,  1944000, 17fd0369d62108e9f2434642804915d84baeff9e17283609a95c4a4801f77001
0,       4720,       4720,        1,  1944000, 9e30371c503da912f1d469b741eb1891c5bb749d4498ea630f5325984db76767
0,       4721,       4721,        1,  1944000, a443b4dbe58ae921865c8bd9219c82b75ee9a0e4307a3f014830fc75f8604f12
0,       4722,       4722,        1,  1944000, a1252fd077fadc0e747f27a26b4914f55904726bc1c0d8bb9dd8250bc3b621ef
0,       4723,       4723,        1,  1944000, fe3932a5a843d1e48613cd3e38ca883dac76f1b07dcc95e131e72c064dd38a98
0,       4724,       4724,        1,  1944000, bd3ef8a00761dc04b8b1377c4d47d625c26f01e39a0f256a538c72fed5567e71
0,       4725,       4725,        1,  1944000, 6d70af156a87a7daa958094b83f95f2d032a132dae353a35a6cc440b2ed41ffe
0,       4726,       4726,        1,  1944000, 4230a677be1a082492323d6f18260e03326670537ba36d38e862a3bad1d7416b
0,       4727,       4727,        1,  1944000, aa9b138830839ec807e65beb27259287ba1b8cf9b4470ff6dfc5944b1bd52a86
0,       4728,       4728,        1,  1944000, 6809446462ba1de34805a96808d40f93e0486ba234fb16d679707298cea0c7bb
0,       4729,       4729,        1,  1944000, 2acc179912d533db9d6894d7b82b2b8da5c686eda2baf59ca2280fc4d9215da5
0,       4730,       4730,        1,  1944000, 5c7daa04de997684aa90d3a54669157095168230d3d895612ac83d08d4a16fe9
0,       4731,       4731,        1,  1944000, a0dbd5e5f6afc9985ed1d2dfd19e5cb673ada8f901a0534e48572d75b45e1f85
0,       4732,       4732,        1,  1944000, 80f6b05c3a5eb35a9df9c2748f0543ff1ae5760a8dc655735fe3a5a007d6b3c4
0,       4733,       4733,        1,  1944000, 69ad0957f804d33381064a3cc5e554627d7b8e371ebdbe7fac1e9450d04c401e
0,       4734,       4734,        1,  1944000, d3978aea8b2d9b7ce59ab9ab025e4b7d3c40a6a6504a435460979cad7119c01e
0,       4735,       4735,        1,  1944000, 7c0b98083903baa61b1a9b0a5956cab9426ee20d8af758181f15fbc1cfe4c78b
0,       4736,       4736,        1,  1944000, 71bb764dd66f8d9251dc2d31407eef6dad8cf31d9709ce92b2ad99cd2351a41b
0,       4737,       4737,        1,  1944000, 433eb2db696c8704d253834e655952bd02be7e28ce42b36ee5343b2e11b8cd3c
0,       4738,       4738,        1,  1944000, 9c5421a503d66f665c77500c21b2716204f846000dbaa144ac5316a471b84600
0,       4739,       4739,        1,  1944000, 9a53ca356a625daf16b6e0227c0ebb5a421c6ef63c173d8ac91e24617341b4b4
0,       4740,       4740,        1,  1944000, 3e22f9402b13325b3ea085f56b5c7b379466fd2f765826e828cd53fa67773bde
0,       4741,       4741,        1,  1944000, 27af67b423423dde3df49799b639127141f60c642ba05cb08eaf4bfa67dc489e
0,       4742,       4742,        1,  1944000, 83dacf7edd9adf21a77a4ac2eb34c9c4d26764841be06a04e6cd7cd26bfc0afc
0,       4743,       4743,        1,  1944000, 75ae5a241df677f3bb87a7faead64c010da9dc39eb62bb27bb7768d9a6adea27
0,       4744,       4744,        1,  1944000, c2b435b8eb9ea57cb8bd687ecb05914c097b9745deace8493d03cc6bbbf850dc
0,       4745,       4745,        1,  1944000, 2c7be1ffcc5ed6667433f24c0d750f5bb7788d2b13675ed6e1b7b83e8d613660
0,       4746,       4746,        1,  1944000, 77cd315b7a200c9cc6c52a854568931fee3c7b119525c0730214b50c5c743ab0
0,       4747,       4747,        1,  1944000, c7cfa8b6df57d31b9ed6b85a518f094c5dc672f4a971cdf669cee42c9084746b
0,       4748,       4748,        1,  1944000, 220faa43e1eb062aaea710aaf9879793b2c9e549275a4562fc32cbe746862cff
0,       4749,       4749,        1,  1944000, 220faa43e1eb062aaea710aaf9879793b2c9e549275a4562fc32cbe746862cff
0,       4750,       4750,        1,  1944000, 4bd2ef07c63d9342b699673fae350e291ab91174b7e3a9d6031c656399b06421
0,       4751,       4751,        1,  1944000, 4feadd092cd75c6d069b1d366a7ef91ddcb0719502c1bb1d0fbb0a746bcd6e3d
0,       4752,       4752,        1,  1944000, 9a77f1608a456da053b050a4952f6bc314c95f6b037c7922ce6d90245b16470b
0,       4753,       4753,        1,  1944000, 2b532d7abbda2f4458555f5c645470ac167c178bb6e88ac6f2a361ff6a133211
0,       4754,       4754,        1,  1944000, 68ddaab0628a490beb4edd351add5ab95f7beb68bcf0c442121f9c5a0e3d5da5
0,       4755,       4755,        1,  1944000, 5e82303ab22797fd0798d7387bfcb59d961c1ae4e94a58dadd93203e06ea6244
0,       4756,       4756,        1,  1944000, 55a5bcca5de4a60c3c7ee94a4758d432f746133562137423d311925420fa9d6d
0,       4757,       4757,        1,  1944000, 060000066b0b2c9166cc07e9ee0b89329934b798c316ab53cc6c617f2d7c3afa
0,       4758,       4758,        1,  1944000, 4d721fd6a8f5e4ed8328035968c9088b86098a213c2994573d095a19a85a7911
0,       4759,       4759,        1,  1944000, f4d2979b1d58c8fb73fe7b26fc4898655c8ed902a22fcc67ed09cd0ac3fc96e0
0,       4760,       4760,        1,  1944000, 7cb6cd2e37d15d199f4ef521dc302c5b5884775b35d6f02992b6e6b5b7a1f9f6
0,       4761,       4761,        1,  1944000, 7cb6cd2e37d15d199f4ef521dc302c5b5884775b35d6f02992b6e6b5b7a1f9f6
0,       4762,       4762,        1,  1944000, 5f7d45e37d5327ea1581b3dded8c27707146a052b40a05310656318b7cd80eb2
0,       4763,       4763,        1,  1944000, e3abcbf302691649eaed776190ba05f4d8e3eef9992cd627f7c8fa55fbe1ca8b
0,       4764,       4764,        1,  1944000, 1182c54e18aa2f8c692a1f7ed776df75d5d6f8577711adb30a1af9ea69d96f33
0,       4765,       4765,        1,  1944000, e5e275781c3c0722de0cebf866facb5b7a88a3161bebd92d24ed019e76ce93a4
0,       4766,       4766,        1,  1944000, 2b481ff9553196878f107b0ff60ed47dad11cfdddd84a4b74ab4ec60fbc56dbb
0,       4767,       4767,        1,  1944000, 55ec442c435d484a391828fa8665d3f9223e5df4afe8d82f55daf7ec844a56d0
0,       4768,       4768,        1,  1944000, 6b23ff223c96b5ddb6e50352639d474b6b2e7389f0603741688b291dadb3ffb9
0,       4769,       4769,        1,  1944000, 11eac96e8fe9fa5a5f5297e481ee40c44903de7ee77c1e7d68d346a549e293ed
0,       4770,       4770,        1,  1944000, 3fa3d49b8fa5d59b5918b97b6ea86f58918b4b8c1a105dac1272410ebe1e158c
0,       4771,       4771,        1,  1944000, 0530fec4c199b5fbf7b74d5a125b3690b6d38f04a700df55e9f3bca0cd08655d
0,       4772,       4772,        1,  1944000, e88c4be393567161fec4190476aa7254a6119236c2f912dd0ee8456bfd2bc4fe
0,       4773,       4773,        1,  1944000, ff9f5098a083a0073627fb1ab027eaae5dd22551ece6b073bb6d1de8e3bc3577
0,       4774,       4774,        1,  1944000, 9e8704078dbcb5324dd3a7ca7aeb1f7e0b14e4f01e012edc1448113a27d4387d
0,       4775,       4775,        1,  1944000, 985a9d0e4ddfd44889c01f353de0eedfde6c0192e7e2c7a78ee88e608f8ccd72
0,       4776,       4776,        1,  1944000, b96342ff150ec9e3de61795fb5e49688da0858758a1a7b66c097a447071a8a43
0,       4777,       4777,        1,  1944000, e82262fa3ab03ef6b23806692c276baab83b03d17694ef12d9be4c3b571b0add
0,       4778,       4778,        1,  1944000, 9575c11594f2a67761e796d2972ab9ec63756b049e5af7d368d5c730cff47409
0,       4779,       4779,        1,  1944000, 4c16d65c16f52c747754c91afb293d39ce5d3db206ce78871ecc45d6207b1ee0
0,       4780,       4780,        1,  1944000, 3535aed05b926e05adfdfa092dee1cfcb5bf1c678a6e3c1328972bf0ab0f9d5f
0,       4781,       4781,        1,  1944000, 3267464db538bd0971c9fcd45b6374fb6919915c3af7d9744fdf033c9ccd90e1
0,       4782,       4782,        1,  1944000, 15b2a7e7612d68cdcda8bab5d77553b0d6ae72fe7230e6900dd60a212f554271
0,       4783,       4783,        1,  1944000, 95e7ec37ae00580925d442dba84e3699d1e3d4056c7a6287dff231b140338011
0,       4784,       4784,        1,  1944000, a74cab45ac2b5f8597daa92a621ba162f36f4376ae84f0f8f4a35681d8ae0c5a
0,       4785,       4785,        1,  1944000, 4185e760fdfd19dbd336425726b6f7d8ffec62fc158dd97d6a09d222b49464dd
0,       4786,       4786,        1,  1944000, 7a91241d91abb9480331cc413408e23e412bfd2674e38494ea0f460b19049093
0,       4787,       4787,        1,  1944000, 0df41f6faa9a61f8dc3497296914f6cdb1cba20643b2301520b6534d95d62dd7
0,       4788,       4788,        1,  1944000, 4702b958ad58a6d6ddf0ce32e760e177b0d94c9aa8c7cf58f9ccd867e9efe9e0
0,       4789,       4789,        1,  1944000, 1fc4265b08bdd7d9efef6acc6238635137fde6f516edb6be860053fbaccb2f12
0,       4790,       4790,        1,  1944000, 2998034666260e6dd9559d239fa4ebef904b996849e7a5613bf6dca7553b5f92
0,       4791,       4791,        1,  1944000, 7872b23eae7233f5b437a6c2cde0cdb2e28bd98073ed8b951a206775369f2515
0,       4792,       4792,        1,  1944000, 56713f6dbaf086c114d81440fac900349aee8c63f44652b1aa296c5704c1ad75
0,       4793,       4793,        1,  1944000, 7b4a495e460dc3a43d9415e5f38732cc4fb61d8a70dbff0e8a49423289e87e2b
0,       4794,       4794,        1,  1944000, 11ce8ab6d3df056c5ddd967c881fc8a6756723e89f4a9c714d0f97d4cc56f443
0,       4795,       4795,        1,  1944000, 4f3a787d4226531ba4cb7b41af0c1e74e2eceae2da9daacc7dcead51bc7f3252
0,       4796,       4796,        1,  1944000, 7f5c3166c62a95de32b44e383e6050ed5cb6a00e1c2c10cdd5276957ad9c9295
0,       4797,       4797,        1,  1944000, cd3cc3cb0b11561e7adc3ea28439ed4d61869a4bf210597794558a98cac1d519
0,       4798,       4798,        1,  1944000, eeaf75a37f3cdae833b58bb7c71125705390898c22269e79efa883ab094dd00b
0,       4799,       4799,        1,  1944000, ffd402df91a10fc1ec40b623e4be718ed278288a3511f9a66cd7a7854baa59e3
0,       4800,       4800,        1,  1944000, a0b49be078ccf7cd844a0b7867b9fa4b7cf77aa7aaf747d6b074f18d5faf9b95
0,       4801,       4801,        1,  1944000, 220621a293177dd66019c0d966313b84449b572f2e78a6058e9ad1063f32dd17
0,       4802,       4802,        1,  1944000, fd7b31732d257520cd2869203c877972e4cb12dfe2e9d65dcc9904a5aecae2d6
0,       4803,       4803,        1,  1944000, 828e44e32af5f1563688711aa9ec4364057d481b4a1250b5f531c0013f64b6a4
0,       4804,       4804,        1,  1944000, 5b5f487356390f227ae658ee19d028b4dcc0cb76d5795d1761dbf0b69194db31
0,       4805,       4805,        1,  1944000, 1150916f276d29d9a63bff1400e3b5c20931e10c74fe7e0544a8a401b101608f
0,       4806,       4806,        1,  1944000, c01aa50f533e5594eb80396f544ccd242244697df064ca491d45001091b09cc3
0,       4807,       4807,        1,  1944000, 1cdd83197420845a146faf541d38a46e85dd50dcd897f8c851339fb0c7cf9e88
0,       4808,       4808,        1,  1944000, d085112e2a8d9e8d723ddeba59a58ba1f652546364502c9d13c14e6f8292bf5b
0,       4809,       4809,        1,  1944000, 3ca7ed9496727e6caecf57e22f988a503ae1df386aaa52ecb3943103bcce7e62
0,       4810,       4810,        1,  1944000, 1014889f87110f3a12a74c27c259241dd95eb916811a5128dddd2bdba6330f11
0,       4811,       4811,        1,  1944000, cee57d551706767f7ed8f2dc3825d619fe2e9e4157a0829af5fc1f091b3683e5
0,       4812,       4812,        1,  1944000, 3bb8452b3c225bfb37896217ac638ffdceb94d8a03ca1ca60940dab61b2bc3d3
0,       4813,       4813,        1,  1944000, 95506d74942ba8a902c0246bd769fe8eb3703c38b9426f839d8bc9518d82e4a7
0,       4814,       4814,        1,  1944000, c5321c08b16e490ccf7d0f90f4633db6cea2a673b399b9fef349ba549daffab8
0,       4815,       4815,        1,  1944000, 93fcf7247df08139edb4533322831dbe26f5df5b1299303fff6208f58c7a484d
0,       4816,       4816,        1,  1944000, 0096f6b44f625ca3ce88d122d190d7f2e8f030d2de4495298c7023b08c736828
0,       4817,       4817,        1,  1944000, c2726848d1e0f252bc672ba500a5ade3f58f8104fc79a5790cb7e737e7c6bedd
0,       4818,       4818,        1,  1944000, ed521bec69b210b3a6fdb5033defa3d26281fc9f2fd51459b7ccd01571c4bd01
0,       4819,       4819,        1,  1944000, d1924bc61571568fcb10b0e67cb882ede999a5259dc4fb0332ae02326d8b0868
0,       4820,       4820,        1,  1944000, d86638981d3b73b03bc7a577f40a80e40af67bdc796e62b93ff7bf92c5cd0ad0
0,       4821,       4821,        1,  1944000, 0a927657e2dbad3d6c3a6a529d6041977bb9a740be8841bdedb4bc5f493a999f
0,       4822,       4822,        1,  1944000, dfb7d1b31b5bd35bd525cb69bea071f448661c5628d5918551ff0bebd85de5cd
0,       4823,       4823,        1,  1944000, bb6bafa41536046a1480599e51a9a96006a72993193ffac6c0d182afc4dbdb9e
0,       4824,       4824,        1,  1944000, f55dd7a92091649de2bd28af8c7b1bced070cc46e8ecbaa46c284ba3302a1119
0,       4825,       4825,        1,  1944000, 752ef82e7d110d3d27fac24ff066e02aa808f22ae323e90ca430f709560bc381
0,       4826,       4826,        1,  1944000, 11fd1750cc4e8f4c0a22d368ba54c4d45ee0852782cc1457ffe62a3f3cae5535
0,       4827,       4827,        1,  1944000, bb4c5617fc5fa4aa42cc7e5e8a04510871e669129267eb8c37b6dbb6905a8023
0,       4828,       4828,        1,  1944000, 004c9964fc1960991b321eb38e4f42a21c98b40e7eeccbbcfe40773f4b485aef
0,       4829,       4829,        1,  1944000, b698865871c708912e5672a00b1c426fc5782b8360eed0df8968bec8c28a9206
0,       4830,       4830,        1,  1944000, 7eb655b5bad949a0f4cbc8f56a5830c8b9e5ed1dc0d46da383f7dab6bd464aef
0,       4831,       4831,        1,  1944000, 48cbbe913cdb6d56964d082d52e959746eea07a93f695c7863f42c1c686686ce
0,       4832,       4832,        1,  1944000, 6369d5a6c8a57ffb1fd07a3f96863ac6959c5dff464c7548f641b775a52493cc
0,       4833,       4833,        1,  1944000, 99df3688a7f56dec3532a1c3243139a9173043954d8bc7dab7c04037a6358c75
0,       4834,       4834,        1,  1944000, 76fee71652696aa2de615e98e7e9306e56665c2cea2305235b2614d63e89ada1
0,       4835,       4835,        1,  1944000, 0f5c090f5a19eb5d08ad144b52a2e13df51001be00eed117034058c73d8f46c9
0,       4836,       4836,        1,  1944000, 2d812db89fe39934d2b63819923058160ab25a01d03ac5af75f7983e2d7073c5
0,       4837,       4837,        1,  1944000, 7904276df9193842c5c05e3c5e72c71c55d2bdf9779d2d61948da1778f61df98
0,       4838,       4838,        1,  1944000, 33721f1ddfa70cedb9f83e1c872b1e459afd6a01c2024e6eec064560540b94b1
0,       4839,       4839,        1,  1944000, 7c9c159654b0e219d4137c3da9e3e18be055ffa3f23dad37e97d1a4c9bbc133b
0,       4840,       4840,        1,  1944000, 464d16a3a3f28c63d880312a378b5054707bbb46d6089124f8fc9f56da3ff3c4
0,       4841,       4841,        1,  1944000, b19e1909e922771f981d2810f58f3781ac44d76ba1429ff82a1fa5905c4db9d2
0,       4842,       4842,        1,  1944000, d8eb1db9fa2e7f1fed876d440ecbcb8f167a51c8b8ab41c8b63e764cd79f23b9
0,       4843,       4843,        1,  1944000, 305d1299d741feac984d1b6dda88d7e4f7ef8aa7980bb691c56b51c95279e3ff
0,       4844,       4844,        1,  1944000, 3c79b3a38f166f37ce9f6c2a91857e24c050edbf949aff98309edac201eaa415
0,       4845,       4845,        1,  1944000, 0b4767120f9ec06e4b8181c928b9197fe9ade38f03fa07094e9bc35faa229206
0,       4846,       4846,        1,  1944000, edac67b43f1314246346783ec37c04845658c32a36fc704e311059da69a6908d
0,       4847,       4847,        1,  1944000, 088602057eacd6272355122a5da7cccc63c662398b66af4d98c904defd33e8c9
0,       4848,       4848,        1,  1944000, 5d17d3dd7adf6b1e9296832ef29ae2aa69860789ab55490da05b6be4b675d643
0,       4849,       4849,        1,  1944000, 0106ec7fc8f15855f0401e042285f50bdcababa8c9a1a59ed658ff75148088b3
0,       4850,       4850,        1,  1944000, 88f6c03e8a2157ee32ae470bbf25755153b3540449516c81bc776ec420143711
0,       4851,       4851,        1,  1944000, 86f969dbf661be737e7d7701209ebf34e88fceccad29dd9149067c04efc418f8
0,       4852,       4852,        1,  1944000, a55ee77852f302b64d6fa9a047f6e35d4c59f18583cf615265f9cc782feb6396
0,       4853,       4853,        1,  1944000, 46cc3a644f6d9ceedd5839e4fcb75a7b0320d97f80a92615543a6e3ef40bc196
0,       4854,       4854,        1,  1944000, 5721aae45748055348803fddd9241b7bfac1dff83f1f4f6c79d3fb38742c1386
0,       4855,       4855,        1,  1944000, 6d3d4dbc5e27cda86aa24e64e2b0a1851e455f35b22b01b07f680d3b6f31b134
0,       4856,       4856,        1,  1944000, 9c901a3b9af6d81f1dfe85aa28a4d4c2052751949090f457bafd06e954c2f0e5
0,       4857,       4857,        1,  1944000, a29d7a531ecd699dbcbd3e08fbb0c32981986931ab6f2ebc46f2376f0426dc26
0,       4858,       4858,        1,  1944000, 974d0485d3199ff7a2d5f595310774fc4fb54148c85f27884cd30ac922b22a59
0,       4859,       4859,        1,  1944000, d27a187c7823362f36c7d914f4454a97b76b7a58a9f4f01d8984cdfab7f4f35d
0,       4860,       4860,        1,  1944000, 00d6da1258112bba66a8f99bb09b9242080dccac926250177471e5a0e1d33acd
0,       4861,       4861,        1,  1944000, 12da62ab581a7eac4555a8ff8ad8aee1f5468d8e63702b8e5edc57aa0073f4cc
0,       4862,       4862,        1,  1944000, 0e11dad72c7ad5b58465c59c9d163e03f1a40b00b09954d4671a073f2d5cd86a
0,       4863,       4863,        1,  1944000, abf8f65da09c458c24b89ba2598a16d48142c80a0a160701aa35e9a39bbd94d9
0,       4864,       4864,        1,  1944000, 07b3a4b1684c2d28a51796073e1298e8984f2b96e9a5e882638a3efa2c726832
0,       4865,       4865,        1,  1944000, 384cab3f1d5ac382830df5501316525c247cb889405c815d3bef480b3ed5e643
0,       4866,       4866,        1,  1944000, 57ecaa99aa6b9806f59ff4baa5aa0c7aa9012539e9655dd53ae699e4b7a7d6d1
0,       4867,       4867,        1,  1944000, d2f42eb92bbcf68680d620024bc1e1d61429cbf32b1c28460849518e95dd7ef4
0,       4868,       4868,        1,  1944000, eece2d8fa53d1b095672c123d5538427764ada261be6b25d21db7a058ccd9aee
0,       4869,       4869,        1,  1944000, e65f0e3f6fe2a2a7c5f28fa4093fc0f8c97fd8c948fc91aa865f8fde4b45b044
0,       4870,       4870,        1,  1944000, e46bcacfd2b9661de3e1eeb06552a8c690ed3f4e71061931458f7b47d7e1d886
0,       4871,       4871,        1,  1944000, bfef80ca55db5136c193f88bafeeef8d82cb51cb86a96ea276380fdd4c3e0d0d
0,       4872,       4872,        1,  1944000, 0c1655750ddebfe9415e250453ce624dc57b7ea212516f17137c93261d511ab8
0,       4873,       4873,        1,  1944000, d2775295c124d7e498830dcdd9c0225f101b66e1a54cf377ad8c9a72a051bbcf
0,       4874,       4874,        1,  1944000, 117db97be93df705c69d62cf4d7a1b624c1809f6266c3323c62feb67aba37da6
0,       4875,       4875,        1,  1944000, 94827d2028dcbe45fd2a6878e97d8c27087f7376797cc09762f8accab781a0b2
0,       4876,       4876,        1,  1944000, 94c0961e150896c978b7b0815c59e102f9a2cf9915a5604ee907421f7c2ad6d1
0,       4877,       4877,        1,  1944000, 5e1e6d310c49a01e9765172ae004b2b83db0e628dea584b781f312ad136ac17d
0,       4878,       4878,        1,  1944000, f00a57840417471f48ef022233be4d7942268052ac8278b552d8003fe304e4dd
0,       4879,       4879,        1,  1944000, cc1f0c7df78601920b08210af73c4e246d3137e6f6e8f1229a1a9716f5b76038
0,       4880,       4880,        1,  1944000, 7f8a5c54186020b8b19de22445922295517cbf5e6199d380e096473cead2adf3
0,       4881,       4881,        1,  1944000, 98c64f811bddf605a8ac3f4299f4607ad61095b3f5e460f5030613a45eb3e5ba
0,       4882,       4882,        1,  1944000, 16cfe0ea767e8da51d877ee7b421f9846ba1c40e0473dc7c8a2f4b53258e1df7
0,       4883,       4883,        1,  1944000, e55bb5cad1b3abe5a2b735ea68670834524476cb676eb6ff22882a7c6ff293cb
0,       4884,       4884,        1,  1944000, a05620b8bc46ab8f9a4cd0baa54079e5ba637748c1ac6ae38d90fd0a4f0b3442
0,       4885,       4885,        1,  1944000, 8234337c1ade4de8075f47e622b868f06cd45afc0f7acaa7e2f26eea24813c9b
0,       4886,       4886,        1,  1944000, b78ac25b73600fc0a29a2c4837faa667369845beb60881302751dfe0074b570c
0,       4887,       4887,        1,  1944000, aaddfcada900a579cf7f0a70729bfb13260f2ce577c19326eaea4f1afb897f50
0,       4888,       4888,        1,  1944000, 0fab2c5fed67c9ee16925996dba58136ee2d5de48b8451db5df1661abea1eef2
0,       4889,       4889,        1,  1944000, f89a3be58a6b6804210d228b4ea70ce79e10b1543c2739ef15d2867a02172a43
0,       4890,       4890,        1,  1944000, cce4b3c2449bcf17741d5cd18a2749447892f62c310815ae4b00c69ca902b354
0,       4891,       4891,        1,  1944000, ed35ce01afb648518318dd490234d8b5bc73fd3bc3eea9d37c94cc9423abddd0
0,       4892,       4892,        1,  1944000, bf84409f0b892f80ea4aa1888dcf99f6315ce512bcffe3bd93dd32411d36aa0d
0,       4893,       4893,        1,  1944000, 8775965091cb637406784317bebb164b7750319b6e282cf3e264f488b4e192d1
0,       4894,       4894,        1,  1944000, 8dfb004eb1ad90064d43795ed0f11944b74a9b28f0dbd7ea764238e0739ea445
0,       4895,       4895,        1,  1944000, 09ddb55222c2768592d35e126126468547c676001adf737090ce433f14e620c5
0,       4896,       4896,        1,  1944000, a2c9d8504a1695d121b0089c88e7644a301bd73c0d77af4459e0f6695f01671f
0,       4897,       4897,        1,  1944000, 3da730d8f45355b1b101a466e52c6a47f0368b544797a182880820b72d79c2be
0,       4898,       4898,        1,  1944000, 472980d4586e3097765d5787aaf1eea5c32db3784d38eb230815a2321823791c
0,       4899,       4899,        1,  1944000, f74358489a77726e95b8a358108cec7894e912d286cceed600213a5df9ffa7d4
0,       4900,       4900,        1,  1944000, 1cb944818082911c981d7b0755f8c192b6b6dad2cf94a6a687b3c6ea8c148207
0,       4901,       4901,        1,  1944000, fd27d8677b93441b9c1e4ce9e891c5c8d655ff3a081a6e6ded47c4310d146fbb
0,       4902,       4902,        1,  1944000, 1a7d6040cf30b42db630797dbc59bfaa1bba4dc7b769e2879ec2ccf8410d5761
0,       4903,       4903,        1,  1944000, bc15925d34c06b8dce15da18cc2af7270e68b5e2b01fe859467c1844e83eef05
0,       4904,       4904,        1,  1944000, 7fb7f4503744edab126cd5eeb1ca0b8079d67313ff7146eaa6a43cdbe440cbb8
0,       4905,       4905,        1,  1944000, 8fd7eb37b0afdfaa7ad2c9d84a274b6040ff9cfc9b6615414287bee63d246922
0,       4906,       4906,        1,  1944000, 43a857bf0f52affdf6fb56e1927dc3bae5be42c7fb23fb06218a388e68e083e3
0,       4907,       4907,        1,  1944000, 7c21a232ec49c0c099748834b9f1d3ff6327a10e5fef9b988833eecace6d5c96
0,       4908,       4908,        1,  1944000, 82bd23c06339f0aee2c08657f974cd7dd5ed7ad0b058facb5bffadb299b80d0c
0,       4909,       4909,        1,  1944000, 331ef445bae40a518094b80baaa513fcdf341070034dfabd41a779cde46525b6
0,       4910,       4910,        1,  1944000, 7a0e72a9ce578aab1bf9292d1e8fd9d929588e567364caf3ebf35eb28b261e50
0,       4911,       4911,        1,  1944000, f9bc2726437a52502ed28c08a5c6c9869d5cedd29a6efc0bdf703ddb2b16e384
0,       4912,       4912,        1,  1944000, bc0bbea964065ecf205afca6d8aef4c555279cf9e0e12840a47dba0da3280f18
0,       4913,       4913,        1,  1944000, aacb0ac618a4c2b42ce4fc0ff7b120affc50e6e16793c8ae6bbdb0f974f27542
0,       4914,       4914,        1,  1944000, a29165d4fc9889efb6ea113b29e66d0853e7e356afeb63ef8382d94e3898fbca
0,       4915,       4915,        1,  1944000, 8d4f7a76336fa69c72d22551ff44bc9a1abdb81b033b01997823c95e094ea039
0,       4916,       4916,        1,  1944000, 8b9158b23a58182c2687c3d3ce790e69f6a1e3bc04de63035a3fac90a54eecca
0,       4917,       4917,        1,  1944000, 5c2170615426a6effe096b75301027c5afcd706e6a5c639d382977ba2483f49d
0,       4918,       4918,        1,  1944000, a1503fba47ee1aed3af57b072ba563e7d2f5547ca68c17ea73738dcd56d1e9e9
0,       4919,       4919,        1,  1944000, e49d3b9ae181b2f7cec930c5ec1e7af6e07f8e01c7a9ac96f1e61836f58a90c6
0,       4920,       4920,        1,  1944000, 33fa485f2d6076f340d225a1d1cc61a05591ba74c9005e833e70200f9b502c50
0,       4921,       4921,        1,  1944000, d2e7255e6e7968c88686b3825e7e76beba4be4d93b5976281719dafa2f4c0a73
0,       4922,       4922,        1,  1944000, bde937a7b51a89b155da253d29037b647772f458e6a1f8a1e0e5e0cd5df06302
0,       4923,       4923,        1,  1944000, 8f49b46378decdf61edad105c89fff90a5a4c90f0ff6d629ddc3902948a66b5d
0,       4924,       4924,        1,  1944000, 4c7cf53a074151e60b0014b0c37f6e470ebbd17c30d584e0c3fdfb401c6f5c2b
0,       4925,       4925,        1,  1944000, 2392e6ccd00b2f7a7c9c53b3d0fb63d1923aa763ef6fbf3b8c74e20c995cc2b6
0,       4926,       4926,        1,  1944000, 7a7c5d6da31aedfaf669c66d42572b433aebb853060265980352ddbf8d6cd628
0,       4927,       4927,        1,  1944000, 950536ca0d3f655f92cb42abe19ab3c56a6a8d7d5497e910b169af51cf25a4dc
0,       4928,       4928,        1,  1944000, 1e350db2ecbdc93dd3592cbb185acc61637f8c23639f56556860abf5e07d8baf
0,       4929,       4929,        1,  1944000, 8b1ee84ee65843db0d1f116adb1d72267111b8c7482431cf8722b36917931899
0,       4930,       4930,        1,  1944000, 7c0a3fa07e59a42f3aaa62eb597b4a9fe379ac45fca9761ceb5516bcee402736
0,       4931,       4931,        1,  1944000, c6d21ce0877be3cad150f67ad61326770fbcbb25a1dc43552dcafc82753a1d23
0,       4932,       4932,        1,  1944000, 1e0487db37379a5c8a4dc28fbf928b1d51e07d84c22c5533112f9fabfe2e762f
0,       4933,       4933,        1,  1944000, 7dd7c6f32277693def16aa8f22ee1a60dbc33ea9d8a7c9162122296f7b56acf3
0,       4934,       4934,        1,  1944000, 9b6fd954f0a547347d2dba9c04647b71d3b6a37835bf494f366c0d85dc72721d
0,       4935,       4935,        1,  1944000, 0446a5084a2a504d665ea996a56112e79e228d5ba1542eb45e6b13c33d961b94
0,       4936,       4936,        1,  1944000, c860e01e493d64f99938936dce2794a5361a456d54a65387e4e7bd8f230da834
0,       4937,       4937,        1,  1944000, e68ba5f93ddf9af4983988e6980c90a1e8c1a7d715b07c54fdf5bc588865f99e
0,       4938,       4938,        1,  1944000, 3b8698d6915ca24404aeafec1b06860d07a05a1390115f6338f5df911bd34352
0,       4939,       4939,        1,  1944000, 9d3d907a33f359a063c7a3d261ac7238be7d13a87968f63f3e22adf04faf39a7
0,       4940,       4940,        1,  1944000, 1a8acc98e55d2703dcc95665837d1a1fd69b704d3d543d0065a92c0458ba63ec
0,       4941,       4941,        1,  1944000, 36e04433df338f83839289b5d835f87c73eec98e2a6b408c1f7fc5ae2df7a12d
0,       4942,       4942,        1,  1944000, 4df21d3d8654552afe4eecfd7e8cc78b918ce704abff8553804f94f4c40aeedb
0,       4943,       4943,        1,  1944000, 10fc328ec805bbaf96a2d736197b1701d883e5b3774841a9b3177ccee925a032
0,       4944,       4944,        1,  1944000, 7213efad240271e118577fc9332521a1a219d4f926160687be5000b9ec60e984
0,       4945,       4945,        1,  1944000, 3792c7e3bda66711319e76b6f38029f80df357b84671d870478bcd6023f86f14
0,       4946,       4946,        1,  1944000, d29dad065a170b761837033b13262c8d4e43d7656a11b80381a0640f293d3db5
0,       4947,       4947,        1,  1944000, 33b3ed94ec5d1172db7290b79fd60c7c8b5b004ada3537737f68dc115909bdb4
0,       4948,       4948,        1,  1944000, 001fcb8d2ba7a9418842f8dbbb673d2123cbcfcb65a2c14901048cc66a2c56bf
0,       4949,       4949,        1,  1944000, f873b3de24cc4bf2b210bbebda71c469fb0796fb4119a4d90a92c8ff87714b3e
0,       4950,       4950,        1,  1944000, f664cfec2f638f6ca07db3e887fca98b7ac1c7aec8d5db3429307919bce2f232
0,       4951,       4951,        1,  1944000, c06e4b47625a4f4f2fc478f4b1fbefba55eaa0c5cb272fbdef8df5b127d3a292
0,       4952,       4952,        1,  1944000, 0874cd393cea566784c9e97b23b1e02ea47df96eb5f95fde26e2f6f60edb153d
0,       4953,       4953,        1,  1944000, b1cfcfb61d0a67b4e6f8431cf19a8c259e84872d60e43eb79cc01e8c4510eef7
0,       4954,       4954,        1,  1944000, 5abedae00906aad7c74736f6f99b6c05c4c5eb9e4b591e8829dc20772dc899de
0,       4955,       4955,        1,  1944000, ce3299af15d309f8878cb78c1805e00a26ddbe2b172808a3b737c2b06e0d4812
0,       4956,       4956,        1,  1944000, 6368ba79a9ce0fe837cc79371548550eb73cb399c7cfb0ed0e7ac5e07803b02d
0,       4957,       4957,        1,  1944000, 39c263f5008142535b840d049626f11d858d47bab5463ab068cac02e783bc168
0,       4958,       4958,        1,  1944000, b0099665959b2f236c0b9a01b0d614f2c074d899c578c321e2da0f3be1497d5a
0,       4959,       4959,        1,  1944000, 59f545994ba1849343761b0d67f27204cfb8a216abfa0baf1110d88bc5093a59
0,       4960,       4960,        1,  1944000, 45da00bafb6fcfac9d3fac4e0e41e251290c54110cc6aa9723179f1f7f0c7ec6
0,       4961,       4961,        1,  1944000, 1670adff1c0288631f57e960d252c192c920c70c7c61470248902df8757d59cb
0,       4962,       4962,        1,  1944000, e9e0aab878daa8365a4c466e5e606f0c761c8539cceba06caca02bbc2cc8a401
0,       4963,       4963,        1,  1944000, 01813ed7953fc0e6a33ef35e09dd00ae28488ff8bf22c7531bdf6e00ebcfa85b
0,       4964,       4964,        1,  1944000, 0c3d2ebb510f75def0a6b3c4821de94e6bd0d0d3fa1421d89973f0c9d6810c4d
0,       4965,       4965,        1,  1944000, f250b857ff00a6747d87bf973b5557b01801c442b70a61fa198884c662f92716
0,       4966,       4966,        1,  1944000, 528ccc554804a0bca911d00f0ebd5ed23b042367bf054a73f7377d9d21de60e6
0,       4967,       4967,        1,  1944000, 6bd69ed9280db655a263c42acbf53c5a4b02c99104bdaa8c91c3bdbb904c8eef
0,       4968,       4968,        1,  1944000, 6786699e6385206fbd051e75abbc3f3214c7af479e90d7ab561fc20a65e0d10f
0,       4969,       4969,        1,  1944000, ff3e2d69e85b721442b5b7586846f0e7374012854fa126639eb2c8a47000e71b
0,       4970,       4970,        1,  1944000, 3f8481212ff12bf7dabc58d45f03078d77d7e098c80aafc6bef08edc23a1d194
0,       4971,       4971,        1,  1944000, ca4645b9b75f7afe21a507d0d1ef00ce75fefe581e686eb46901e4a165ea4111
0,       4972,       4972,        1,  1944000, 3601db37e4b9d36afcda57dc2505718721c83908bbffe1fb930cb17a77c9a461
0,       4973,       4973,        1,  1944000, 75890ca78f66a88a9e23e1b6ffab0ef16fc437c34c86632fcdf71147ceb2a798
0,       4974,       4974,        1,  1944000, f3d46ff8e27e79e9a1324e3ba57335a15b037960022168311878ef3bca5840a7
0,       4975,       4975,        1,  1944000, f1b17591edd03745ca4b34c62b22c876359cf147759c4fd55490fb839d00c497
0,       4976,       4976,        1,  1944000, 5fc333795276a4bc5d076f3c1bddde1dbefe284e8d8c6bee75756ff00302e281
0,       4977,       4977,        1,  1944000, 43b16a829c2eb90e9c4c4cf29f191eee58c09d6903af57f471c66103d7d9d25a
0,       4978,       4978,        1,  1944000, 5d3826a79ac291eed2e262c0bab8e6f4058e18897191298ffa18593a505fab63
0,       4979,       4979,        1,  1944000, e03c900b797adafa54e3a08e2b1770e082a0ce8af5043ed4468f86560e00904a
0,       4980,       4980,        1,  1944000, 313316d7330ddfee6e41f49088cf31753c8cb41ee18906c32782caad6bbcbdc6
0,       4981,       4981,        1,  1944000, 0c10967b775a95d3e0986fa59c1c7ae1ffd4e2034fe1abd60daab40ec8df7a65
0,       4982,       4982,        1,  1944000, 4234b932c5ef9892da91dc128ddf21d3f091ebbded562fccf8ffc4bd4ed703b9
0,       4983,       4983,        1,  1944000, 742d5a15891eeb869852f5451f4ec6860c7e11afd6a96fa57c5c4c43e78bb498
0,       4984,       4984,        1,  1944000, 11b94de9c1b6ee1ad0ab7c0fe293cddcf34cced51495709446b2f8e5cbad6eba
0,       4985,       4985,        1,  1944000, f0494b2f39231c920bfa9f67f956add2a431658c35e3abd01a16ba00d15497ee
0,       4986,       4986,        1,  1944000, 78c3615dfa1d8282061ed6404f773113b209a8b90d00618be5812bd114b32ad0
0,       4987,       4987,        1,  1944000, 2af6beaa3277b12e9944d7eb81d875e00d3d3750d9c8c53d6ab5435aa1961bda
0,       4988,       4988,        1,  1944000, 9f616a63b13b15bb5365486b8135380413261b03337c0bad2703e0745477920a
0,       4989,       4989,        1,  1944000, 5be3a16666a7430dd84b713877f23d55bed50c8735b68fd8c34f4f6d80bbcc8a
0,       4990,       4990,        1,  1944000, b1353408a683189a185284e45b3828c74015d5fd7f202b5f02912d85d330f56b
0,       4991,       4991,        1,  1944000, 69c87883296f5086983806682b9e61c2415d5b8a3b6b70291e891d33423122a7
0,       4992,       4992,        1,  1944000, 95acdc2e03719d3ad95a0b5d31f817cb9228fd8a2cd7ac331f724ef180b2120f
0,       4993,       4993,        1,  1944000, feba32bcc63c0b7d1afa76121d1f14794e9abf71148d22063a59a8648612fa03
0,       4994,       4994,        1,  1944000, 64133d0e31b4b6f0a870eda34feb71c1199383fd85a012903b9af0fc68f62efd
0,       4995,       4995,        1,  1944000, 0ec577957c3fa0582558100883adbad639ff85d93e5753c44baf522d2dd46a62
0,       4996,       4996,        1,  1944000, 638b986913ba1d597567789aa5aab02db2be45210fc6e9fbbc0ed1c48e5307f6
0,       4997,       4997,        1,  1944000, bf43b6716db3cd95218ce3ee840702f686a4efb6865b48401d2502563e11070d
0,       4998,       4998,        1,  1944000, 08e306ef42cde97855a8462f51cc525a0675182cf83b323f93fc77b3c70d1153
0,       4999,       4999,        1,  1944000, 43e102ab6eab0504ce1b5e8b54833bf5753f5f4a0ee48763dcd422aa917154d7
0,       5000,       5000,        1,  1944000, ff608567e58064d3a79b92b115196e32a3a7654b904333a4a4b0a6a1e166c9e2
0,       5001,       5001,        1,  1944000, 3968fea6e6d596d74a921b48a018e8ace643fbc97961c8663fbaf031d3ec6a23
0,       5002,       5002,        1,  1944000, 34556085174a58f5f77041af4bdd5bb3254ab7a9a421ca1f904571aaf5f59c3a
0,       5003,       5003,        1,  1944000, 13a18da29708f84a854e3441524938764a8f018ff37b80f189b32eb831bf0cfe
0,       5004,       5004,        1,  1944000, 5df07a30f25244086faa95779cc3277ed77f222f0411a5f6839630de7a6ecdb6
0,       5005,       5005,        1,  1944000, a96f48f8a16b3bd74292f54cce4833f487a5c9c9532086d2881b3043335460ef
0,       5006,       5006,        1,  1944000, 84b608ac77db2a3d5727a4a3d066d99b90363f3576771a7ff13f92ffb8733354
0,       5007,       5007,        1,  1944000, 236d081924ad52ca68177fd4506fb15b0ec813750ed30184fefb1c94c0c3b451
0,       5008,       5008,        1,  1944000, d9b1c0a19625457b2e4ba770c3a03865d47ea46cda149143259d92d0fb3cca7d
0,       5009,       5009,        1,  1944000, b75d251faee1682e0faf2d482472b076b8aa09575d9208c17272541f448fb5d9
0,       5010,       5010,        1,  1944000, 4d20ca4fb232b0c4eef35f2b814ede1688ec602632edb67a28c3cbfc236fb8cb
0,       5011,       5011,        1,  1944000, 0d34495a52615ca495aa41661a933dc9ab71a12eac61f84638adc0fc40765187
0,       5012,       5012,        1,  1944000, be8f4e2ef880cf8190b3d18dd38f99a85118f393416244371eb437914ff7fe5d
0,       5013,       5013,        1,  1944000, 58c0629257402bbe38dcad7d8c3bdab4ef1a8118b730cc28ca9ba5696e4ac18b
0,       5014,       5014,        1,  1944000, f5238b5e69e5fc664ee1908ffe3ead708fb9564de34dfc1cc71b6a56d5d706ad
0,       5015,       5015,        1,  1944000, fd4899a1140e467a4f5324d754ce4d5a2e809f0a3b03c1ee463898cf533bb17e
0,       5016,       5016,        1,  1944000, f8b8a85251a59ef0af70a2c3bcddc3aad5ccc6470fb766a3f5728002ba32730b
0,       5017,       5017,        1,  1944000, 62bc2bc5e8c312864e944c206ff32d7a48a81e0c0cde7674cf5100b2d7ce753e
0,       5018,       5018,        1,  1944000, 22de23dce831b6e049537e0d435ccc33dc85d6967251949d7d02143d87fb65f0
0,       5019,       5019,        1,  1944000, c9832f0523b5bb1f38f6c29d9a3e0ac637424ac84feb21ae6416b8d2b674a9b2
0,       5020,       5020,        1,  1944000, 14d85ea3a2afe1133d2b66a8515ae147c099f66a8eac6a438a75dd31b9e2a5eb
0,       5021,       5021,        1,  1944000, 0e04efb166cb96408ad024e426844375f3bb9af2bc3dfec6ed86ebbda0c1c616
0,       5022,       5022,        1,  1944000, 165dbf8e74bbb0c0f271a8c671ae0805428ca29b9db7ac3816aa43ba7bdf55b5
0,       5023,       5023,        1,  1944000, 0d4f7b109d767bdbac7bfe08b2387ff03f50715e816fd6012d005c5a512286ab
0,       5024,       5024,        1,  1944000, a4fd9d105b6d579dab70b05afa16cb6fda5e0a4bd48fd578b63775f12135aa60
0,       5025,       5025,        1,  1944000, 367a7e71a5e0b32e241d1cf019753a46c58cdc95614ed3c4dd6cfa10e31d5fe4
0,       5026,       5026,        1,  1944000, 801d348472830ceda24d8221dde1b6d3e409339d849fde7a662564665cdd3383
0,       5027,       5027,        1,  1944000, cf3caf784239e0c8dba1a491a8afcada3e35cab52143c6008dea9ecb7d5346aa
0,       5028,       5028,        1,  1944000, 532fc2928e1aa597aadfd0365217ef9303d15ed358cd6be641ce0231aa123fb2
0,       5029,       5029,        1,  1944000, 378c84e724763e374d6b985a12e0784a86371d9b1292e5e218e046d626f4e2a6
0,       5030,       5030,        1,  1944000, b0fda1144946fd43d372e0aeeff2ffd6e3fe2b1119097fca109b3150773ad3d6
0,       5031,       5031,        1,  1944000, 010e2be5419ba44ea9039dbab31acf473d627cc1ab0413bb272bb66835fdf592
0,       5032,       5032,        1,  1944000, 7a1b026332102cfe0fdeb4f54293613fb635ea8095654f8a0c15c121db163616
0,       5033,       5033,        1,  1944000, 969cf9dd50a68e5034c44948970829b67bceb362567bc3f8242f3b066a131ba5
0,       5034,       5034,        1,  1944000, 0eb19b0aa14294a13f32e482f1d919a807a985367a6ec8ec38c5eb7476be415b
0,       5035,       5035,        1,  1944000, 0eb19b0aa14294a13f32e482f1d919a807a985367a6ec8ec38c5eb7476be415b
0,       5036,       5036,        1,  1944000, 3b89d3137ed42471df31a3ce558799294d926cc6a8987d988706cbfc9d364e2b
0,       5037,       5037,        1,  1944000, 6d8d1af4a46b1f6952148a37ca30d6474929394a6d80d2893ef650c059739a36
0,       5038,       5038,        1,  1944000, 1ca139c5f9c5422ac7df0241232e8d3f542e052ba25c9cab528f8e09178dd11d
0,       5039,       5039,        1,  1944000, 25de37479af7aaa4aeb43d54faebea28cfb400c647b21bf4e4566661510771ab
0,       5040,       5040,        1,  1944000, 42ec7e75813bd3f59d1078bdafef50889067e5017dc817becdc18752673f4195
0,       5041,       5041,        1,  1944000, 92316c3285d349be8ad3151cda219bf7b943da175ce4669a98b0a38943112cc5
0,       5042,       5042,        1,  1944000, 033d88547785019c82326eaad671adc202172c631073e215e29bc0105b5e7727
0,       5043,       5043,        1,  1944000, b4564fd126f6f5a1f6f33f7de38c6c61815f37005cef7e34d9768681e6cd97f5
0,       5044,       5044,        1,  1944000, eca069ca1337ecdc976446d7c5123d73c2b36ffdffcea1bf980f58f2fafd6d44
0,       5045,       5045,        1,  1944000, b7cc9546434dcd881a3f01a638d9288ff60e7768ca8c62b95492fffa771bfafb
0,       5046,       5046,        1,  1944000, 6700bb6f1e36877741514b64f12778c09751b4473bbf5f3438c691363d9ecb4e
0,       5047,       5047,        1,  1944000, 3ab007eb4d857e5ef8beb13d2aa74e3b320ec9ccc3a02724187c523af8fdc8d4
0,       5048,       5048,        1,  1944000, 273a950432b081de0e1272792a3a7df193e117faabe416ccf88c869983ba5c12
0,       5049,       5049,        1,  1944000, 8cfcbf7b7cd02b7a3eff1e4e5bcdd3dcee921f909f3d9bb6f5560718c858503c
0,       5050,       5050,        1,  1944000, d62e72f79a6cd6690e8137492cb409aec4cb430104ef3372463a9605bebd19a0
0,       5051,       5051,        1,  1944000, fe35f2b738c9417946040e55ac837ecd23f8893e691c06a7c9278f0471b08b4f
0,       5052,       5052,        1,  1944000, a2722a07969b987e4207a37e71c10640024960555e805025f1efccdd8dab5059
0,       5053,       5053,        1,  1944000, 6daf47b1fbb82ad81bd1f6e2cf81b302767dd8c708b0367c490905048ac0a7b1
0,       5054,       5054,        1,  1944000, 7f9e7912493909733f31b8ed3620e423d35dc0cbb0d4dc4da20f65a0eede0d98
0,       5055,       5055,        1,  1944000, 9c4d9bea36642d1127ed7e12d96b43d9270c05738b64509f7b385d94e21badd8
0,       5056,       5056,        1,  1944000, 6878e123f48e8009d292d463240a95a99c565bbb6497ab96d6bd62a0212cf208
0,       5057,       5057,        1,  1944000, 69bfb68b46dfdb644dd8b2d278998b699348267bd92f47f26f38ecb282bb0871
0,       5058,       5058,        1,  1944000, 3d36751ead1793e0a7c5dff7645cda9f79a1648e9fbdd1147d7cf8cd9fc82524
0,       5059,       5059,        1,  1944000, d8227f06af38a320a8e8e8b08892fc78abfca99aa3777dd41f6e3a5340d8cef1
0,       5060,       5060,        1,  1944000, ec4f248d723d096e4f3564c053f9f40f74b5f45b1f7d14cbdd831de4758187b6
0,       5061,       5061,        1,  1944000, 3bc2af06b65ebafbd19b68f16ad9ad51cd5b44fe19299d1209b4141cb9c3c3b8
0,       5062,       5062,        1,  1944000, 9dc889a370afffc1a25ae3666f65c9f99ea37a8164a37805ee7d1d39e19b7493
0,       5063,       5063,        1,  1944000, 97ff2b3868f0861d8de8734d6955426888cbcf18e2475b06d7ab34ebb82e7105
0,       5064,       5064,        1,  1944000, f151026dabc84ad8f33389e021d0cd4a573f95aadaaaddebe8b045a6b91d23d5
0,       5065,       5065,        1,  1944000, 2fa4eee3153d16008ccd57a90151628b1382405c5f24419b40a45beaee7b831e
0,       5066,       5066,        1,  1944000, a41b94318474a2fcf7e1a141b857fa49e28f1c1c0319e30aebe509cdb889835b
0,       5067,       5067,        1,  1944000, f9ac6ea4554cb5339c5afc7c55f26d320e3f6a21c9915ae9a05283674f1d26b0
0,       5068,       5068,        1,  1944000, f7b5dd182b01485f4db86b4076945dfeb45c3e4c3114c003d3a4b95a1c0f98e4
0,       5069,       5069,        1,  1944000, e156dd30f3af8cb55950b57b265cb47ae4e98bfd933707e169c16dcb264fd0ed
0,       5070,       5070,        1,  1944000, 34c041e0b267d4a08f3a40ee5feb518f26eb739f874d993ae7cb84c9e47966b2
0,       5071,       5071,        1,  1944000, 7f496c3b5d5c0f9c7f6f5d2a1fe09ba7666f34d335f740db9539c25b903e4129
0,       5072,       5072,        1,  1944000, 52836cf0e0a966bd13c8849886239741671b00db34fedf19ce5ccd0facb0eaeb
0,       5073,       5073,        1,  1944000, bbf520179cfcffb524e5d36d3f520a818138332f55379820f170ff50834802a1
0,       5074,       5074,        1,  1944000, 416c16b48d8f923150219cec304443055a08d29436b7b373f26c17d3e0ee7da3
0,       5075,       5075,        1,  1944000, 9f44d742581019990d339b38f5bc6e02463c59d49cd159a6dd44c8330573303f
0,       5076,       5076,        1,  1944000, 2062c7fb6eb053e8e9afc6b9f4bc3e462b5889ee4a01d10265008be47965e7b4
0,       5077,       5077,        1,  1944000, 440c29cbd37128c35eac299e91f3a5abf95d0b47d93c15899778bd8ab6582eff
0,       5078,       5078,        1,  1944000, 87821a4f6b3e91afe052e21560bd64527a3f6795bfd5e7b2f2bef8cd2a23a910
0,       5079,       5079,        1,  1944000, 23248b59400ea9041207c51e6422ef48389445bedb0a361652e6232add9aed53
0,       5080,       5080,        1,  1944000, 0e10eb1ece0571765dc751e0f8c4159cbd1a10edefa32a3502777b492667b6d0
0,       5081,       5081,        1,  1944000, 2ade35bd7449ed747cdf0b4e895e730e0938fb73ef8be569e345ddf2f39f123d
0,       5082,       5082,        1,  1944000, 4f52d5367b38a0f18c87a539f1f07d49e9cdda21c42f1abb78e118c04ed3ed36
0,       5083,       5083,        1,  1944000, c24c5ba5618e6aca21ecb96c39aee15227ab8cb8ea996568d7875ced5cd31418
0,       5084,       5084,        1,  1944000, 5aed919dc7271c5bf0978643e8c1903500f8d9edd1cc366e3a07549cd229414e
0,       5085,       5085,        1,  1944000, 40e3e2a95bf893a257b41e780102456309064abc70772859e22db77a0b418d42
0,       5086,       5086,        1,  1944000, adc78e9a32237726a9027692ea69fe7dfe314a7266135e4b17fa5a1ae003e0c5
0,       5087,       5087,        1,  1944000, 2af3681d7458c8de3cea49ff290378c3c2a6dd111db9958a9974a510d1965269
0,       5088,       5088,        1,  1944000, 7e670617ac4e57c985cb0c37600e488ea7150bd0f2e2b5e9402ab6e6a6595a36
0,       5089,       5089,        1,  1944000, 17ed6e5d5e7a418066238dbe183977a9e1ceaad04e7874ee1729f094f685af9e
0,       5090,       5090,        1,  1944000, 060a5aaf1c833a30aefeacbb3147cebe5b57161ae61c48fdd95f70199a463860
0,       5091,       5091,        1,  1944000, 201b85b4645a1ef278b5cc13eb6b25dab4e212fc3f4837dc190fac662de43cf8
0,       5092,       5092,        1,  1944000, 183aa2156b4efcdfdf5eeddd0da645141f158d3fbead7db23daf5be6f818c1d6
0,       5093,       5093,        1,  1944000, e6ad0f4daea5473246c2fdccc1f1a1c615dfcfd5daabf4f667b2b36c13f09741
0,       5094,       5094,        1,  1944000, 9ab10dfb9599f807f54268695b1a1692a5a40dc1084f5ba9e55456e4182071be
0,       5095,       5095,        1,  1944000, 7220b57d62e28a13c990a07cd74552ddae1f1fb89a590cf62a1e882fe265d2cc
0,       5096,       5096,        1,  1944000, d2b4a69124922de9ecf1e735ace8d8c37bc517039dcc0210d35680f5270215cf
0,       5097,       5097,        1,  1944000, 76efe647728bd7d389e37868fdcd68cb32cc3a500f08ba85b1408da23a689024
0,       5098,       5098,        1,  1944000, ddf30beda6baadc265c037ac01f384e3922e2932fef8ea96c0716b034ac04320
0,       5099,       5099,        1,  1944000, d60ee16ca6a7086848908b1092f38ff1f18a00cd5c5d57bc4ebf77fbc4563343
0,       5100,       5100,        1,  1944000, 34e1da69cbedecaaca6d39f769a790ba556ef18bf97e292a3925d1f0e6ba5719
0,       5101,       5101,        1,  1944000, 9d48fdf9aeb797d8280ef1d31de59c0e9f9b3f5673c7607a4d88bbd467344caa
0,       5102,       5102,        1,  1944000, ab85ec2b260f1c30b851ea02133f1ab70d6b1843777d01bf524a6dad7fa1dc3d
0,       5103,       5103,        1,  1944000, 804a01abcd5112f392b6d3e0f2ec425bde73f58258bd5dc43dd52fd9a5ed32b3
0,       5104,       5104,        1,  1944000, a7d65fd79606484519e93db3e3f8757821f2420cebb59f1582ddd12954745a5c
0,       5105,       5105,        1,  1944000, a4ff0b7ebf79d7522c3f4b73f384f0e8d0c49548eae152f4a11156edda96ece4
0,       5106,       5106,        1,  1944000, 8b395022c67ee8be75094b09d78c79ecf03061fb625b7e4f77d50a947dad0e75
0,       5107,       5107,        1,  1944000, 14db8967e1d49c787f364d8f6861b5c9003ee5fb7a39e53af9feb725c3bd82f1
0,       5108,       5108,        1,  1944000, 50d89bb1212f8e9ed4c9d52dc418c9051b03f877e3ac0df209d2fa5a61709ff8
0,       5109,       5109,        1,  1944000, 4dcd37b8fb040ddd9c2b2bda1f0e0a9d56a500af5ce85846e91704d3ffab6df5
0,       5110,       5110,        1,  1944000, 6219e91eb2f2a3879dd5de2077309706a568418c72baffd7d2cb385e26c86331
0,       5111,       5111,        1,  1944000, 922b86fb28fe4cadde610023dafc2b7c94d558eb0e1a3d3078be01c20be03841
0,       5112,       5112,        1,  1944000, 4d9776e05813a75d2bf1b5d5e7a28223689cd0deb711687ed00a7c264a90d227
0,       5113,       5113,        1,  1944000, 2c0fef670861ba617a4f010aa868028dd12bb427210b314723319b9cf6b4e9db
0,       5114,       5114,        1,  1944000, dd90fb9265091d0f82bfa7e326d76940cc0fc11e3ecfeebb9c3fa7849ee3fa35
0,       5115,       5115,        1,  1944000, 3296d8a12a113d04c1cd17d7fa8da1f7603bbd0719f80aef36a6e094f65f4900
0,       5116,       5116,        1,  1944000, 52a1223e8e959d476d5b79248c7637c06324be5e7b2cf70840e34962db5d635a
0,       5117,       5117,        1,  1944000, 8ad6197116f54b871eaabde378a4075cc5f26bbec115d0936b736bef2c4261f4
0,       5118,       5118,        1,  1944000, 682f3d6ceee40e20260497b1343072271fdd03bae5d5e50d4f3fc0fab0126612
0,       5119,       5119,        1,  1944000, 4a0e1c3ad8b9f371275ed4b74a3ed1ea09fb0b09a0993bc5a1f6bf42d1ac4467
0,       5120,       5120,        1,  1944000, 98d9dd3d1c58f1d3ac9776452dca998c49a8efd69a923297f041b60a837561c0
0,       5121,       5121,        1,  1944000, 5294167bef7d666c5a6103a8cbea5e222f7f8e11299c8d45f8ae943ebdd47597
0,       5122,       5122,        1,  1944000, b60b22110fd1005e7f4e690cfe91b01cb22f40d2c8a4b067e2cd889abf5c5e87
0,       5123,       5123,        1,  1944000, 4fe3193c22bece1e20d73c0273e1bdd3145c27d6966b789dc9d26a3e924c58c3
0,       5124,       5124,        1,  1944000, 8e6d89e70a3a60bb6bbe120e4179f9d3bd087b1387c976f10f67986fba509b20
0,       5125,       5125,        1,  1944000, 35dbd6532ad2d731820fa951048c36fece91504f836c3233341256768c677f93
0,       5126,       5126,        1,  1944000, 57bac81c85bdae4b19d9f1defcaad04024e2698ad6499d48df0089d0c29d79bc
0,       5127,       5127,        1,  1944000, 3893c917ddab80886da238d73339790fcb8189cd085001abe7ab509b49f49898
0,       5128,       5128,        1,  1944000, 7c28a027ebb95baff0b2e5b973345866c05d7bd404cb263dd1adb012a751645b
0,       5129,       5129,        1,  1944000, 92d5dc9a93d7ac9b9d3a042c8ab7788448513ee23fa3777dd8e5938e506fd655
0,       5130,       5130,        1,  1944000, f20378da5c764a53e6f7a43ca542b19d2f0cab514635e4c58f53ce318f08e4c0
0,       5131,       5131,        1,  1944000, 09724672d9426480c65a3ce9d21fade19ef2bbcddae63be37514e339bc00fc80
0,       5132,       5132,        1,  1944000, 585d19ec8e1d74b59451c5c775a295e905f4ca52ef79e6fb1f6ca0e8b63e6045
0,       5133,       5133,        1,  1944000, afa294ae721095c9429f4cd1be69d21685e6a1b2aad70248045450ecdf43ba9b
0,       5134,       5134,        1,  1944000, db0894e2ea4f6d96a31a17e48ddbafea166f3302d83f33cedb50e39eb2742df5
0,       5135,       5135,        1,  1944000, 8eb590e24b496151e6ec5c409ab6616ffa16ed633e8f05f1e8814e062820cac1
0,       5136,       5136,        1,  1944000, 42707168fb8bec53b75850ffb843d875713c620f46f5113e8110a025bca637a8
0,       5137,       5137,        1,  1944000, 826226fdcd5943602253fc3e4dd5d69012cbabaf37e74298d00c71434af6c69e
0,       5138,       5138,        1,  1944000, 6f6fd2b88ec223565379251d3b4bbc77392a1c4c42c16aa603f8e97035506125
0,       5139,       5139,        1,  1944000, 134d9c29394f983943570c5070e180dde233774e14d7bceba72b8d1656e602da
0,       5140,       5140,        1,  1944000, f9d9b37e47ecc18a655250944504ca6f4072a4ca2744d649ff8b6a6805fadab5
0,       5141,       5141,        1,  1944000, 8f4bd55bb0bcd17d2da9b20f6e1d0625bc465fb3807b72c9ad24398f7c6d53c0
0,       5142,       5142,        1,  1944000, ce0d00951192993b45b8b8b6fb8d18fed0b3fcce486ea37eaf8c2118fcd6628d
0,       5143,       5143,        1,  1944000, 2ce0988ca71344bebc4965bd8a825cfd39ea848de54855e52c3ec9677289c0bd
0,       5144,       5144,        1,  1944000, 891aa7de6b3c094965e9be482461aba849f2645631ada123553ac7c5e8a7196e
0,       5145,       5145,        1,  1944000, 6d40a231855c9b5f84174ec298d29791ea235ef7857a84219f105c9e4ba9403a
0,       5146,       5146,        1,  1944000, 254a7fd920a05c60eef977dbee138f1a3f14f00fa8b964383004f50bfa9f9cce
0,       5147,       5147,        1,  1944000, e8ea006249420bb95fc0ce1b975e3fe3ec8b2cec4179235c25e20c61baede95c
0,       5148,       5148,        1,  1944000, 12bb04652f1a83bf522fa06c648b1d288189c889b6083bab054290e182f7b8a3
0,       5149,       5149,        1,  1944000, 30a1e435b095022b3b74eb1298b56ddb1c147422036d4bf7d0723afe2a79b4be
0,       5150,       5150,        1,  1944000, 182808c6ed34ceac3c440771b376fd50c0e94ff5732d24c007abfb467214a81d
0,       5151,       5151,        1,  1944000, e75a2c87dc5359cb52c785e35fffa1b2d48899e2294a96531d6956c9c2bac024
0,       5152,       5152,        1,  1944000, 925a0a7586771d6c510869fe32bb6917a7c05b232e4323c4cb20016c9d089e1e
0,       5153,       5153,        1,  1944000, 2a10021359a7c27d78661d6408042481524da32cd6a56769de66151878a8cc1d
0,       5154,       5154,        1,  1944000, f1a0e084682a82b158dc065aea3e61bbd89676aed02de85f0d8989511232ab85
0,       5155,       5155,        1,  1944000, cbe0756720e40acbb667f3bd0c832ee0c6cd845ed0057285e445cc27d8753c21
0,       5156,       5156,        1,  1944000, b4528a858472259322bbbf39d7fa9d12230c289062a9bee9889e41546a2237ba
0,       5157,       5157,        1,  1944000, 7c9aaface49e74660b62523401954ce38fdfb62b11160828bc47feb134ca760e
0,       5158,       5158,        1,  1944000, ad8c91b1a1522c7aebd475ec562869cbc98bba54ad6206763ba2e57cd0ea7063
0,       5159,       5159,        1,  1944000, 06a2bda259bdb2975397f4d9b32cb4a44c0f532ee486deecd2a8ad2dd70f20d9
0,       5160,       5160,        1,  1944000, ae36851322e9488ea50a0e3a8914aaf8d54f5d39502b0079b147c851a34a92a5
0,       5161,       5161,        1,  1944000, 8f18a22f257e128a9450bba89dcda63d0add7c1e38f91edddf67e67435ae2b30
0,       5162,       5162,        1,  1944000, daf54ec07b92d6a62bd8f7311e369bfc913aa33afee624cbcfdcae4a45f5cb93
0,       5163,       5163,        1,  1944000, 0985bf73d858363ab79c15a1a71050ea174a7167057e989f81767f1bb762f332
0,       5164,       5164,        1,  1944000, be4dff347a6c2dae22cbb8620142351180a99de74d1add786e0a16413073c57e
0,       5165,       5165,        1,  1944000, 659193311e79232038441cad7c315ba2a1480e006e4f3b4fc8afa1ffb4f75526
0,       5166,       5166,        1,  1944000, f9222250e05305be96b8442359cae6946f6c77f59456714fee66acfbce561daa
0,       5167,       5167,        1,  1944000, f7f9f86d4f700d745502fa4c3d836e579d6ecf8ed34f3d5b80172eae6d924d7f
0,       5168,       5168,        1,  1944000, ff80a2b78b4304db301dec45ec754443d183e182b62332b2750b6def2c11eb22
0,       5169,       5169,        1,  1944000, e396fa089cbdd5ee3b9553a353b9cdb4c6d2155cc2a00752e05bd39bbb52b91e
0,       5170,       5170,        1,  1944000, cd83fcd8b74c41295fd45b8b40c08b0b76a2163fc9c8dbbf2beb56aa7c8a9a6d
0,       5171,       5171,        1,  1944000, b045b607d6b3a0e4af531dc07c583bc06837b8aec7fb14bbae9b48b211f19e40
0,       5172,       5172,        1,  1944000, bfa3730c72e2ccc26e63060f0e53eea7b7aa36fc5b4fddc0044e048389486ee5
0,       5173,       5173,        1,  1944000, a5face7a76959e7535f0db98511a20710d799e78e430caf0303f8e6b0ea78a62
0,       5174,       5174,        1,  1944000, 8453aed52d756ae7e4b7d3310761f4b97a517558af8c7d299a10f58664084ba1
0,       5175,       5175,        1,  1944000, 2686c784593c4281e1b55a981ea325faf643aa3f5ec9374546478a762ec8d036
0,       5176,       5176,        1,  1944000, 18225f2c5aa9327e34e8a2c1b9c38a5415bcc81cf731e279edaf726645ac53d1
0,       5177,       5177,        1,  1944000, 6ea357a95537c65f548126fae280f4cf01512ee52c9069914c99c3cec3d15419
0,       5178,       5178,        1,  1944000, e302b94ec83791bd98806296699a4a1ee8a6c3f4530b327e631022358bf4982e
0,       5179,       5179,        1,  1944000, 30a5e7656826afcf071e92735abf910e6fd3a93d675d0498451ba8de0c929a7d
0,       5180,       5180,        1,  1944000, 331d71bd8a57d0b7f0e65428600dde8f3499872fce318cd788a00823392522ef
0,       5181,       5181,        1,  1944000, 7c0f267f06802772bf2805875169a495bc2abb7c5bd5f8846f9075651a46c92d
0,       5182,       5182,        1,  1944000, 2c38e769dd6ae57834c3235a3662626465f4b061e40c08569248709c1c60e621
0,       5183,       5183,        1,  1944000, 062b6c8e16fb6a6fa00854c63d2fad9cbc3b382ef6a38b67d1de82d99558a72b
0,       5184,       5184,        1,  1944000, a2ce5144c956dd7756ece6ecd3a58da65c539e4231e1e0bb1544c7edbffcebe1
0,       5185,       5185,        1,  1944000, 10c02b74073a4c043cd5798ca0781661f23bce4679dd1ebc172e4db84df615ec
0,       5186,       5186,        1,  1944000, 12ec4210f7309383cffa1d7eccedbd2cd319e96db6e622beffa9e55aec152287
0,       5187,       5187,        1,  1944000, 8177788c27c60c43acbb7d9047f59f1fb20d548ed7f926247227f4387bd9de0f
0,       5188,       5188,        1,  1944000, 0cf1e3948fbc63a2d448ec3e4bdfd43e9920b8b77b8795791eb7c38120ecf540
0,       5189,       5189,        1,  1944000, 22cd16b31be0cc21ba7cab755ca86076628cd5f7355926d1021fe82c72a82ce3
0,       5190,       5190,        1,  1944000, 489dd19725e5f50950f04a83f83cb5eed1ed36b048c5e21fa155e07b0c243b1f
0,       5191,       5191,        1,  1944000, fceb3c27fc1b4b757a993cbbad0b8833783ac2f812b88c7d44fb54ba90af4d55
0,       5192,       5192,        1,  1944000, 7408ab10efaa6adc67ef97417ed6cfa671f3064be62f756d08abf75f5fd6f625
0,       5193,       5193,        1,  1944000, 7f7ae7e07029fde7c84489e606ecb786a8d246dd890af56a3b173b9b93fb01ba
0,       5194,       5194,        1,  1944000, 20f68e4c3f266077293de28651c52241b787bdef7787091778c3f57722547ec8
0,       5195,       5195,        1,  1944000, 502f214a9fde3877835e7295387a76e93027708a0f274b23a5c4d280914e1b1c
0,       5196,       5196,        1,  1944000, c42bf56aa67cddef285a77d4dc12796eab5be7012aaeb6d0ed3c9604a66d4d32
0,       5197,       5197,        1,  1944000, 849c411e5ebe7c3373d8dcc55204ffa5570769f7a4a89655796d85945bf9f659
0,       5198,       5198,        1,  1944000, d0e1469f95b4844a77f6b9063d864be4ffa935e894dd8ea2e9f7dd8bac0254e0
0,       5199,       5199,        1,  1944000, 2bcbdbbcb4015c7ec4a130a0221202abd43f577e68af74e779822bc634bb97b4
0,       5200,       5200,        1,  1944000, 17f0a60311e55398542dd7ca8d8ce3ee8da8647397cbe1c0fdb9e25ee9bb2f91
0,       5201,       5201,        1,  1944000, e9577b2f66d10c030897a4f671aae0807f95330787d3b3e3dfbe6e0921ca3582
0,       5202,       5202,        1,  1944000, f3b7d007a170a47955ef36dfe77befca2f41ddfe74d8f25139f87287bc86054d
0,       5203,       5203,        1,  1944000, d7d054c3392431dd7ad4d84f2437863c5e834757be222bae46baeba389e1bd76
0,       5204,       5204,        1,  1944000, c0f31462f0261bab3443f952dc4a2a6ea7f5bc10cd7f8b6911c654a05f331737
0,       5205,       5205,        1,  1944000, da7fd07488738228729123711dc686a97ba5beedcc8b994535371d49a8605133
0,       5206,       5206,        1,  1944000, 70330a30dcc57fd4b1d24af2e202606ddb40ca703c3dfb3ed571a39611fd6695
0,       5207,       5207,        1,  1944000, f9f59fdac2548881ab561a405361d787e7adcc0466129b91255af7d432403a6c
0,       5208,       5208,        1,  1944000, c7af4d4854a6e687c26f69d809151aec31a558a159c8e3c6d54e795eaf335237
0,       5209,       5209,        1,  1944000, 5fa7913f267965a8d2f08c7e60cefbf3f52a862f395e3f77a75e1fe33a972d24
0,       5210,       5210,        1,  1944000, 4712af2374144445e201dceb597d0c9fbe2991b89a22be6ab34239c47bbfa6c6
0,       5211,       5211,        1,  1944000, f438a29ae7cdd487d08a878f98594008f84c37fa74d719bb2d652c1b163621b7
0,       5212,       5212,        1,  1944000, ad61e1722d99dd83378e1cb43ea44fb428848de26771cca037c1c40f384e63f3
0,       5213,       5213,        1,  1944000, 2e7c852623d4b43d6a0b3bce39692283f0cf3f55ff898bffed9028da12b6a54d
0,       5214,       5214,        1,  1944000, 770c139b561b19a210569bc16e9cfeccbef236ef74c2d3a7dd5d93df1c7f0714
0,       5215,       5215,        1,  1944000, 312871fa57b728d0c97eb5759f17c5523a5a7044cd9478d9c306ed03dfff4e6b
0,       5216,       5216,        1,  1944000, 3fa38392f50c9d52a2d336a4350b978b298860c48a13f628f4e74b19a4de9ef3
0,       5217,       5217,        1,  1944000, b70c9d7f5fbc8a5713938294e7338a6247fcb00b3de43a5e96d29a1b499c10e4
0,       5218,       5218,        1,  1944000, d0681f1eb4e3ae2d7978511c8a773d3c89ab0737b0e811f7e8038f7e16f6864b
0,       5219,       5219,        1,  1944000, 71875457e72f03961fe6111b382ca055517deb7ed412ec8473cb4926af72170f
0,       5220,       5220,        1,  1944000, 9db414d8230d9b4729e9cd8b279cff2cbb8e711fc4b5bad89458e39dc5162288
0,       5221,       5221,        1,  1944000, 50582906aeca4d87460603207e4e148b1317f2ca8a48deb7eb857f12722a7b7f
0,       5222,       5222,        1,  1944000, b91db45acc3c9a0f88b37b33c849427207c13c8b683159477034a9304ac19b3f
0,       5223,       5223,        1,  1944000, 4a5f7510b9a2b312446eca5de6bd5ff5000c767fe21bc638b74120f146b80e2b
0,       5224,       5224,        1,  1944000, 35c79ccd2797ad2fbabb105a501ee201c054d5c19f9b223a35d6e6851272080a
0,       5225,       5225,        1,  1944000, 2639a1dc8d12ddd33c4cccd94fbb37dd24e04d817eac124f750188effe22a3c1
0,       5226,       5226,        1,  1944000, 10d399ac546b3a4d70f2bdb377b3502b8d5690b02574e3d0450a3e8c9dfa3c09
0,       5227,       5227,        1,  1944000, a7386b4dc8dc26c13d6e6713571d7c644d4f6c648b694e6d605e7e102f087677
0,       5228,       5228,        1,  1944000, f521cefd67cb67a581a13fe4014de560296ee886f59adebebffdc98771cb083b
0,       5229,       5229,        1,  1944000, 3435f57f9f2e39452def31e8b2214f9a0ae80c1d9f46648022a0f35a6416151b
0,       5230,       5230,        1,  1944000, dd301075a8a7022cfc55959b4d1d6dc38982b4c377cecb90e9e4d6e1767f8ce6
0,       5231,       5231,        1,  1944000, c33e152c3788f665f56cd7ddd1fd82b4b9373011321bd4444b84b26346fb626f
0,       5232,       5232,        1,  1944000, 7dfbf4357fcec56add1fcd8f5e8c5e962d7190b50ab229a20a0ba9d963db9692
0,       5233,       5233,        1,  1944000, 09b375f56403844e2cdf4d8eb2495af5d0b8bdf6b965b14b65ec85e8442d899d
0,       5234,       5234,        1,  1944000, 3b6e5793f9e2a5d10c881abaf4cdf7993ce65ea9ed5c436126a5786863731df0
0,       5235,       5235,        1,  1944000, d8df5d35d7339bd75ba8414546423886265d3e4f063502590b512a50b57f41d0
0,       5236,       5236,        1,  1944000, d63b87f2db2241685d5b3f18d7a8a87018f219ccab33e0cab583bbfc0c282d5c
0,       5237,       5237,        1,  1944000, b5275f93b0a6f116ef919a1865f0e9ca0533f34282fde6dfe7ef6bc514542ee4
0,       5238,       5238,        1,  1944000, 78bb9f85df28b846c3d43653c9d76564e4c5e9766faab8808f153c8c76a9762e
0,       5239,       5239,        1,  1944000, 28b4c440aa1221fcb70d3d42e8337d33e0a356756643d4bc87ac94ac069556c2
0,       5240,       5240,        1,  1944000, 1271db85085734aab39218a96c52d7b8ae56d25d926a9d4b2886419c4df046b3
0,       5241,       5241,        1,  1944000, 7067eef5532f5c765e88e29dbeceb87b84568d244f4bd797031c1be2ba5d00d1
0,       5242,       5242,        1,  1944000, 4eb210cca733aa565f5c7441cde5ce5d5093ea7265cb984311c72b2c591fe059
0,       5243,       5243,        1,  1944000, a5dcd61caf1161d290b46fd124732f6d4fd9c8a316c3f0dc58494854af3813a7
0,       5244,       5244,        1,  1944000, 494dde827fdfe7adc7ce246b8b68dcc0fedddeeafdcf20c28458ee6430940c0a
0,       5245,       5245,        1,  1944000, 6021d596755db125573495dca75f3b7c400282f99df1bb749cae873eefb5e66d
0,       5246,       5246,        1,  1944000, 9017b9719eefed8e3a719d60ef07fd8079dcdf7af31388d165976496a2aa6cff
0,       5247,       5247,        1,  1944000, d1c41ad104a8bddbdba6ff918fbb6824da7317470cd54d18bd1e9eec8e245f26
0,       5248,       5248,        1,  1944000, 2ff352639813acf93ea27a9e9f22e81ba0f5ea08c7c7b6a53a515da123451377
0,       5249,       5249,        1,  1944000, f513dd6618abc322c49195bcc5676a8bf2fe624515ee5d61b87c8d7e3bfe32fc
0,       5250,       5250,        1,  1944000, 02fe05df524cd9cd9bb5f0d08426cf341d923f8ba2932f0c8516c28f2a807b39
0,       5251,       5251,        1,  1944000, 3a608ab488fdae6f2b5551eb22edd7bc51b0ba9509068d4fc1833d512ce77009
0,       5252,       5252,        1,  1944000, be871093bfd099f187892c6f2a9c74740bb1686d7e8026f8d18e9501bf64cd0f
0,       5253,       5253,        1,  1944000, 53f3884b5dec665da27ad8a1ad9877a1ee8e8610441b335118440c9fc01dc336
0,       5254,       5254,        1,  1944000, a0b9172793e7c477c5a234a8f7bafa34fd5cd4dfb3c79ada4032056c8fdc6640
0,       5255,       5255,        1,  1944000, 0f938787198aaeb02248f667dff4a472101fada4d75a57608d5cdf93f66e18f5
0,       5256,       5256,        1,  1944000, 25f3cab1c94691d740c9bf4a06b999ad96212d7d49c19a016296b422016c5c82
0,       5257,       5257,        1,  1944000, c51a580e8f3fecba3ba261219473a572ce594615a627ce9e163395cddf47194f
0,       5258,       5258,        1,  1944000, 459dd6607d57d396aded31ed459388f426933b937d563d5047711cefc10be70f
0,       5259,       5259,        1,  1944000, c9e2d744bed02db9cd4d4b3b81180ff1692cfcf5ede7157cdd924d55c7fdb33d
0,       5260,       5260,        1,  1944000, 50220b2dd9184d7a263512188fe39b7d0c64f858fb806298da941e913ae9deaa
0,       5261,       5261,        1,  1944000, e24e6246e94f3c0a77f1e492f08144832865f8dfd3da8dedf52d3f939b8fe412
0,       5262,       5262,        1,  1944000, c3ca1a8605fb479cec661cd65f3230e5b850cefd439d7be85a08d66e8aa4d322
0,       5263,       5263,        1,  1944000, 2a6b48a22da0ac06d45a30836c23522bbf21c027d181050f28a41c73a3e3f6d4
0,       5264,       5264,        1,  1944000, 578a10d2c72ccb81513c4389b841cf4e74a1f9b8761de5c2c3957425861143e9
0,       5265,       5265,        1,  1944000, 42648704e8e03bcc976a20e01eedffec75a1462155ebb76785a997032e533126
0,       5266,       5266,        1,  1944000, 51f91e58e7a45a40aecf07cbbfd2b1b8760ecfb6a4f8e7ba936663f217101cdc
0,       5267,       5267,        1,  1944000, ad0b65823a9de4ffc4f35b09eceb5dbe2551f81ce7c79112d84df355742342f5
0,       5268,       5268,        1,  1944000, 0c16e5ab22876254553c34ad7cb3ec576fc55681564ebc02daa8d83884e6c4d4
0,       5269,       5269,        1,  1944000, cd0ec31637c6d2bb7aa01b004435a9276a39c9ce50497f6631707bf8d4a9c378
0,       5270,       5270,        1,  1944000, 1678073b51a4a7e69b1e4c114fa3bb163529d1055085c81d81bdb1cc4d0eb6b3
0,       5271,       5271,        1,  1944000, d24b37b889c4f754c2f727602e68ae732b1b36a445c96b8975fef1d8534a1f08
0,       5272,       5272,        1,  1944000, 93f3b294fc5fe63fd891a3ade37da160f0b85a7132ef119dae7190553e3f91c2
0,       5273,       5273,        1,  1944000, 3ee78cab4c4533080971003482b8f3cf526289ce033ab31f4b3d732c1b9e0a55
0,       5274,       5274,        1,  1944000, 1bb57d53c0fc47d42b1d722d46e72748f45b09623a37f0baf150053455a1c950
0,       5275,       5275,        1,  1944000, cb2176b3643fcf5f827c51de3b0f24179972341658dfbf696995a73fd1ba4410
0,       5276,       5276,        1,  1944000, 1eb57826ee43c8947348b65e38587a737f8060e5d07daa33d4e1445e18a90694
0,       5277,       5277,        1,  1944000, 021b1b4da0455d61cc8b8df46697373afdc6aaac8007cfe5dc174a04bb3f4146
0,       5278,       5278,        1,  1944000, 7f76289fb655cc6b87cd190862ba4a7454049a4d712262acf17435dc6665a372
0,       5279,       5279,        1,  1944000, 6a3bfd4f00efff583994a3c7a942b0dbc5413d23fde401a52a8a2d4d6774b584
0,       5280,       5280,        1,  1944000, 2af2a6ab8d8f474c9a3e6626f815c7f452e49df3d831c04f5016839bcf40eab1
0,       5281,       5281,        1,  1944000, 9a67dbfad1c809560a0796f0afe8b81a0235d9ef9bf64d1a899fd1898a9fe877
0,       5282,       5282,        1,  1944000, 8f8442fd47d4a0b8bffb3716cd5f2109ac7f58c3389ecdded8d00aa8d478c157
0,       5283,       5283,        1,  1944000, 16c9500af26ba4dfe9c9eb8bb9ab5a555a97327f33ef000ea7f561a7afca516f
0,       5284,       5284,        1,  1944000, 0c2d810e2f32c46e0dc311fc98d6f726ad456869afdf8d48da3ca136af87f785
0,       5285,       5285,        1,  1944000, 448f1feb51c79a0152bc3acc355d85137e87882410b12633c251a2d25b14a2ee
0,       5286,       5286,        1,  1944000, 50a1851512d89158f5783f05cfdbef78e396a57a9c38fe7a2853ed70fd2e092b
0,       5287,       5287,        1,  1944000, 76b3fd6bc9944a4041346cbc76a4a95ca085271a5e5a1cdf64b9f47dc710e98d
0,       5288,       5288,        1,  1944000, d26abab2b53b5a4978cc63c1acc5a6b523c97182092c53905adf32a8bed207ee
0,       5289,       5289,        1,  1944000, 90870c357d6a9eed210a92b472857aa29da5dd85f3b82df84d0bdc7bbb61cd86
0,       5290,       5290,        1,  1944000, 3aca3aa73cba14012f1bf7477d43406f4a0fc2c8d7324c4f5c961f649b232ade
0,       5291,       5291,        1,  1944000, fea86ef65a4ff4b4dc56b7b641a0858c6c50ab4970a5f3c9bee6ba62be676f0b
0,       5292,       5292,        1,  1944000, 64b01f61e12a92c14faa9814abb9208f0313f7841a5997a3a7301bf6a9f4e4c3
0,       5293,       5293,        1,  1944000, 769a329abc5ad457d5375295a215cc9cb3004965b9750a5d6e378c14cc1ab896
0,       5294,       5294,        1,  1944000, 3c5de70c2f48d61ac597cad88fb57b38fd12350b04724b5fd52e97894612c539
0,       5295,       5295,        1,  1944000, 4c328ce412ff3990317de9417a60c6283151da0122a641fb9ddbf076b1b41f26
0,       5296,       5296,        1,  1944000, d63e9f7cdcf2b2391eabed380c1a6790f5b2757c7be62fcbf2e73c964f3bbd66
0,       5297,       5297,        1,  1944000, aa43ab17083d0eb3cfe57b03b852487809f875e52f9aaf25c88ed78017ca2d95
0,       5298,       5298,        1,  1944000, fd42909e10706afe0309a0e022b2280ef3dce8de80deff7fbc1d922cd4702ff6
0,       5299,       5299,        1,  1944000, 435e5764f0aab990c6229a983f7ae40d112d9045f3f1cbdbb096b206cc2599af
0,       5300,       5300,        1,  1944000, 0131b6807b6eeaaeffed20016d246a17aee6434f9005aaba7a01e21ff8409e3c
0,       5301,       5301,        1,  1944000, 2965327e1a00cb0b6d6ebdbed2bba818cd0c89649f00f571c19c0be781e96db0
0,       5302,       5302,        1,  1944000, 69156bd317b58ee73bec12ae831d43648ab88695344bacad16c894f119807e32
0,       5303,       5303,        1,  1944000, c75c946a596b6e33ba5ddef17191b5044c876df48ea62ecccb4f7dfb8c412993
0,       5304,       5304,        1,  1944000, 4a7ec30b5087e9e6fa2b1c9d9599388c09a0b61979a53c1cd484ef9371bcd315
0,       5305,       5305,        1,  1944000, 3fbfcee4c66fb3de0f4f32274df031c3c65b27bf339e482a408b394a7a9ae67f
0,       5306,       5306,        1,  1944000, 6d7231cec8ad5ed4ba0ec523efc8da48826fe6d983d778790c44337aa1552def
0,       5307,       5307,        1,  1944000, 528d20348e633f3e1788eb4ad400019c427d23ff81a0e793afdcea61c66fbc0e
0,       5308,       5308,        1,  1944000, 3da138677cafb4de0f581b9f6d80a16cd85d67f78d2b697efd84cd32ec55de6d
0,       5309,       5309,        1,  1944000, 4e04b184c9604b93e1a2223b201b58cd6d5d265142f00d46d2ece7942680f463
0,       5310,       5310,        1,  1944000, db5c452d29fae090db8cd9150052373da1297227d475e80e3bfbc7637fc956f1
0,       5311,       5311,        1,  1944000, 26b82a72aabe0b26e6fad341d9642c1ec0e40a9d897a89b4e60bc7dc5b835093
0,       5312,       5312,        1,  1944000, 077a27a2549f473aef5f850c89720e90a7861b2c6a185f52bf56f55247fcf2ef
0,       5313,       5313,        1,  1944000, cd29f3fa11e731719d3a1224f0adbe1aea13989e139f6977f8ffd206ee0f8070
0,       5314,       5314,        1,  1944000, 348f7871ebdaab1077ac8503feeec8b90d05b29f08a18cc8c5d9b63ecb0b7c44
0,       5315,       5315,        1,  1944000, ba0fb649051b85928f700d1b22783ae0d92bbbbe0996b7a898c24c2dc2ebe566
0,       5316,       5316,        1,  1944000, 9782025e678807e45e1ee00ca77673aa81d4e85b673d2fa588ba8f63633a92ef
0,       5317,       5317,        1,  1944000, 308e899b5810d75de1df51cad35eab6c5e6d3e72da0a7d9076b2ea6688326eb9
0,       5318,       5318,        1,  1944000, 596bb9ad509ee6b525fba527bf9b57cd467c08855a36879f5c4e7d3970db8983
0,       5319,       5319,        1,  1944000, f2c1a30db170e523d77e4005a4c17d3525c4eb62c1ff95a6386f3fdfefcdf5e1
0,       5320,       5320,        1,  1944000, f2f301cb3020c8488a4b10e803858a100895fc9cdc72c9a582dd3db76385dd02
0,       5321,       5321,        1,  1944000, 5f2fbe332382d53df33026f11fb9e57c91075cdc66f155e7b4709a5f1a3df19e
0,       5322,       5322,        1,  1944000, 81d1d6b05650adc37f592252279aa2e47d27e353a3a762bb3e208c70af0611e9
0,       5323,       5323,        1,  1944000, 32a6b2d78678ae70eb932a4050aafd64f8324373a5863f59e31c793a903e9c2d
0,       5324,       5324,        1,  1944000, e87123345b99a886ee85d1728d2cd9693cc946a74efdbd8d345c804a959df11f
0,       5325,       5325,        1,  1944000, b4abe62a0a96b4aa57ea3157e0645f67bd053858ac34ec2c992ac20322d561e5
0,       5326,       5326,        1,  1944000, c173cf0c9a019dfc1633c0504c106b73ba341df2347ba3b7958a42316df51b82
0,       5327,       5327,        1,  1944000, 6bb53f20196e7bbec3695697b6f09895307872432ae53a119c9ddf91f9ca314b
0,       5328,       5328,        1,  1944000, 7b4c7f7cd11a12119ddeb62168ef8132bc370834b040cc687b4df5757c907d4c
0,       5329,       5329,        1,  1944000, 4b9762ed32a2e418081c70d3c151928ccb001e8fe21b288a68ab797025d4b77a
0,       5330,       5330,        1,  1944000, 8afd1544833915ddf11e46252e71d3bcd4a5eb2a82f2652bbb36400b05870e93
0,       5331,       5331,        1,  1944000, ab3d047d54dcad6c0a6086c964c842fbba901f68802195e98570818605b2c3a9
0,       5332,       5332,        1,  1944000, cddc36fb165df6ed0be6d15cbc430c19b2633a77f001572e4363b26ee2b9bb32
0,       5333,       5333,        1,  1944000, 6b2490baeddee3c98b0d882b6968827e9a331246b9c7cbc77e077cd5a6244cfe
0,       5334,       5334,        1,  1944000, 9eb5557bd4e253f6158a5fc2e44110cf48c500cf48891e791db0df9937f6f388
0,       5335,       5335,        1,  1944000, 332b27dec4f01195d341b7b41a72f3119f3e6b472272ba71f640a0af297bd600
0,       5336,       5336,        1,  1944000, 90dfee8aaf52757095566c7df03d4c6095266ecba130ef5e09065774c7b950b7
0,       5337,       5337,        1,  1944000, 40c84e8cef6babd41956a8bb49b146483e994afb33b4c5854d1aa226150ceb57
0,       5338,       5338,        1,  1944000, c04f716f9960191902242056d3e703131f02cccc43349d3ebb5bae2edc38ccfa
0,       5339,       5339,        1,  1944000, d4a35859b045eed24a8a880b189aaf786df0ab82097adcee701c9d2606eff28a
0,       5340,       5340,        1,  1944000, eb5414a131a8180aab6e535278a61fdc137bc73f9b7db807db236009e46a1e0b
0,       5341,       5341,        1,  1944000, cdd2bc031f5c18ccfc02e8201f974fc34e6fbf6722cd41355c15fe5c9315fcdd
0,       5342,       5342,        1,  1944000, fbcf4f63765beac66295d9504224c0ece42f7471441eb45a3856d30a104bc70c
0,       5343,       5343,        1,  1944000, acd04f3e68e3293f639a7f3aa7b7b1c9047e02daeb604040f1d6f621013f3676
0,       5344,       5344,        1,  1944000, 81ec301a22decf0ea8fb2c31674574403bd950b6499e98554e2248bb3aa0665a
0,       5345,       5345,        1,  1944000, fa6300904ffba1b29cdb2217fd7024f9d7d45513887a4b8dd1f89563a2f05fa6
0,       5346,       5346,        1,  1944000, d40d4ebbbadc453db1aae4ab7954020b5d7a6ec89dd70f4b588fe2712d9a6916
0,       5347,       5347,        1,  1944000, d18e8cfc6e953926109e559e9b2464e3fc8631500cb04bfe86c9641914aa6063
0,       5348,       5348,        1,  1944000, 3fe19a0dd8ee76174eb6ef1d41d0bf0c6f07354e978bbf5995f94c56de92c4c6
0,       5349,       5349,        1,  1944000, e55fa48298143ee591008b34aa086d6f6a967221a25c128cb1a5c9f9bb199f71
0,       5350,       5350,        1,  1944000, 0e7f22a3acde719e665ac26bf314d4568919d4dd22e60d74dbb452cb8a95441a
0,       5351,       5351,        1,  1944000, 6cde2844ee0eeedbaf5e353ea4cc69a73d62ad06c606fbb19a87506b1d1baa1e
0,       5352,       5352,        1,  1944000, b2e9b381f2ff217987d997be66022a5310012f55dd7dbe327f8f98df182eca4b
0,       5353,       5353,        1,  1944000, e57d57a17efec221dcc29815fd6799a25817e62f86352f5be98f488013d919f6
0,       5354,       5354,        1,  1944000, 279436cac34609d8d768006a1e5b4d6369bf15864101b7de07f92e08d3d5e220
0,       5355,       5355,        1,  1944000, fd9b9d5ba8aa4d0d776d7791c736d3a362cce389d0371690807f69c398c027b0
0,       5356,       5356,        1,  1944000, 32e24db4aeb7aad1e04e55284b431aa52796bf5a63db7a614104e9916df41c23
0,       5357,       5357,        1,  1944000, a537dc6cf5f39062bcb747708452c01d043d2f20b00ae0dbd0bc11604c58392b
0,       5358,       5358,        1,  1944000, 5cb06bb8581ab159ee539db4975f5f0fa4b55c4d5f105932d077e7b4cf033d10
0,       5359,       5359,        1,  1944000, 81c08b1fa13e30ca3013110af768751f096a3f59f38a0dbe77ef04a520a040e1
0,       5360,       5360,        1,  1944000, d1b91c01b13a3dbeaf8d9516ffc1befd4a53c13e2c36b32384369c0003b74b6a
0,       5361,       5361,        1,  1944000, d7926955b42092b359faca185ba8603050718308770e953070b659847bbe4444
0,       5362,       5362,        1,  1944000, 5cff64ee7574f1452c3acec8f82d251cbe61d62d44c0ce8a809ed30f561dec7a
0,       5363,       5363,        1,  1944000, 58a95e091073af28f3544540f4c32207ff53f755f732eaa5953924430a1652c2
0,       5364,       5364,        1,  1944000, e4b1faba610963b054c2545222348926430be7e36f288bf3654cbbc58b61f4e7
0,       5365,       5365,        1,  1944000, 7616cc2ac36984b6236111dc0c6500a890aa6209eddef5dbc4cfc0eea295d79c
0,       5366,       5366,        1,  1944000, 216c3d26826e0be378099c29a4e78a6b15bd4cae66d3cc31a2491b9373f02703
0,       5367,       5367,        1,  1944000, fd8c9a7513ae1147345deab2f39fd0bed58a9107390ad5e7b9d96ed78c301f61
0,       5368,       5368,        1,  1944000, 90769559ee8a2a5da8665abefb2e1176219c7beb31088f8a7dd2f44836d75bd7
0,       5369,       5369,        1,  1944000, 9348e5668893bed9090106392b849a83910cc67473505fdc3cb899b3e561bf54
0,       5370,       5370,        1,  1944000, 2b9831effed6dc0ea964396e46cd20a7f716f1e3fc8ebd7436da8c66f20cc7ac
0,       5371,       5371,        1,  1944000, fed6432b697abb1f52b16f2b1800941b27cf9f3506ec1b9099476679b34fcb84
0,       5372,       5372,        1,  1944000, c2cf20f03e68c62ffadb39d91d6fb7d8573c63645da894aab4a26602af0fa5d8
0,       5373,       5373,        1,  1944000, 38b170dd9b49bd9c3f11dbf65fa7ce0ade4b08f74ca705426b16a139efb4254d
0,       5374,       5374,        1,  1944000, 9e7a0e08885bb65a542ca74b99744c28afbfb85b296655dba9b0531650d05157
0,       5375,       5375,        1,  1944000, dc3ff2b9a69cc5935d4e1a585e79a0909581981c5b775735cb7004a15f017d77
0,       5376,       5376,        1,  1944000, b7734f92a37c35fc924ea66da046ddd80b4cb3fa789261b45f3f3e3b6cae740d
0,       5377,       5377,        1,  1944000, 7a9e7e6e98092cd91c9e0b1243ab2b135d30d8054c9eed0410109486173f4411
0,       5378,       5378,        1,  1944000, a9de20a96fab5d9ecf5762ce2f6fd439d2fd25a4083b677581495ee8251335af
0,       5379,       5379,        1,  1944000, 42aeaf75c383d9015fc549afb79ea9b6314e34a2684f8e76358676f02cc93123
0,       5380,       5380,        1,  1944000, e6e18417510ce395c56c049c3fb04ae728e41ca296a7524a120e272cd03f1569
0,       5381,       5381,        1,  1944000, 0dd0c83eb7d60154272a4546f3f35bdca7426fdbe14863d27c42bb1a6bc0e1a7
0,       5382,       5382,        1,  1944000, e05fb88e21dcfd22f6dde59c9275a42aaa8bc62f768a754169fde4cd124d4a10
0,       5383,       5383,        1,  1944000, 10da1dea4b8ea1a1da35365308f17bd5e9274a4001295442c651aea6969c0fba
0,       5384,       5384,        1,  1944000, c3c3d91b1a5aa11731adaa1c7865ddfb81ad8bc4970ede2c0bd78af60bcb8ff3
0,       5385,       5385,        1,  1944000, 2101234a2c5febde1ca146fad46d77d704752058a0bbabd74285500fdc36393e
0,       5386,       5386,        1,  1944000, 7c66c0ef3d585dc0ba2672e25a0f6d00db8ea4f10735a03bfc146fe4d0b1b88c
0,       5387,       5387,        1,  1944000, 9191fffe4ed538d3b16583830844c11830e46d456e1a08fc1ed96681b6faec27
0,       5388,       5388,        1,  1944000, f68c5931a9c9788a48176169af0a539d7af3ee9db393531ed50b4021d5b43660
0,       5389,       5389,        1,  1944000, 678340dc266004f26a4ed0308ecbba49d1569f42147e77fe7d9be4803fecb569
0,       5390,       5390,        1,  1944000, 44277a2cb676762c13c081017384c6af9d0c4a2d7108ce82b97f719342ad8e52
0,       5391,       5391,        1,  1944000, 88dc2a8a7721a349b5bcec7228176c597c78e1bb77fc56c1da5f3ee885cd6d0e
0,       5392,       5392,        1,  1944000, 08d3fd9a61a84f17159225ad7f3541ef6cba1475ba6b3a8693407dbafbdecd59
0,       5393,       5393,        1,  1944000, 95ad4b5a48b541c76bf8efc2d0bbdc7575bf8d17c8884082389e70457ac929bb
0,       5394,       5394,        1,  1944000, 3707b02c3162f33c08d54c2b72e34581ad58b9c2ddf805d89801bfdae7ce0da1
0,       5395,       5395,        1,  1944000, 9b4425f0249976bc8f2f814145bacc9ba4981766454071a7d34a316cd78edff5
0,       5396,       5396,        1,  1944000, 210f72695722e43b78cf66fb32a6d0a3877e51c32fa3b74627023a7c997bef4b
0,       5397,       5397,        1,  1944000, b85ea48daf1371172bdd84d6bb36c9c951c64613a77c648310f1b66e6e2931e2
0,       5398,       5398,        1,  1944000, 149753e82507b9287c6136724e1e4246b59d77f29c8620b31c4f8776bc4eb757
0,       5399,       5399,        1,  1944000, 576afd65c5c63d9bdfca579051dda5dab99de4701c8b57978add558cabd3cb95
0,       5400,       5400,        1,  1944000, 5d44b67a4a2d088d2487fbf0251fe230e6f1a4d76a32d68b693229aff91805ff
0,       5401,       5401,        1,  1944000, 6ab525fe0786ff3c8322dfad58cd9a15b430c6ce02b9d65f3c732f64ec87d750
0,       5402,       5402,        1,  1944000, 1425a1494e0d52f013c5c196371da0dc77c64ad7a86de056c99411c5564c87b4
0,       5403,       5403,        1,  1944000, 48c7ae8defa27d8908207fd78dbe2d3c8639de00610123c8f1798e7adf9d3623
0,       5404,       5404,        1,  1944000, 7cd8d3e148fb41ef2c39d78c08a274e8d3adf0789fe3373907d009728811eb1a
0,       5405,       5405,        1,  1944000, 23407dee38142187d69343f4c67848d416d71e7f05e9b6a39832c63e91e2941d
0,       5406,       5406,        1,  1944000, 01acc5b19c78dfc5de843bfd3c7fc2373ce390ff14cf963979f4215169eda59b
0,       5407,       5407,        1,  1944000, 59c694791b25091ac5f11e927d80cd1994f34f9a784430c85d3414c78757cc31
0,       5408,       5408,        1,  1944000, f2c2c29a47b9b8645f848e9d143534aee1780bf2b0c111d3281945774172af14
0,       5409,       5409,        1,  1944000, ee92793570aab135087a0d7471b57b134cbf5a639359b2e981399486c8937a60
0,       5410,       5410,        1,  1944000, 1a1741d3c8291b5a8a9a75279588aabe69a6d44c1de834ec2667a4299f164b5b
0,       5411,       5411,        1,  1944000, 5d5f91622fac7b9eb6909132906fd199afac8b1dfea2b3e35deff2b532a7adb2
0,       5412,       5412,        1,  1944000, 7f4849013a90f9c0a285d1c823b9bb25083ad14c15cdd7143d92b99dbe5331bd
0,       5413,       5413,        1,  1944000, 27b242e910a615a5dd956e6d28531d9d5c4f05904ae77778692c9d9b6f4e9dcc
0,       5414,       5414,        1,  1944000, 529b17f0c64773a86c2a36e194ecb9cb026b68e01b144be40afdd16d37c62729
0,       5415,       5415,        1,  1944000, e5e98d4428421e339a0b3cf69eb45cc09e5f452b031fc4564745ff2ce1d87f92
0,       5416,       5416,        1,  1944000, 2205f21b7dada5ff75954acba51e41df17e420e7a953c719e0d00789e0c3e21f
0,       5417,       5417,        1,  1944000, af5af6a0b0acf47688bfe0229de6e97b3b8e902346b13952369f3c54fbcc8bd9
0,       5418,       5418,        1,  1944000, 8daddd8174875c54b6fc902aae40a72dca8f9d9e65c12d63db7c3aa6077396f4
0,       5419,       5419,        1,  1944000, 92d6581b1814939fcfa4edea8c3988122e2b1610ae137fd36663b10adc06b245
0,       5420,       5420,        1,  1944000, 4141734cd8c2095f68572d4e38f26690529c49f842128f68b3ecd8bc85bc76b5
0,       5421,       5421,        1,  1944000, f2ec491cf225ad64f70018fe512d9ede5e288139716d354aec54222376813888
0,       5422,       5422,        1,  1944000, 8098d65a396d893c5c0702407a41b1dd16c2e517122f6b9ae50b4d33dffede91
0,       5423,       5423,        1,  1944000, 61783f32f368f4bdc36f6a15c22a3bbfa9d477806034891263464d6106b75498
0,       5424,       5424,        1,  1944000, dd5a86087810578e17bd8b53b7293293d8411032778b4d679b507c4fe0d5d94d
0,       5425,       5425,        1,  1944000, 4bdcdd42bcc648d2c7b0fbd68e7f7188d0e2c5dfca2bb71c997b543d7874f93e
0,       5426,       5426,        1,  1944000, 6dbe4af6a1fb861c9c1fa633491db5cc8ebdbcbf591f9bd5afce34d770216a09
0,       5427,       5427,        1,  1944000, 174ed257045aa237e02cb4488413a33c706b8531f1c9279e4ce1de8979143a6d
0,       5428,       5428,        1,  1944000, 4f6f420f2a1b5f357ab4666e919ad4779889305ffd781bf6ef6e89c0fffdc933
0,       5429,       5429,        1,  1944000, 67bfd6dea0bc2678c124990e9760d2a6d985e7243f6bc13f1bb56dad40c2fd06
0,       5430,       5430,        1,  1944000, aed1585ab92c24e1c9bacafe4a9931a0352167290e1b6468ddaee8c2800709a1
0,       5431,       5431,        1,  1944000, 5135a9905c8bdfe8e4b941f83699084d2dbcdaeb23c9239e131a366bb56b837d
0,       5432,       5432,        1,  1944000, 46e2eaf3efbbaa64261ff98c77ede16a1de3a1b04ef42139bfaf33175ff44a0c
0,       5433,       5433,        1,  1944000, 17c9ea696050b88b9fbe7e555038dfccecf0ea17580e0457e166ce990a655317
0,       5434,       5434,        1,  1944000, 20582c5629a4d76e1005e418f51446a86e597f801073b4e3be49d1f411564b4b
0,       5435,       5435,        1,  1944000, 4fcf2712fcc977e2257115fb86c9c1ca44cc1bee6527c20a68d638d5e0e7a583
0,       5436,       5436,        1,  1944000, b7ecb1dbac567b791d0bf31aaa511a0cb02d2fe71925368c6b85f3c774e4605d
0,       5437,       5437,        1,  1944000, c9304527634e5180c297a044ffa6aff5db428ad29a22ea9af8e5e2565b1b867d
0,       5438,       5438,        1,  1944000, 235828650f68ceed1fdbe12efe1b87fb9b8882efe5dd19e2b1692840c0f357ab
0,       5439,       5439,        1,  1944000, f2adeec76163674eb49248ab3734572b1b7097b322125f448dc6a7028b8bf996
0,       5440,       5440,        1,  1944000, 28d0cf2645ef46ff373d2f621448ac3e11e8b7d5dc55fa91bb095284d1abf739
0,       5441,       5441,        1,  1944000, f1b6d05324ba4f567ff5a0b6cc901c8bb840f0efd37d6495a00ee152de286924
0,       5442,       5442,        1,  1944000, 5382369da69ac6a8c30df6431ef4466d7651e923374e67398dc957882ca31143
0,       5443,       5443,        1,  1944000, de9ad253920a638b140f76567fc5eae3f5d0538dc38b8b50e5be0ea36ceb1518
0,       5444,       5444,        1,  1944000, 9481d05d9df955b4738fc2c89febc679ba32bd9a26dad3ae8c60cde16b990299
0,       5445,       5445,        1,  1944000, d9a2cc1263b216fafbb18c06d655d65b271a4e9fabb0902a0a88d52715888674
0,       5446,       5446,        1,  1944000, d6ef2e2dae4cf32e2d281ac02831148d7c62d7a3bb7327309d34e437f4f9e87b
0,       5447,       5447,        1,  1944000, 92e9535ebe27f187e900d9f6273bdce97cf2f98439e38e0b0f32c3de2aa21dd8
0,       5448,       5448,        1,  1944000, fa4eefcb84bedb5355d222c4d14bec4f17b5809b20391493544d56d28aa5ab5a
0,       5449,       5449,        1,  1944000, 31f6274b2bd46da8a8e5b9dfa4536d04464c24f58dc0f67c175c9fc13b84ddb7
0,       5450,       5450,        1,  1944000, c22b1a58a8e3ea22aa269ed3023f378303c93d82ec8c46193c4fd4291017026c
0,       5451,       5451,        1,  1944000, 903d9b044a26de6f73e3f981c9764e08f59f4223429bdf39e1b9a7951b4e41c9
0,       5452,       5452,        1,  1944000, 682c5edc82705a3fc23257bd383a61d4b59473d06d35ce54b4dcdca52ae3e962
0,       5453,       5453,        1,  1944000, f9a74093c06533931515359e0098661a5e7bfe86719e462785cbae8f0aded865
0,       5454,       5454,        1,  1944000, a176a0b7473aca59232eefaf342ebc0f6b42f1096539089cc87b1581e424d7bb
0,       5455,       5455,        1,  1944000, e8ecb858b86040ea05c5805d599dff78cd934896a3ecd4f7c68f18f980dbef6b
0,       5456,       5456,        1,  1944000, 138a580f604a626c447c1b76144389570f0e88fa1d0c59180c7385f076a976eb
0,       5457,       5457,        1,  1944000, f8511f3e773ef0b575b7202d3505cfda19a17fb7c0131d68fd50ea29976c34c2
0,       5458,       5458,        1,  1944000, f9b3c8d737b548ccea957921cae54010144d0201fde9c9b56cff260f06ef8cf1
0,       5459,       5459,        1,  1944000, 33db3e2704cdc992f73ae3fd24f911cae1f99d0d2d4d4e4d8c56e12bebd574ec
0,       5460,       5460,        1,  1944000, 903552f6d9ef0332936ebdcce6c7f98aef54694507c5ddd5d9e19c2e649a4926
0,       5461,       5461,        1,  1944000, 5eeedad00dc1f28e9896342fb34d30cb61ada4b4a7556cd38f7c96ff61235ab6
0,       5462,       5462,        1,  1944000, 357caaddc2fe992dea3b33ddfe87eab148c59ca42fe9a9be371f567599596efe
0,       5463,       5463,        1,  1944000, d2c2e22293745ec1899924e7940852f0676793225961b7b95ada108f4e68208f
0,       5464,       5464,        1,  1944000, f70fdb5e9ae4cf438c6152142c51d413801ec7a1e415d4f38de80e3bdbc6ff72
0,       5465,       5465,        1,  1944000, eaf1ef47fd9e013fe0e21100446757dfa7bd73183712991806f1a73c18012074
0,       5466,       5466,        1,  1944000, bde513c33bd08cfaab68c7a6141a29424c7e13b4729bbf70d0e67c49372e5a1a
0,       5467,       5467,        1,  1944000, 24cc004ad540f7cb6a4b922d55309f5a6161cd48b4bc09dab3ae04bcfbc059ca
0,       5468,       5468,        1,  1944000, f7e288df1353e41ff8245a513a565f63c090acdbfea7c040253e8e29b9f9c5b9
0,       5469,       5469,        1,  1944000, 690c7c29b78081a53499ac9f87d735952905558e26b9a80a123238f604c42984
0,       5470,       5470,        1,  1944000, aa6e5e24deb7b593f3c2355c74b75e980b09bc94198685d217fe7de5be8fb6c9
0,       5471,       5471,        1,  1944000, 434f423ee33271eb664c3cd1e900d2a07b094615c3e020a1828a35a39da00732
0,       5472,       5472,        1,  1944000, df61f45561480d03a67977de829c42e77f1dc2a025d4a1c248a6f8a3af5df73a
0,       5473,       5473,        1,  1944000, e3b5cb89321839d06905a805fd9153bbfb2c0e77f78142723b82c4f5d1db4295
0,       5474,       5474,        1,  1944000, d11ed8be9d2ac51540521befca8cc73be2f33ff8d0c018823845befec55025e4
0,       5475,       5475,        1,  1944000, e1dfcdd2a9b3a48f66965a348ccee63a64c037881334d77487384916ea1dc754
0,       5476,       5476,        1,  1944000, 380b92a4e723ffcda63809c887e8fb0ccea35ea7b41f2ce242cc3e82c0957952
0,       5477,       5477,        1,  1944000, d3ca4d8c62e41fec5bde41e0117eaf8de7dea888995228306820bd0fae8fd686
0,       5478,       5478,        1,  1944000, 48e8919ed6ff2f229f0629a24ae5a25f5151785369ec27bd28c0475b56b5efcf
0,       5479,       5479,        1,  1944000, 1b04a5a0e1aeda54ea666cd3adba89cc690cdca8ac28c0c9e838cca323ca7bb1
0,       5480,       5480,        1,  1944000, 8d66d55dcf90db7e84c7234167ad120a2f2052ad3b4f7a674a8a8b8e51920426
0,       5481,       5481,        1,  1944000, fa3a0cd4d0d20ca96f0fab80e5e79cab2a8d1cac4e2079c699c76e2abb266e72
0,       5482,       5482,        1,  1944000, 73d07082abfd2f0479170af0d6737d9649bc0f0f6fd187045d2f39531287b351
0,       5483,       5483,        1,  1944000, 2f453d7e4fae963c1013af0568f8bb8755c72acd50ef5b901a632e48122bfe5a
0,       5484,       5484,        1,  1944000, 6da5f8e3248f3d6e78f7c1cbee6a622b739579b763e87242ed5274c8635bb64e
0,       5485,       5485,        1,  1944000, 3f66f05c2288d9246c08f08105f6498e63bc53aa67157dce5cb644d0ee6c3b01
0,       5486,       5486,        1,  1944000, 088b7a975298d75033d7b26c5baf2c74f4fcce660061a1744458f9581ca930f5
0,       5487,       5487,        1,  1944000, 9736ddf80d6c3cfa46277978c6cd486eaab9cce5229fdc66889c23ecfb6476e8
0,       5488,       5488,        1,  1944000, 2c1687524418937072b326581d50ef1f07f7e943948879f87b3aaf07316df069
0,       5489,       5489,        1,  1944000, 3c59cbd5b8f7bd7b5112e16d20185a0c069e736b2fe75908bfd2ea830831a851
0,       5490,       5490,        1,  1944000, b026c89555e70f06863265f5a577d8da4c121ae1c157d60f9c431cd865a6aca4
0,       5491,       5491,        1,  1944000, 2c11d77e019bc3a0e60a495a86745965fb956805c59a528b546998c56febd789
0,       5492,       5492,        1,  1944000, 83a7042eabc156f39bfcff7d285da81a94baeb6b03a4df6ad532a6173ead9d74
0,       5493,       5493,        1,  1944000, e904dce75d3d1982423521a614d5eb0f45fd44af2dee2afee47aaaf7fb6eccd1
0,       5494,       5494,        1,  1944000, c998df3ea60c949fe873f65bbfb0f1251b4445195789dc094ddffdc84bbaa1cb
0,       5495,       5495,        1,  1944000, 09e111f1ae273a1a5ea090686792ce37e4bec17acdfb856333920a9b648a3a3f
0,       5496,       5496,        1,  1944000, 69696c0dd3ac4eca46f14585703c4e9d4cd51aac01a21680676eac20f16b83e6
0,       5497,       5497,        1,  1944000, 2385f74235ee5e34ca56e24beaec42f4f702a67e292cf32fdfe81f158b5d1422
0,       5498,       5498,        1,  1944000, baea7a98292f7026e31a0d85bd61fe7bc6a1badacac4f4c1a2a9391fc028e615
0,       5499,       5499,        1,  1944000, baea7a98292f7026e31a0d85bd61fe7bc6a1badacac4f4c1a2a9391fc028e615
0,       5500,       5500,        1,  1944000, 5a776bb00f3e24aa25f447cdb013318f9acc1faf2a12dd9ad088038c32fcf3a0
0,       5501,       5501,        1,  1944000, 9860a0a58af4a7b303001b5574133ee307fc2cea23461c370d7a6a5e9659ef9f
0,       5502,       5502,        1,  1944000, 3bd548c3825b9d3b768336053c2ec8e4083f71a965e7474d40fff595c60e34a7
0,       5503,       5503,        1,  1944000, 86fc9966fd68d98b15ad4de3338b5d559eb3c9d8aecf8fe178affad0f4fae8ff
0,       5504,       5504,        1,  1944000, 82f032b1eb3e0edf64a03b1986d88d1ab1f86196003301d9e54bdc2aeb54cd4c
0,       5505,       5505,        1,  1944000, 666066e00c5d28c57c59155062c16caae54424d608e283d66c2528b40338cd81
0,       5506,       5506,        1,  1944000, 58ffa4f2d99d193f0ddaba849e0a147ca5a7eb6b4126de75cd87af0203a2caab
0,       5507,       5507,        1,  1944000, 6a2bf14166f9b30635ee96ec775cc266643611eb09113d4c399f39b3835e9dd2
0,       5508,       5508,        1,  1944000, 634e06cde143fb06e4b7dc65f32ae49b5a67487dd59933834694739833e022e1
0,       5509,       5509,        1,  1944000, e964853c9819f5926265bd58cca20a0e764149f479d797d1ad40c343e252a28f
0,       5510,       5510,        1,  1944000, ba6527748e7e068117a6d020d03e13aaf06b3e71a3e18967921c2d7ba72e103c
0,       5511,       5511,        1,  1944000, 2117489684cce0a1ee13528f66be779411b26c418137cf236e7c11c238417fc7
0,       5512,       5512,        1,  1944000, c6660f3f1b72ed54f178e9afbe929418ab50a568166fd60823a111a6c312ea9a
0,       5513,       5513,        1,  1944000, a9ade23e1e7511335cbff0b29efffc70578c7abbae54d55f9d13cb5c11736e62
0,       5514,       5514,        1,  1944000, 1923883a3493b9e94a449e235ee4b4ea11c86f5b6bccb17c10169fb8044b27d3
0,       5515,       5515,        1,  1944000, d59f252f6696bf491c277223528a3c65e9c5d3395c7a98c04c71a6466bbf887d
0,       5516,       5516,        1,  1944000, 2e39db96f35aa5eb22bcc88d85e36d0ccfa8a211df2083866780cb0c29d4c572
0,       5517,       5517,        1,  1944000, 655f124f031a808b803fee653eb676e9bc360bf18d64465f212286ef44d1caaa
0,       5518,       5518,        1,  1944000, 033152ffde2c34c0766f5ae3d8cb57614c14768ce66d4e0b19661dd298dca593
0,       5519,       5519,        1,  1944000, 90a8c8c36f5e98c543362ca36b7a3d92b069df899b449a8e96ada65b581a4f01
0,       5520,       5520,        1,  1944000, a7eaf15659751b385320d006478bc40e08daa3b5f824b7eb77e4ee573c6c8cac
0,       5521,       5521,        1,  1944000, b475c7d3666225840e87b8dda7fce5274468740b0ae4cd0e2b9230d2109b8d17
0,       5522,       5522,        1,  1944000, 46458b0c79858f21b65b414942545fbbd7d564fbfd0813fa6090845c60ce875e
0,       5523,       5523,        1,  1944000, cb19603b2d35abc0d5cf0103946711153d8d4854788ca98164a5c12f523d8c2e
0,       5524,       5524,        1,  1944000, 29ee6c5c411bdff39c360a328be9e34d06f858fc9e8a5c2501ad47547c45ea2d
0,       5525,       5525,        1,  1944000, f460206a97eec16a04537d8d85585557bc005d85f4f04e4581799ca3930d9d83
0,       5526,       5526,        1,  1944000, 578a8ca704488e6c1bf6c390746a6702569a6165fd575779215053528fd4d516
0,       5527,       5527,        1,  1944000, e4e5fcc84a19382bfd0204a720ddf84d4d299ce16c5479125084f0e957acd0d1
0,       5528,       5528,        1,  1944000, 375c4e7d886a836202cce8f60612988f2d8d5a0c07a45c56605427da97873c0f
0,       5529,       5529,        1,  1944000, 9e789cc2f1ce89fc7048a222bd3717f39cdc1e171d0d8171d897dd578e866423
0,       5530,       5530,        1,  1944000, 6856c1d101b6521d10656b5d01b0e512e3602226c5ae51cd9540c7ad1ba92b73
0,       5531,       5531,        1,  1944000, 8555b9157c9f8d87bd0cb9354eb4cb561112976bceea7339860b7b29c6c79b41
0,       5532,       5532,        1,  1944000, d63c8dade9d4adc089bf1561e606ddec83bfa89c0a8c4ff3f0e15ff28512937f
0,       5533,       5533,        1,  1944000, eec660f05e9299e1435576f2d7591691ed576b07dc847109cf36cd009428296b
0,       5534,       5534,        1,  1944000, 39535c02af18b490ce2b05afc8241993d22b4618b2cccd0942f9737327fc5063
0,       5535,       5535,        1,  1944000, 759a3e35223bf9940f60bd05eda73b1c57743c32a2768b0cf8f36cf83cf25c21
0,       5536,       5536,        1,  1944000, a876505115362444db999398a2c9fe4f514e042c8df58e42f35f89983cdd4296
0,       5537,       5537,        1,  1944000, ab5c9652e61b26d186e8c4ae7617487c45b55fbfb6665cd30b768d665fc5c3de
0,       5538,       5538,        1,  1944000, 7b0b6dc7d02c98949a3d233cf23845bc6734dc618e34d8383780f13fc06e06a8
0,       5539,       5539,        1,  1944000, 40e837729a0c705ca4652e73f4609aa6e3a2e5b7cf7dec248a1efc6d2d7099b6
0,       5540,       5540,        1,  1944000, 4edbec178cbd8900cb4a707682369eb29d2c75c11288ab3fa6a8f0a693282243
0,       5541,       5541,        1,  1944000, 6f8e142591ab9baa8374af59460a7180fa2350fa9b1b4f608286273449935ce6
0,       5542,       5542,        1,  1944000, 8af01b98f451a4fd32214e011b8cc0471239618eded0a8bbcde4a40954010038
0,       5543,       5543,        1,  1944000, e7121898044bf2a6a17eeb25054781dd605c879392c6184cc8278e6ceb1830a4
0,       5544,       5544,        1,  1944000, 56f04f406820d036f5167e07de351e0d45a76300082fe3b14aef6cec541fdd6b
0,       5545,       5545,        1,  1944000, b1627a77f42507047cce7863c7aa1ca22ab5ff1b03d5139787d816493bac520a
0,       5546,       5546,        1,  1944000, abe120a85a3b792af4fc19e8cf9dbccdeec53205c19ce44b7bcf4b6d678b322b
0,       5547,       5547,        1,  1944000, 418470b28ff650229cf8b19dd8976fba2170ead7db4c61e0303338f14054fede
0,       5548,       5548,        1,  1944000, fb9a305774e6a392f6256050191f6935eb7dc1579dd76fdb7fa0344b1e11e879
0,       5549,       5549,        1,  1944000, 473dea44f30386fc81f2e3c47ba520e78faf4e9e374728d5104a4bfe33bcd64a
0,       5550,       5550,        1,  1944000, 4cf4ed6f520ac9e4ece87dcf50b256b0efcb30b9f232e439296674c2fe1bd08e
0,       5551,       5551,        1,  1944000, ba54412d5d1792780391d051049d6d8598467d396da46de44532057009b68905
0,       5552,       5552,        1,  1944000, aa0d35f38d36adfdb8c609318f8c1727644d288339a3be840e21f4bb28f0b6a6
0,       5553,       5553,        1,  1944000, e8c683f39bae6aa5e726f4c75971da7a7e2f214232857efa58ac1e90ae3209bc
0,       5554,       5554,        1,  1944000, f3c942d92c8fa78335eb91ed1d276cd92bf7d22c06eece5c046502ea2cb835bd
0,       5555,       5555,        1,  1944000, 01928d43350324292388d31e33fff4a0688dd912af676796a0e3ecd1c6278db4
0,       5556,       5556,        1,  1944000, 61e174545be9dbfd1caf845eee6e9e1afac7d795aa5f404a8aad7e32030da6c0
0,       5557,       5557,        1,  1944000, d23154261a48ad106640f9623cf6e2d1c2260076fbe8d4a9a1e7ee308eda2712
0,       5558,       5558,        1,  1944000, 01611a35c32f7483f2eca8eaa36ee7cd687f3b48f1013beca9902c33cd58fc20
0,       5559,       5559,        1,  1944000, 6ae8111b259c2664e9efa8f551f949fa65d3bbb65b72110ed4b3910339086351
0,       5560,       5560,        1,  1944000, a1ac224704167771b579a0d922228c563ebe7dbdbde310f69d6c852352bf5ec9
0,       5561,       5561,        1,  1944000, fb32883e13532b4d8d6953ebd80e8ecaa4a3bf289d4d74859c762f7794cc0b3a
0,       5562,       5562,        1,  1944000, b72148858dded107e8fb37454db4ce4a8ad0f846d971160c6fe0b06730faea7d
0,       5563,       5563,        1,  1944000, 3979ddc9fe189e8314e307f5e7af4dfd09be71b2768d20626f7e712954ccf7dc
0,       5564,       5564,        1,  1944000, 32db3f38e4ab0bb57ce1d615fe2edf25ef7e598ffe5e502f3f1ed2bfea2dc208
0,       5565,       5565,        1,  1944000, 13aaa668612be917bba92b2863a8bf57728d4672301f7c2f619440bdb9a88401
0,       5566,       5566,        1,  1944000, 22188f036f930c9a13198e1d41226ec31085d28e63f0f8eec325a1a5c0e68540
0,       5567,       5567,        1,  1944000, 3385ddf2d300d2f3f065e3745198db861a17592de9da5abf00833241f5fe4c27
0,       5568,       5568,        1,  1944000, b6592472c814ed359bcca5014806d76875a112349a32a0c382f8f1a064226b97
0,       5569,       5569,        1,  1944000, 1e96f06e864203754aa1d4c859c58da0af3de8808d3f062624046b5da1584f20
0,       5570,       5570,        1,  1944000, db4436c7c26cbd4bbcf27e683959fef9217415e9a953c5f02e17f4493011076f
0,       5571,       5571,        1,  1944000, d9b50b44d5d3ca1ce54eb62f8dbd8b96b08671006a08371a4b0c98f7d8ad11de
0,       5572,       5572,        1,  1944000, 9ab642435b7b3b6de05987100d977e5862a20eab9447f79cdfbd08496bd88d1e
0,       5573,       5573,        1,  1944000, 85a180d7ca9894d7ff65d5282e670e2149f78d2b6e43cd882b6510638c340f96
0,       5574,       5574,        1,  1944000, 0cf35c799cbe5abcc752ffc001ecc6f67d18654dfff04fc42a40ed97accd1f85
0,       5575,       5575,        1,  1944000, b4f4895ce7dd65237525907e0cc42b47d77c8375a01c37810b0332c292438be3
0,       5576,       5576,        1,  1944000, 326e139528bc21c90c182139180e32f1262347363f4108ad1342f95e23e4e83b
0,       5577,       5577,        1,  1944000, b636ac55731c76f753f2616e9e41dea5579146f23692379ae6e76bb3a8a9dace
0,       5578,       5578,        1,  1944000, dcfa62ee2595a33ec11a0ce10b085c6f6a666f7d0a00367deec6f82750a4578b
0,       5579,       5579,        1,  1944000, 9cf2a00fbd47e95d63414f681e0db0f0fd77008f55112a032cf881e15a4d6b06
0,       5580,       5580,        1,  1944000, 28ee9e4bcc0fd89ad49aec48200307b7a1b67acf5b0a3fe2c1e8ad0b9ac855c2
0,       5581,       5581,        1,  1944000, f50338e67eb2889b173e9cecf3b90f5f5d6e8a0fd63304a1c9c5f7b9ad2bf04a
0,       5582,       5582,        1,  1944000, 91398f66a775a60c32bbeaef7b7615465f7243f3f9670cb2d22fb924407cf26d
0,       5583,       5583,        1,  1944000, ee1d835b466b5a9c28b15d3da47b9ac1665c901ca91361c1fb320773487a8027
0,       5584,       5584,        1,  1944000, b8c90897e5dff41bbc42cfdbd08e39724d48361456a6645848eca315fc62c30f
0,       5585,       5585,        1,  1944000, e77b936a53bbffb142338d5e26ca1ce11fd1958e768df6c0ac802bfb9b7fcc32
0,       5586,       5586,        1,  1944000, 7e19be0f3a325b01db237b4d5afe68812aa5150c66092915d4a253d34a6bec53
0,       5587,       5587,        1,  1944000, e90cd2236b6b6c3575a8232d23a9c4d763f1c54265f67fb743168526f0758efc
0,       5588,       5588,        1,  1944000, c0f8da145e1774f40fd13f18e129ee73bb1d96ed44ab06fc5f3b85cad548ce88
0,       5589,       5589,        1,  1944000, fc245c0b07ae1362465883f23ee06b02bd099000d25a5c962c834e9586afa607
0,       5590,       5590,        1,  1944000, c12732a67037c06ade9ba5f3c9bb8eb5bf6096e4839485e7e4fb7c6d7d4581fa
0,       5591,       5591,        1,  1944000, 1cb5dc59e9a505d5e68d4b056d1cfb205b2c1487065ab18f6824c073f7268937
0,       5592,       5592,        1,  1944000, 3d9d3d8287c05ea694f4299698c520650c74d34d0a98b947812c52862f0ede24
0,       5593,       5593,        1,  1944000, e2e92e1cba492cfe93683f1ba09fdc3865c05f3211b09ae8dd23e98395b356aa
0,       5594,       5594,        1,  1944000, 175fd1ba0d2ae13b623e061bcfe9d11fc8390b902c6e5f98ecb36dfbbded749c
0,       5595,       5595,        1,  1944000, 9b4a209862b8b874c39173f2544f27c58cb269610395e36f13ee9ad89d90cadd
0,       5596,       5596,        1,  1944000, 15323223272d4b4db07aab746e5f5f8bdfd87997e82964bd51d3cdf43c85c12b
0,       5597,       5597,        1,  1944000, 55772141fbfb02ea9816a389937b1c87a44d113a001b6c42c08df1caea3e8250
0,       5598,       5598,        1,  1944000, 3bf53ec9345d404d44e152383c49df0b9a9ea18fae3644f3d8013828c4b5cc31
0,       5599,       5599,        1,  1944000, f4a5ce765266341f98ef0599b5ec6211a208c1b1b9728cb0a16e8ab04ebff04b
0,       5600,       5600,        1,  1944000, a7ce9337f81e3e98ec7b5664a50bbc7304a5f95a44c8fd87419861150c657344
0,       5601,       5601,        1,  1944000, dcc44991e9268f777854b41d48c6ba84ea37909afff5b8d72c88c28c27dda850
0,       5602,       5602,        1,  1944000, 2205eeb568ebe3eb0c62df31a7fe9589d83b63e43aa8242898f58ba27f6ba929
0,       5603,       5603,        1,  1944000, c39627d076e8661b5c75b51c07d98e5536d304746e7980d7c7b23d10278d156b
0,       5604,       5604,        1,  1944000, 281126f8f1a773627b6e85cd2a6583b8871bd6e8a7da023ce39554463ce7bae1
0,       5605,       5605,        1,  1944000, 8a65bf215c9a777453c3fd24444d440ae24aed889e4e11eff37fc5cb60cb9d17
0,       5606,       5606,        1,  1944000, a8bc4e9d95a228778f40f62d638227ba8dabb89e3702c0b2292bea81487dc0d4
0,       5607,       5607,        1,  1944000, 3bf1dea56d4759c5bbe152d0404d1b81e22c9c6ef359cc6ac8620a56ff167ec0
0,       5608,       5608,        1,  1944000, b0c1203691bd3fd32e3fad113514b727e2cdb59edb5ce35014338366457bdbc4
0,       5609,       5609,        1,  1944000, 9c488e77cca853bdb061a6d4c21897e31b07bce8171976d8846d3085849ee673
0,       5610,       5610,        1,  1944000, ed3aa9ebab0ca61b6d6a2e10a9f2ad83f968ed6990ef75b5efc7396e06c5681b
0,       5611,       5611,        1,  1944000, 6095ff7a0e1e0d252387991ade70136170dd4acf2e8c2e3ddc2282e2edce477f
0,       5612,       5612,        1,  1944000, 62d25780f9501cd3f46cf3b1c361c9579056ec3e9fb5963e5f831e3f7a2bf1ef
0,       5613,       5613,        1,  1944000, f1ecfe0a4c656141bcca800cc3f12413fe9bbd405e3ae58e4942a43666efaa34
0,       5614,       5614,        1,  1944000, 13423f1e39edba5e19d843b22cd4351cb2758b98afa589cc54d52da2cb60725c
0,       5615,       5615,        1,  1944000, 82b51fa5625b41d8c5dfd3bbcc71aa719c921543a965fcba888edd7aca3243c4
0,       5616,       5616,        1,  1944000, 587ea42a6c3b901fe9a894396b6fbc39b3e66b530a7ea055c6fe47a69ab3d6a8
0,       5617,       5617,        1,  1944000, 61edd62b8201cd291d9b4ff589652976ef3cd1cbfb0c34c444442cbb57eaf4a3
0,       5618,       5618,        1,  1944000, 2800ee322a94894254e4afa391bba1045a71b491a99970f8933bce899ea25fc6
0,       5619,       5619,        1,  1944000, 7255fec0be40f7b01a690c2d80caf0db133995becd97a42ce6d2e2e10ad92fdc
0,       5620,       5620,        1,  1944000, 739fb596870f91016e9aa6233a690743e3d6b140891de82113a00fff4d019704
0,       5621,       5621,        1,  1944000, ee6f82b27a6dbf4f13001dc89880227b17160af134d595b9aed86cd95acc5f69
0,       5622,       5622,        1,  1944000, a842ef95287e09662c2c735a5bc01109deca79aaa217b09513581de4fcbe656e
0,       5623,       5623,        1,  1944000, 9b70fb89ca51272b520259d2c77ea220bb2e6b53034fe58241a1e04d87a41394
0,       5624,       5624,        1,  1944000, 04fdc50d9b4f48e04840c211a88e29a53d31c1e14c5ab2351f6b1e2681edd3c5
0,       5625,       5625,        1,  1944000, b939d729554c17d4cebe7bf8187a69a3aa57edb0503b4a8c7df926a19145c8e4
0,       5626,       5626,        1,  1944000, a0ee961a5f9e87054682971f0739440b6b489cab5a21781c0e2b7c05f292e26c
0,       5627,       5627,        1,  1944000, 30f8795763fa15a97bf1fe50f82008598cb117f5de042aea71e29b7f6ba8739d
0,       5628,       5628,        1,  1944000, 63ce28ffbb9644bc2333324dc6690bd80d5acd1f0783a453ffd4edb9c0d89f02
0,       5629,       5629,        1,  1944000, d8056d9dac6ef92c761d1a0615801694786dfd169bf1a4f073f09606dba56b3d
0,       5630,       5630,        1,  1944000, af4fb1e9a00e04db374dd13751507ec8e452ff762a5cf36ec47c0bb7f69d9159
0,       5631,       5631,        1,  1944000, 55eee8eb257e748cf444e607b1657fde1e6aad57c23eb797757ed8a693f4adc2
0,       5632,       5632,        1,  1944000, 72e65d9512f137e18fdfbff993a7aac347a381de08bce02de70838bf31235841
0,       5633,       5633,        1,  1944000, ecb729989625cdff4159e4de8cb9daa9ba9fe3cc0fe357c323fa0034d414ed16
0,       5634,       5634,        1,  1944000, fef0c32c52070dd30bdfe6df801ba8230eb0a7b15295199eb9e13e5ab305fc5b
0,       5635,       5635,        1,  1944000, 482aa3bfd2a9319864275f68961b0090a043dd5806bc4a8562681fda7debca22
0,       5636,       5636,        1,  1944000, 6a2f133df0b64e5c2f1d23b4bba47e95644970d8c1152349f120f651d6ef5109
0,       5637,       5637,        1,  1944000, 79b203f149aafb2594eb704009c880dc8b60173271fe52eacfeb5bd8094dc057
0,       5638,       5638,        1,  1944000, 6b6eb5450802970b6d86b14e97b4ea23308dc1830a0f04f0c45fe38b039eb9a5
0,       5639,       5639,        1,  1944000, 70e64a3cc774e282a8476eefc22cedda08844334f993c83960ebdc6dc9063f17
0,       5640,       5640,        1,  1944000, 53d11b15301db623bc2fc1d7c49c0bbdab6ebd63734ec58f9e972299d6bae55f
0,       5641,       5641,        1,  1944000, 5c2ff41c148677115f986981eab086b8179961adf6aadfadf5064bb1a225c3a2
0,       5642,       5642,        1,  1944000, 0a9f1a4e0fdf8f4b48eecb91384d292edee877ac0dd30b923a1a0b17c20f0ad2
0,       5643,       5643,        1,  1944000, fbdd028a557e3bde5e9dbfc0f5a24f77af5300abbe41975eece343144ed17343
0,       5644,       5644,        1,  1944000, c99bb200a3ab943ee8c4edd150aaf716ec8fa791066925dd2d1ca3b2caf40d61
0,       5645,       5645,        1,  1944000, f8ea6ff726caaa6136f65eede3183471ff8da8b047204985bc3f546fc68c262e
0,       5646,       5646,        1,  1944000, f21348e36dd2ec72b818c618a99967888332940251d67e24b49b02150bf0d2ac
0,       5647,       5647,        1,  1944000, 99559a59e2bc40561426158e11db8da639c25878f394b228ee3b3abb9653acaf
0,       5648,       5648,        1,  1944000, 4bdf1e19cb195d6758c0a3a3146f8b61ba0f62f3fbf389dc77f927f085edf3f8
0,       5649,       5649,        1,  1944000, 09519ea20e894a565466bf19baa9c0c228b65013e1e27fdc8c6e66756abe347e
0,       5650,       5650,        1,  1944000, 823785bb55658057fa9b962712858c9e930760d59976e1cc57c6cbd6614ba0f7
0,       5651,       5651,        1,  1944000, 2879279ff9de8b40706f63b415d371e216f72059de83b617861e77bf0c4a37f8
0,       5652,       5652,        1,  1944000, 2b8e415bcce7813dddba5f27583b4199bc15e459ea223c48938c1b6c03d2b686
0,       5653,       5653,        1,  1944000, ea7b6c86ae4f90536582577e8de0ba436489c8400692eac95c43f93cd6dbe4d8
0,       5654,       5654,        1,  1944000, a7b20f5b86147e080c5b6f44ca342402d221ebb9b1326b9a541f06842c896bde
0,       5655,       5655,        1,  1944000, 0f71e335298b63fa579616230e92fe61c71201cbaaf6a6296541b3f98370a504
0,       5656,       5656,        1,  1944000, 2400551d0c1e33cd912450e38533a010510dafc68db5a530d1fb3ab335218f82
0,       5657,       5657,        1,  1944000, 5e2308d20f06851791be4c7a993e1b87d3225034116340e28da088a52646e0e2
0,       5658,       5658,        1,  1944000, c4702c112925888fb7b656a2bf5c4140209ac51ba6296b08a7f5b0c21dac66da
0,       5659,       5659,        1,  1944000, faeab6f9d1e59257cdd1bceba7f18eb68a0901575009db8e15bdd029d84a48f3
0,       5660,       5660,        1,  1944000, c53667f260fa6cd77579cd363c185fd9cdc9fbbf7b0301d03aa4a5efe443c2e0
0,       5661,       5661,        1,  1944000, adf016fd173f44517070766aed302349bf5f8a273c7ba82cc599a189d1fde7f9
0,       5662,       5662,        1,  1944000, c39e17d6245a380550b7934c36cc1aef70352a9667261dcb6bd3a06f4db19bf2
0,       5663,       5663,        1,  1944000, 0fb0790e65665fd2d2472f30a53ed0904a6a85515c33742fe73590911dfb431a
0,       5664,       5664,        1,  1944000, 455c797a44d060073c055eaa9988961447a524f385a60cce20a7e09aeaa979da
0,       5665,       5665,        1,  1944000, f24ce05483ccc7cb51b95337b112c2842cdf6069d9c1e1cc98d55f626306d47d
0,       5666,       5666,        1,  1944000, 2dd7fefd6b82b9240a8a2287b313995cddcffe1b71e6841af30a68b0f261bffa
0,       5667,       5667,        1,  1944000, 5ae4ea43ea1bb92b1cd9cf0794ed28c12b9700f6fcadbb300bd15c5962a0706b
0,       5668,       5668,        1,  1944000, 2bd7d4282fc79bd05bb0fa33b5e552ef874448b6588567ae53dfad3a53775bf4
0,       5669,       5669,        1,  1944000, ee54ecbc6f6c94c3a1a1ca0d87b03823ed7d2d93941836953dff1ef6b164da58
0,       5670,       5670,        1,  1944000, bab5115edb07697aee62c28db9a0e599bf51d1487712b8ab574d960ab86d8e6b
0,       5671,       5671,        1,  1944000, 0f1bc2a8d4e324ac419b34d085c653eeee26e251c7210de693097626ef44d5b1
0,       5672,       5672,        1,  1944000, 648023cb1a9a87d51db53e47e0c0fbb8e494750022667e66a9e71f796fb79628
0,       5673,       5673,        1,  1944000, d4b22c71ec2638e6edcdd9dc125160c9aa655c9e3809d3ef82680201674247c8
0,       5674,       5674,        1,  1944000, 43771394c027ac47564877f4943bbbc36985980b32c234aed8100a4550da5e54
0,       5675,       5675,        1,  1944000, bc9d2fe57568858ba0446df5c950499c965658200338968636fbf51144c7f7a9
0,       5676,       5676,        1,  1944000, 091d19d91df750fdf2642c511871031d49769dcc1db8d10d4701b49cf0b35701
0,       5677,       5677,        1,  1944000, 19aaa2e9cadbbc3b89508c2e9fdaabcfdf744a4179523a7fe1af0893b13b939a
0,       5678,       5678,        1,  1944000, a3f2d365e4d28d1c5ed42311c7f10738052e18bf3d853ca78c37981f69d31167
0,       5679,       5679,        1,  1944000, 2b3f52f543020e275dd6c5443e9b9095f0692424d7f117dc6e700635f46389b2
0,       5680,       5680,        1,  1944000, 43738f2db8a13a41e2b9fecb48a35652f5ae49a72daf327548cbd23b17d856eb
0,       5681,       5681,        1,  1944000, db3f43345007912b54feabe1b43c82071872143802b2f6bd033a84db0d62e3fe
0,       5682,       5682,        1,  1944000, 2e6e9e96f4397ac3dd33b98d9cc471508343dbf0e7b0321a00e53a2f618e532e
0,       5683,       5683,        1,  1944000, 0cc32d45c35a96ebf9f90e71f638e5cc63c11d90af01fcc12468a1d7d1be948b
0,       5684,       5684,        1,  1944000, 4b786a58cab496b8350f42377ae4175f9eecca7e6927e42dc1f3678134fc5e61
0,       5685,       5685,        1,  1944000, 5776d200ca03584a78d3955b86f1eeee1fd85b2c37377d36074efb9be94caf9c
0,       5686,       5686,        1,  1944000, 1d067d2ff2cae12d8407366209012fcc8e9542985bf0d0631426c040b817bcf2
0,       5687,       5687,        1,  1944000, a00ea4094e50bd5e744dd414172a5e3cafd32aef76eeb2e655e5ba68039baef2
0,       5688,       5688,        1,  1944000, a6693a295ba0386afa5d8ec931c09628cfedb3555ba0c33d9896347e3536969a
0,       5689,       5689,        1,  1944000, b5959190c5c1067e86afe05b6841a3232c2c8523758b16f0fad9397b7aadc89f
0,       5690,       5690,        1,  1944000, 3a414c451902ae6004572e93c34b7835bbce2fb2d0fc41163c54636fb7dcd009
0,       5691,       5691,        1,  1944000, 3ee1ab1d7fdf0d66cbec89f60815577cc4a229bb08c505c66488b3a3c3aebe17
0,       5692,       5692,        1,  1944000, fb0857a12020da91bd1bb71f1ab0fa583c308fc7dec92cbb7bc3a5b0f28c02fd
0,       5693,       5693,        1,  1944000, 775fca527d3afedb54040ea625777060b68b0f026f6fe1bf41dce601d5ace2ab
0,       5694,       5694,        1,  1944000, 0a475d2dabaf9412d69d0ea107fa302ce764a527c34a926601bc332a06875b6c
0,       5695,       5695,        1,  1944000, df4ec3d90ebe603df31b957a8e4288d31fd68f4ee9e09b3c5493e3abe2531a46
0,       5696,       5696,        1,  1944000, a24045d1c3ce74cf82882ef281ec2ba1b82d0112ccc7ff8df98f83621c822f2d
0,       5697,       5697,        1,  1944000, 02cca61d7f477dae2c19a8eefe8b4bbedc092524875ae7cbc7434f8f96f8896b
0,       5698,       5698,        1,  1944000, 6694e979e4a2e492a503a885db2f1c23cbd13f2bc98d510c6bf385164e109523
0,       5699,       5699,        1,  1944000, 296fb3817b29ac213d98dfc677af85b2fc8aced74ccc0f51842f57709bfc5bb5
0,       5700,       5700,        1,  1944000, feb961bb1190892b3eaf88317cc3be8fc909343df12b906e372615535d32dfb3
0,       5701,       5701,        1,  1944000, 87280cc50bc1b5604be492a1ab76381c21dbbe5393ae665590100ed12f72e425
0,       5702,       5702,        1,  1944000, 5bf0607d4fb90a74c669c9d5b12e4bbb10faa86b3f271f8db3e1fc78ac2338cf
0,       5703,       5703,        1,  1944000, f2ee5d09ae506bbf65a6b0008ec8a37330813a1009e92ca3ec15244d511024bf
0,       5704,       5704,        1,  1944000, 31adcc3b7db36bb07bab81d0d84d248ae2f1ac64835310ed86ba33d991165972
0,       5705,       5705,        1,  1944000, f1754dfb4d2a96f028eaad17a6edffdcf90a567004e848d8d900b4b229e09f40
0,       5706,       5706,        1,  1944000, 28af75256d2848d9645ec63d31c792a15e9c832f3eed3628972f2424f4310cce
0,       5707,       5707,        1,  1944000, 5e08b67a7db57f3311826eda717e217ec5ade2efb9098d8139b41ea777167b9b
0,       5708,       5708,        1,  1944000, 3720e614c0e70084a56d3fd55b41ec0f67cad11a95c24e57cec7963feaca5cca
0,       5709,       5709,        1,  1944000, fabb671a1f4ec294a2b22f94cd6edf06d0fd01ab80e3588838b54e09bbd48521
0,       5710,       5710,        1,  1944000, 35a07149327333995b3f243f4665e5da608257af7e47ee01463be86337897899
0,       5711,       5711,        1,  1944000, 9ef9afa21b55c6f7b550c13d0a2a766bf8dae3652395acaad6c112baf3c8811c
0,       5712,       5712,        1,  1944000, bc84969763d5f3998ac7cd54c756d1e12f0ad42b98254a19a54d260083891846
0,       5713,       5713,        1,  1944000, 8d303ad81769d6d746073d0e22d37aad935efd7081c7459400aecdf260c09b49
0,       5714,       5714,        1,  1944000, 988547b686560c0ea5ccc02bd114d32f32efa872dfcbee2a1f8dbf0034086d1f
0,       5715,       5715,        1,  1944000, 25f24604ae51e9d1566b78768d1b8c5d6cd5779e4a94dcb16140b7bdfbe3efbc
0,       5716,       5716,        1,  1944000, ed7017da40354abb9867974501b439f6371bc3c0dd90eed228439b7d6e01d45b
0,       5717,       5717,        1,  1944000, 076c4ec38eac96ff8fe51f92f242ee942483fe4ae49780519ac27d3d4beeb402
0,       5718,       5718,        1,  1944000, 05a772faa3237f242b55e1df6bf5dcea87a5d7636515f06e6accd7de354159ef
0,       5719,       5719,        1,  1944000, fb14b74cfa5d947277830f20ef91013fd55ecf36afba210d7f0c86924c013bed
0,       5720,       5720,        1,  1944000, 0988c836252156ecbd93d9d51101fe81adac7fed2c194c61d5f206bdc66f73fc
0,       5721,       5721,        1,  1944000, d7082b4db2af51c5454e5fe1c1adc156e01647cdb0f4886368ea07cdbc699d4c
0,       5722,       5722,        1,  1944000, 27e0eaa20fa5948e3d700678ab15630c376a393a4b0cd0a8231c19988a95a86c
0,       5723,       5723,        1,  1944000, 287f683cda2bde68830c1a271812a2e99edd086c5c5f6cf46e3ad17e88f9b8ba
0,       5724,       5724,        1,  1944000, 811bf7a0e932fc0090da3024245e27e5a37f899a9d333d7c6545a12400936aab
0,       5725,       5725,        1,  1944000, 5f8bd7e6f776a7d089a0d94985cd2a6f544f0c8876dcc129eef794f4c8455993
0,       5726,       5726,        1,  1944000, fe454bbec48d5b9cfc4523b6107e690eb068d2d4aaccca85352dd04b8a1b4465
0,       5727,       5727,        1,  1944000, 5cc713215054138f35d32fcd0b47ef6fa9fc8ebcd6376bcc0221c01cf8e6c742
0,       5728,       5728,        1,  1944000, c59e350e0553234b729b4741e92fea80e7c1aaaf95b9d8c983ee0cda7c8f4a1b
0,       5729,       5729,        1,  1944000, f0ee54819023160db3fc0b309b662274e4f88fce035a302881c80e0d111e18db
0,       5730,       5730,        1,  1944000, 968c1af96758dfb4999022cde5c170853cf5d3b6ec4e2ec4b1cd10c63763963e
0,       5731,       5731,        1,  1944000, 54cf0e5b77bc772e811c0e2a7972b2b4da9d686d3d49c805f6feff779072c4e3
0,       5732,       5732,        1,  1944000, 12a673d6f57b356ca81c7dcb2c8dc8773bee858ec226a588fa6f77b4b140addc
0,       5733,       5733,        1,  1944000, af9a3ebf3a837bc19c6b6f982d78311d1b94edde61fa7c05ec022b949c6def86
0,       5734,       5734,        1,  1944000, 6e8518e7b0a1d6a88bc43ae2e6e6ec5e5f051ff3660d92fda3893035fe1193f9
0,       5735,       5735,        1,  1944000, fc313380a0bd3cc72dd61b0ba1c01672b71d492262c33b5739f98b73df352665
0,       5736,       5736,        1,  1944000, accd22b08de8c7051d1a6dc48823e30b049c96bf7e50f9645d8a71dfa7f7bee6
0,       5737,       5737,        1,  1944000, 75831ee79c780784075aafc929931736040f542fb38d1b6d90a8ee1ebadc775e
0,       5738,       5738,        1,  1944000, a5c478e2a62adfb8e680783c5dc49529dc14894bc9e5ea0e917823223b6365f0
0,       5739,       5739,        1,  1944000, 7693a890a4d5c3e00b4fef80c44e0bdb5747849054b2a4b9132c9a96a0c7ac9e
0,       5740,       5740,        1,  1944000, b47c06df7a306466686be8acbd08921e9a30631e8d610958239b224efd7dc752
0,       5741,       5741,        1,  1944000, ce9fad4e8599f0b6cf0d913980d33ab9b2fc4df01f9d446ee3c3e5252ec20293
0,       5742,       5742,        1,  1944000, a67b069aa90d7c8d41d903c2dd9813a9281d8ad6fd5f08af990665a92773b5d0
0,       5743,       5743,        1,  1944000, 8a6f04447b7865a5869ca04ff064a8d36819639aad68693e5bf023ce4059009f
0,       5744,       5744,        1,  1944000, 1a9788984f5ad5d15be1e9ae09ddce51a4da254842d2d629645fcb1d77a3c1a6
0,       5745,       5745,        1,  1944000, 41cd547cec6bc73d4337c75b2ce9675315362d649ec765b1b36f46730b1b3a94
0,       5746,       5746,        1,  1944000, b12cb03d7ceaa7b93a0b166b338d4f4a1d35f954ebbe5ecd52bfad6399b0a039
0,       5747,       5747,        1,  1944000, 634e1ab6f1e9b441fba0c0f9bfc61086f3da819d3f67a50cd1407918218a4108
0,       5748,       5748,        1,  1944000, 312d23ff121a6fa83bae3e25e6761ead378e1ffc5f29e2602e75363b9bbf0f07
0,       5749,       5749,        1,  1944000, 7a7cc27ecf621b87f644c358cea772f35d8c5c9c6fa2945e6cd18fbd05851b14
0,       5750,       5750,        1,  1944000, 613597a6d6a85a9b4836223ec6a69c3e124e4af3701496d5bb3e8121545382c4
0,       5751,       5751,        1,  1944000, aefb9c97710aaf61aa87765edfc78df718e6498289af2ea94ef057ab0cd66e5d
0,       5752,       5752,        1,  1944000, 23bbaf4c0c432cd2d9dec00da7ea349b739b1a93e7e0cc61d12c3f0bf4c6d0ae
0,       5753,       5753,        1,  1944000, 40f58b1ce874b5d64836cbeac74718fbbca98f5217ea0a7315a627e2a592343c
0,       5754,       5754,        1,  1944000, 904a89b123c665a0a853e56872c8b59c1378e4549ea94a82fc42ae60bfdd6564
0,       5755,       5755,        1,  1944000, fce9cb6ae3b16c1987bfa8ee51dd60ef233d62e51e08b494abc811cdd7fdd075
0,       5756,       5756,        1,  1944000, 53763017cfce3eb0c9a1ccc672e25a2db181293f84563b762784ed85ed257d23
0,       5757,       5757,        1,  1944000, b4dc2fa2fbc073ac1681cb4b79b924b4fad5f9d12410ef6bc17d07314504fcbb
0,       5758,       5758,        1,  1944000, 12767f6880cd24074892105509101e5b64d47a71b56db928b6c8c43abc05842f
0,       5759,       5759,        1,  1944000, a85784213822680727dcbca528b8f3a995e6188433ddd8b3c5fd583d37b276bd
0,       5760,       5760,        1,  1944000, 078e1e67884294f750a7fb1b5b7eab6eebe2759ae2f6129fb34a9910b8aeb84f
0,       5761,       5761,        1,  1944000, 61d0d20218243a91ff30103c8a8714e720dd3b642aa7a4cb661a242f30688aac
0,       5762,       5762,        1,  1944000, 3af8cdc07856e20cf3a5d274b1763c349a7738203119161f92477e5315cb7c62
0,       5763,       5763,        1,  1944000, 9ba3b054e013fdbc7cb8d185a6c3e69258a39897cc1221a97f0655a70b29c829
0,       5764,       5764,        1,  1944000, c774dc6e076a2792e05763623dfd693f936b858e98c3f6d4925c11150a475d15
0,       5765,       5765,        1,  1944000, 65fa895bd8f8d481464e88579c27434abbef81f943345c98a322506750af6090
0,       5766,       5766,        1,  1944000, a1192349ab129ec8b9fc8a08b96aabc24b43bbbc6b712489aed83a72f19b0952
0,       5767,       5767,        1,  1944000, fb8c169efc199b6b2a933f9f9fdfadfd182293334ead0a9c784bbda8d41b6b93
0,       5768,       5768,        1,  1944000, ebf6cff5947d6a6949ec1d03eca95d3a7094d4fd9b63021b7c12bd942f35f5f8
0,       5769,       5769,        1,  1944000, a162f0102a163b605b29bdac6ec56cb6c15f5bdc6abdc141ba1ab32322ddbf0d
0,       5770,       5770,        1,  1944000, 9d363702797580c83df894d13c1a7040791e3643355988a9e54c0bb71794dd76
0,       5771,       5771,        1,  1944000, febf6d16acd4f6ecc92ac4f3b50a90cb58bcdf699c328892f351e10093658dbc
0,       5772,       5772,        1,  1944000, 210e92175cdaf75b0c6f9cd7fe15f6a053c808698ceb16cc979df80741d127df
0,       5773,       5773,        1,  1944000, 9805d9432f408b0bf3b71124d54256cbaf35d3dc7b4135da0e708b955edb4838
0,       5774,       5774,        1,  1944000, fda55b1fa1c8ffaa842a4cdcffbdde083c190816b7601a9c0700a8f343713095
0,       5775,       5775,        1,  1944000, 610b1306be78a7ed2a993dc34c0bd0cbaa9bbeffbaebbf1e72c76254fc1f2aad
0,       5776,       5776,        1,  1944000, 409f598b629712b0ee2aee47145a7889d2d751931faf11a888a22744fa814191
0,       5777,       5777,        1,  1944000, 7ee44133eadc9a5717391a4910bd9414de78f179047a9fe121136740b9075373
0,       5778,       5778,        1,  1944000, fecdc9ecb1533423af733d8b61fc14a9e49885f39010e7f7858ab722e06fb857
0,       5779,       5779,        1,  1944000, 3c829f4787c9fcca3f905671d29fde4ce27750d77b31eef862c4aa733815452f
0,       5780,       5780,        1,  1944000, b77d6d6a5452f73b7ee854508521ed8b060796966597a22f81fe95deaa9ed2a3
0,       5781,       5781,        1,  1944000, 4cdd4059f7f2e48a2f74925f9926d8725c343fb8fc49b663f3a3e8fe3699a5d0
0,       5782,       5782,        1,  1944000, 9fb29da4a2e711479366f39d27d1bda3cde0b946a4d1e9766527f9313eac007c
0,       5783,       5783,        1,  1944000, aea0c1e31a90521b9f7bb5f77b57328b0a7581aee0e9795a0037e942df08ccae
0,       5784,       5784,        1,  1944000, ce6692ba5b02492e289c49591a3740252f31b09ce4e10b27a94d362b054cfb6f
0,       5785,       5785,        1,  1944000, 46634ed19a51d370ec3ef4325a331eb5f6f9fd09dc51b75979c3a7ff7b5e7637
0,       5786,       5786,        1,  1944000, d3dd4290ee5d9cc5f4608cee4cde8c749ee76cb4b1c616c719f660714820644a
0,       5787,       5787,        1,  1944000, 9f7f0eea736ac39736d06a177c5b36fb061a482cd65d8304dcab7e7ec719784f
0,       5788,       5788,        1,  1944000, 979bc45d927114f0d1717850e77620ecd13a2db474106cb92248aa3d7611df99
0,       5789,       5789,        1,  1944000, b1c22b14298629b5127fa0d434a3f2084c028dcd0f3b62b33f1c8376fd2d888a
0,       5790,       5790,        1,  1944000, 64a82c5349ab0012214037b1a7ebb3e5611bbcd42e320c9fa7871e84c3fe8297
0,       5791,       5791,        1,  1944000, 6642674a14a8d3203a3acd93e19828c7484cc3b371124a5cd001b6be097b971d
0,       5792,       5792,        1,  1944000, ea8f42b62f7b00fe2d9588cb9f6f8f211e4d0b03407654f880822c834b630ef5
0,       5793,       5793,        1,  1944000, 3df44e1864de39afe56bf912770c7de9c2ee5515e7169fbd0ad4d438d99b35b5
0,       5794,       5794,        1,  1944000, 38c967f8108691c3d74f7b45a2fb1ebc58fac4229b141954218e6a5c30793f73
0,       5795,       5795,        1,  1944000, b812763b5d2a3f3ec2202dbdbc12eba21340cbe989dd7faec29b9ce43984c267
0,       5796,       5796,        1,  1944000, 967a75d37a4d788b8219a8bc3c65c0de1720d13de155725faedb071735757462
0,       5797,       5797,        1,  1944000, 533870935fa4842112b17c18a517b96b88f7cd2a4f41db59f29a67453d57c102
0,       5798,       5798,        1,  1944000, b0768b0aa474ee3f8bfe021a126d5b41364eb6c9211d9a59e483711262b1160a
0,       5799,       5799,        1,  1944000, 867092311eccaaa1cb6c7ccbaf200d8b9fcb32e68fc05dd1b900bc88ed81115a
0,       5800,       5800,        1,  1944000, 715f1a23a496528263890afd90bcf75e1af78666710df85d4d0d4c6e7f1e4a91
0,       5801,       5801,        1,  1944000, 666253a5fd86a11ecf7f8a8a9a802706093bf37aea3fb996d4a8b93916b70c0c
0,       5802,       5802,        1,  1944000, 3437680c8a2de105acc0d0cfb83f2b3357d915da257ed41d0ae844087a124bdf
0,       5803,       5803,        1,  1944000, a10056351ccfda5984989027a239bbcdf28e5470004aeb322a84473dde50bd2c
0,       5804,       5804,        1,  1944000, 57b140e68f88a3ccc829dda1c875dafc96b16301522e9283c29804863c6eee57
0,       5805,       5805,        1,  1944000, 373b33bc392de59291180c450bbc793bbd95a7b9597fd2d353249bc8a5fee9d7
0,       5806,       5806,        1,  1944000, 56d4ae078663ad571ed9b33956ed26d6d222dfb935b95726578c33baf15783b8
0,       5807,       5807,        1,  1944000, 1ae422aa4d02cb20dae789511145e19265aad624766fa61aea32514f2486c795
0,       5808,       5808,        1,  1944000, 4d8de446d74878c1dc7daf316d6938c7347921560f385772226afc277eda9b37
0,       5809,       5809,        1,  1944000, 1cced62c47c60fdaa0e51f73c06dab1297e41092fa514d278ed5c7c9d8f85987
0,       5810,       5810,        1,  1944000, 64835732b34df0036160f703f2e6ec9200da7a5beafec36148c1c03eb00a6cc5
0,       5811,       5811,        1,  1944000, 2631c290129385866c835d54a36b4c5bcd060fb70d89578bbae5a02ee8059520
0,       5812,       5812,        1,  1944000, ca623ddeebe471b8d61a4d7e1f1d4ec43f7a03b6edf9f26a49142f59b558fa7b
0,       5813,       5813,        1,  1944000, e1bf51fc150a3f8af339209bb599fdc7dd33afb6f944150c23f0f72050112e31
0,       5814,       5814,        1,  1944000, c3d36ef9f96116015062285300c3e97caae19c57b50c05d57b7e8d90c1b1f67e
0,       5815,       5815,        1,  1944000, 5f74a9d435d78f78e93366d6050700a490e1ddcb0598290832b28af03684b153
0,       5816,       5816,        1,  1944000, bb1e9d5e4496bbb9e0f805abe6aea6897358934781c8feb02026b0c3e9a208aa
0,       5817,       5817,        1,  1944000, e47f95b1bbc0d1d5c086bba8ba0ae75431f69f8fccbfbadb25346e5891bce42b
0,       5818,       5818,        1,  1944000, d0e8ca035761773ccd23ec9391d39f61002577240d9ef0ffe1aa1ba50db27172
0,       5819,       5819,        1,  1944000, 51ed6002eced390f8928aefe19f57cc16b18830dd8aaf82ccfa60084ea561ee3
0,       5820,       5820,        1,  1944000, 5484b7f341b4395c39f665dde0eca2a3d7a75c09e5d64b9cf76a984da889a307
0,       5821,       5821,        1,  1944000, a10683c4b12c5c568ea24bbcb06c767bce6da25bd8ace4cb1118980153668265
0,       5822,       5822,        1,  1944000, a81eaf8ab9a673d87c90484a2ce8f0dd339fe4cefe08bfe569ac98e3f3f2ef42
0,       5823,       5823,        1,  1944000, 43f9d8b7099d2a778419778a54f93a9c5ae0f1b743a8c92b8d516f4a02696efe
0,       5824,       5824,        1,  1944000, f431721bfa1b177b2a44f6d720f5eafabcc69a90aa1b28817201e310b030b254
0,       5825,       5825,        1,  1944000, 021a1fa1e24c57b60bb2f24f300346a9513bd3db33f70686fec4f59ff1e982f0
0,       5826,       5826,        1,  1944000, 353d2eed03d69881aa0999619563639a38f2a7833989e3ccfba9a401b0ed3cf2
0,       5827,       5827,        1,  1944000, 7acf2598a10cfb17a4ac5041df4c85e6bdc8043b3e9fb92ac090d45209e90e35
0,       5828,       5828,        1,  1944000, 1c13d8105ed806d78a9a84a0e328b042c72da4cbef09d2a33f63a947828e030c
0,       5829,       5829,        1,  1944000, b4d53e8148a83a1ecbf7dfc0789539d7ff2014294b905d03013994446e66bc35
0,       5830,       5830,        1,  1944000, 8a7042f9813c4c0f3c9d58813a98c1b499313c4863b903c0f2c11242b8a4a28b
0,       5831,       5831,        1,  1944000, 00cc964618934a4b2fe5a1bdfb775f909735638e419680a943599edb3afb84f9
0,       5832,       5832,        1,  1944000, fe87160a446d6bdbae8b05245ee63f2e1802fb5050264ee8418b4988a3e7c2b4
0,       5833,       5833,        1,  1944000, 008c7722918de9a4d78c8436a072c84acde3e6fc19ac305956f1eec260e979ee
0,       5834,       5834,        1,  1944000, fbd75f872b861b7c04900fbeceb4897afdd950cf35fa93b167b81a8d7e1a9954
0,       5835,       5835,        1,  1944000, 7ac7424c655110cc7e9a97f86e679fb1cf6fd2d9aa05f7917a70fe390fe58a52
0,       5836,       5836,        1,  1944000, 6abd26903a9d07f5333af79acb4583585d23b9206d4569b1373a1434d4b93344
0,       5837,       5837,        1,  1944000, 69591d9a08b0858707b3ea10a50f76033b328579a5f46728917da970b52c619c
0,       5838,       5838,        1,  1944000, 50ff80fdecd80ecadea162033f4440bc5be71eb642eaad87825f86fa6e2fb9f8
0,       5839,       5839,        1,  1944000, 211cfd06d44348be6301f106c93cd9917b56905e436cd8e1682d5d98efff274f
0,       5840,       5840,        1,  1944000, a4196604b76a2f746553d208913636ad5eadee6341712e5812f33e6970082d58
0,       5841,       5841,        1,  1944000, 437c4b58c45166986d8e1c2ff71e4fa87daa7f693b43df81823df1c60b9b2e0b
0,       5842,       5842,        1,  1944000, c0375105a6181b869660765abc717fb221352b8d7badc358675d88da74a2b232
0,       5843,       5843,        1,  1944000, 35ab751cb48a2f06e127889284f608d65aa257239bf4ccf9b06078247bb08df1
0,       5844,       5844,        1,  1944000, 7c0e49e2768c540476d1730bb2af637b75913f13ab2635f5eb96635baeae5b96
0,       5845,       5845,        1,  1944000, 8643a8a7f0717729b4cc6269ab06acbe71cd9a62695c46deb82ac1fa51dc56e2
0,       5846,       5846,        1,  1944000, 324dde2d549a7361bf79faa8e36fa68b76e7cd4517cd7610c452af982467e6e4
0,       5847,       5847,        1,  1944000, e9d8996461f180dce245aec09d97c97f76cf891eb7036e53d8fa974d44055496
0,       5848,       5848,        1,  1944000, 98d6aa7c120f1e7130fd5987bdbe305f7d92c05ee40b6194abe412bc10b4eb7d
0,       5849,       5849,        1,  1944000, 58db935dab899b0447abd3bb4c46f43414b31dc565e6cff81d04935fb3e2e691
0,       5850,       5850,        1,  1944000, f3421d059629200ea87df53d1fb25c427176173768a379292dd8546fb3bb5850
0,       5851,       5851,        1,  1944000, daf113e3cd33dbe8500ff475b5e9aea2d842720f6f406a11a1fd22d338eebd7f
0,       5852,       5852,        1,  1944000, a70a192e5f685548179912df43a849260673b916d67d2202c0dfc7484feae48f
0,       5853,       5853,        1,  1944000, c15c2ad548d6b11addffaac6655a2e3b3a4014e96243ca506bac29aaca8c8111
0,       5854,       5854,        1,  1944000, bf0dc001d0111443e1ef488f49769c9cb18d80433f89ba42d75efc84e15e3b2c
0,       5855,       5855,        1,  1944000, 15c4c26a189514dc9d39cc6a7894c273aea9992ecd6e3b4af52d369f6995bb82
0,       5856,       5856,        1,  1944000, 3a920115a4094deed796e10161e7bc9466be66a26120da5f3e7d453373fe1f74
0,       5857,       5857,        1,  1944000, f4ae780255e94f4967af492ffed7e678250fea36743dabada19e5b8f2ad88049
0,       5858,       5858,        1,  1944000, 568a4af74cc8b65319e07631ee9b7cb87cb6979f752808a96560eb9362aff3b3
0,       5859,       5859,        1,  1944000, fa985b35099f6450d6a0380f7b8625b81b27707dba102b3a2f46ac0a31fc1e5b
0,       5860,       5860,        1,  1944000, 5b5dbb406ba85e52626baf9fae450ae565588bf85a44358e50aca8c419578328
0,       5861,       5861,        1,  1944000, 54b7a9c96407e7fa15b7296fbf7228f107324ec63a7217e4f4374f98e591fed2
0,       5862,       5862,        1,  1944000, b13608d72e012701bed94b228176fae6bf34cc7b459a038e005a2ee244eae034
0,       5863,       5863,        1,  1944000, 920a8ae2e363a981e2bdac7436a4da0ddbdd670435db04b64c938432187f59ee
0,       5864,       5864,        1,  1944000, 8f6e87130a723c000ade671ab052e13361b05ef3edd3ff63015997d6d4954cc6
0,       5865,       5865,        1,  1944000, 675878db2ffaa6c824ff7a3f98fdf14294dce77c339d1fc625a948dc8608751d
0,       5866,       5866,        1,  1944000, 57efa70427a44d4e0eca3525f401f2bbf5e7335407f959bb1bdd4c2eeb0ce054
0,       5867,       5867,        1,  1944000, f55bc3f4d28b3951fdd222214d2ee43fd3ec8202be6d21e9c80a951c039b5bca
0,       5868,       5868,        1,  1944000, ae2b71e08b3775392b3f52775f504d6b35d7f8cfcc825afa450be0dbe8a4049d
0,       5869,       5869,        1,  1944000, 4574fb3dac1c8b93ae303df02da7dd39d019030c527a180d7fca72b5adc5525e
0,       5870,       5870,        1,  1944000, dcc1bcb95ea483c1e3524ad22e247441c7ff1f204236a458892c21e3d321d73e
0,       5871,       5871,        1,  1944000, 191302043d86c5c582a72e6db1636cefbcba468477d2a9a73e19f3deef5fad05
0,       5872,       5872,        1,  1944000, 1540ab2f024db03d5df870be012b1b6c6bbe354b99a526c44a3be3039ad27bcf
0,       5873,       5873,        1,  1944000, ff32a64c9a9270c231c535fad82b3d685ed05088d3855bea3d68210fb0389cd0
0,       5874,       5874,        1,  1944000, f0cd3c6e4fd35c76e64e96ced2915241881103f10088b37770914bef25f8c526
0,       5875,       5875,        1,  1944000, 68144154849ca30dac50556d441993aee4b02b588fd48469ce9100cc3dc1df26
0,       5876,       5876,        1,  1944000, 7aa3d89c044e2bd482ee82fc2085a4b4fb1721aef9dff1f2e6d8fa982bdbd97f
0,       5877,       5877,        1,  1944000, 8fe0ea8f2173fb852c7892a149b322a12153022d4b3c664630e7767672a4f08c
0,       5878,       5878,        1,  1944000, 452b787c80d37ad7c5714830a6b4c08f3da837278e6f8dbb031d8ed76ee5be7e
0,       5879,       5879,        1,  1944000, b92f01ca7c35f663a5173fb2f94c2d3ad931645e6e16597c57cff31bed6ec0ed
0,       5880,       5880,        1,  1944000, a14c20e92cd0ae3e53dec79793fe150af39ffa36abc868b6c868dbce632ec1e4
0,       5881,       5881,        1,  1944000, a33d697d21e125132f61d12a230ac5a80bce0d9fa0b622b6e55b16a3319d1586
0,       5882,       5882,        1,  1944000, 08880bd0c9ee18676907ad2bbcff8141fcf3fa71d5718b53d55050a5bfeeb754
0,       5883,       5883,        1,  1944000, ba9f31fa0bdbdb3d9d37b47e821d84d9677006a0d10e5c7ca5ef2ea593176f9e
0,       5884,       5884,        1,  1944000, 41a2ed08bc0d24179b7365be860c44690d25e57d4dae71c4c55b150763c888b1
0,       5885,       5885,        1,  1944000, ab94566aa0d5969cca956bca4f45185947983153f1cbc86f26c1a55972e9afba
0,       5886,       5886,        1,  1944000, dbb75ce40192629d2a3ba20507d58465e94e97edd76c6ba4c6c3905d964dadbc
0,       5887,       5887,        1,  1944000, c802222cd3609a57d4ebf2e887435fba5171a8c5328ee0613ac97e4e6a553147
0,       5888,       5888,        1,  1944000, 8c1882bbe5c8e785cec842955dd27d070e257a05f6bc2531e0bcbade179e3f4b
0,       5889,       5889,        1,  1944000, 39ac5bc0c50c15a4bca1b390d0fe48c1d0c08a6d016fc88e95d86743afb4d7a0
0,       5890,       5890,        1,  1944000, 06447ee094624971b592a33c8cb887d3bb850b15e305e80c6ca92d532dc8cd21
0,       5891,       5891,        1,  1944000, e865e50a5111875bf275198a3a5312a4667079ecc9bad8b15b55981884c034a4
0,       5892,       5892,        1,  1944000, 093593e6da0a0a42bc82065b4a5a72a93e8251a38f4ff7f2863653eea46b566f
0,       5893,       5893,        1,  1944000, b93ad8e00ed7b48aaa394a06fb42c726b8565bc616f2192ef7f18651666665a9
0,       5894,       5894,        1,  1944000, 5e07e6194d1d5d7b4b509a0a3266a077fca9231f6319f59037d87d33c339730a
0,       5895,       5895,        1,  1944000, 208dca76e0c2529ef1179b7687ad96f9c03f96ffb9edb4992f8920d10acbdfcb
0,       5896,       5896,        1,  1944000, f3dea932eef24a2fe88074700a083bcf460fc7449ae54c592f0eb7202dd42db5
0,       5897,       5897,        1,  1944000, 51731934035143b5e479e1216d2f99edd4b195f8ee5746d2d54bcadc7deb0d59
0,       5898,       5898,        1,  1944000, 042e7ef8fe917fb59870dfad314cf927b41047fab3a27dc471c46ce09a5d079a
0,       5899,       5899,        1,  1944000, 8a672c9b8c606a88567c10efd6d06408ace0761d2756c5fcd26bc419bef3f2b2
0,       5900,       5900,        1,  1944000, 3ef70af0ec58d6eddd7ac1a2e3616ee5360ddcc9ba90c9a49a429ceae1c19759
0,       5901,       5901,        1,  1944000, fc4886e0bddbd222cda8211427809396d18a7a10f47833199205d18103c9c77d
0,       5902,       5902,        1,  1944000, 94ac3d2b9975469aa9537ae1ffd6a46d3f054d23b3dc560dd57a6205cbff84a6
0,       5903,       5903,        1,  1944000, 88ab9f5c90d906e3ce13b44b2656037c614cbc6e9add4c80eadff0d732f7c59c
0,       5904,       5904,        1,  1944000, f4674adfafd0ab52837fc969ea948b1163ddfcc4b23d734b2134d7d6448ec2ee
0,       5905,       5905,        1,  1944000, 75b2e72cfac6ec26646656410d9bd346722a6e3a4ad035a5ec22268c982edb37
0,       5906,       5906,        1,  1944000, 1453e76d2331ddf721bd02bda94153216cbda49bc008bbc975a18643c1140fab
0,       5907,       5907,        1,  1944000, dae9ad2dcb3d9ea13d7b61ab16a55a68492934befa92b1d84d1f6f4009d529c5
0,       5908,       5908,        1,  1944000, 8666a26a0a82ebe745598fd28e1d534695962df791cf8282ec4cb5607afa539c
0,       5909,       5909,        1,  1944000, 64f66d8cd50ebc96b684bca64e943d1da212e747f6e3019d22ab62949b6df67d
0,       5910,       5910,        1,  1944000, e5d15f5b7f249338f1714a22e27fc47373a0e17b415a20b52dedaad156ac2f40
0,       5911,       5911,        1,  1944000, 58aa56a0acc56e8653f4cd41250e250bc5b8fc3a366463abf9070ca86b37d686
0,       5912,       5912,        1,  1944000, 6061ca67fe36a4593cd87ff80f0deaeaf7e29fbdd764af142fcb2a4bd393a3cb
0,       5913,       5913,        1,  1944000, 7d2d826c2a3461ae2411bd3ef15c7dd8f198e0dfced5d7878e18bb62a9a71957
0,       5914,       5914,        1,  1944000, 30c78b42823c99499e1c54b93f395943f40b5d33568cef935b19cb7f68431d20
0,       5915,       5915,        1,  1944000, 6d0f3dbefa9eca5593db5c9add9aab80e3b7ba0094cbaafa94d9c8b0851e21c8
0,       5916,       5916,        1,  1944000, a20607632d1d08f84a322b46d9c49ed480fc8b0afbf0a556db9eeedb2786e317
0,       5917,       5917,        1,  1944000, bfa74a2a9ba1cc60123837b8c87b409db64cfd994c6e2f365e806fc6fe5cd31d
0,       5918,       5918,        1,  1944000, 9f4743780e850c151b0c440b37acdc7c6252cff5fee4e3b412ad0206a57c0c3b
0,       5919,       5919,        1,  1944000, f939c08ec0ed0e59d65f4f947355d8c0bdd4ca3b291cbb32f8e2cb09d1ac1bf4
0,       5920,       5920,        1,  1944000, 40846ab1d8476677d8977d94d2dd8e52e081b62d4e262d7725e715fdfb18b418
0,       5921,       5921,        1,  1944000, ed2090a8c4f3b1df5a92041960c0152810bb11f406d07a9ceaa13b06b765ac8a
0,       5922,       5922,        1,  1944000, 0ca88cdb13e9df8c9c7b5c91aaec95db5f4d19c27623e327c5689054d12c5d3f
0,       5923,       5923,        1,  1944000, 133864d15d3f74e61a9106f0106361040d91253a7c324a83b1a2c521cbd48f33
0,       5924,       5924,        1,  1944000, b71f1d14f7d29abc6591c50be3c128783ef2e86de764d5247f586760d1f82aeb
0,       5925,       5925,        1,  1944000, 6aa4bd1bc2d345c489d7ed5a0c31a80b9b4dc19ddc515e2281018940c2cf5077
0,       5926,       5926,        1,  1944000, ce5176b9188f17d7df6f2eaf6b30dcfe700ce1c25cc1598529f4df0a22394b26
0,       5927,       5927,        1,  1944000, e5804eea24794a9112f31da7d5b7d53c23f96446a86ed7a23579a468efb2b7ac
0,       5928,       5928,        1,  1944000, b52a4a5e6cbbf370ec03b35ab7c953a2292ed68234bd6f3b411474e152fc0f03
0,       5929,       5929,        1,  1944000, 6792fc777ec4437acda555edb0c6ab6e4f2d3fa997a5505269e9422ea91640a5
0,       5930,       5930,        1,  1944000, d9e01c32f450f19fc6e4c234929283899bd664467f1fdb040f42ca5dae4f0a2f
0,       5931,       5931,        1,  1944000, 788d0adbf61074df6b4c0ea3624e7df2fea3558d4e057fba82b899c85b1fd05a
0,       5932,       5932,        1,  1944000, bb21e5b0d63e308c02db555adafd178d314700bee62ccde7356d6b69750c0347
0,       5933,       5933,        1,  1944000, 5144c2d48a05c5dff1df849e95b6a723022bdef54cb178ec993ead89e6876afa
0,       5934,       5934,        1,  1944000, f1bc59c12f762ba322894b3d3e0768dc9f1dceea83f0af2b4b2ac5c032a49516
0,       5935,       5935,        1,  1944000, 56f88aad2bf254a05abb1002ad1c46782e4d20fd3b8f24d27fbfc92285ec6d14
0,       5936,       5936,        1,  1944000, 867d3ed21c39147381d29468487a4675b9ff0f2d680723a2077cbfaa22fa6903
0,       5937,       5937,        1,  1944000, 463a6a380c010be9d2c225fb38ce1945797d66532446a94f49420e537f774529
0,       5938,       5938,        1,  1944000, 407b4b6ae031f4fd29481ea6afc65aebef844c8e36b0c8a959595e18328614a7
0,       5939,       5939,        1,  1944000, fb92a6e14852402fcd7f89496c302addcd4eae9827cfb7a4c2aa40b64f4ceaf2
0,       5940,       5940,        1,  1944000, a8a722e02e9296f5acc9d500be8513d17703608e3665003df0956a1356fbc859
0,       5941,       5941,        1,  1944000, 6d7c2c74de4c9de53031f1712f617f0553cd47ade188f30eeeda8e998f68aca9
0,       5942,       5942,        1,  1944000, a1932ef4880cb8de9e6a932b76fc9fa2f5ec1121b18945396d50ef1dfe856892
0,       5943,       5943,        1,  1944000, 24e74e6ad98c1e5ff8057a40ca6fb8d5d59795fcc9526c769749618405db9661
0,       5944,       5944,        1,  1944000, 65d44ee62b4ea7cbccf067cfc66a78ab85ea1784b0d68ecd010306dd48f33d5f
0,       5945,       5945,        1,  1944000, 05da9309f8d5ca9b8c91776bb414e560e5fd31ec3bf0c7b0c407e89d8c5cb08d
0,       5946,       5946,        1,  1944000, 9c670b1341d7f8900f23af06d1e782eb745779f29e2ca6930c36ef8a1b27d27a
0,       5947,       5947,        1,  1944000, 58f1c2e946f48fa6d38c51c0c9e6eab77652bf6a8b56fc53259ea1069a0852ee
0,       5948,       5948,        1,  1944000, 68fdc653376b0276c204903b1fc7b3ef1a99e25693715c3e6b40e926791d284f
0,       5949,       5949,        1,  1944000, aec39b151e84cbc7b5d4a396c86df5dcbcbc8b65de3432862f1feb3d3c1b148d
0,       5950,       5950,        1,  1944000, 4e5e1060b7ca33068ea1ad51f8c6491e828878f6eb001d0ce5a423dc657f07fc
0,       5951,       5951,        1,  1944000, d09a35b53795234d293e7c56b0b8479518ac00d7f8d0407fcadd4da1df8f39ca
0,       5952,       5952,        1,  1944000, 8b1680ebd4f78fab08555f85d1eab872f9778be0b2a230624afc9e44e8275ca3
0,       5953,       5953,        1,  1944000, 18c5fc6e74898f6b50929a7c1ec171fbf5d54db825a80fdcdf2f288d04ccabb8
0,       5954,       5954,        1,  1944000, 72d1f46084ce2b2bba18bd838af181ebdba6d8f01c066714fa9175fe5a3399d8
0,       5955,       5955,        1,  1944000, b51a9cf1507c8880a34ca560fff2e46e5fa769b6cf9a07e958e374e169d720a1
0,       5956,       5956,        1,  1944000, ba5a82f81be495ec643b6067fc431213a471df4d3da3d78ac7a50b4880215ddd
0,       5957,       5957,        1,  1944000, 980e158bc524023774adde9db7497f4b597a87c864308dfa5187c2855a4c8167
0,       5958,       5958,        1,  1944000, 8514129cc6c17d1d47a8f50d151e170f853328f96872ed7e84f24e641d5ff341
0,       5959,       5959,        1,  1944000, 43b90de5c9abfcdebc84365c0874f58f00c6ac89bebf0bcb7539c1a71bedc183
0,       5960,       5960,        1,  1944000, 141e17f689f56dadb3b7934d0130b79ff1ff76540c2569868f2ffe1fb0a80104
0,       5961,       5961,        1,  1944000, 399575a12faecaea26f92b4bf66e6afa32b5a4d6838cb1f9b25aacb6c027d81e
0,       5962,       5962,        1,  1944000, 14eefa54496f971c0b221d6b6523b7362c5b1874fc920c30b5deb972f3d2457c
0,       5963,       5963,        1,  1944000, bf45bad0b7b258c4388fdbf810e9baf8930ebafac13c542f003cd57adb667893
0,       5964,       5964,        1,  1944000, 9cf82f781066621dfce4d57ef1bea6238cc525dfe98e8a197892acc0f3b0c243
0,       5965,       5965,        1,  1944000, a5863eb06edad29b1c8f53622f65c4334b3a97a848b231a0d190a79e683bda54
0,       5966,       5966,        1,  1944000, e88340bedf78932f8b95d03fc9a4ec0f5c34b2b68e86acbd176c749182d272bc
0,       5967,       5967,        1,  1944000, 70df68904c12db6eb40b9476d4953369c92b9790bf1045956eefbf990e128568
0,       5968,       5968,        1,  1944000, 677d6108a9a644aa9a2cc44ac5d1d7ffa77a7f03fc4567a86c65dace43a78494
0,       5969,       5969,        1,  1944000, 962e369050b2cbbdc211d3ccdd53a12ab69326f0a9a56aa7a1f4454a9a95d3bd
0,       5970,       5970,        1,  1944000, 60e07cdacebe49919b45dbd4b38b3abd23d98457ae8d8c962fae67c5024366db
0,       5971,       5971,        1,  1944000, df2f4ea7e5c6faa4c8d9a42742c40d73fbbdb02eaf80f949aaa5cf5ab88198e1
0,       5972,       5972,        1,  1944000, 24bdfb7af0e4525f3e052eeec38b82fb307d9a8b821c6440f9361150a08bd1ba
0,       5973,       5973,        1,  1944000, d24a642c97786895d411b54790acacac00dd154bde07594afa5943c28ff9982c
0,       5974,       5974,        1,  1944000, b0f46b5e08214ce5c016316ec005045eee8ba14ba6cc274f5c18729e883ad821
0,       5975,       5975,        1,  1944000, 03a04f10edef8612a1ef563738a3d6507a84a17af09073bbdb47d9e86b1d34dc
0,       5976,       5976,        1,  1944000, 1254b4bd3f2d9dc0be323f73c24f450dff03bb11c703d5e094747c2e7fb1caff
0,       5977,       5977,        1,  1944000, 7e801f0b3754cf0e69d2d5c6597b11df1be4ab61894b5ce74370754782a1aa16
0,       5978,       5978,        1,  1944000, 31ae237dda9ccceb43d5e16ca68b131d9dee112927cc138c344d3340671ca7e0
0,       5979,       5979,        1,  1944000, c2ae2768209817d417c2132437cca1360cb94ddcc3e9dddb73a780e6e0480000
0,       5980,       5980,        1,  1944000, f4447e7621a78031bd35d35a05a6e4f7794f5719d51225cfdd4c38e65a9423c3
0,       5981,       5981,        1,  1944000, 6340faa1e39eefc7674ac2998c01b779a67435ea621951fcb11f900a949445d5
0,       5982,       5982,        1,  1944000, 6584bd61034654858626b92cab13221aaf974a113f5d3b28feeb0ce6a592b414
0,       5983,       5983,        1,  1944000, 6b856d38e325cb5413e2410d6f62f1ccbb62c04e7e87a1976bb945f1c33fe204
0,       5984,       5984,        1,  1944000, 8be3214fe43f0ac347d3b1d60ded96ae350d8bb038391548072bae452013296c
0,       5985,       5985,        1,  1944000, 8b993db2ff06d59ad2aad77bc0ac2aae905935bbd79f92c06a227156be8d44fb
0,       5986,       5986,        1,  1944000, 46ab1467593143142c5b4e37419ce73cb39666fbf9c6dce437c9a93ade3b6fbe
0,       5987,       5987,        1,  1944000, ebed8f77af627becf5147b84181a0003e68d11da79fc3ca6770707d885d600bf
0,       5988,       5988,        1,  1944000, e0a4070822e4391a13b98b8701250efdeab2d32f7a6fd97cc625438b543c9015
0,       5989,       5989,        1,  1944000, 19617b1f9e3c6f3779a355e16d22fae51555ef6899b0f30d75376daaa485058d
0,       5990,       5990,        1,  1944000, 29c27cfd08b8e07d7394e75ade8c10d2876f307ac9dfe9fcc60104526b2fd604
0,       5991,       5991,        1,  1944000, 31bf4c9c5ae2ac231464af1f314fbae746b212444d09d55d3c938cb73ff54499
0,       5992,       5992,        1,  1944000, da21f43ffcd6ea41dc1d379f556e33df3ca047ae7b4979a542c650ddfdb173f6
0,       5993,       5993,        1,  1944000, 8a99e51148895233305ba5d018a8f536c6f53785dfe627a5a739c34c08ef7790
0,       5994,       5994,        1,  1944000, 9e231c60ab39ad0819f43b417b5b3855fc49adece9843679cb7c7868e8a0b172
0,       5995,       5995,        1,  1944000, 445a5a9b5d7e5b24520749c96a0ed7eebb6a90ce27a7070c0876188d86de4728
0,       5996,       5996,        1,  1944000, 473ef058a1cdadfee588f1720b2ac72a84cc9d9318e13679cb8a0a47d373d6f8
0,       5997,       5997,        1,  1944000, b27f71137890b0d4d86755f891adc13bf6f09a3d04112236e6b68e5149330cbc
0,       5998,       5998,        1,  1944000, 4f95160f012742fc268064dbdfd2e03631edeeb10eaad34e2296c15ff72bb5a2
0,       5999,       5999,        1,  1944000, 65b1dc420a9c44f0c28780a91261149536d90f2d0ab38a105fe6b1d7c49d0738
0,       6000,       6000,        1,  1944000, 0b8646e8bf5fac8df198cd9e5e83a129b594ca1219f64dd76fc4e7899a236030
0,       6001,       6001,        1,  1944000, b52c9972e6472f70572cd757d92e7562d7e1f8a2e8bd826bf25d0d09680c8355
0,       6002,       6002,        1,  1944000, 62823a7f4f535c24de5849663814adad7ce31a0ee17789c1113a95f04fba9f8d
0,       6003,       6003,        1,  1944000, 18ee0a49ac91c29bb995acefff6538ae3318f18fbeb27e9456ab7f65efeca6f8
0,       6004,       6004,        1,  1944000, 0f738db4b7889c849d37836288b3dd8720bef757041f1ed8d780289a1a2a57e7
0,       6005,       6005,        1,  1944000, 681205ef0886928ec0d17f338e2462ab3c6d2b8f1f653a3ec20006976791704e
0,       6006,       6006,        1,  1944000, 54432497b95c818b752dce56530fb921d19ca2c7b18b2ee12d5909c019bcb2a9
0,       6007,       6007,        1,  1944000, f6d807d054cedd153bdfafd84a34fa768d7348ee60852d5a52fc799c0425ed1e
0,       6008,       6008,        1,  1944000, 2ec399bd82e97dd2964a9f8cd25febdad132393a9c5cc3d7c2b3bc28365594b0
0,       6009,       6009,        1,  1944000, e141da45f56743a97c36fce21cc933903d99ecc1f371b76b4c36d16b5e6c002a
0,       6010,       6010,        1,  1944000, d5ba294155f6bf2732f23d35d712858fdfb100d77c058c3f71f662572e6d25f0
0,       6011,       6011,        1,  1944000, cd53283b738b519dc00efe3b8e3dde8d918b2061ecd6cb8bd91ffd170f746094
0,       6012,       6012,        1,  1944000, 9cfca69758fec81fc7fbd5c2023f4cd97ced2231547b671f54322443dddd7caf
0,       6013,       6013,        1,  1944000, 415cb31c09af5abfc9dd4a375003f1c68104a622854333fc68b63cf1bed03997
0,       6014,       6014,        1,  1944000, b13caa86d3d215c589855c8d1b27f04d03d254233d3cb414e38d44cfcc6856df
0,       6015,       6015,        1,  1944000, f4557af3edb501b6eb485037bf9c9e4fc72e986522615cf3a4c9a8325a13089e
0,       6016,       6016,        1,  1944000, 2e3ab19245cef5c828034f2c15aceeebe1ca8185454ac14d77947bc8d25527bf
0,       6017,       6017,        1,  1944000, fa803f6099b39020c1b3f4c8eb6d57c1afb5b8500d1b5212b66264d693818227
0,       6018,       6018,        1,  1944000, 2ea37bd380c21aee84db902d2bfe7215f4e036c3567372fa6d3d53bb60c76ced
0,       6019,       6019,        1,  1944000, d0062d985f73f20ca0f6829bc569f12f38469d22cdb8fd4d9816d655b5c2947f
0,       6020,       6020,        1,  1944000, a3f117c14c466658d5ec664c9ba7f001344bee52581a56370d4267fbf45e9cd1
0,       6021,       6021,        1,  1944000, 34cc5a6fbf83969df3743ba5e2712202ed583cf00f2acd3e848af013a51c5c89
0,       6022,       6022,        1,  1944000, 8972a227336beebad1882838a8b7469ed2f0d833ec17abdaa44b08cbf7653b2b
0,       6023,       6023,        1,  1944000, 6da91813051c8505d9337e4bfdd45812bfb3d540ac8f78f47c65ac5a55bb889e
0,       6024,       6024,        1,  1944000, a8a602dec93c193deeee6468fe79d9a7d68d0ca2128e7e3aacec20b14a1d3f33
0,       6025,       6025,        1,  1944000, 86c35044889467535d312f99b4dd1da5a1c747ddd98c8b0053c0e3dbe2d4b986
0,       6026,       6026,        1,  1944000, 86d214fabdc443c1b22968a36b38e85fc98f1abd745f6b801be5f70409066b0b
0,       6027,       6027,        1,  1944000, 86d214fabdc443c1b22968a36b38e85fc98f1abd745f6b801be5f70409066b0b
0,       6028,       6028,        1,  1944000, e5fa1cdca5d81af6a1f2907497c56999d712ccf9f9ec54760a2ad162a01f810c
0,       6029,       6029,        1,  1944000, 5641653da6009fecd03b927eff54d1ef6c470f0f188a4de4cb1777bf8e9ca42d
0,       6030,       6030,        1,  1944000, 5641653da6009fecd03b927eff54d1ef6c470f0f188a4de4cb1777bf8e9ca42d
0,       6031,       6031,        1,  1944000, 5641653da6009fecd03b927eff54d1ef6c470f0f188a4de4cb1777bf8e9ca42d
0,       6032,       6032,        1,  1944000, da677054d1ba1a3ab673a39887fe3a891f79d19a12e33640e343d01e61d983ad
0,       6033,       6033,        1,  1944000, fba321816b480893c17960b39faf2787de9b44748f32c6aa3ed9df25452c64fa
0,       6034,       6034,        1,  1944000, 5a0a5449cab07aab0fa4aec55347c04263f12a8f85ee3b1e9cfe65aa4aed2791
0,       6035,       6035,        1,  1944000, fba321816b480893c17960b39faf2787de9b44748f32c6aa3ed9df25452c64fa
0,       6036,       6036,        1,  1944000, 32292f0f36a71c45da270caf968d3641e1c7c5bb2a0752ec225c174d9e606d50
0,       6037,       6037,        1,  1944000, 5e3e4f00c0b8e2dd59b674e06dd7b8dcabaeebe4e7fd06581ccaf372d77d81e4
0,       6038,       6038,        1,  1944000, ef39df493b7ab6862a221c4e49bc297d159c399bdb0dc56cb521d0eda7078e9c
0,       6039,       6039,        1,  1944000, ef39df493b7ab6862a221c4e49bc297d159c399bdb0dc56cb521d0eda7078e9c
0,       6040,       6040,        1,  1944000, fd987921895b19f5865b3e5b469524664168ed991d83bf07bab7efef0b5efde6
0,       6041,       6041,        1,  1944000, b2dc56f37b089445a2230dabc781c442a42eb5fd61b3a17b73f12f13ea11ea2c
0,       6042,       6042,        1,  1944000, 8d4aeeedd2b4c7c37c16dc279daee97b1c9fa92ac15cdeff60d69b776d4ee833
0,       6043,       6043,        1,  1944000, c180be272033a75a62244de0420d3c06116b7ff475a863d89912a78d20d14bf5
0,       6044,       6044,        1,  1944000, e3104ff41471d461d3068ea456fee7ef2ac72d7f80658a95a059d55b73d8812d
0,       6045,       6045,        1,  1944000, 2fedfdedc1b4e4de349f3deddce4b4569b972900a40c5bcf3216e4917b64da69
0,       6046,       6046,        1,  1944000, 45158297d8629d179b2708cfe22debb846a8f81a3a8dc8b356a448334f77a6c6
0,       6047,       6047,        1,  1944000, 2fedfdedc1b4e4de349f3deddce4b4569b972900a40c5bcf3216e4917b64da69
0,       6048,       6048,        1,  1944000, de99b6c6b4842efcfae0ebac0ab5a5e029759c32d2ca22f4417d69c3e74d469c
0,       6049,       6049,        1,  1944000, 30b1dabea58933fa39da76f524489986a382325ade96a1e573be74e1e96c4749
0,       6050,       6050,        1,  1944000, a1cc71804e8138a71f85fac6e8a4d3f0d20bc045f04732b88ddacac756af0ba9
0,       6051,       6051,        1,  1944000, a1cc71804e8138a71f85fac6e8a4d3f0d20bc045f04732b88ddacac756af0ba9
0,       6052,       6052,        1,  1944000, 76751df1445a0970858123c111ab3e2551d0af26443f6f80672a96e857dbbf8f
0,       6053,       6053,        1,  1944000, b146c7c13912b974a44c4416687c07c11b37a045e4e3e33780638808e4dc3e6f
0,       6054,       6054,        1,  1944000, 96cea5335daecf66921c08f88428a8a7e88e54bcbee5fbefa0eee695fc067fc8
0,       6055,       6055,        1,  1944000, ed87ee3a66e2f49ca25cd404e532a8f4eb3b2e5167df98788e0acdae3304ec4c
0,       6056,       6056,        1,  1944000, c0ba0c86e7521a830757c16631600a8884cb3cebac3c7fa146866704066cb4e2
0,       6057,       6057,        1,  1944000, 0b05fbaae75eeef23418cc651fd2235280d50d8bd8db94cad8bf9fcf557eb747
0,       6058,       6058,        1,  1944000, efa59ed7046bbcea0b709c9b97ebe3dd9080a380b2bd9c539fddd25bacde0de1
0,       6059,       6059,        1,  1944000, 0fc86031c35ccb95758373a99056c05c3448f9215130eb83adbcf9a81dc38700
0,       6060,       6060,        1,  1944000, 18ca6391ae068a9e671f9b195abb938f500ebba5aec44b1d65ef7a83762f8c0e
0,       6061,       6061,        1,  1944000, f30cdb18158c7ae0bace99e4e98432cf965653d8cdf8285f135106636c53a556
0,       6062,       6062,        1,  1944000, 9b955942381e23258f57ec4fc9176b2d9606cb1d5dbed80e4d2f7d05f19e75fa
0,       6063,       6063,        1,  1944000, 9b955942381e23258f57ec4fc9176b2d9606cb1d5dbed80e4d2f7d05f19e75fa
0,       6064,       6064,        1,  1944000, a54f581c327ffc313577903a4e52f880c8079d30753c92b8fdbc0268040528cb
0,       6065,       6065,        1,  1944000, ec631b14c1923f4238c816e6e4636dae231a11a7acbafd83cf36193e2fb45927
0,       6066,       6066,        1,  1944000, 631df82a5cded8a5ea1422f7bc8b39976e3fb840acfc657b90e9cd802a49c47c
0,       6067,       6067,        1,  1944000, 1a070cb9c4c86137ad4b50ae1f7bbb21033ec6ea9f9d9683a1dea0d16e8ba09b
0,       6068,       6068,        1,  1944000, 44f3559cf4457fe5e7dc555232eda13729d38a48bfa89eb9e5276bf394ddab5a
0,       6069,       6069,        1,  1944000, c25eae4423e88c3909523e6d8796164f0b357202e551d274a13c2be84f13da84
0,       6070,       6070,        1,  1944000, b28160e79a12ccdea4daeeaedf2723d1f6a00f7eda2887160e506c262f159d59
0,       6071,       6071,        1,  1944000, 2cda00d49f03b8ffb368030f8a511ca9bf7748b478cf3de8f61c73d1300a2fb8
0,       6072,       6072,        1,  1944000, be24ce75c07805e1898ff3b74e923d22e8eb69d7b24a506f53cba57489a51aca
0,       6073,       6073,        1,  1944000, 299935e6d59bd8283e4c04600f95b8d9d332328b1555f41750616df5fb4f956c
0,       6074,       6074,        1,  1944000, 81a727ff539e07d26e54917dcd6bdd12d6b6b7f636140767809f0555d2f286af
0,       6075,       6075,        1,  1944000, 3afade7e37edd91c33b0671d491fd02ad33cf0d06556bbbbeff8adb1d40ffb8e
0,       6076,       6076,        1,  1944000, de8f28f12f6c352f0f6034216c34a18b0757038030892eb8d56573497f0cc24a
0,       6077,       6077,        1,  1944000, 9626f152ca4337b00c36a2f98af5f26709a30769ceabcb587832adb18dc6eb68
0,       6078,       6078,        1,  1944000, 80a674b55a74e4d5ac77ff9f06723c6873f9f3c378b9945b26a165c69fcb440c
0,       6079,       6079,        1,  1944000, a8077ff14978702b488c94a731067cda446dc81e87dbb13f26c6d4d2fc052733
0,       6080,       6080,        1,  1944000, 68ee2d18211d2c0230a71c4c4c630adfce51a8be2a59ef4bf2f5e7dcb4ef98d8
0,       6081,       6081,        1,  1944000, 284275eaff6f92ac6595bb8f45bbbc4fa4c55c536f192ff3cafae9fd26a898ff
0,       6082,       6082,        1,  1944000, fcaea8a876779f6b74e8d96b992b2b9fa45bd5f1436aad073bc1272d0deca4e5
0,       6083,       6083,        1,  1944000, 14dc505ab337b60e94417da87df854c39feddfc14681148f6d12315038bc211b
0,       6084,       6084,        1,  1944000, abf081ba1aa268a5a171c2cf11e19b902aa4897dc705b76aa45d37ba5e6daf49
0,       6085,       6085,        1,  1944000, fe85bb1ea607993277e6f8d1345d938c15dca8ce49c46b69d69c4c70349d8159
0,       6086,       6086,        1,  1944000, 7956c5b463a0e21cfd2a9a3aa799de3befa356bbe6fcbfd8cef073e009c81ffa
0,       6087,       6087,        1,  1944000, 78fe7523364a54bdfd8a004d01177608b88a81975617d2f8eb6796f21d0cd8b7
0,       6088,       6088,        1,  1944000, e4d3e995babbe9ea4cc3a588560288da77b247975fa6ef7ae7b253c828f3d85b
0,       6089,       6089,        1,  1944000, 3e7e37ba14d8bd8de13a940d840b10f06e28fcb548065a3f0fb6040d4b65e992
0,       6090,       6090,        1,  1944000, 09e8fa824b17bd13541d0d42769a06a6a47645eae13c4ea1f69288f0f33138f9
0,       6091,       6091,        1,  1944000, 4fe53dc6ee37af03ca3f3d15db0fa5b63aabf807883b00ca7d3c05f9f998461a
0,       6092,       6092,        1,  1944000, 866ea227ea57016dc597e4ba3ff26f26125eb9f59eb7336f57388ed1d84d0969
0,       6093,       6093,        1,  1944000, d9c3352460158b1aad7132a986144c8b67b4bbb680b43b244963125b8bd9af90
0,       6094,       6094,        1,  1944000, 54439f7eb1c63feaaa13c0335667b3187c0e82d5d09505843fff68e73604e2ad
0,       6095,       6095,        1,  1944000, bc7d7b0c0fcd82d20a63c2dfc922d4c1c8ca4047c2ce5f511af9e1d1c5d28e23
0,       6096,       6096,        1,  1944000, 95404fc0bdead2ab64982483505e12cf199f88d48a9562048b1b490a258a42b3
0,       6097,       6097,        1,  1944000, c2c0eeaea8e7ee5f3b662d94822ae3f92ef052af18d51062240093675fb73c7a
0,       6098,       6098,        1,  1944000, 0c1d63a6391f0ecc661215342255698e5012d1a9c2af8b43c09acc2bf07a8ab4
0,       6099,       6099,        1,  1944000, e76763bd9e4e8518ac4467e4c9a892ec890ddf14d5e4cb1153cc0e00796dd160
0,       6100,       6100,        1,  1944000, 4283ea2f42d45e725da7031a282f440106c451c0ce99d803ce1d6088198c1cbb
0,       6101,       6101,        1,  1944000, d4e2d4c87aad0d44b305b7ad5b4704d84418cf4a3ecd39ea557af10ca8675cd7
0,       6102,       6102,        1,  1944000, b1b0f5059f34966b3498f2f4fcac950a06bd83fef67f222f938f5033f001386c
0,       6103,       6103,        1,  1944000, 049180605b5c6fc5e23c6b2de68cbbe171cc817d61eda4375f14342ce01200de
0,       6104,       6104,        1,  1944000, 16b309259469ca85faaf48375b81966b503ff7c541cb7b64be1f5b01a95d9c61
0,       6105,       6105,        1,  1944000, 08c29840a6a396aead7ceb1c7b0e78042f0b20ff1f46434cb0255c13b998e091
0,       6106,       6106,        1,  1944000, fc1a49c78ec29181e0c8019f785a28fd12ba8dcbfe431ea90b5d444017b19788
0,       6107,       6107,        1,  1944000, 55087267671e833e9c390925bb531389739d9936e764a3d83e54560c5466e204
0,       6108,       6108,        1,  1944000, 2eb0b97e955dde6ab1825011eacd12f81d8941de2d923f8e0df239c088f4a974
0,       6109,       6109,        1,  1944000, 4ff2a7dd88c372b1daf55145f6e37db269b3d1cf348d2f88ee6b46736820a96f
0,       6110,       6110,        1,  1944000, 62461d4a01a0ba7485edd59869001765ed7072e80832b2c5d12e57575fff71a4
0,       6111,       6111,        1,  1944000, e05404b01b3f148c48b7e2e2c03b2d558f21ccde301a2073e6e390daef0855ab
0,       6112,       6112,        1,  1944000, a615069b4dc73d6f570024f8bdb424f0b7b7fe52451723cd03323cb41b27436a
0,       6113,       6113,        1,  1944000, eebac0d83d02d816e2449215e2f663396155aa36ec0e30f2816f34c248967615
0,       6114,       6114,        1,  1944000, 9cf59f807c84865e76086c1392abb3db30ab75b815f1a2f27fe05e9d0537dae8
0,       6115,       6115,        1,  1944000, 79d79c4ea4983da785971e2d68af855d18f0880fdb18ec5995c253dcf7fb4046
0,       6116,       6116,        1,  1944000, b224264be21d8637936ec9d80fa2dff1887ba0cfe3a5ede681d286c1a75c1795
0,       6117,       6117,        1,  1944000, 0611bc344eeae6d89a05058fa9c6c508d611f8e19f1461f889b89f9a48c5d42b
0,       6118,       6118,        1,  1944000, 9baa0f937bff361dc5ad0a1871afb948462a982dda0ce53ebb84b149310534ee
0,       6119,       6119,        1,  1944000, 0611bc344eeae6d89a05058fa9c6c508d611f8e19f1461f889b89f9a48c5d42b
0,       6120,       6120,        1,  1944000, 8d0aeb00d17db8cf6944bfafe7a934568a1135337d00d9df3fd2a66df6395713
0,       6121,       6121,        1,  1944000, 00a5c0ffb51c0e36cd0c307fa7bf8874f171656c4009b17b7f43c83ac2ac72c4
0,       6122,       6122,        1,  1944000, b2cadbf8494d121b618e5461cb85dfdd6481042c2259959a2f48756d0fa46e15
0,       6123,       6123,        1,  1944000, d5f8e10eb4164cd1c4f0e03141c5978491db98440d0615a706da67dd8b01e230
0,       6124,       6124,        1,  1944000, d4629a97720c8016b7ab4cc3a57f650b99a6d95754eeaae0fb6f353da842fed8
0,       6125,       6125,        1,  1944000, a784b24b7ab49802836c74a230403e0fb62f15b39e93d3289eb3e5b5af54876b
0,       6126,       6126,        1,  1944000, d4b1771f88cf79965d347706f7e96c986584ef021cfe56479bb6a731ee8d104a
0,       6127,       6127,        1,  1944000, e6aa5920e30f5e5c00315e589cbd28617f0071728b493265216fc0b227598804
0,       6128,       6128,        1,  1944000, 026f311c6b49a366bc6d88335cae6afab6639af6c684d20ef3694292ed5e049a
0,       6129,       6129,        1,  1944000, fc76b31089e6c97eb2b85a2603305cbf114c5137a9aab259dd35424891e9f0dd
0,       6130,       6130,        1,  1944000, fcf98fdbfb73b84dc872f785cf5f939f62b585b1c88640222b4824a973a4b20c
0,       6131,       6131,        1,  1944000, 1845b9fb0bb8add9d85a19525dc10231b0cac29f6c93534bef6a3d702150ab48
